resume_text,job_description,gold_label
"         VOLUNTEER FRONT DESK RECEPTIONIST,CANTEEN WORKER       Career Overview      I am a highly enthusiastic,self motivated, skilled and hardworking customer service  oriented professional, seeking a position as a costumer service  representative in your company in order to contribute my organization, problem solving and strong communication skills to ensure customer satisfaction.       Core Strengths           Strong interpersonal skills  Seasoned in conflict resolution  Creative  problem solver  Courteous demeanor  Energetic work attitude         Telecommunication skills  Typing skills (35 words)  multiple phone handling  Computer skills,Word Perfect POS  Familiar with social sites,Twitter,Apps                     Consistently generated additional revenue through skilled sales techniques.  Worked as Museum Attendant,Greeted large crowds of patrons upon entrance and handled all cash and credit transactions.  Assisted customers over the phone regarding store operations, product, promotions and orders.   proficiency in Excel, Microsoft Software.  Volunteered for Red Cross Hurricane Katrina Relief in Baton Rouge,Louisiana,2005 Who's Who Student Excellence, Baltimore City Community College,2004 VIP Math Tutoring program for .  Baton Rouge Public Schools, 2008.        Work Experience      Volunteer Front Desk Receptionist,Canteen worker     Mar 2014   to   Nov 2014      Company Name   -   City  ,   State     Greet visitors and register all blood donors upon entry of building   Answer calls and inquiry of blood drive and provide directions information blood donating areas Check ID of all non donor visitors, monitor security footage.  Assisted in Canteen work by greeting donors after donating blood,engage them in conversation,monitor  for dizziness,fainting,and weakness after donating blood.  Maintained up-to-date knowledge of Red Cross donation policies,rules and regulation when registering new donors         Musician and Choir Director     Apr 2013   to   Sep 2014      Company Name   -   City  ,   State     Direct the choir in the manner of compliments and support the worship agenda for the congregation.  Select appropriate music for Sunday Morning and special religious service that may be called by the Pastor.  Schedule weekly rehearsal for choir in preparation for church performance.  Attend monthly meetings with board members to maximize church and choir membership  Contact.  Supervisor: Y Supervisor's Name: Evie and Dedra Mathews, Supervisor's Phone: 225-344-8930).         Volunteer Security and Museum Greeter     Jan 2010   to   Jul 2012      Company Name   -   City  ,   State     Provide a visual security presence in the galleries of artifact collections and the special exhibit.  Make hourly rounds to ensure the safety and preservation of the art and artifacts.  Monitor entrance of visiting patrons while recording hourly activities in a daily log sheet..  Ensure secure conditions are maintained so as to prevent theft/or damage to art objects.  Other duties are to greet visitors, answer questions and provide information and directions to the different areas of the museum.  Assist in set up of special events Volunteer supervisor, Barbara Moir.         Cotton Breeding Lab Technician     Sep 2006   to   Aug 2007      Company Name   -   City  ,   State     Prepared and sold broad range of customized merchandise to individuals and commercial accounts.  Resolved product issues and shared benefits of new technology.  cotton fiber to repeat the process of treating the seeds.  Promptly responded to general inquiries from members, staff, and clients via mail, e-mail and fax.  Dr J Myers, Supervisor's Phone: 225-578-2110).         Organists Assistant Choir Leader     Jan 2005   to   Jan 2007      Company Name   -   City  ,   State     Assist the main choir director in leading worship music for Sunday services and special services.  Substitute as director for adult and children choir Provide musical accompaniment for choir and congregation.  Conduct choral weekly rehearsals to perform during services.  Collaborate with director to organize and select music for Sundays.  Or special performances, such as Easter and Communion.  Provide church office personnel with appropriate information to include in church bulletin, Contact Supervisor: Yes, Supervisor's Name: Roosevelt Pryor, Supervisor's Phone: 225-343-0065).         Student Anatomy & Physiology Laboratory Technician     Dec 2003   to   Jun 2004      Company Name   -   City  ,   State     Process and prepare  animal tissue sample for student lab  Worked as a team member performing cashier duties, product assistance and cleaning.  Promptly responded to general inquiries from members, staff, and clients via mail, e-mail and fax.  Accurately logged all daily shipping and receiving orders.  samples from animals for class examinations, and laboratory courses Perform routine laboratory tests using written standard testing procedure.  Responsible for routine quality control procedures such as recording temperatures of refrigerators, freezers that stores animal   specimens Clean up after each lab session by washing, and if necessary, sterilizing tools, equipment, and supplies.  Maintaining safety in laboratory area, equipment, supplies, and materials.           Student Chemistry Lab. Technician     Oct 2002   to   Dec 2003      Company Name   -   City  ,   State     Took special orders by professor   to meet the inventory of supplies  Set up and prepare class demonstrations and experiments.  Maintain Inventories, order and receive stocks materials, supplies, and equipment for the classes laboratory use.  Prepare and dispense solutions and chemical materials used for lab classes which include reagents, chemicals, bases, acids and, buffers.  Prepare unknowns for students to analyze.  Issues and maintains records on materials loaned to students, instructors, and other departments; issues and maintains records on lockers     Supervisor's Name: Prof.  Dr.Fikire, Supervisor's Phone: (410)462-6842).         Academic Student Academic Advisor     Sep 2001   to   Aug 2003      Company Name   -   City  ,   State     Interacted with Class instructors to schedule special exams for students  Advise students regarding information, and academic requirements of a specific course program or major.  Assist students in evaluating academic abilities, setting career goals.  Prepare advising materials such as student information, and re.  Light clerical, filing, and entering student data information.  Contact Supervisor: Yes, Supervisor's Name: Joanna Bagg, Supervisor's Phone: (410)462-6024.         Casino Shift Security     Apr 1997   to   Dec 1999      Company Name   -   City  ,   State     Attended local, regional and national trade shows for product development training as defined by the  company   Greet visitors, monitor and guard against illegal activities, theft and vandalism  escort gambling hall money during transport from Gaming pit to scheduled destination.  Follow the guidelines to effectively perform functions of the job.  Respond to emergencies as needed by notifying local police and supervisor.  Record security log on daily activities, coverage of assigned area as well as parking.  Answer incoming calls,direct caller to appropriate persons         Temporary Security Gallery Attendant     Apr 1993   to   Sep 1993      Company Name   -   City  ,   State     Patrol assigned galleries at the beginning and end of shift to maintain for complete inspection of the artifacts, collection on premises.  Report to supervisors of any suspicious activities or medical emergencies.  Greet Patrons and provide general information to visitors about the museum, such as operating hours, special events and exhibits,as well public facilities.  Ensure visitors safe and pleasant experience.  Check exhibits and displays and report if they are any displacement or damage.  Worked also as a team member performing cashier duties, product assistance and cleaning.         Front Desk Security     Mar 1989   to   Jun 1991      Company Name   -   City  ,   State     Front Desk Security  Greet visitors,check ID,have visitors sign in,issue temporary visitor passes and valid parking passes.  Monitoring entrance and, checking visitors, and employee's identification, inspect packages as well as sign for deliveries   Watch for and report irregularities such as fire hazards, leaking pipes and if any Security doors are unlocked.  Patrol areas periodically, examine windows, doors and gates to determine if area is secure Follow guidelines and appropriate procedures as specified in Security Handbook.         Educational Background      Bachelor's Degree  ,   History International Studies    2008     Louisiana State University   -   City  ,   State  ,   US    GPA:   GPA: 3.0    12 Semester Hours History International Studies GPA: 3.0 Analytical Mathematic course that focus on Analyzing differentiation, integration and analytical functions.   Relevant for analyzing and problem solving for Laboratory work.  Geology Science and Lab course on Metric systems, Earth interiors, crustal Formations, Earthquake, and Volcanoes.        Associate Degree  ,   General Studies    2004     Baltimore City Community College   -   City  ,   State  ,   US    GPA:   GPA: 3.2    12 Semester Hours General Studies GPA: 3.2 Relevant Coursework, License and Certifications:    Organic Chemistry Course and Chemistry Laboratory   Statistical Mathematics and Algebra.        Personal Interests          Skills     Customer service, art, clerical, doors, special events, filing, focus, French, L, machinery, director, materials, Mathematics, money, office, windows, personnel,  problem solving, quality control, Read, recording, research, safety, cash handling       Activities      Art, painting,Illustration  Composing and playing music; Piano  Volunteer community events  mentoring and tutoring math to Elementary school students  Interior designing,study architecture,historic homes     ","due to covid in effort to embrace social distancing the company overview will be conducted online via zoom

we are looking for an individual with great customer service skills for one of the main supplemental benefits companies in the nation for over  years the company is expanding in our territories and we are in immediate need of dedicated benefits representatives with ambitious goals

responsibilities
 helping customers by providing product and service information
 answer customer questions regarding their coverage
 develop and maintain a knowledge base of the evolving products and services
 regularly review these agreements in an effort to develop a more costeffective plan

qualifications
 previous experience in customer service sales or other related fields
 ability to build rapport with clients
 ability to prioritize and multitask
 positive and professional demeanor
 excellent written and verbal communication skills

what are we looking for in a candidate
 a sharp individual with an entrepreneurial mindset
 an individual that is a team player and works well under pressure
 an individual with professional communication skills

benefits
 hands on training
 weekly pay
 bonuses
 residual income
 company paid trips
 remote

apply now to learn more about what we do and how you can be a part of our team today

powered by jazzhr

sewawplsam",1
"         ENUMERATOR       Summary    Recent graduate with BA in Business Administration looking to obtain a position as an Administrative Assistant in which my organizational abilities can be fully utilized. Hard working and goal-oriented professional with four years of experience seeking a to achieve career growth where I will get an opportunity to utilize my skills and abilities in handling the clerical and administrative support work, and activities.      Highlights          Time Management  SAP and SRM  Cash Request / Cash handling  Check Request  Purchase Orders   Microsoft Office: Word, Excel, PowerPoint, Outlook.  Data Entry  Filing and Maintaining Records  Account receivable and Payment posting  Timekeeping  Calendar Maintains              Accomplishments     Received a merit raise for strong attention to detail, exemplary customer service and team-player attitude.        Experience     04/2016   to   Current     Enumerator    Company Name   -   City  ,   State      Collect demographic, economic and housing data on behalf of the U.S.  Census Bureau.  Responsible for canvassing neighborhoods, then documenting and reporting the information.  Conducts surveys about the U.S.  population, economy, governments and communities.  Responsible for verifying household addresses and ensuring that all maps and address lists are correct.  All collected census information, as well as documentation of hours, miles and expenses encountered Assist residents by reading forms and answering questions about the census.         10/2015   to   03/2016     Healthcare Advocate    Company Name   -   City  ,   State      Respond to and resolve on the first call, customer service inquires and issues by identifying the topic and type of assistance the caller needs such as benefits, eligibility and claims, financial spending accounts and correspondence.  Help guide and educate customers about the fundamentals and benefits of consumer-driven health care topics to include managing their health and well-being by selecting the best benefit plan options, maximizing the value of their health plan benefits and choosing a quality care provider Intervene with care providers (doctor's offices) on behalf of the customer to assist with appointment scheduling or connections with internal specialists for assistance when needed Assist customers in navigating myuhc.com and other UnitedHealth Group websites and encourage and reassure them to become self-sufficient Owned problem through to resolution on behalf of the customer in real time or through comprehensive and timely follow-up with the member Research complex issues across multiple databases and work with support resources to resolve customer issues and/or partner with others to resolve escalated issues Provide education and status on previously submitted pre-authorizations or pre-determination requests Meet the performance goals established for the position in the areas of: efficiency, call quality, customer satisfaction, first call resolution and attendance.         02/2013   to   10/2015     Receptionist II    Company Name   -   City  ,   State      Performed varies administrative tasks requiring the exercise of discretion and judgment and provided administrative support to faculty and staff in the Critical Care Department.  Greets visitors and directs them to the appropriate staff.  Initiates purchase orders, and travel reimbursements in SAP.  Answered the telephone and assists callers; reads and routes incoming mail.  Overseen the filing and maintenance of correspondence and other records, and entered, tracked and maintained timesheets for division employees and faculty.  Strong proficiency in Excel (pivot tables/data creating and formatting) for reports.  Maintained and provided assistance with the interpretation of various reports and forms.  Developed and maintained databases, data forms, and progress reports.  Flexible, highly organized, productive, & possess exceptional time management skills.  Experience with manuscript preparation and Endnotes with attention to detail and accuracy.         11/2012   to   01/2013     Front office Assistant    Company Name   -   City  ,   State      Greeted patients.  Answering multi-line phone and route to appropriate department.  Scheduling and conforming the appointments.  Registering new patients.  Updated records for established patients.          Education     05/2016     Bachelor of Business Administration  :   Healthcare Management    American InterContinental University   -   City  ,   State      Healthcare Management       04/2011     Medical Billing and Coding                  HIPAA Privacy & Security Certification      Sanford Brown College   -   City  ,   State             06/2010     Certified Nursing Assistant 									08/2010
Aids for Home and Healthcare 								Pasadena, TX      Alief Hasting High School                  Languages    Fluent  in Spanish      Skills    administrative, administrative support, attention to detail, benefits, Cash handling, com, Critical Care, customer satisfaction, Customer Service, Data Entry, databases, documentation, Filing, financial, forms, interpretation, managing, Medical Billing, Excel, mail, Microsoft Office, Outlook, PowerPoint, Word, Nursing, pivot tables, Coding, progress, quality, reading, real time, reporting, Research, SAP, Scheduling, Fluent  in Spanish, surveys, telephone, phone, Time Management, type, websites   "," office clerkdo you have experience in administrative work
 are you knowledgeable in the hvac industry
 you can use your admin skills in this office clerk position with a thriving local jacksonville company
 we are currently recruiting for a opportunity at a leading heating and air company
 it is a fast paced environment with a small tight knit team
 responsibilitiesanswering phones and scheduling appointments filing data entry working on projects with time management skills keeping office tidy ordering supplies and light accounting
 daily software use includes ms office  outlook excel word teams onedrive quick books online and smart service  cms dispatching appointment scheduling
 skills microsoft office front desk time management dispatch  year of experience is required filing data entry  years of experience is required answering phones scheduling appointmentseducation high schoolqualifications years of experience  years experience levelexperiencedshift firstworking hours  pm   pmrandstad is a world leader in matching great people with great companies
 our experienced agents will listen carefully to your employment needs and then work diligently to match your skills and qualifications to the right job and company
 whether youre looking for temporary temporarytopermanent or permanent opportunities no one works harder for you than randstad
 eeo employer race religion color national origin citizenship sex sexual orientation gender identity age disability ancestry veteran status genetic information service in the uniformed services or any other classification protected by law",1
"         CONSULTANT         Summary    Results-oriented California CPA who adapts seamlessly to constantly evolving accounting processes and technology. Capable at managing multiple projects and consistently meeting deadlines under pressure. Extensive knowledge of accounting software and processes.       Skills          Complex problem solving  Analytical reasoning  Financial statement analysis  SOX Compliance  Business function consolidation  Process re-engineering  System requirement writing and implementation testing      Outstanding interpersonal and organizational skills  Excellent Oracle skills in all modules  Oracle FSG report writing  Advance Excel and Access proficiency  High adaptability to new technology   Account reconciliation expert   Experienced in revenue recognition            Experience      Company Name    City  ,   State    Consultant   02/2014   to   Current       As a member of the special project team to bring client's offshore accounting function back to the U.S., I traveled overseas to thoroughly learn and understand the complex revenue recognition model and subsequently closed year end and provided training to client's U.S. team. The transition went smoothly and efficiently, and it was completed prior to the original target date.  Engaged in client's divestiture process, responsible for training and transitioning of accounting
          functionality from the client to the buyer, resulting a smooth transition of the sold business unit.  Managed monthly maintenance and changes in Oracle Flexfields and Financial Statement Generator (FSG) to
          ensure that financial reporting was accurate and reflected the up-to-date corporate rollups.  As a member of the Oracle 12 upgrade team, created validation methodologies in order to ensure financial
          reporting integrity.  Served as a key contributor of the client's monthly and quarterly close and consolidation process, managed
          and monitored the database of close tasks and journal entries, coordinated with various accounting groups to
          ensure that each close was smooth and timely.  Assisted the client in the quarterly and annual audit of financial information with external auditors.  Stepped into the role of cost accounting at quarter end with only a few days of notice.  In addition to
          contributing to a successful quarter end, identified the weakness of existing Inventory and Cost Accounting
          process, and recommended solutions and improvements.          Company Name    City  ,   State    Consultant   01/2013   to   01/2014       Responsible for complex monthly revenue recognition, reporting, and trend analysis.  Reviewed contracts to interpret, determine, implement, maintain royalty rate database, calculated and
          performed royalty variance analysis.  Monitored billing and royalty ratio to determine reasonableness and identify billing and royalty miss match,
          which prevented incorrect billing/royalty payments.  Reviewed monthly closing process, recommended improvements, and implemented work flow streamlining.  Identified relevant reports, recommended methodologies, created new journal entries for mid-month close
          due to a client company ownership change, and contributed to the timely completion of the acquisition.  Utilizing my Accounting and IT hybrid experiences, I researched and identified source data of various
          systems, designed and created tools which provided consolidated revenue and expense ratio analysis for the
          management team.          Company Name    City  ,   State    IT Business System Analyst   01/2006   to   01/2012       As an Oracle Application ""customer facing"" resource, I liaised with project managers, enterprise architects,
          business users, and various development teams to review, analyze, evaluate, and approve complex business
          functional requirements.  Partnered with stakeholders to forecast project costs and delivery time to ensure senior management's
          successful prioritization of projects.  Facilitated joint application design sessions with development teams and created ""business requirement
          traceable"" system requirements, test cases, method of procedures, and short interval schedules, resulting in
          efficient and timely delivery of projects.  Coordinated design and system requirement approvals and maintained documents in DOORS system to
          comply with IT SOX requirements.  Actively communicated and participated in problem solving with IT release environment teams during
          development, quality assurance, user acceptance testing, production, and post production warranty periods -
          to achieve efficient transitions of various project phases.  Supervisor of Revenue Accounting and Analysis
         Managed three revenue accounting staff members, from their selection, operation and personal growth
          development.  Conducted one-on-one sessions on a regular basis and performed mid-year and annual reviews.  Ensured timely and accurate reporting of service revenue/ARPU in accordance with various GAAP
          accounting rules, and contributed to the effort of successfully shortening the company's revenue accounting
          closing days from three weeks to four business days.  Worked closely with the financial planning team on revenue trend analysis/forecasting, and the operation
          team on preparation of documentation and development of revenue recognition methods for new products
          and services.  Cooperated with external auditors on quarterly and annual audits, and internal teams on SOX control testing
          and documentation.  Supervised and prepared accurate and timely reports/analysis for all aspects of the financial statements in
          relation to revenue, deferred revenue, cost of revenue, and operation metrics.  Prepared monthly reporting and analysis packages for the management team, and implemented an enhanced
          financial system to streamline revenue reporting.          Company Name    City  ,   State    Corporate Accountant   01/2002   to   01/2006       Performed monthly closing, variance analysis, and reconciliation of complex accounts.  Reviewed account balances/aging trends and provided flux analysis for internal financial reporting,
          forecasting, and external audits.  Participated and contributed account transaction data analysis during the Oracle 11i implementation.  Communicated and cooperated with international and domestic subsidiaries to streamline the closing process.  Prepared monthly fixed asset mass additions, deletions, depreciation, and inter-department asset transfers.  Calculated and recorded monthly foreign exchange gains/losses.  Reviewed and interpreted contracts and related accounting publications to ensure appropriate reporting of
          various expenses.  Documented and implemented accounting control procedures for Sarbanes-Oxley compliance.          Company Name    City  ,   State    Marketing Business Analyst/Accounting Manager   01/2000   to   01/2001       Completed the Cisco/Vovida integration successfully with Cisco Acquisition teams.  Facilitated cross-functional global sales meetings between the field and marketing teams resulting in
          effective communication and timely resolution of major account issues.  2
Renee Chen
          Obtained, consolidated, and analyzed major account information from both the sales and marketing teams on
          a continuing basis resulting in the availability of an up-to-date forecasting of quarterly sales revenues.  Established the Vovida Networks, Inc.  Accounting Department, recruited, trained/managed the staff
          accountant, and implemented internal controls into a rapidly growing start-up environment.  Provided revenue/expense budgeting, forecasting, and reporting.  Cooperated with Cisco acquisition teams on the due diligence process, and closed the acquisition within a
          month after the announcement.          Company Name    City  ,   State    Senior Accountant   01/1999   to   01/2000       Responsible for general ledger analysis, monthly and year-end closing, and project revenue/cost analysis.  Designed and prepared monthly actual/budget comparative financial statements for departmental managers,
          senior executives, and the board of directors.  Responsible for revenue and expense forecasting at both the corporate and departmental level.  Responsible for reviewing and interpreting contracts to implement revenue recognition policies and
          procedures per FASB guidelines.  Facilitated tax returns and annual audits with CPA firms.  Responsible for managing and maintaining the Platinum/FRS financial reporting system.          Company Name    City  ,   State    Associate Tax Analyst   01/1998   to   01/1999       Performed financial statement auditing.  Provided tax research and planning services for a variety of clients.  Prepared complex quarterly and annual federal, state, local, property, and sales/use tax returns for multi-state
          corporate clients.  Assisted clients with their records and provided book-keeping services.          Company Name    City  ,   State    Corporate Tax Analyst   01/1997   to   01/1998       Analyzed a variety of general ledger accounts and interpreted financial information to derive income/losses
          for tax reporting purposes.          Education and Training      Master of Science  :  Accounting/Taxation    San Francisco State University          Accounting/Taxation Extensive course training in the fields of corporate finance, taxation, and business law.        Bachelor of Science  :  Business Administration Accounting    San Francisco State University          Business Administration Accounting        Coursework in accounting, finance, marketing, and information systems.              Skills    Accounting, accountant, Accounts Payable, Accounts Receivable, streamline, application design, auditing, billing, book-keeping, budgeting, budget, business law, business process, Cisco, closing, excellent communication, interpersonal skills, contracts, corporate finance, Cost Accounting, cost analysis, CPA, client, clients, data analysis, database, delivery, documentation, DOORS, due diligence, senior management, external audits, finance, Financial, financial planning, financial
          reporting, financial reporting, financial statements, forecasting, foreign exchange, functional, General Ledger, general ledger accounts, information systems, Inventory, managing, marketing, meetings, enterprise, Networks, Oracle, Oracle Application, Oracle Financials, Oracle Financial, Platinum, policies, problem solving, publications, quality assurance, report
         writing, reporting, requirement, revenue recognition, sales, Sarbanes-Oxley, Supervisor, system analyst, tax, tax research, tax returns, team player, trend, upgrade, validation, variance analysis, year-end      Activities and Honors    California CPA.
        Completed the UC Santa Cruz Certificate of Project and Program Management.
        Coursework in SQL and Relational Database.
          3   ","about the job
our client a stable service organization in the red bank area is adding an financial analystassistant controller to their team

in this position the ideal candidate responsibilities include
updating monthly forecast financial modelclosing all accounting modules oversee month end closingsset up gl accountsassisting with annual budget preparationprepare second financial review for all companies financial statementsconduct weekly kpi reportingintercompany reconciliationsprepaid insurance schedulesamortization journal entriesensure proper wip schedulebuild and prepare other reports as needed
the ideal candidate will have the following qualifications
bachelors degree in accountingsage timberline experience requiredstrong excelgaap compliance experienceexcellent communication skillstime management  years experience with month end closings and general ledger maintenance and accounting operations experienceability to be in the office every day",1
"         CORPORATE ACCOUNTANT           Summary     Strategic and analytical finance professional with  23 + years of success in financial reporting, analysis and project management.  Highly motivated professional who thrives in high-pressure environments. Excellent financial reporting, budget forecasting, management and team-building skills.  Accomplished and results-oriented  in each business endeavor with  consistently meeting deadlines and increased company revenue. Highly skilled at increasing productivity through detailed cost analysis.          Highlights          Superior time management  Financial modeling  Financial reporting expert   Variance analysis                Accomplishments     Increased cost-effectiveness by  28 % through compliance enforcement and implementation of a new quality control system.  Led the development of multiple financial reporting methods to measure productivity and efficiency.  Increased efficiency of discrepancy investigations by designing a more accurate cash-forecasting system.       Experience      Corporate Accountant    May 2015   to   March 2016     Company Name   -   City  ,   State     Relocated to corporate offices and continued to handle all financial aspects of Biologics Development Services, along with 7 additional entities that were start up companies.           VP of Finance/Operations     September 2013   to   Current     Company Name   -   City  ,   State      Responsible for the site management of the BDS facility (laboratory, storage, archive, server room, office areas etc.), equipment, utilities, supplies, security, general maintenance, and human resources.  Controller of financial operations (accounting, payroll, purchasing, financial forecasts, etc.).  Also Watson LIMS Administrator and back-up Archivist and back-up Document Coordinator.          Controller/Office Manager    September 2012   to   Current     Company Name   -   City  ,   State      Responsible for all financial aspects, which includes reporting directly to the CEO.  Assisting in the implementation of entire office: including working with general contractors on modifications/completion of build-out, purchasing/installation of equipment for lab and office furniture.  Setup and implementation of procedures for all processes in the facility.  Initiated finding qualified vendors for all services, including installation of physical onsite server and backup system.  Responsible for: Cash flow, accounting, payroll, human resources, purchasing, inventory, cost analysis, administrator/IT services, and facilitating new software programs and all general office services.          IT Administrator    September 2012   to   May 2015     Company Name   -   City  ,   State      Responsible for the oversight, management, security, availability and operations of the IT infrastructure, network applications and software systems at BDS.          Assistant Controller    February 2009   to   January 2013     Company Name   -   City  ,   State      Assistant Controller in completion & review of over 30 entities.  Managed a staff of 9 accounting employees and over 200 offsite employees in HR, Payroll, Skyline system training, integrated a system wide remote banking process, set up procedures to minimize labor costs.  Managed office services, IT Services to include backup systems and troubleshooting errors.  Assisted in providing documentation and schedules for external auditors for year-end review, refinancing of multiple entities, consolidated financial reporting for cash flow purposes, completed programing for automation of escalations for 5 mobile home parks, procedural setup of flow processes to maximize productivity of employees, consolidated financial statements for corporate entities, prepared monthly financial forecasts; annual budgeting; Integrated with tenants on billing issues, which included: reconciliations, collections, deposits and monitored A/R receivables system wide.  Reported financial information to partners the end of the month.          Property Accountant    August 2001   to   August 2008     Company Name   -   City  ,   State      Assisted GM in monthly financial forecasts; annual budgeting; Integrated with tenants on billing issues, which included: reconciliations, collections of checks, deposits and making sure all tenants accounts were at zero by the end of the month.  Billings included 3M + monthly with the responsibility of 213+ tenants.  The billings included permanent and specialty leasing tenants; which included: reviewing all leases, abstracting and ensuring all charges were correct; as well as making sure all increases are set up correctly per year.  Responsibility of overseeing the A/P function, including proper GL coding and input of ail invoices; assisting with all department heads on any aspect of the accounting function as it pertained to their department.  Running and review monthly reports: Income statements, Sales & Use tax, Petty cash reconciliations, Sales Reports, Gift Card reconciliations (Daily and Monthly), ADA Reports.  Completing any and all; bad debt reserves, write-offs, reversals, and additional billings.  Completing Annual Reconciliations of Real Estate Tax, Recharge increases.  Common Area Maintenance, Central Plant, and Promotional Charges.  Dealing with Collection companies, and Attorneys with any AR tenants that fall into bankruptcy, and any tenant over 90 days old.  Assisted auditors with all internal and external annual audits, and implemented new accounting software program.          Controller/Accounting Manager    January 1994   to   August 2002     Company Name   -   City  ,   State      Full Responsibility and managing all functions of 5 separate companies over my tenure.  A/P, A/R, Collections, Time and Billing, Order entry, G/L, Financial Statements, Sales Commissions, Month end reports, closings of all modules.  Processed credit cards via computerized software program, Reconcile Merchant and American express statements.  Perform Bank Reconciliation's and work directly with auditors at year-end.  Implemented procedural changes to control costs, with payroll and job cost system.          Charge Accountant    August 1993   to   January 1994     Company Name   -   City  ,   State      Full Responsibility for A/P, A/R, Inventory, Cost Accounting, Purchasing, Assisted with all Sales Proposals, generating and reconciling all month end reports.          Production Manager/Accounting Supervisor    May 1988   to   August 1993     Company Name   -   City  ,   State      Full Responsibility for managing entire manufacturing/production control departments (totaling 31 employees).  Duties included but were not limited to the following: scheduling production flow, shipments, employee work schedules, overtime, and vacations; managed purchasing; primary customers interface on product status; customers included: Raytheon, Honeywell; chaired daily production meetings.  Reported to the V.P. of Finance, responsible for all General Accounting and contract duties and supervised a staff of five people. Duties included but not limited to the following; financial statement preparation, management reports, ADP Payroll processing for 2 separate companies, assisted with Cost Accounting, G/L, A/P, A/R, Inventory Control, Order entry, Billing, Customer P.O. Administration and controlled Sales Commissions.   ware, ADA, ADP payroll, A/P, AR, automation, back-up, backup, Bank Reconciliation, banking, Billing, Billings, budgeting, Cash flow, Controller, Cost Accounting, cost analysis, credit, documentation, Finance, financial, financial forecasts, financial operations, financial reporting, financial statement preparation, Financial Statements, general office, GL, human resources, HR, Inventory, Inventory control, LIMS, managing, meetings, office, network, Order entry, Payroll, processes, coding, Proposals, Purchasing, express, Real Estate, reconciling, reporting, Sales, Sales Reports, scheduling, Tax, troubleshooting, utilities, year-end  Reported to the V.P.of Finance, responsible for all General Accounting and contract duties, and supervised a staff of five people.  Duties included but were not limited to the following; financial statement preparation, management reports, ADP payroll processing for 2 separate companies, assisted with Cost Accounting, G/L, A/P, A/R, Inventory control, Order entry, Billing, Customer P.O.  Administration, and controlled Sales Commissions.accounting, General Accounting, accounting software, ADA, ADP payroll, A/P, AR, automation, back-up, backup, Bank Reconciliation, banking, Billing, Billings, budgeting, Cash flow, Controller, Cost Accounting, cost analysis, credit, documentation, Finance, financial, financial forecasts, financial operations, financial reporting, financial statement preparation, Financial Statements, general office, GL, human resources, HR, Inventory, Inventory control, LIMS, managing, meetings, office, network, Order entry, Payroll, processes, coding, Proposals, Purchasing, express, Real Estate, reconciling, reporting, Sales, Sales Reports, scheduling, Tax, troubleshooting, utilities, year-end          Education      High School Diploma   :   Business Management/Accounting      Zephyrhills High School   -   City  ,   State             ","in the minute it takes you to read this job description bluecore has launched over  individually personalized marketing campaigns for our retail ecommerce customers

bluecore is expanding our finance team and is looking for a senior accountant with a positive attitude who is highly motivated to learn and grow within a fastpaced organization this role will be responsible for supporting the monthly close processes as well as supporting and initiating general accounting and reporting process improvements to gain efficiencies and strengthen the overall control environment

this position requires a driven selfstarter who is able to work comfortably with stakeholders across the organization takes tasks from start to finish and someone who enjoys working in a fastpaced challenging environment this is a great opportunity to become a member of the finance team for a breakthrough company that is disrupting the retail market

the role
 perform monthend close activities including preparation of journal entries and reconciliations for various balance sheet and income statement accounts
 perform financial statement analysis and document meaningful explanations for fluctuations
 review revenue contracts and transactions to ensure compliance with the companys revenue recognition policies under 
 prepare memos and analyses surrounding revenue recognition under asc  for more complicated billing arrangements
 responsible for creating and maintaining commission calculation files for variable compensation plans including those for the sales and customer success teams as well as potentially implementing a commissions system
 work closely with sales operations and fpa to evaluate new compensation plan changes and assess accounting impact and operational feasibility
 participate in streamlining and process improvement projects enhancing the internal controls over accounting processes and systems
 assist in implementing new accounting policies and procedures
 provide a high level of customer service with finance and nonfinance business partners
 support external audit requirements related to specific areas of responsibility including preparation of audit schedules
 support management in completing special projects adhoc reporting and analysis requests and other tasks as assigned

what you bring
  years of accounting experience   years of relevant monthend close experience or audit experience required
 cpa preferred
 strong knowledge and application of gaap
 strong communication and interpersonal skills
 excellent time management skills ability to prioritize and multitask
 high degree of dedication to improvement and strong sense of ownership
 strong problem solving analytical and communication both verbal and written skills
 role is us remote  east coast based

about us

bluecore is a multichannel personalization platform that gives retailers a competitive advantage in a digitalfirst world unlike systems built for mass marketing and a physicalfirst world bluecore unifies shopper and product data in a single platform and using aiml activates welcomed personal experiences at the speed and scale of digital through bluecores dynamic shopper and product matching brands can personalize  of communications delivered to consumers through their shopping experiences anywhere

this comes to life in three core product lines
 bluecore communicate a modern email service provider esp  sms
 bluecore site an onsite personalization product
 bluecore advertise a paid media product

bluecore is credited with increasing lifetime value of shoppers and overall speed to marketing for more than  brands including express tommy hilfiger the north face teleflora and bass pro shops we have been recognized as one of the best places to work by fortune crains forbes and builtin as well as ranked on the inc  the most prestigious ranking of the nations fastestgrowing private companies

we are proud of the culture of flexibility inclusivity and trust that we have built around our workforce we are a remote first organization with the option to potentially work in our new york headquarters on occasion moving forward we love the opportunity to come together  but employees will always have the option on where they work best

at bluecore we believe in encouraging an inclusive environment in which employees feel encouraged to share their unique perspectives demonstrate their strengths and act authentically we know that diverse teams are strong teams and welcome those from all backgrounds and varying experiences bluecore is a proud equal opportunity employer we are committed to fair hiring practices and to building a welcoming environment for all team members all qualified applicants will receive consideration for employment without regard to race color religion gender gender identity or expression sexual orientation national origin disability age familial status or veteran status

we will ensure that individuals with disabilities are provided reasonable accommodation to participate in the job application or interview process to perform essential job functions and to receive other benefits and privileges of employment please contact us to request accommodation",1
"         CUSTOMER SERVICE ADVOCATE           Summary     Detail-oriented Administrative/ Clerical support with extensive experience performing medical clerical duties and supporting 5 physicians in a busy medical office. Expertise includes with excellent communication skills demonstrated by18 years of experience, verifying insurance coverage, records reviews and schedule maintenance.       Highlights          Results-oriented  Maintains strict confidentiality   Meticulous attention to detail      Excellent communication skills  Team player with positive attitude  Strong work ethics             Experience      Customer Service Advocate    May 2014   to   Current     Company Name   －   City  ,   State      Provided accurate and appropriate information in response to customer inquiries by Medicare Part B providers   Explain Medicare Part B claim denials and how to correct claim for payment.  Provide reference and resource material to providers and conduct research into some denials   Verify and confirm beneficiary eligibility in Medicare Part A and B.  Strictly followed all federal and state guidelines for release of information.  Examined diagnosis codes for accuracy, completeness, specificity and appropriateness according to services rendered.          Customer Service Representative    September 2013   to   May 2014     Company Name   －   City  ,   State      Addressed customer service inquiries in a timely and accurate fashion.  Explaining current Medicare D drug plan to members   Taking medication refill orders   Researching plan design copay structures and formulary change   Providing pleasant, accurate customer service   Providing information regarding changes to Medicare Part D drug plan structures Providing Medicare mandates procedures and updates.          Surgery Scheduler    March 1999   to   June 2013     Company Name   －   City  ,   State      Efficiently performed insurance verification and pre-certification and pre-authorization functions.  Sending redetermination to insurance both private and government for surgical procedures   Coordinate surgery schedule with patient, physician and operating room and p rovide patients with detailed information regarding dates, time scheduled and necessary    Arrange and schedule pre-operative test for patient and maintains operating room schedule instructions, as directed by physicians.  Contact patient to remind of post-operative instructions, as directed by physicians.  Working knowing in Star Panel, Epic Hyperspace, and other systems   Verify patient eligibility, coverage for procedure,obtain pre-certifications, authorizations for procedures and tests ordered by physician.  Notify and forward paperwork for insurance certification to Billing Office and obtain additional paperwork if needed for compliance.  Responds to written and telephone inquiries from carriers regarding surgeries   Perform clerical duties to support  physicians and the surgery scheduling function regarding patient and surgery information           Office Assistant III    February 1996   to   March 1999     Company Name   －   City  ,   State      Responsible for printing daily schedules to pull medical records for clinic appointments and surgeries.  Recorded and filed patient data and medical records   Scanned and indexed clinic notes, pathology reports, lab tests, financial information in Electronic health record system   Performed various administrative duties, including data entry and document preparation.  Eliminated outdated records  on annual basis by sending the records to be scanned   Assisting medical students, doctors, nurses and secretaries archival retrieval   Pick up, sort and distribute mail for clinic.          Clerk III    January 1995   to   February 1996     Company Name   －   City  ,   State      Developed and created a more effective filing system to accelerate paperwork processing.  Printing daily schedules, pull medical records for clinic.  Verified that information in the computer system was up-to-date and accurate for appointments and surgery.  Dispersed incoming mail to correct recipients throughout the office.          Education      Bachelor of Science   :   Health Care Administration  with Concentration in Management  ,   1991    University of Phoenix   －   City  ,   State       Health Care Administration ,still in progress will graduate June 2016         High School Diploma   :   Psychology   ,   1990    Belmont University   －   City  ,   State       Studies included Statistical Mathematics, Western Civilizations , Majoring in Psychology  Minor in Sociology            Algebra I & II      Stratford High School   －   City  ,   State         Studies included Algebra I &II and Trigonometry, Geometry and French I &II H         Accomplishments      Healthcare Administration- still in progress Accomplishments Certificate thru Vanderbilt Training and Development Organizational Skills Certificate received on June 22, 2000.  Attendance in Tenn-care in-service May 2003, January 2004, March 2004, July 2005, August 2005 for BCBS pre-certs.  Working knowledge in Excel and with CPT coding, Completion of Administrative Assistants Conference September 2008.        Skills      Scheduling, Strong verbal skills, Excellent written skills, ICD-9 and CPT coding     ","about our team

we employ a fieldbased homebased care model and are committed to meeting members where they arein their homes in their community and in our hubs you will go above and beyond to connect with members in a nonjudgmental respectful and empathic manner to meet their needs and to provide feedback to the system as a whole as we strive to do better every day

the rn case manager will be responsible for the care management program delivery including

responsibilities
 identify priorities and necessary processes to triage and deliver work
 empower members to manage and improve their health wellness safety adaptation and selfcare
 assess and interpret member needs and identify appropriate costeffective solutions
 identify and remediate gaps or delays in care services
 advocate for treatment plans that are appropriate and costeffective
 work with lowincome vulnerable populations to ensure access to care and address unmet needs
 gather and evaluate clinical information to assess and expedite referrals within the healthcare system including consideration of alternate levels of care and services
 facilitate timely and appropriate care and effective discharge planning
 work collaboratively across the healthcare spectrum to improve quality of care
 leverage experience expertise to observe performance and suggest improvement initiatives
 ensure understanding of industry standard competencies and performance metrics to optimize decisions and clinical outcomes
 ensure individual and team performance meets or exceeds the performance competencies and metrics
 collect stage and analyze data to identify gaps and prioritize interventions
 contribute actively and effectively to team discussions
 share knowledge and expertise willingly and collaboratively
 provide outstanding customer service internally and externally
 follow and maintain compliance with regulatory agency requirements
 perform daily work with a focus on the core principles of managed care patient education wellness and prevention programs early screening and intervention and continuity of care
 work proactively to expedite the care process

requirements for the role
 current unencumbered rn license with a minimum of  years of acute clinical experience
 certified case manager ccm preferred
 minimum  years experience in a managed care environment across multiple lines of business medicare advantage managed medicaid dual snp commercial etc with at least  year of dual special need plan experience
 hmo and risk contracting experience preferred
 indepth knowledge of current standard of medical practices and insurance benefit structures
 excellent oral and written interpersonalcommunication internalexternal customerservice organizational multitasking and teamwork skills
 ability to translate member needs and care gaps into a comprehensive member centered plan of care
 strong understanding of managed care environment with population management as a key strategy
 strong understanding of the community resource network for supporting atrisk member needs
 well organized with meticulous attention to detail
 excel in the care planning process including smart goals
 understands contractual and regulatory requirements
 the ability to effect change perform critical analyses promote positive outcomes and facilitate empowerment for membersfamilies
 excellent analyticalthinkingproblemsolving skills
 strong sense of urgency with the ability to work effectively in a fastpaced environment with frequently changing priorities deadlines and workloads

job type fulltime

pay from  per year

benefits
 k
 continuing education credits
 dental insurance
 disability insurance
 health insurance
 health savings account
 life insurance
 paid time off
 referral program
 vision insurance

medical specialty
 addiction medicine
 geriatrics
 home health
 hospice  palliative medicine
 primary care
 wound care

physical setting
 acute care
 clinic
 hospital
 long term care
 office
 outpatient

schedule
  hour shift
 monday to friday
 on call

supplemental pay
 signing bonus

experience
 nursing  years preferred
 case management  years preferred

licensecertification
 new york rn license required

work location multiple locations",1
"         TEACHER       Summary     Talented early education professional with diverse experience in planning and implementing various activities for promoting physical, social, emotional and intellectual growth of children.[Job Title] capable of remaining calm under pressure while continuing to keep the preschool setting light and playful. Will work hard to identify and communicate behavioral and educational issues.Open-minded [Job Title] talented at incorporating a blend of traditional and progressive techniques into daily activities. Facilitates clear communication between children, parents and fellow staff.Creative preschool teacher adept at continually implementing current trends in early childhood curriculum.Early Childhood Teacher specializing in child psychology and development. Recognizes the importance of the parent-child bond and believes in regularly communicating with each parent.       Highlights          CPR First Aid Certificate  Problem Solver  Time Management  Creative thinking  Team player   Certified in Early Childhood Education  Conflict resolution techniques  Training in food handling preparation  Calm and patient                Experience     08/2013   to   01/2016     Teacher    Company Name   －   City  ,   State      Supervise 3-5 year old children.  Setup small group and outdoor activities.  Maintain paper work for parent - teacher conference.  Promoted good behaviors by using the positive reinforcement method.Maintained daily records of children's individual activities, behaviors, meals and naps.Established a safe play environment for the children.Distributed quarterly educational assessments, similar to report cards, to each parent.Supervised children on field trips to local parks, fire stations and zoos.Encouraged children to be understanding of others.Maintained a child-friendly environment with access to outdoor activities.Completed all required documentation for the National Head Start program.Helped children reach milestones in the area of self-care.Developed professional relationships with parents, teachers, directors and therapists.Observed children for signs of illness, injury, emotional disturbance, learning disorders and speech problems.Observed children for signs of illness, injury, emotional disturbance, learning disorders and speech problems.         09/2008   to   06/2013     Teacher    Company Name   －   City  ,   State      Promoted good behaviors by using the positive reinforcement method.Maintained daily records of children's individual activities, behaviors, meals and naps.Created and implemented developmentally-appropriate curriculum that addressed all learning styles.Established a safe play environment for the children.Supervised children on field trips to local parks, fire stations and zoos.Encouraged children to be understanding of others.Completed all required documentation for the National Head Start program.Helped children reach milestones in the area of self-care.Developed professional relationships with parents, teachers, directors and therapists.Worked closely with the site director, family care workers, classroom teaching team and other specialists.Observed children for signs of illness, injury, emotional disturbance, learning disorders and speech problems.Collaborated with colleagues on developing new classroom projects and monthly themes.         08/2007   to   03/2011     Baggage Supervisor    Company Name   －   City  ,   State      Manage and maintain baggage delivery to airplanes.  Ensure safety around all arrival and departure of flights.  Make end of shift reports to management team.         03/2004   to   09/2007     Teacher    Company Name   －   City  ,   State      Teach age level activities.  Maintain security.  Schedule weekly plans for class.   Promoted good behaviors by using the positive reinforcement method.Maintained daily records of children's individual activities, behaviors, meals and naps.Created and implemented developmentally-appropriate curriculum that addressed all learning styles.Established a safe play environment for the children.Distributed quarterly educational assessments, similar to report cards, to each parent.Supervised children on field trips to local parks, fire stations and zoos.Encouraged children to be understanding of others.Maintained a child-friendly environment with access to outdoor activities.Worked closely with the site director, family care workers, classroom teaching team and other specialists.Observed children for signs of illness, injury, emotional disturbance, learning disorders and speech problems.Collaborated with colleagues on developing new classroom projects and monthly themes.        03/2015   to   01/2016     Lead Volunteer    Company Name   －   City  ,   State      Volunteer of the Month.  Assist various ministries as needed.  AM33 leader and weekly phone caller.          Education     6/1996     C.D.A - Child Development Associate      Seattle Central Community College   －   City  ,   State       Emphasis in Child DevelopmentContinuing education in Early Childhood EducationChild Abuse Awareness training        Present     BA  :   Elementary Education / Special Needs    Grand Canyon University   －   City  ,   State       Elementary Education / Special NeedsElementary Education coursework         Skills     CPR, Creative thinking, delivery, First Aid, policies, Problem Solver, safety, teacher, Team player, phone, Time Management    ","job coach  job description

summary

the job coach will provide assistance to the vocational rehabilitation team by providing support and coverage for individuals who are being served on a community work site the job coach is to assist the individual in the learning process to perform the essential functions of the job they are performing as well as to provide guidance on soft skills and interpersonal behaviors in addition the job coach is to identify any accessibility issues and accommodations job coach positions are prn unless otherwise specified

responsibilities
 assess worksite accessibility and identify any accommodations needed
 perform a task analysis and create a learning structure for the individual based on his or her needs to perform the job duties
 facilitate the learning process for individuals on a community job site
 maintain detailed and accurate daily notes of coaching activity
 communicate with vocational rehabilitation staff referral sources consumers and consumers team effectively
 provide a timely report of the job coach assignment weekly utilizing the proper report template
 manage and submit timesheets for individuals that are coached weekly
 report any concerns regarding the individual being coached andor the job site immediately
 at times provide travel training for public transportation

requirements
 must be dependable and able to function independently professionally and responsibly
 excellent oral and written communication skills
 excellent time management
 must have the ability to work with a diverse group of people
 good organizational skills
 microsoft word applications
 must have a valid drivers license

qualifications
 high school diploma or equivalent
 must be able to pass a criminal background check and a drug test
 must be able to meet all federal state and local requirements to meet employment

covid precautions
 remote interview
 work location
 multiple locations

job type parttime

pay from  per hour

schedule
 monday to friday

work location multiple locations",1
"         CONSTRUCTION BOOKKEEPER         Summary     Accounting Professional offering 13 years experience in bookkeeping and an effective, analytical approach to identifying and solving complex problems.       Highlights          Intuit QuickBooks specialist  General ledger accounting skills  Ethical approach to finance  Strong communication skills  Complex problem solving  Accounting operations professional  Fiscal budgeting knowledge  Managerial aptitude  Manufacturing and job costing experience      Proficient in outlook, excel, word  Broad knowledge of office equipment   Excellent computer skills  Web Savvy  Benefits and 401 k administration  HR experience  Pa Notary Public            Accomplishments      Increased efficiency and alleviated work loads by creating a new Excel financial recording system.  Increased profit by working with vendors to reduce cost of goods Established new credit criteria for new accounts.  Customize reports for individual businesses  Track expenses and accounts receivable  Reduce paper clutter, organize files  Successfully worked through accounting system change over. Trained staff on Quickbooks   Implemented on line services to improve efficiency        Experience      Construction Bookkeeper  ,   09/2016   to   12/2016    Company Name   －   City  ,   State    Completed a temporary roll for a construction company located in Southern New Jersey. In this roll I cleaned up and organized the data that was and was not entered into Quickbooks, worked with Builder Trend to map information correctly in to Quickbooks. Entered all vendor bills and expenses and invoices   into Builder Trend for job costing, paid high volume of accounts payable. Balanced monthly bank statements and credit card accounts. Ran monthly reports in Builder's Trend and Quickbooks. Provided accountant with end of year information as requested.        Bookkeeper  ,   01/2015   to   08/2016    Company Name   －   City  ,   State      AR/ AP  Payroll Administration  Sales Tax Filings  Monthly Financial Reports  Construction Contracts  Payment Applications  Job Costing  Insurance Certificates.   Converted old accounting system to Quickbooks          Office Manager/Full Charge Bookkeeper  ,   08/2003   to   01/2015    Company Name   －   City  ,   State      Maintenance Supply company with 6,000  customers and 30  vendors.  Supervised office of 10 employees.  Full charge processing of all accounts receivable and payable.  Reconcile bank and credit card accounts .Record general ledger entries Establish customer credit lines and set up credit accounts with vendors Processed payroll Prepared federal and state tax returns Analyzing general ledger accounts to identify and resolve variances or unidentified items Prepare and post cash deposit to the AR system and generates supporting reports Review and post lock box and wire payments Process manual and recurring credit card payments, ACH payments, credit memos, charge backs, returns, bad checks, and check requests Research root causes of unidentified payments and perform adjustments Assisted in collection efforts.  Did weekly Accounts Receivable Aging reports, mailed out reminders and made follow up phone calls Logged all results.  Manage all petty cash and office supply expense accounts.          Bank Branch Manager  ,   01/1990   to   08/2003    Company Name   －   City  ,   State       Total involvement with all customer service including problem solving, on the spot decision making, leading and motivating the team.  Supervised eleven employees.  Performed reviews, disciplinary reports, attendance and performance records.  Increased sales by motivating sales team Maintained deposits over 30 million and loans over 10 million.  Followed bank guidelines and regulations.  Updated confidential employee banking information with accuracy and speed.          Education      High School Diploma  :    1985    Mastbaum Area Vocational Tech   －   City  ,   State              Business
Certifications Quickbooks Pro Advisor                Skills     Accounting, Accounts Receivable, administrative, Adobe software, AR, banking, billing, budgeting, Strong communication skills, credit, customer service, decision making, documentation, finance, financial reporting, general ledger, general ledger accounts, General ledger accounting, Managerial, office, payroll, problem solving, QuickBooks, Quickbooks Pro, Research, sales, tax, tax returns    ",we are looking for a senior accountant job requirements responsibilities accounting  assist in the monthly accounting close procedures including proper periodend cutoff and accounting close schedule  maintain general ledger processing  prepare and enter monthly journal entries reconcile monthly transactions for accuracy and completeness  perform bank reconciliations and cash postings  reconcile and post credit card transactions to the appropriate accounts  maintain prepaid expenses and associated amortization schedule reporting  analysis  assist in preparation of the monthly financial reports for the bank and the management  kpi reporting audits  examinations  assist with annual external review and semiannual bank field exam complete requested materials assist in preparing assigned schedules  assist controller with regulatory reporting  works with the cfo to streamline procedures identify and correct issues and improve efficiencies participate in various projects qualifications  undergraduate degree in accounting or finance  public accounting firm andor corporate accounting experience  minimum of  years of related work experience  possess a working knowledge of us gaap  high level technical skills in excel  excellent analytical and communication skills  experience with netsuite and quickbooks accounting systems  staffing industry experience is a big plus,0
"         HR INTERN       Summary    An enthusiastic student, highly motivated and committed to developing personally and
professionally. Have the ability to learn quickly, work efficiently and use my educational
knowledge effectively in work settings. Skilled in research, multi-tasking, time management and
communication. Experienced in human resource / organisational management, counselling and business
development.       Educational Background      Master of Arts  ,   Organisational Psychology   2018     Alliant International University    －   City  ,   State  ,   United States    California School of Professional Psychology        Master of Science  ,   Counselling Psychology   2015     Avinashilingam Institute for Home Science and Higher Education for Women    －   City  ,   State  ,   India    GPA - 3.63         Bachelor of Arts  ,   Mass Communication   2013     Amrita Viswa Vidhyapeetham   －   City  ,   State  ,   India     Amrita School of Communication    GPA - 3.07          Experience      HR Intern     Jul 2016   to   Current      Company Name   －   City  ,   State    I get candidates moved through the hiring process, making sure
that they are properly credentialed and meet all of the company's and the clients
requirements.        Basic background checks                      Contact candidate's references & collect necessary information  License and employment verification

-Reviewing/uploading credentials   Pre-screen applicants from job boards (Indeed & Zip Recruiter)  Make and send badges  Attend/transfer calls, take messages   Work independently and as part of a team to achieve the company's goals.          Bookstore Volunteer     Feb 2016   to   Jul 2016      Company Name   －   City  ,   State     
		
	
	
		
			
				
					
						Opening the store  Account and check the closing and opening balance  Maintain complete and accurate records of the store's transactions  Rearrange books to maintain a neat and tidy reading area  Assessed customer needs and responded to questions         Assistant to the General Manager     Apr 2015   to   Nov 2015      Company Name   －   City  ,   State     
		
	
	
		
			
				
					
						Managed the day-to-day tactical and long-term strategic activities within the business.
  Reviewed and approved billing invoices and expense reports.  Counselled and mentored 53 staff members by offering constructive feedback, stress
management techniques and guidance.
  
						Traveled with the manager to take notes and prepare minutes at meetings.
  Screened telephone calls and inquiries and directed them as appropriate.
  Maintained and recorded financial accounts of daily sales, purchases and other
expenses. 
					
				
			
		         Student Intern     Jan 2015   to   Feb 2015      Company Name   －   City  ,   State     
		
	
	
		
			
				
					
						Administrative Assistance.
  Conducted & scored tests (16PF, Stress Inventories) to new clients and as follow-ups.
  Established rapport, collected & organised new client data.  Administered ""Positive Therapy"" to patients.
  Assisted with rehabilitation activities.
  Individual, Family & Matrimonial Well Being/Therapy, Educational counselling, De-
addiction / Smoking cessation and suicide prevention. 
					
				
			
		         Intern     Dec 2014   to   Jan 2015      Company Name   －   City  ,   State     
		
	
	
		
			
				
					
						Assistance and guidance to families below poverty line.
  Counselling individuals with issues relating to family, marital, legal issues.
  Provided sex education, awareness about good/ bad touch to young school students.
  Observed the counselling sessions provided to sex workers. 
					
				
			
		         Summer Intern     May 2014   to   Jun 2014      Company Name   －   City  ,   State     
		
	
	
		
			
				
					
						The internship program was systematically split to accommodate sufficient training
in De-addiction centre, Special school for mentally challenged children, Psychiatric
clinic for adults and counselling centre.  Witnessed and assisted with an ECT session administered by the Chief Doctors.
  Collected information about clients, using techniques such as testing, interviewing,
discussion, and observation.  Gathered feedback from patients on medications,
diagnosis and effectiveness of therapies.  Gained knowledge and experience observing doctors provide counselling to patients and
families. 
					
				
			
		         Skills      Microsoft Excel, Outlook, PowerPoint, Word.   Excellent communication Skills  Organisational Skills  SPSS  Data Entry        Researches      Autosuggestion as a mediator in weight management in female college students. Master's
Thesis. (M.Sc, 2014-15)         Sample: 82 female college students, convenient sampling method. The selection of the
82 participants were based on the Inclusion and Exclusion Criteria.
  The participants selected were assessed for their anthropometric data and they also
completed WHO (Five) Well- Being Index.

						Group A (Exercise Diet Autosuggestion) and Group B ( Exercise Diet ).
  Results: A marginal but not a statistically significant difference in the body weight of
the participants in both Group A and Group B. There was a statistically significant
difference in the well-being of the participants in both Group A and Group B.       Mindfulness and Burnout of Teachers in StateBoard and Matriculation schools
(Demographic factors). Master's Project. (M.Sc, 2014)        
		
	
	
		
			
				
					
						Sample: 150 (51 Female and 24 Male in State board)(58 Female and 17 Male in
matriculation)
  Scales :  Mindfulness Attention Awareness scale  and  Burnout Inventory.   The data were analysed by standard statistical tools such as karl pearson co- efficient of
correlation, analysis of variance and t-test.

						  Result: There were no statistically significant relationship between Mindfulness and
Burnout in both Matriculation and State board schools. 
					
				
			
		        Relation between Indian Zodiac and Personality types(MBTI). Master's Project. (M.Sc,
2015)      
		
	
	
		
			
				
					
						Sample: 100 samples (Female 52 & Male 48) , were randomly selected.
   The Myers Briggs Type Indicator  (MBTI) was administered and scored.
  The results showed that there was no significant relation between the two variables.   The
sample size cannot determine the relationship, further studies can be done to conclude or
disprove the findings of the current study. 
					
				
			
		          Publications      
		
	
	
		
			
				
					
						Snega Prabha S.  A writer in the Mind.  SPEAR (Sawyerpuram Pope's Emerging Aspirants
In Research). Volume: II, No : 2. ISSN:2319-1902. July-December 2013.
      Dr. Preetha Menon, Snega Prabha S.  Autosuggestion as a Mediator in Weight
Management in Female College Students.  International Journal of Scientific Research,
Vol: 4, Issue: 7 July 2015.         Certifications      
		
	
	
		
			
				
					
						Foundation Course on Education of Children with Learning Disabilities, Certified by
Rehabilitation Council of India. (2014)
  TA-101. Introduction to Transactional Analysis. (2015)
  Hypnotism and it's Application in practice. (2015)
  
						Bio Ethics in Research. (2014) 
					
				
			
		        Affiliations       APA - American Psychological Association (2016)    Affiliate          Volunteer Activities       San Diego Humane Society  - San Diego, CA (June 2016 - Present)   Humane Animal Society  - India  (Aug 2014 - Nov 2015)   Puppy
Palace  - India (Aug 2014 - Nov 2015)   ​    ","summary

this position will provide technical and laboratory support to dr
rui chen within the hgsc
the position will work within the lab under the guidance of dr
rui chen

job purpose

internships are a temporary professional learning experience in which participants gain practical work experience related to a studentâ  s field of study or career interest
interns must be a part of an established baylor college of medicine internship program or receiving course credit at their college of university

job duties

responsible for one or more of the following duties
 provides office administrative support
 provides research administrative or technical support

minimum qualifications
 must be a high school or college student undergraduate or graduate
 no experience required

baylor college of medicine is an equal opportunityaffirmative actionequal access employer




estimated salary  to  per hour based on qualifications",0
"         BUSINESS DEVELOPMENT           Career Overview     Committed and motivated professional with exceptional customer service and decision making skills. Extensive experience working with a diverse client base and delivering results. High-achieving professional possessing excellent communication, organizational and analytical capabilities. Background in business development, customer service and project management.       Skill Highlights          Problem resolution  Results-oriented  Meticulous attention to detail  Managing multiple priorities          Microsoft Office proficiency  Customer relations specialist  Employee training and development            Core Accomplishments      Data Organization     Improved office organization by compiling quarterly budget reports, financial spreadsheets, organizational charts and company data reports using advanced Microsoft Excel functions.  Coordinated all department functions for team of 40 Increased office organization by developing more efficient filing system and customer database protocols.    Customer Service     Handled customers effectively by identifying needs, quickly gaining trust, approaching complex situations and resolving problems to maximize efficiency.    Planning     Arranged, scheduled and coordinated all logistics and travel itineraries for staff of 40 employees.  Ensured staff was equipped with all necessary supplies and collateral for long distance travel.    Scheduling     Facilitated on boarding of new employees by scheduling training, answering questions and processing paperwork.        Professional Experience      Business Development    February 2015   to   September 2015     Company Name   -   City  ,   State      Responsibilities have included setting up new with vendors, manufactures and contractors by implementing effective networking and content marketing strategies.  Added value to marketing material by introducing creative advertising concepts.  Generated new sales opportunities through direct and telephone selling and emails.  Coordinated and managed major proposal processes from initiation to implementation.  Successfully established effective systems for record retention by creating database for daily correspondence tracking.Standardized department filing system to increase efficiency.          Service Manager    November 2014   to   February 2015     Company Name   -   City  ,   State      Developed, implemented and monitored programs to maximize customer satisfaction and manage on-site customer service representatives.  Interviewed, hired and trained new quality customer service representatives.          System Technology Specialist    November 2012   to   January 2014     Company Name   -   City  ,   State      Support customers with reconfiguring of system software.  Trouble shoot and repair systems in timely manner,  per customer contracts.  Assist with bringing new systems on line and training.          Project Manager    April 2012   to   November 2012     Company Name   -   City  ,   State      Define project scope, goals and deliverables.  Manage cost, schedule, and performance of project, while working to ensure the ultimate success and acceptance of the project.  Mentor staff consulting excellence and encouraged best practice of company standards.          Support Manager    April 2011   to   December 2011     Company Name   -   City  ,   State      Responsible for departmental staffing needs, performance management, training and development, and daily management of customer service employees.  Manage all service issues to customers satisfaction to 98%   Developed quality assurance program that reduced warranty calls by thirty percent in the first two months   realigned staging and routing process to create more steam lined operation, minimizing overtime first time service calls were completes at a 20% higher success rate maintain and track monthly reports customer satisfaction, warranty expenditure, outstanding work order reports.  Develop plan for sales department for reoccurring revenue   Member of  KAIZEN board Support all departments on an as needed basis.          Project Administrator     September 2006   to   December 2011     Company Name   -   City  ,   State      Responsible for creating and maintaining project records, hard and electronic copies, transmitting them accordingly to internal and or external customers.  Create and maintain budget reports on all active jobs  Supporting the project managers with any additional reports, scheduling, RFI's, purchasing, create and update job submittal packets and operation manuals coordinate training for internal and external customer.          Education      High School Diploma   :     1996    Denver High School   -   City  ,   State                General Studies      Front Range Community College   -   City  ,   State       General Studies         Skills     Active Learning, Client Relations, Computer Proficiency, Creative Problem Solving, Critical Thinking, Data Collection, Data Entry, Documentation, Email, Executive Management Support, Filing, Internet Research, Letters and Memos, Minute Taking, Multi-Task Management, Organizational Skills,   Research, Scheduling, Service Orientation, Speaking, Spreadsheets, Travel Arrangements,     "," invoice and verify accounts accurately and in a timely manner
 verify inbound receipts for accuracy
 develop and maintain customer relationships in a professional manner
 generate customer reports per customer request ie weekly monthly latebill reports
 serve as first point of contact to resolve vendor issues
 maintain and file documentation in organized and comprehensive way
 answering the phone at a reception desk or in a specific department and transferring calls as needed
 sorting and delivering incoming mail and collecting and sending outgoing mail
 create documents maintaining databases and sending memos and emails
 making logistical arrangements for meetings or conferences including booking travel making reservations or organizing rentals
 running errands and making deliveries around the office or to external parties
 collecting filing and organizing office documents such as reports and confidential records
 managing digital document filing including encrypted documents and email correspondence
 monitoring office inventory and ordering supplies
 transcribing or taking notes during meetings and writing minutes memos andor agendas
 preparing or processing invoices or estimates
 assisting with accounts payable and accounts receivable including simple bookkeeping and banking tasks
 multitasking is a must
 maintaining client relations
 self motivated
 available to work
 must have transportation

job type fulltime

schedule
  hour shift
 monday to friday

experience
 customer service  year preferred

work location one location",0
"           PUBLIC RELATIONS SPECIALIST         Professional Summary     Public relations and communications specialist adept at media relations, special events coordination, issues management and community relations.       Skills          Deadline-oriented  Strong creative vision  Event planning  Strong communication skills  Media relations  Communications management      Natural leader  Creative writing  Diversity trainer  Strategy development  Public Relations  Information gathering            Work History      Public Relations Specialist  ,     09/2019   to   Current     Company Name   –   City  ,   State      Generated and implemented media pitches for clients in Entertainment, Medical, Fitness, and Tech Industry  Communicated with media weekly to build relationships and optimize press coverage  Developed campaigns to increase public awareness of company and engage customers  Coordinated press releases and handled press inquiries for the company  Forged strong media relationships to further public relations goals  Wrote press releases for routine use and crisis management         Contributing Writer and On Camera Host  ,     08/2011   to   Current     Company Name   –   City  ,   State      Conducted extensive research on Entertainment and wrote several long-form pieces  Networked with various industry leaders and experts to gather multiple perspectives on issues  Wrote and produced compelling investigative and human interest stories about celebrities and iconic news subjects  Captured and reported post-show recaps, highlighting successes and opportunities for improvement  Traveled to location to write and report firsthand experience  Introduced fresh and new angles on previously-reported material to update and inform readers  Lead camera host for www.presspassla.com  Excelled within on-call journalism positions, blending experience and passion to ensure timely and comprehensive reporting  Interviewed high profile guests in the entertainment and sports industry  Wrote factually correct, concise and engaging news stories within tight deadlines  Researched potential news or feature stories for timely and quality distribution to public  Managed competing deadlines with efficiency  Completed thorough research into assigned topics  Utilized exceptional writing, editing and proofreading skills to produce engaging and error-free content  Followed through on beat sources, contacts and leads to gather information for stories  Applied understanding of public opinion, social media and traditional media use to create engaging and attention-grabbing stories         Director of Operations  ,     08/2003   to   08/2018     Company Name   –   City  ,   State      Supervised over 200 stamping and assembly employees to maximum productivity, at multiple locations  Reduced project downtime and oversaw safety and various certification processes  Developed and deepened relationships to form lasting and loyal partnerships  Hired, coached and trained staff and monitored performance and offered mentoring to junior team members  Limited financial discrepancies, reviewing and approving billing invoices and expense reports  Assisted with executive decision-making and strategy planning, initiating productive relationships with management teams and serving as the key contact for various personnel issues  Directed safety operations and maintained clean work environment in adherence to FDA and OSHA requirements  Grew the business by creatively driving sales and maintaining cost controls  Drove sales by effectively managing several multi-units within the facility  Built customer and employee loyalty and effectively implemented operational strategies  Delegated assignments based on site plans, project needs and knowledge of individual team members  Collaborated with management, technical crew members and fellow supervisors to organize efficient site operations and achieve demanding schedule targets  Boosted team productivity through contests and incentives for staff         Education      Bachelor of Arts  :   Communications      Fayetteville State University   -   City  ,   State      Graduated with a 3.8 GPA  Member of Alpha Kappa Alpha Sorority  Graduated summa cum laude  Member of Alpha Psi Omega Honor Fraternity  Majored in Speech/Communications And Theater  Minored in Biology         Skills      Deadline-oriented  Strong creative vision  Event planning  Strong communication skills  Media relations  Communications management    Natural leader  Creative writing  Diversity trainer  Strategy development  Public Relations  Information gathering        Work History      Public Relations Specialist  ,   09/2019   to   Current     Company Name   –   City  ,   State      Generated and implemented media pitches for clients in Entertainment, Medical, Fitness, and Tech Industry  Communicated with media weekly to build relationships and optimize press coverage  Developed campaigns to increase public awareness of company and engage customers  Coordinated press releases and handled press inquiries for the company  Forged strong media relationships to further public relations goals  Wrote press releases for routine use and crisis management         Contributing Writer and On Camera Host  ,   08/2011   to   Current     Company Name   –   City  ,   State      Conducted extensive research on Entertainment and wrote several long-form pieces  Networked with various industry leaders and experts to gather multiple perspectives on issues  Wrote and produced compelling investigative and human interest stories about celebrities and iconic news subjects  Captured and reported post-show recaps, highlighting successes and opportunities for improvement  Traveled to location to write and report firsthand experience  Introduced fresh and new angles on previously-reported material to update and inform readers  Lead camera host for www.presspassla.com  Excelled within on-call journalism positions, blending experience and passion to ensure timely and comprehensive reporting  Interviewed high profile guests in the entertainment and sports industry  Wrote factually correct, concise and engaging news stories within tight deadlines  Researched potential news or feature stories for timely and quality distribution to public  Managed competing deadlines with efficiency  Completed thorough research into assigned topics  Utilized exceptional writing, editing and proofreading skills to produce engaging and error-free content  Followed through on beat sources, contacts and leads to gather information for stories  Applied understanding of public opinion, social media and traditional media use to create engaging and attention-grabbing stories         Director of Operations  ,   08/2003   to   08/2018     Company Name   –   City  ,   State      Supervised over 200 stamping and assembly employees to maximum productivity, at multiple locations  Reduced project downtime and oversaw safety and various certification processes  Developed and deepened relationships to form lasting and loyal partnerships  Hired, coached and trained staff and monitored performance and offered mentoring to junior team members  Limited financial discrepancies, reviewing and approving billing invoices and expense reports  Assisted with executive decision-making and strategy planning, initiating productive relationships with management teams and serving as the key contact for various personnel issues  Directed safety operations and maintained clean work environment in adherence to FDA and OSHA requirements  Grew the business by creatively driving sales and maintaining cost controls  Drove sales by effectively managing several multi-units within the facility  Built customer and employee loyalty and effectively implemented operational strategies  Delegated assignments based on site plans, project needs and knowledge of individual team members  Collaborated with management, technical crew members and fellow supervisors to organize efficient site operations and achieve demanding schedule targets  Boosted team productivity through contests and incentives for staff      ","marketing content specialist remote

fulltime monday  friday

experience level juniorlevel

location this is a remote position that is based in the united states only current us residents are considered for this role

overview

is a domain name registrar based out of portland oregon offering great prices simple user interface and bestinindustry customer support were looking for a junior marketer to write and create newsletters ad copy blog posts social media posts etc for our fun innovative brand were a small team but were making a big splash in a multibilliondollar industry this means a single motivated individual can make a huge impact

what youd get to do
 write much of the copy for the brand this includes website updates landing pages newsletters email campaigns digital paid media campaigns blog posts social media posts video scripts and partner content
 optimize drip email marketing campaigns landing pages and the website as a whole
 own and develop the unique porkbun voice across all marketing channels
 creative and strategic collaboration with the marketing business and support teams
 coordinate with the digital marketing manager to help enhance and optimize ad buy campaigns
 implement an editorial calendar to plan specific timely content
 create and post engaging social media content in collaboration with the marketing and product teams

your experience should include
 a demonstrated history of creating amazing ad copy
 email andor blog marketing via mailchimp wordpress etc or similar
 writing both long and short form content
 demonstrated ability to manage multiple projects simultaneously
 an analytical mindset

bonus points for
 experience writing scripts for video or audio production
 video or audio editing experience
 expertise optimizing emails and webpages to increase conversion rate
 an understanding of marketing psychology for instance crafting language that uses urgency to drive sales

benefits
 healthdentalvision insurance after  months
 simple ira match of  available after  year employment
 paid federal holidays plus an extra day at both thanksgiving and christmas
 decent pto policy  weeks paid to start additional earned
 paid parental leave

salary

salary starts at  salary negotiable for candidates with an abundance of experience aligning with these requirements

next steps

if youve read this far we would like to hear from you if you meet our requirements or you can make a strong case for why we should hire you anyway please apply to apply please send us an email at careers with the subject line marketing content specialist and include a resume and cover letter

why work for porkbun

porkbun is committed to a policy of nondiscrimination in employment on any basis women and underrepresented folks are strongly encouraged to apply this is a fun place to work but were not blind optimists instead our culture thrives on cleareyed assessments to recognize and solve problems also everyone who works here is genuinely nice if this sounds like heaven to you please apply",1
"         STAFF ASSISTANT       Professional Summary    Highly organized and detail-oriented Staff Assistant with  more than  14  years experience supplying thorough, organized administrative support to10+ senior executives.      Skills           75  WPM typing speed  Excellent communication skills  Articulate and well-spoken  Accurate and detailed    Advanced clerical knowledge HIPAA compliance Advanced clerical knowledge Works well under pressure          Work History      STAFF ASSISTANT     08/2007  
                                to   Current      Company Name   –   City  ,
                              State      Currently working at the Office of Information Technology.  Responsible for providing support to Richard Biever, CISO and his staff.  Primary duties include: calendaring and scheduling responsibilities using dCal, Lotus Notes or shared calendaring systems, including scheduling multiple complex meetings in separate calendaring products for various staff members concurrently; telephone screening/triage which involves interviewing callers, answering questions concerning departmental or divisional activities, transmitting instructions and/or information to and from staff members, making proper referrals as necessary; preparing materials and making arrangements for conferences and travel, including preparing travel expense summaries and reconciliations; preparing necessary documents for supervisor's use in meetings; attending meetings to take minutes; coordinating monthly staff leave reports; clearing procurement cards receipts in PARIS; serving as liaison with external vendors and OIT constituents; support audio/visual capable conferences and meetings by training users and providing assistance with A/V electronics operation.  Backup duties include: ordering and managing inventory of office, conference room and break room supplies as needed; distributing departmental mail; providing coverage for the ATC reception desk, including lunches, breaks and scheduled and unscheduled absences of the OIT receptionist; Secondary duties include: screening AVP's, Directors' and/or Managers' mail and documents as requested, determining relevance, prioritization, etc., based on content of communication and knowledge of departmental programs and activities; and organizing and maintaining divisional or departmental files.  Use of computer, copier, fax and multi-line telephone.  Planned and coordinated logistics and materials for board meetings, committee meetings and staff events.  Created detailed expense reports and requests for capital expenditures.  Ordered and distributed office supplies while adhering to a fixed office budget.  Coordinated domestic and international travel arrangements, including booking airfare, hotel and transportation.  Managed office supplies, vendors, organization and upkeep.  Directed guests and routed deliveries and courier services.  Answered and managed incoming and outgoing calls while recording accurate messages.  Opened and properly distributed incoming mail.  Greeted numerous visitors, including VIPs, vendors and interview candidates.  Helped distribute employee notices and mail around the office.  Assisted with event planning, including associated travel and logistical arrangements.  Assessed urgency and priorities before accepting or declining appointments and meetings with the CEO.  Screened all visitors and directed them to the correct employee or office.  Obtained signatures for financial documents and internal and external invoices.  Coordinated, scheduled and arranged meeting and travel calendars, including business and social events.  Coordinated board and committee meetings, including schedules and information preparation and distribution.         RECEPTIONIST     09/2006  
                                to   08/2007      Company Name          Responsible for answering and directing incoming calls, disbursing parking passes and visitor's badges, greeting visitors, accepting and disbursing incoming packages, leave tracking, maintaining telephone directory, and providing support to Staff Assistants.  Use of computer, copier, fax and multi-line telephone.  DEPUTY CLERK Employed  Ordered and distributed office supplies while adhering to a fixed office budget.  Managed office supplies, vendors, organization and upkeep.  Directed guests and routed deliveries and courier services.  Answered and managed incoming and outgoing calls while recording accurate messages.  Opened and properly distributed incoming mail.  Greeted numerous visitors, including VIPs, vendors and interview candidates.  Maintained a clean reception area, including lounge and associated areas.         Legal Secretary      01/2000  
                                to   01/2003      Company Name   –   City  ,
                              State      Responsible for preparation of court motions and orders, customer service,.  billing /accounting and extensive communications with the courts and other law offices.  Answered and managed incoming and outgoing calls while recording accurate messages.  Greeted numerous visitors, including VIPs, vendors and interview candidates.  Screened all visitors and directed them to the correct employee or office.  Obtained signatures for financial documents and internal and external invoices.         Deputy Clerk     2003  
                                to   2006      Company Name   –   City  ,
                              State      Responsible for the filing, preparation and maintenance of court files.  Completing and filing Warrant in Debts (300+ per month), completing and filing Garnishments (150+ per month), collecting court fines and costs, data Entry (70+ wpm) and court room support to the Judge.  Use of multi-line telephone, fax, copier and computer court system.  LEGAL SECRETARY.  Obtained signatures for financial documents and internal and external invoices.  Coordinated board and committee meetings, including schedules and information preparation and distribution.  Planned and coordinated logistics and materials for board meetings, committee meetings and staff events.         Education      Associate of Arts  :   General Studies     1 2000     Southwest Virginia Community College    -
                          City  ,
                          State       General Studies Course work in Finance  Course work in Administration       Skills    accounting, audio, Backup, billing, conferences, content, customer service experience, customer service, data
Entry, Data Entry, directing, electronics, fax, filing, Information Technology, inventory, law, LEGAL, Lotus Notes, managing, materials, meetings, Excel, Exchange, mail, Office, Microsoft Word, multi-line telephone, multi-tasking, organizing, copier, procurement, receptionist, reception, scheduling, supervisor, telephone, 70 wpm      Additional Information      Letter of recommendation available upon request.     "," invoice and verify accounts accurately and in a timely manner
 verify inbound receipts for accuracy
 develop and maintain customer relationships in a professional manner
 generate customer reports per customer request ie weekly monthly latebill reports
 serve as first point of contact to resolve vendor issues
 maintain and file documentation in organized and comprehensive way
 answering the phone at a reception desk or in a specific department and transferring calls as needed
 sorting and delivering incoming mail and collecting and sending outgoing mail
 create documents maintaining databases and sending memos and emails
 making logistical arrangements for meetings or conferences including booking travel making reservations or organizing rentals
 running errands and making deliveries around the office or to external parties
 collecting filing and organizing office documents such as reports and confidential records
 managing digital document filing including encrypted documents and email correspondence
 monitoring office inventory and ordering supplies
 transcribing or taking notes during meetings and writing minutes memos andor agendas
 preparing or processing invoices or estimates
 assisting with accounts payable and accounts receivable including simple bookkeeping and banking tasks
 multitasking is a must
 maintaining client relations
 self motivated
 available to work
 must have transportation

job type fulltime

schedule
  hour shift
 monday to friday

experience
 customer service  year preferred

work location one location",0
"         PMC/PSM/ SALES MANAGER/ SALES ASSOCIATE         Career Focus       Performance Management Consultant  with more than10 years of experience planning, developing and implementing  behavioral and operationally focused procedures to enable sales and productivity . Currently r esponsible for maximizing performance across
the Corporate-Owned Retail team in the Southwest Territory by working collaboratively with Director of Sales and Area Managers in addressing key issues sales
skills, leadership development, performance improvement, retail operations and
customer engagement for the territory.
I play a critical role in creating an infrastructure that enables sustainable,
measurable improvement in an evolving environment and am constantly working to improve internal
processes and efficiencies within technical systems and behavioral
procedures of our associates.
       Summary of Skills          Ability to clarify the nature of a problem, evaluate alternatives, propose viable solutions and determine the outcome of the various options  Detail oriented and able to present information and ideas clearly and concisely  Able to review different points of view or ideas and make objective judgments; investigates all possible solutions to the problem  Able to draw specific conclusions from a set of general observations or a set of specific facts, able to synthesize ideas and information  Maximized efficiency and team productivity through the development of collaborative quality initiatives    Continually evaluated the organizations' skills and work performance to identify and implement improvements    Results oriented, customer-focused, respected team builder who drives quality and productivity initiatives, and leads teams in business growth through operational excellence.         Ability to translate the company strategy into
specific goals to ensure a focus on delivering results  Strong
ability to quickly understand complex issues and identify priorities  Focus
on key points that can be clearly communicated to all levels of leadership  Maintain
effective cross functional relationship to drive program consistency across
retail, agent, and business channels  
  







Analyze business and system requirements, mange
development of specifications to create and execute detailed test plans, and
verify bug fixes  Analyzed application, system, and security
errors. Escalated issues to developers and verified fixes
  


Strong
analytical, time management and problem-solving skills            Professional Experience      Company Name    City  ,   State    PMC/PSM/ Sales Manager/ Sales Associate   05/2010        Responsible for maximizing performance across Corporate-Owned Retail team in the Southwest Territory. Work collaboratively 1:1 with Director of Sales and Area Managers in addressing key issues in operations, key performance indicators, execution of customer engagement, as well as processes and behaviors necessary to achieve expected business results. Play a critical role in creating an infrastructure that enables sustainable, measurable improvement in an evolving environment.  Constantly working to improve internal processes and efficiencies within the technical systems and behavioral procedures.  Assessed skill levels of associates in Retail environments and provided feedback to leaders on the effectiveness of ongoing training programs. Suggested program improvements to increase skill levels.  Worked with Leaders to develop action plans to address gaps in performance.  Facilitated training sessions to refresh knowledge of associates as needed in order to achieve and maintain desired sales goals.  Developed reporting metrics and deliver to management as requested.  Assisted in establishing standards for performance and monitor against standards, implementing changes when necessary.  Developed knowledge of leading edge learning methods, external best practices, applications and tools.  Provide leadership and coaching to retail sales staff on selling skills, company policies and practices, performance management and career development.  Drive the achievement of store sales targets which include new customer acquisitions, sale of essentials, and sale of vertical features in a weekly/monthly basis while achieving the highest level of customer satisfaction.  Responsible for retail sales scheduling, forecasting and reporting; including but not limited to time reporting, vacation/time off tracking, expense reporting and approvals, schedule development, overtime management, variance reporting and explanations, cash over/short explanations, tracking report, competitive report, etc.         Company Name    City  ,   State    Customer Service Lead   04/2009   to   01/2011      Management position responsible for all aspects of managing a single retail store. Has complete operation liability to achieve sales, service, organization, customer satisfaction and profitability goals for the store in compliance with company procedures. Develops and executes short and long-term plans to achieve goals in support of district/region strategy. Ensures the maintenance of expected operational and merchandising standards. Ensures staff maintains store presentation and supports brand consistency. Provides effective training to staff in the areas of customer service, product knowledge, inventory control and merchandising while offering developmental opportunities. Handles store level loss prevention issues.         Company Name    City  ,   State    Owner   10/2008   to   10/2010      Analyzed business performance against budget and goals  Developed and implemented successful business plans and strategies  Identified market opportunities and plans for effective implementation  Directed sales coverage  Completed monthly, quarterly and annual business reports and financial information  Created comprehensive training programs for all personnel  Oversees sales, inventory, shipping, human resources and other departments of the business         Company Name    City  ,   State    Dispatcher   10/2005   to   10/2008     Provided support to the sales and service teams ensuring all objectives were met. Prepared weekly sales reports for management.Responsible for customer service, including answering customer queries, problem solving and providing information on new products. Tracked inventory and shipping/receiving of product. Received incoming service calls and scheduled and dispatched technicians as needed. Assisted with invoicing customers.Handled customer complaints.        Company Name    City  ,   State    Quality Analyst/Special Projects/Repair Representative   06/2001   to   10/2005      06/2003-10/2005 - Quality Analyst  Audited all orders coming from inside and outside sales offices to ensure customer satisfaction.  Exceeded set quota for weekly audits by 200%.  Helped create and maintain reporting guidelines for all implemented audits.  Revised and formatted definitions to better enable us to accurately audit reps.  Able to audit and/or provision on all platforms utilized by Birch Telecom.  Created documentation for new processes to distribute throughout the company  09/2002-06/2003 - Install/Special Projects Specialist  Created local service requests to install new Pots lines for existing Birch customers.  Statused customers on the progress of their order.  Successfully cleared out my queue to prevent the ETTR from running out on install orders by providing good customer service.  Exceeded daily quota 90% of days worked.  Received 100% on quality audits on 99% of orders graded.  Worked all Complex MAC manual orders, ex. Loop to ground, Trunk to Pots.  Researched and corrected all service address inconsistencies regarding to new install orders by issuing manual records updates  06/2001-09/2002 - Repair Operations Representative  Received inbound customer repair issues.  Used troubleshooting skills and testing system to determine correct fix agents.  Worked back office tickets by statusing end users, clearing and closing tickets, and further troubleshooting if necessary.  Relayed information to the ILECs pertaining to trouble reports.  Took call takeovers in the evenings for irate customers         Skills    Coaching, Consultation, Customer Service, Data Analysis, Leadership, Leadership Development, Mentoring, Enterprise, Performance Management, Process Improvement, Project Management, Sales, Sales Development, Telecommunication, Mircosoft Office including Visio   ","key responsibilities 
build relationship with customers and serve as their primary point of contact once they place an order through installation training and voice of customer feedback when neededprioritize customer requirements and exceed their expectationsbuild relationships with internal colleagues to partner on processdrive collaboration and accountability with internal crossfunctional teams to ensure customer successunderstand customer expectations  needs to help deliver an exceptional customer experienceassist customers with their lab preparation and training needsengage with team shared inbox and respond to customer inquiries serving as a liaison and partner to other business channelsuse project management tool to own track and drive internal team processes and milestonescollaborate with operations sales service logistics distribution and customer service to ensure smooth installations and trainingsproactively identify and resolve bottlenecks in processes impacting customer experience  efficiencyuse problem solving  organizational skills to resolve escalated issues via a methodical approach  determining root cause etcsummarize and report out about concierge activities projects  customer feedback  voice of customer etc to the rest of the organizationwork collaboratively with the global customer concierge team by transferring knowledge and experiences so we have a greater team strength and competitive advantageanalyze various data sets including cas to identify  drive areas of improvementcoordinate new product launch and stock prioritization where required for early customer site readinessmay be required to perform other related duties as required andor assigned
minimum qualifications
high school diploma or equivalent  years of experience in customer service technical support or related fieldsolid understanding of and passion for customer experience direct customerfacing or commercial experience a pluspassionate about improving the customer experience never being satisfied with the status quoability to build and develop relationships across the organization and with customerseffective project management skillsstrong listening skills always keeping the customer in mindexcellent oral and written communication skillsexperience with powerbi a plusadditional knowledgeskills
experience handling the complexities of a shared microsoft outlook mailboxmust demonstrate judgment tact and diplomacy in dealing with internal and external customers as well the ability to handle confidential andor proprietary informationinitiative and organization skills are extremely valuable to ensure exceptional customer supportexhibits a high degree of selfawareness empathy listening active curiosity awareness of different norms and expectationsgood problemsolving skills ability to seek out information and take ownership of an issueability to work with many different types of personalitiesexcellent verbal written and interpersonal skills and strong teamwork work ethic and organizational skillsselfmotivated flexible and can work easily under pressure to meet deadlinesthis position requires repetitive typing considerable interaction in a team mailbox customer interactions on the telephoneemail and regular viewing of a computer monitorability to manage multiple priorities proven ability to work independently and in a team excellent communication skills in english additional languages would be an advantagelocation
remote  north america

",1
"         REGISTERED NURSE       Professional Summary    To provide safe, efficient, and quality care to patients and their families while adhering to policies and procedures.      Licenses    Completed coursework in Anatomy and Physiology, Anatomy Lab, English Composition, Cardiopulmonary Resuscitation, Microbiology and Microbiology Lab, and Medical Terminology      Skill Highlights        Microsoft Office, Word, Excel, PowerPoint, and Outlook            Professional Experience     06/2016       Registered Nurse    Company Name   －   City  ,   State      Self-motivated leader with over 8 years of experience in emergency medicine and health care.  Self-starter who is able to maneuver through tasks and make sure the job is done in a timely and proficient manner.  Trainer and teacher who can effectively break down tasks so they can be understood and executed without flaws.  Facilitator of group projects to help others understand the objective and how to produce an effective outcome of the job being presented.  Creative mindset that can present an outcome in more than one way with many options being available.  Able to communicate with other team members from diverse backgrounds and incorporate the needs of every individual to create a positive atmosphere.  Able to recognize abnormalities and report them in a timely and efficient manner.  Flexible by being able to quickly adapt to change at the last minute and complete the project without delays.  Mentored those in the health care field to understand the emergency medical system and reporting standards, while having the knowledge to formulate and present reports to the next echelon of care.  Knowledgeable of regulatory requirements in order to adhere to healthcare standards and protocols.  Completion of over 120 clinical hours of Medical Surgical, Pediatric, and Psychiatric health services.         11/2010   to   05/2013     Medical Technician/ Healthcare Specialist    Company Name   －   City  ,   State      Supervisor: SSG Stover, Kenneth, Weekly Hrs.  Worked: 60.  HEALTH CARE STATISTICS / REPORTING:  Extracted medical statistical reports from Composite Health Care System (CHCS) and Armed Forces health Longitudinal Technology Application (ALTHA) a Department of Defense (DOD) health information system.  Tracked acute, routine, and wellness appointments to include, but not limited orthopedic injuries, colds, immunizations and physical exams, medical leave of absences and hospitalizations, on a weekly basis.  Created visual aids such as charts and graphs using Microsoft PowerPoint for meeting presentations.  Presented statistical information regarding to medical appointments, illnesses and injuries in weekly medical staff meetings to the hospital Medical Surgeon.  Communicated with the clinical staff and the Medical Officer in charge to address any reporting discrepancies.  TRAINING: Trained 2 Medical Technicians in medical administration and health care statistical reporting.  Conducted hands-on training, demonstrated the functionality of DOD health information systems.  Monitored the work performance of the Medical Technicians.  Provided both verbal and written feedback, provided training resources for performance and professional development, on a quarterly basis.  COLLABORATION: Attended weekly medical in-service training to discuss various health topics.  Presented information monthly in weekly in-service to discuss medical and public health related trends and issues.  Mentored other Medics in medical training exercises on a monthly basis.  Provided guidance to Medical Technicians while performing medical continuous education units (CEU)s or patient care refresher training such as first responder protocol, triage care and other levels of medical care.         08/2008   to   11/2010     Medical Technician    Company Name          City, State, Supervisor: SSG Ellis, Courtney, Weekly Hrs.  Worked: 60 Extracted physician orders from a hospital database such as the Composite Health Care System (CHCS).  Confirmed physician orders before administering immunizations.  Identified patients by utilizing proper identification cards, verified patient demographics prior to performing ordered test.  Obtained procedural consent forms.  Maintained and secured patient information in accordance to Privacy Act of 1974 and Health Insurance Portability and Accountability Act (HIPAA) practices.  IMMUNIZATIONS: Provided a safe and comfortable experience for patients.  Prepared patients for the administration of immunizations through subcutaneous and intramuscular routes.  Administered immunizations and updated the records of immunizations within health information systems.  Adhered to and practiced Occupational Safety and Health Administration (OSHA) guidelines; wore personal protective equipment (PPE), no recapping of needles, disposed of syringes in designated sharp containers.         01/2006   to   08/2008     Medical Technician    Company Name          City, State, Supervisor: SFC Goines., Weekly Hrs.  Worked: 60.  08/2013-12/2015 , Student, ASN, Nursing, Columbus Technical College, Columbus, GA, GPA: 3.20.  Studied the theoretical and practical aspects of coordinating patient care, educating patients and the public about various health conditions, and providing advice and emotional support to patients and their family members.  Obtained the knowledge of medical terminology to better understand the proper terms in reference to human anatomy and basic patient care skills including communication, patient safety and medical asepsis and abilities to provide proper resuscitation skills to infants and adults.  Delivered presentations utilizing Microsoft Word, Power Point and Excel.  Conducted research utilizing EBSCO Host, LexisNexis, ERIC and other academic research databases.  Reviewed descriptive and statistical reports and documents.  Interpreted data and ensured that the data utilized to compile academic reports were authentic, correct and consistent.  Wrote annotated bibliographies, abstracts, literature reviews and argumentative papers required per the professor's syllabi.  Mentored fellow classmates regarding academic coursework.  Collaborated and communicated with students on projects, study groups and academic research.          Education and Training          Diploma             May 2004     HS  :   General Studies    Bainbridge High School   －   City  ,   State      General Studies       December2015     A.S  :   Nursing    Columbus Technical College BSN. South University   －   City  ,   State      Nursing        Skills    academic, acute care, Anatomy, Armed Forces, basic, charts, oral, databases, database, emergency medicine, emotional support, English, forms, graphs, IMMUNIZATIONS, information systems, Insurance, Medical Terminology, meetings, Excel, Microsoft Office, Outlook, Microsoft PowerPoint, PowerPoint, Power Point, Word, Microsoft Word, next, Nursing, Occupational Safety, patient care, coordinating patient care, patient safety, Physiology, policies, presentations, protocols, public health, reporting, research, Resuscitation, safety, Self-motivated, Self-starter, STATISTICS, Supervisor, Surgeon, teacher, Trainer, triage, written, Composition      Additional Information      AWARDS
ARMY COMMENDATION MEDAL WITH VALOR, ARMY COMMENDATION MEDAL (4TH AWARD), ARMY ACHIEVEMENT MEDAL, ARMY GOOD CONDUCT MEDAL (2ND AWARD), NATIONAL DEFENSE SERVICE MEDAL, GLOBAL WAR ON TERRORISM SERVICE MEDAL, IRAQI CAMPAIGN MEDAL WITH CAMPAIGN STAR, NONCOMMISSIONED OFFICER PROFESSIONAL DEVELOPMENT RIBBON, ARMY SERVICE RIBBON, OVERSEAS SERVICE RIBBON, COMBAT MEDICAL BADGE     ","about our team

we employ a fieldbased homebased care model and are committed to meeting members where they arein their homes in their community and in our hubs you will go above and beyond to connect with members in a nonjudgmental respectful and empathic manner to meet their needs and to provide feedback to the system as a whole as we strive to do better every day

the rn case manager will be responsible for the care management program delivery including

responsibilities
 identify priorities and necessary processes to triage and deliver work
 empower members to manage and improve their health wellness safety adaptation and selfcare
 assess and interpret member needs and identify appropriate costeffective solutions
 identify and remediate gaps or delays in care services
 advocate for treatment plans that are appropriate and costeffective
 work with lowincome vulnerable populations to ensure access to care and address unmet needs
 gather and evaluate clinical information to assess and expedite referrals within the healthcare system including consideration of alternate levels of care and services
 facilitate timely and appropriate care and effective discharge planning
 work collaboratively across the healthcare spectrum to improve quality of care
 leverage experience expertise to observe performance and suggest improvement initiatives
 ensure understanding of industry standard competencies and performance metrics to optimize decisions and clinical outcomes
 ensure individual and team performance meets or exceeds the performance competencies and metrics
 collect stage and analyze data to identify gaps and prioritize interventions
 contribute actively and effectively to team discussions
 share knowledge and expertise willingly and collaboratively
 provide outstanding customer service internally and externally
 follow and maintain compliance with regulatory agency requirements
 perform daily work with a focus on the core principles of managed care patient education wellness and prevention programs early screening and intervention and continuity of care
 work proactively to expedite the care process

requirements for the role
 current unencumbered rn license with a minimum of  years of acute clinical experience
 certified case manager ccm preferred
 minimum  years experience in a managed care environment across multiple lines of business medicare advantage managed medicaid dual snp commercial etc with at least  year of dual special need plan experience
 hmo and risk contracting experience preferred
 indepth knowledge of current standard of medical practices and insurance benefit structures
 excellent oral and written interpersonalcommunication internalexternal customerservice organizational multitasking and teamwork skills
 ability to translate member needs and care gaps into a comprehensive member centered plan of care
 strong understanding of managed care environment with population management as a key strategy
 strong understanding of the community resource network for supporting atrisk member needs
 well organized with meticulous attention to detail
 excel in the care planning process including smart goals
 understands contractual and regulatory requirements
 the ability to effect change perform critical analyses promote positive outcomes and facilitate empowerment for membersfamilies
 excellent analyticalthinkingproblemsolving skills
 strong sense of urgency with the ability to work effectively in a fastpaced environment with frequently changing priorities deadlines and workloads

job type fulltime

pay from  per year

benefits
 k
 continuing education credits
 dental insurance
 disability insurance
 health insurance
 health savings account
 life insurance
 paid time off
 referral program
 vision insurance

medical specialty
 addiction medicine
 geriatrics
 home health
 hospice  palliative medicine
 primary care
 wound care

physical setting
 acute care
 clinic
 hospital
 long term care
 office
 outpatient

schedule
  hour shift
 monday to friday
 on call

supplemental pay
 signing bonus

experience
 nursing  years preferred
 case management  years preferred

licensecertification
 new york rn license required

work location multiple locations",1
"         PATIENT ADVOCATE         Career Overview    Skilled medical assistant with the sound knowledge of technical support, medical duties and clerical skills. Excellent communication skills along with very solid customer service knowledge.      Core Strengths          Active listening skills  Energetic work attitude  Strong organizational skills  Healthcare billing proficiency  Clinical training  Medical Assisting specialist  Computerized charting specialist  CPR/BLS certified  Medical coding capability  Talent in obtaining/charting vital signs  Patient positioning understanding  Qualified in specimen collection/processing  Microsoft Office  Spreadsheet development  Insurance processing       Patient charting  Health insurance processing  Insurance eligibility verification  Medical billing  High customer service standards  Conflict resolution proficiency  Proficient with Microsoft Office Suite  Microsoft Word, Excel, PowerPoint  Detail oriented  Planning/coordinating  Excellent quantitative skills            Accomplishments     Honor Roll recipient    OSHA Compliance      Properly disposed of daily biohazard waste in compliance with federal and local regulations.     Customer Interface      Greeted customers upon entrance and handled all cash and credit transactions.    Assisted customers over the phone regarding store operations, product, promotions and orders.      Clinical Skills     Monitored patient's respiration activity, blood pressure and blood glucose levels in response to medical administration.         Work Experience      Patient Advocate  ,   09/2014      Company Name   －   City  ,   State     Screen patients to Determine Eligibility   Screen patients in Emergency room, throughout the hospital, and as walk-ins  Help patients apply for Medicaid Coverage  Send application and supported documents to Medicaid office  Follow up with patients and Medicaid office   Verify Insurance using Health XNet  Certify accounts in Medicaid portal so client could bill Insurance  Code account accurately to continue following up         Tech  ,   05/2014   to   08/2014    Company Name   －   City  ,   State     Verified that information in the computer system was up-to-date and accurate.  Developed patient care plans, including assessments, evaluations, and nursing diagnoses.  Helped physicians examine and treat patients by assisting with instruments, injections and suture removal.  Ensured HIPAA compliance.  Maintained patient privacy and confidential patient information.  Tested patients' blood glucose levels.  Obtained vitals for a floor of 10 patients per shift.           Support Center Rep  ,   03/2012   to   12/2013    Company Name   －   City  ,   State      Responsible for Answering Phones  Scheduling Patients  Sending Tech Calls to Triage Nurse  Auditing Charts            Verified that information in the computer system was up-to-date and accurate.  Collected customer feedback and made process changes to exceed customer satisfaction goals.  Provided accurate and appropriate information in response to customer inquiries.  Addressed customer service inquiries in a timely and accurate fashion.          Externship Site  ,   02/2012   to   03/2012    Company Name   －   City  ,   State      PSR I  Responsible For Registering Patients  Answered phones, Scheduled appointments, greeted patients  Responsible for keeping care of the treatment rooms, records of the office and patients, instruments etc.  Responsible for the measuring patient vitals such as temperature, pulse rate, weight, height, blood pressure etc. and record their information in record.  Maintained the data of the patients and office on the computer and keep the records, billing, transactions, books, etc.  Responsible for the sterilizing and cleaning instruments and preparation of the treatment rooms for patients.  Answered phones, schedule appointments, greeted patients, sorted mail, and type the doctor's letters and memos when needed.          Credit Education Specialist/Customer Service Rep  ,   01/2009   to   01/2010    Company Name   －   City  ,   State      Responsible for customer service in the Credit Education division, duties included answering customer inquiries, problem solving and providing detailed information on consumer credit.  Informed incoming callers about services for consumer credit.  Established great communication skills with customers.          Cashier/Shift Manager  ,   01/2007   to   01/2009    Company Name   －   City  ,   State      Managed Cashiers to ensure order accuracy.  Took customer's orders correctly and made sure they received their orders promptly.  Managed team to ensure orders were made correctly and in a timely fashion.  Responsible for cash drawer balance at the end of each cashiers shift.          Educational Background      Certificate  :  Medical Assistant  ,  2011    PIMA Medical Institute   －   City  ,   State  ,   US     PIMA Medical Institute Medical Assistant Certificate Albuquerque, NM 2010-2011 GPA 3.8 Honor Roll recipient.          G.E.D  :    2008    Central New Mexico Community College   －   City  ,   State  ,   US    Central New Mexico Community College	G.E.D Albuquerque, NM 2008        Certifications    EKG CPR Certified CPR Medical Assistant Certificate Medical Assistant      Skills    Answering, Credit, Customer Inquiries, Customer Service, Problem Solving, Receptionist, Retail Sales, Cash, Cashier, Answering Phones, Auditing, Scheduling, Medical Assistant, Medical Assistant Certificate, Access, Clerical, Coding, Cpr, Cpr Certified, Cpt, Data Entry, Ekg, Excel, Filing, Icd, Icd-9, Medical Coding, Outlook, Phlebotomist, Phlebotomy, Sterile, Sterilization, Word, Billing, Schedule Appointments   ","job description

the patient advocate will provide exceptional customer service to clients seeking affordable options for obtaining their prescription medications

working as the liaison between our clients their healthcare providers and prescription drug assistance programs the patient advocate will answer incoming calls and make outgoing calls to connect clients to prescription drug assistance programs and other options to reduce their prescription drug costs

as part time advocates associates will assist with the day to day updates information requests documentation updates and contact with clients and their health care providers

advocates are responsible for following established processes documenting each interaction and updating our clients as interactions occur in addition to setting up and communicating follow up interactions",1
"         FINANCE MANAGER         Summary     Flexible Financial Manager with the ability to multi-task, meet deadlines, communicate effectively, develop and motivate staff, general accounting and  financial reporting for private and public companies.         Highlights          Excellent analytical, communication and organizational skills.  Demonstrate initiative, responsibility and follow through for ""owned work""  Strong attention to detail with the ability to multi-task.  Self-directed critical thinker.  Experience in SOX compliance and controls.      Knowledge of business insurance.  Experience  in Sales and Use taxes, Payroll taxes and 1099 reporting.  Knowledge of GAAP, STAT, GASB, FAS60, FAS97, and FAS133 reporting.  Protects organization's value by keeping information confidential.             Experience      Company Name     December 2007   to   Current     Finance Manager   City  ,   State     •Prepare monthly and quarterly analytics for income statement, balance sheet, budget to actual variances, and earnings by source.  •Review and sign off on GAAP and Statutory journal entries into PeopleSoft general ledger.  •Prepare GAAP to Statutory reconciliation by product and write commentary for variances.  •Prepare quarterly and annual Statutory reporting package by entity financial information, for senior management.  •Prepare quarterly financial analysis and Ad-hoc reports for BOLI & COLI products (Bank Owned and Company Owned Life Insurance)  •Draft commentary for MD&A (Management Discussion & Analysis) for controller's business segment and provide supporting work papers for certain disclosures.  •Act as a liaison and assist internal and external auditors in the planning and execution of quarterly and annual audits, including the resolution of accounting and auditing issues.  •Assist in technical accounting research, including evaluating accounting and financial implications of complex transactions and writing white papers supporting conclusions.  •Ensure compliance with SOX regulations over internal controls.   •Liaison with other departments including CFO, Valuations and Product management to provide accurate and timely data analysis.  •Manage and support analysts, including the completion of performance reviews, adequate training and knowledge of accounting rules, company systems and the overall business performance.  •Implemented process improvements for EBS (Earnings by Source) and Statutory reporting reducing closing time by two days.  •Conducted detailed reconciliation on Policy loans for the State of Connecticut insurance audit.  •Reviewed, and streamline FAS 97 journal entry process, reducing closing time by a day.          Company Name     February 2002   to   December 2007     Accounting Manager   City  ,   State     •Led monthly and year end close process, account analysis and financial statement reconciliations.  •Assisted CFO in group consolidation, monthly variance analysis and operational reporting.  •Reconciled inter-company, bank and credit card accounts.  •Maintained fixed assets schedule and applied monthly depreciation expense.   •Prepared journal entries for monthly accruals and re-classes.  •Prepared annual schedules for external audits including the resolution of accounting and auditing issues.  •Responsible for cash management, including monitoring sweep account activity, direct deposits, lock- box and inter-company transactions.  •Negotiated annual merchant discount rates with credit card companies.   •Prepared commission reports; approved T&E and weekly A/P selection.   •Prepared and filed 1099s reports to Internal Revenue Service.  •Provided oversight and general direction to accounting staff (A/P, A/R, Billing, collections and payroll) including recruiting, training and staff performance.  •Served as liaison with bank and Insurance contacts, participated in FP&A meetings to help safeguard business objectives.  •Reviewed terms of building and automobile leases, and allocate expense to the appropriate entity.  •Identified and applied technology related improvements to streamline business processes.  •Participated in MAS90 financial software implementation, evaluation and conversion and signed-of on completion.  •Streamlined the banking process to increase cash flow for domestic and overseas business.          Company Name     April 1995   to   February 2002     Accounting Supervisor   City  ,   State     •Prepare weekly and bi-weekly in-house payroll for 300+ employees.  •Prepared and Reconciled benefits plan reports and registered company for multi-state tax.  • Prepared and filed weekly and bi-weekly federal and state payroll taxes.  • Supervised a staff of six (A/P, A/R, Billing, Payroll, Collections and Human Resources).  • Reconciled and analyzed income statement and balance sheet accounts.  • Reconciled bank and Inter-company accounts; and prepare and post journal entries.  • Prepared weekly cash forecast and wire vendor payments.  • Maintained fixed assets seclude and post expense.  • System administrator, for Mas90/200 including, monthly module closing.  • Coordinated quarterly audits with company's external auditors. Resolve and follow-up with accounting or auditing issues.           Education      Rutgers University     2013       Master of Science  :   Accounting    City  ,   State  ,   United States     Anticipated graduation date: May 2013         Kean University      Bachelor of Science  :   Accounting    City  ,   State  ,   United States            Computer Skills     ACCPAC Plus, ADP, Aggreso, Business Works,  Cognos Power Play, Fixed Assets Sage Best Software, Hyperion, Future Proof, Jantek, Lotus Notes, Oracle, Mas90/Mas200 Sage Software, Peachtree, PeopleSoft, Quick Books, Real World, and Microsoft office products.    ","job description

about the role

as part of the finance  accounting team you will perform andor oversee advanced accounting duties involving ar ap expense management fixed assets internal controls preparing and posting accruals assistance in sales  income tax monthly close and analytical reporting  you will also oversee a team of accounting associates you will need to drive collective team efforts while successfully executing your own responsibilities while this is a remote position preference will be given to candidates located in orlando

what youll do

expense  cash management
 record employee benefit and other recurring expenses into accounting system ensuring proper gl coding and timely payment
 process and analyze weekly check run identify ways in which to decrease the cash flow gap
 administer banking  cash functions schedule ach payments wires print checks process positive pay and stop payments post daily activity in gl

sales  use and property taxes
 accumulate sales tax data and ensure proper coding to taxing location prepare tax packet for periodic filing and payment of taxes
 maintain the schedule of estimated quarterly income tax payments and coordinate payments
 oversee setup of new sales  use tax registrations

reporting  analysis
 prepare account reconciliations post basic journal entries ensure proper account coding and research and correct account discrepancies
 prepare  distribute weekly sales reporting and support adhoc reporting needs
 assist with balance sheet pl fluctuation analysis preparation of the quarterly forecasts month end closing

you will also be working with manager to guide coach and mentor staff

you might be a good fit if you have
 a bachelors degree in accounting or finance from an accredited university
 a minimum of  years of general accounting experience
 a thorough understanding of accounting principles and also have strong emphasis on customer service
 strong analytical skills excellent written and verbal communication skills
 strong proficiency with ms word and excel and have the ability to scrutinize details

bonus if you have
 public accounting experience
 experience in the utilities industry andor in a distribution environment
 large mrp system experience
 experience in managing a team of professionals

location orlando remote

zr",1
"         SENIOR CONSTRUCTION & SAFETY PROJECT MANAGER       Summary    To obtain a project management, sales / marketing, construction management position where I can fully utilize my education, training and experience while making a significant contribution to the success of my employer. Result oriented professional with over 30 years in construction management, highly developed oral and written communication skills, and a progressive track record of success. Proven ability and effectiveness in construction market, Lease negotiation, budgeting, design, development, and on-going maintenance of sites. Experienced by graduate business degree, professional leadership and community developments. Recognized by management for thoroughness, meeting due dates and being a team player.      Skills        Microsoft office, Propricer, Timberline, Peoplesoft and Deltek Costpoint            Experience     05/2005   to   Current     Senior Construction & Safety Project Manager    Company Name   －   City  ,   State      Responsible for oversight of complex construction projects within the assigned region, including planning, approval and construction.  Working hand-in-hand with Equity Developers and Equity Development Partners, Asset Managers, Operations, and general contractors, the Senior Construction Manager to assure the company's equity investment in long-term hold oriented design decisions is executed and construction issues are resolved appropriately.  Responsibilities include all construction operations, such as overall budgeting, cost control, construction techniques and product quality.  Oversee all aspects of the construction process ensuring that both the health and safety of project plans are implemented and that each project is completed in time.  Support all project team members, including Superintendent, and Field Personnel, in the management of safe, profitable projects.  Manage site safety and security of project following OSHA guide lines and ensure adherence to safety policies and practices, and created a positive and encouraging work atmosphere.  Ensure support personnel working under PM's supervision are fulfilling their duties to progress the project schedule, track production and quantities installed, produce as-built, tap cards, valve cards, restoration drawings, etc.  Monitor compliance to all applicable health and safety requirements.  Conduct safety meetings, train, and supervise safety audit teams.  Thorough review of contract and specifications when awarded new projects.  Delegate to support staff to ensure all required submittals, testing requirements, close-out requirements are identified and submitted/completed.  Immediately notify 
supervisor and senior company management personnel when any major problems develop on contracts.  Inspect and monitor construction sites to ensure adherence to safety standards, building codes, and specifications.  Produce reports required for monthly PM Progress Review Meetings with company executives and CFO.  Report to senior management on the profitability of all projects.  Produce and negotiate change orders with Project Owners.  Manage scheduling and billing of all subcontractor's work.  Negotiate changes with subcontractors.  Submit monthly billing projections for all projects to the CFO and senior management.  Thoroughly review all material invoices for the projects.  Check all subcontractor invoices when received.  Interface with client safety & health department on site safety & health issues and coordinate preventable measures.  Conduct New Employee Site Safety Orientation and provide training.  Set up and maintain positive cash flow on all projects.  Ensure monthly invoices and submissions to the owner are submitted at the time required in the specifications.  Verify we are being paid by the owner on all items for which the subcontractor is billing.  Also, verify subcontractor's cost is properly entered and ensure accuracy of the invoice.  Investigate all safety incidents, conduct root cause analysis and provide appropriate reporting.  Participate in safety planning meetings with regional managers and other company professionals.  Develop and implemented site safety orientation required for site access.  Participate in required meetings (owner meetings, in-house progress meetings, subcontractor meetings).  Prepare project letters and other correspondence.  Thoroughly review any correspondence produced by project support staff prior to its distribution.  Support the company's safety program, including attendance at weekly safety meetings.  Assist estimating with the review and bidding of new projects.  Ensure that any job delays that occur on my projects which are outside our control are documented for possible future claim to the owner.         02/1991   to   05/2005     Senior Project Manager    Company Name   －   City  ,   State      Provided in-depth analysis of the top five multi million dollars contracts with the Federal Government.  Report to the President of operations; oversee contract that included CP (Cost plus), T&M (Time and Material), CPFF (Cost plus fixed fee) IDIQ (Indefinite Delivery Indefinite Quantity) and CPAF (Cost plus award fee).  Subcontractor invoices and contracts modifications.  Provided complex financial reporting for program review by upper level management.  Ensured company and subcontractors are in compliance with all applicable laws and regulations.  Reduced staff training fees by thousands of dollars each year by introducing in-house training versus external contract training.  Oversee both direct and non-labor expenditures while providing financial guideline to project managers.  Preparation of project close out packages and dramatically streamline operations and inventory.  Management of on-site personnel, Worked alongside personnel through project completion.  Initiated projects based on customer orders and identification of system deficiencies.  Managed and researched commitment /obligation information to ensure the timely and accurate financial data.  Responsible for providing financial planning and budgeting.  Performed analysis and prepared reports in order to ensure that contracts are within negotiated budget and client Cost control guidelines, Audited and compliance control method implementation.  Reviewed projects with Architects and investors.  Planned and successfully managed the pricing of small and large complex multi-year contract that included direct labor, fringe, corporate and site overhead, G&A cost and fee.         10/1984   to   02/1991     Operations Manager    Company Name   －   City  ,   State      Led construction group that included managers, supporting staff associates in operating several construction project that included painting, Apartment building renovations and hotels projects worth about $20 million dollars of contracts.  Evaluated projects performance factors, performed on site property inspections and reported on findings, performed field inspection for on- going projects and reviewed budget allocations to assist project managers in decision makings to avoid projects overrun.  Monitored compliance to all applicable health and safety requirements.  Ensured Adherence to safety policies and practices, and created a positive and encouraging work atmosphere.  Conducted safety meetings, trained, and supervised safety audit teams.  Estimated projects with line item estimates created in excel workbook.  Responsible for visiting job sites and following OSHA approved site safety plan.  Significantly improved investor reporting by development and implementation of compliance tracking system.  Inspection for building departments, punch list creation and completion.  Managed site safety and security of project following OSHA guide lines.  Scrutinized submitted time sheet from sub-contractors for accuracy.  Conducted property site visits, reviewed third party inspection reports and provided technical assistance.  Ensured that insurance payments and renewal are paid on time for new and on-going projects.  Evaluated projects performance factors.  Ensured that all construction projects achieve or exceeded the projected time.  Closed out projects on a timely basis and coordinated / prepared final billing.  Developed projects tracking system.  Analyzed job cost and risk management effectively.  Responsible for weekly safety audits and developing safety summaries, reporting directly to upper management.  Updated weekly time sheet and briefing of progress report with Micro soft outlook slide to Management.  Budgeting, construction disbursements, resolving and ensuring full financial compliance.          Education and Training     1984     Bachelors of Science  :   Marketing    Southeastern University   －     State      Marketing       1986     Masters of Business Administration  :   Finance    Southeastern University   －     State      Finance Member: American Painting and Decorators of America.            Certification: 
* Blue print reading certification
* OSHA Certification              Skills    streamline, billing, Blue print reading, Budgeting, budget, building codes, cash flow, Construction Manager, contracts, Cost control, client, Delivery, staff training, Equity, estimating, senior management, financial, financial planning, financial reporting, Government, Inspection, Inspect, insurance, inventory, letters, Meetings, access, excel, Microsoft office, outlook, Painting, Peoplesoft, Personnel, policies, pricing, Progress, project plans, quality, renovations, reporting, risk management, Safety, scheduling, supervisor, supervision, technical assistance, Timberline      Activities and Honors     Construction Industry Research and Information Association  ( CIRIA )  American Painting and Decorators of America.  American Council for Construction Education ( ACCE )    ","full job description 

commercial construction manager 
johnson creek development is actively seeking a commercial construction manager the selected candidate will manage the overall construction of commercial projects and will supervise a team of subordinates subcontractors and suppliers johnson creek development embraces those with entrepreneurial instincts and forwardthinking views we reward our employees who acquire new clients propose new forms of revenue recruit new high performing team members and explore cutting edge business ventures within the commercial realestate construction market our working environment is fast paced and performance expectations are high however we recognize the importance of family and a healthy balance between our employees personal and professional life 

mandatory requirements
bs in engineering construction management or related discipline preferredhs diplomaged  plus years of experience requiredosha  certifiedexperience managing and estimating commercial projects from  to  with managing union personnelavailability to travel to jobsites in the champaignurbana areaexperience in preconstruction tasks post construction tasks managing change orders and building schedulesability to write and comprehend rfis potential change orders project schedules week outlooks and other project documentsability to utilize microsoft office suite and adobeability to clearly communicate to office owner and subcontractors
primary responsibilities
provide leadership for multiple aspects of controls including costs planning scheduling engineering supervision and management of personnelsupervise project start up project management and entire closeout processmanage submittals rfis qc and punchlist  establish and maintain customer relationshipsaccurate scheduling for job completionconstruction site oversight with weekly site visitsprepare  enforce quality assurance safety and quality control planscoordinate with safety manager to ensure projects meet safety day performance observance period from start datemust be able to work in a multipleproject environmentestablish project objectives policies procedures performance and quality standards within boundaries of company policy and contract specificationsinvestigate potentially serious situations anticipate project delays monitor job site safety and implement corrective measuresprovide daily update progress reports
benefits
this is a negotiable salary positionpaid holidaysmedical dental and visionvehicle provided or reimbursement provided for personal vehicle use for company businesselectronics providedjob type fulltime
pay    per year
benefits
dental insurancehealth insurancevision insuranceschedule
 hour shiftexperience
project management  years preferredwork location remote


",1
"           SENIOR ACCOUNTANT       Professional Summary    Senior accountant who completes accounting activities with accuracy and speed with extensive experience in full life cycle of general ledger accounting      Skills          Aderant/CMS  Excel  QuickBooks Pro  SQL  Access   Peachtree  Hyperion      Financial reporting  US GAAP principles  IFRS  Bookkeeping  Budget development  Individual tax returns  Essbase            Work History      Senior Accountant      Mar 2006   -   Current      Company Name     City  ,   State       Reconcile various balance sheet accounts not limited to cash and liability accounts, including bank statements, for the purpose of maintaining the accuracy of the general ledger in accordance with cash, GAAP, and various international tax legislative basis.  

Perform the primary liaison function for the interim and annual
audits performed by Deloitte.    Perform
assigned schedules for interim and annual audits.    Assist auditors with understanding of firm's internal controls
which include revenue and expenditure cycle.



   Review and analyze journal entries from the original accounting source and if a variance from the general ledger is found, initiate discussions with specialists in accounts receivable, accounts payable, payroll, and tax department to resolve the discrepancy.  Review and analyze international payrolls in aspect of income tax, local tax, consumption tax, and fringe benefit deductions for Seoul, Shanghai, and Tokyo office and upload into Aderant/CMS for posting into the general ledger.  Analyze and reconcile value added tax for Vienna and Seoul office  Resolve currency fluctuation issues and record gains/losses related to currency exchange rates for the international offices of the firm by using currency mode journal entries.  Analyze expatriate expenditures on monthly basis to be reported on W-2 form.  Prepare initial K-1 schedules to be filed by tax department   Prepare month-end various accrual journal entries including base wage, bonus, occupancy, prepaid property insurance, telecommunications, and catering accruals.  Prepare and analyze expense allocations from firm general to local offices on a monthly basis.  Review and analyze inter-company transactions for Seoul, Shanghai, Tokyo, and Vienna office  Prepare monthly financial statements, which are shared with the partners and management of the firm.  Assist in translation of various fixed asset invoices from Seoul and Tokyo office and other Asian offices' travel expense reports.  Notable accomplishments: Found material misstatement in prepaid property insurance for the first quarter of '08 and made prospective adjustments to the related general ledger accounts.  Provided clarity in Japanese payroll systems associated with health, welfare, and childcare allowance to the management and made prospective adjustments to the related general ledger accounts.         Accountant     Jan 2005   -   Mar 2006      Company Name     City  ,   State       Maintain financial records in accordance with GAAP to be reported to a parent company and investors.  Analyze & reconcile G/L accounts and prepare semi-annual, and end year B/S, I/S, and statement of cash flows Coordinate with warehouse manager to ensure daily shipping schedules.  Communicate with outside company's designated CPAs when tax issues arise.  Establish master employee payroll record file for information entry into payroll system.  Receive & compute hours, make deductions for 401K, health insurance, and other adjustments thru Paychex Prepare loan applications and maintain factoring arrangements with A/R schedule.  Assist in training, guidance and coordination of accounts payable, accounts receivable, and other departments and site personnel.  Performed semi-annual inventory valuation.           Financial Analyst     Aug 2002   -   Jan 2005      Company Name     City  ,   State       Manage and forecast funds for Palm Desert National Bank sponsored 350 ATM terminals averaging 2.5 million on a weekly basis.  Reconcile & settle, and act as lead accountant for Innobeta Systems, Inc., (affiliate of Money Marketing, Inc.).  Prepare monthly Profit and Loss reports as to surcharge and interchange.  Analyze communication and armor carrier expenses as a temporary M&A team member during due diligence procedure of ATM World Corp.  Analyze processing costs and network fees in terms of EFTs.  Prepare audit work papers, confirmations and other documentation to make the audit efficient and hold on audit fees in connection with annual audit.  Perform analysis of general ledger accounts; prepared journal entries and adjustments to facilitate closings.  Assist in the preparation of full financial statements and footnotes for investors and lenders.  Review work of staff and operations to assure that certain daily procedures and reconciliations were performed routinely according to policies and procedures.  Translate and prepare documents pertaining to defective parts of ComNet ATM Series assembled and distributed by Nextran Industries, a subsidiary company of Chungho ComNet Co., Ltd.  Consult private investors and customer services.           Education      Bachelor of Business Administration  :   Accounting     August 2002      TEMPLE UNIVERSITY     City  ,   State     Accounting Audit Project: ""Identifying potential risks that would impact the audit of Xerox Corp.""
Select Courses: Advance Accounting, Accounting Information System, Auditing & Assurance Services, Taxation       Interests      World travel/Photography/Golf/Soccer/Movie/Fashion        Certifications      Certified Public Accountant, New York State, Date
     of issued: 03/04/2015, License number: 117205        Additional Information      Activities: Vice President, APS (Accounting Professional Society) at Temple University, 2001 - 2002
     ","job description

about the role

as part of the finance  accounting team you will perform andor oversee advanced accounting duties involving ar ap expense management fixed assets internal controls preparing and posting accruals assistance in sales  income tax monthly close and analytical reporting  you will also oversee a team of accounting associates you will need to drive collective team efforts while successfully executing your own responsibilities while this is a remote position preference will be given to candidates located in orlando

what youll do

expense  cash management
 record employee benefit and other recurring expenses into accounting system ensuring proper gl coding and timely payment
 process and analyze weekly check run identify ways in which to decrease the cash flow gap
 administer banking  cash functions schedule ach payments wires print checks process positive pay and stop payments post daily activity in gl

sales  use and property taxes
 accumulate sales tax data and ensure proper coding to taxing location prepare tax packet for periodic filing and payment of taxes
 maintain the schedule of estimated quarterly income tax payments and coordinate payments
 oversee setup of new sales  use tax registrations

reporting  analysis
 prepare account reconciliations post basic journal entries ensure proper account coding and research and correct account discrepancies
 prepare  distribute weekly sales reporting and support adhoc reporting needs
 assist with balance sheet pl fluctuation analysis preparation of the quarterly forecasts month end closing

you will also be working with manager to guide coach and mentor staff

you might be a good fit if you have
 a bachelors degree in accounting or finance from an accredited university
 a minimum of  years of general accounting experience
 a thorough understanding of accounting principles and also have strong emphasis on customer service
 strong analytical skills excellent written and verbal communication skills
 strong proficiency with ms word and excel and have the ability to scrutinize details

bonus if you have
 public accounting experience
 experience in the utilities industry andor in a distribution environment
 large mrp system experience
 experience in managing a team of professionals

location orlando remote

zr",1
"         PLANT OPERATOR       Summary     Certified Plant Operator with 6 years in Cryogenic Air Separation Unit Plant with proven ability to meet production deadlines. Eleven years military training and a Dedicated System Operator Versatile plant operator well-versed in monitoring and inspecting plant equipment.       Highlights         Maximizing Productivity and Profits  Quality Assurance for product  Leadership/Supervision  Professionalism  Dependable  Hardworking    Resourceful  Punctual  Honest  Attention to Detail  Team Player           Accomplishments     Operation of a $27 million Air Separation Unit Plant  Mechanical, Chemical EngineerTraining  Advanced Oxygen/Nitrogen Training  Leadership Training  Safety Training  Recruit Basic Training  Tow Tractor (aircraft)  Tow Tractor ( equipment)  Forklift  CDL (expired)       Experience      Plant Operator   06/2009   to   02/2015     Company Name   City  ,   State      Monitored process units and quality control testing performance for plant processes and water quality sampling. Operate and maintained filtration process units and water system control equipment. Made sound and logical judgments regarding process changes. Closely inspected equipment for any mechanical or safety issues. Reviewed the daily computer log and reported any inaccuracies in the process. Responded to and initiated proper corrections to process alarms. Routinely drained unwanted fluids. Coordinated ongoing maintenance and housekeeping of the plant. Read automatic gages at proper intervals to determine flow rate of gas. Recorded daily tank inventory. Daily plant inspections. Started up, shut down and checked plant processes. Directed routine preventative maintenance such as adjustments, cleaning and painting equipment. Maintained correct temperature, levels and pressures on process systems and equipment. Recorded all operating data on daily work sheets from laboratory analysis and flow metering equipment. Communicated effectively with operators and supervisors on a technical level. Executed field service work including all plant motor, compressor, chiller, piping, valve maintenance and repairs with little to no supervision. Performed quality control tests on lab equipment and lab analysis. Interpreted results of process control analysis and made adjustments to optimize plant performance. Maintained current knowledge about the latest operating and maintenance practices with continuing education courses. Trained new operators and implemented new division operator training program to improve retention rates and increase production.         Sales Associate   01/2008   to   05/2009     Company Name   City  ,   State      Sales of all plumbing indoor and outdoor materials.  selling plumbing supplies and material, unloading trucks and stocking shelves.         Auto Mechanic   01/2007   to   03/2008     Company Name   City  ,   State      Service cars and trucks, tire repair, brake replacement, oil changes, transmission flush, radiator flush, all auto repair.         Aviation Structure Mechanic   09/1996   to   07/2007     Company Name   City  ,   State      Maintain liquid/gaseous oxygen and nitrogen systems. Remove, inspect and re-install oxygen components. Replenish and service liquid/gaseous oxygen and nitrogen containers, tanks, and holding carts. Daily safety inspection on aircraft and supporting oxygen and nitrogen systems. Apply operating procedures for servicing of aircraft, transfer trailers or direct filling equipment with liquid/gaseous oxygen and nitrogen. Perform ground checks and correct operation, mechanical work and upkeep of all aircraft oxygen and nitrogen systems and support equipment. Maintain aircraft safety equipment, canopy and environmental systems. Maintain aircraft fire extinguishing systems.  Supervise 7 to 15 person work group. Use and supervise the use of computers for record keeping, reports, and inventories. Troubleshoot and repair malfunctioning equipment. Train subordinates in operation, maintenance, and repair of oxygen and nitrogen, canopy, environmental, fire detection and suppression and egress systems. Maintain shop publications, files, technical directives and manuals. Use trucks, forklifts and all ground support equipment. Maintain liquid/gaseous oxygen/nitrogen systems and safety equipment. Train, supervise personnel on rules and regulations, supervise personnel and maintain 15 to 45 aircraft.         Education           2008       University of Montana   City  ,   State        Mechanical Classes.              2005       Navy   City  ,   State        Multiple education  courses and training within the Navy.            High School Diploma      Trapper Creek High School   City  ,   State               Skills     Operating a Air Separation Unit to produce FDA quality Oxygen, Nitrogen, and Argon liquids.  Troubleshoot/Maintain/Repair all motors, pumps, compressors, heat exchangers, piping and electrical components within plant site.      ","warehouse supervisor

avi foodsystems inc lexington ky fulltime

apply on company site

job details

avi foodsystems is looking for an energetic and optimistic leader to fill the role of warehouse supervisor

founded in  avi foodsystems has evolved into one of the most respected and trusted food service companies in the nation providing comprehensive food services with a focus on the highest quality and freshest ingredients impeccable service and total value is the reputation we have earned and live up to everyday

duties  responsibilities
 oversee supervision of the warehouse team and effective operation of packing shipping receiving and inventory
 support the branch manager in safe efficient and economic running of the warehouse
 oversee and participate in the preparation of items for shipping receiving storing and inventory
 oversee and participate in incoming and outgoing shipping activities to ensure accuracy completeness and condition of shipments which includes lifting and carrying materials
 review records for accuracy and compliance with established procedures
 review shipping discrepancies as needed and work to rectify problems with relevant team members
 conduct inventory counts
 order warehouse supplies when needed
 develop and maintain an effective department assist in the selection training motivation and review of team members
 perform other related duties as assigned",0
"         LEAD TEACHER       Summary     Solid background in special needs and early childhood education, with strong emphasis in children's development. Consistently exceed teaching goals and parents expectations. Experienced in assessing and evaluating individual needs to provide an enhanced learning experience. Skilled in developing and implementing strategies and procedures.Enthusiastic teacher who has earned trust and respect from students, colleagues and administration for 12+ years.       Core Qualifications          Excellent classroom management  Active participation in [groups, plans, events]  Teaching, tutoring and counseling  Experience working special needs students  Effectively work with parents  Interactive teaching/learning  Innovative lesson planning  Classroom management  Effective listening  CPR/First-aid certified  Goal Setting and Implementation              Achievements     Team Building and Leadership   Created collaborative classroom experience through [process, initiative].   Lesson Planning:   Introduced new learning methods to ensure total comprehension for all students.   Developed new learning center for reading assistance. Education Strategies     Employed special educational strategies and techniques during instruction to improve the development of sensory/perceptual-motor skills, language, cognition, and memory.    Plan Development     Planned and conducted activities for a balanced program of instruction, demonstration, and work time that provided students with opportunities to observe, question, and investigate.    Parent Communication     Regularly met with parents to discuss student issues and course weakness areas.     Creative Lesson Planning     Motivated students to engage with course materials for History of WWII course by organizing a war veteran to come to class to speak about his personal experience.         Professional Experience      Lead Teacher     Aug 2013   to   Jun 2015      Company Name   －   City  ,   State     Manage children portfolio and progress using Teaching Strategies Gold Plan and execute daily lessons.   Make in-home student referrals   Maintain the comfort, safety and educational demeanor of the classroom environment.  Supervise one assistant teacher's in the classroom.  Plan and allocate work equally among the staff.  Evaluate and test students for appropriate class placement.         Head Teacher     Jan 2003   to   Aug 2013      Company Name   －   City  ,   State     Evaluate and test students for appropriate class placement.  Translate CPSE evaluations to non-English speaking parents.  Collaborate with school administrators and parents to develop student program plans to ensure successful outcomes.  Conduct family conference to discuss student progress, needs and referrals Develop and enter daily observations, progress and attendance notes into school data base Plan and execute daily lessons Make in-home student referrals Maintain the comfort, safety and educational demeanor of the classroom environment.  Supervise three assistant teachers in the classroom.  Plan and allocate work equally among the staff.         case manager     Oct 2005   to   May 2006      Company Name   －   City  ,   State     •Managed a caseload of over 18 at risk teenage and young adult females  •Met with client's family members and drug counselors when substance abuse was issue in order to determine such activities and keep recidivism down.  •Helped clients with school enrollment and verified attendance  •Held weekly team conferences to discuss client court dates, progress and concern in order to prepare monthly court reports for legal staff and judges.  •Provided case management services, escort, face to face services in community, communication with community providers, conducted site visits to shelter, residential and outpatient programs, and attending case conferences to engage and support participants in community treatment.   •Addressed any ongoing legal and or personal issues our female population was dealing with.  •Kept track of client progress via company database systems.  •Set up random drug tests in collaboration with our Substance Unit for female participants abuse.  •Directed any participant mental health concerns to our director.  •Made referrals for participants to outpatient/inpatient drug treatments facilities  •Act as advocate and liaison for participants in securing access to community services, income support and self help        Assistant Teacher     Jan 2001   to   Jan 2003      Company Name   －   City  ,   State     Collaborated with classroom assistants and teachers in creating weekly classroom lesson plans on a bi-weekly basis.  Evaluated and tested students for appropriate class placement.  Reviewed daily progress notes before they were entered into the company's electronic system and edited them as needed.  Responsible for ordering, receiving and distributing office and classroom supplies.         Education and Training      M.S  ,   Education/ Special Education Early childhood   2006     Touro College   －   City  ,   State            A.S  ,   Liberal arts   2000     Kingsborough Community College   －   City  ,   State      Liberal arts        Bachelor of Science  ,   Psychology    College of Staten Island   －   City  ,   State            Certifications     CPR and First Aid        Community Involvement     Recognition for planning and presenting at UNICEF conference.       Skills     bilingual speaking and reading fluently in English and Spanish, demonstrate your ability to work well with a team, handles details; coordinates and completes tasks,plans and arranges activities; multi tasks,writes clearly and concisely; listens attentively; openly expresses ideas,provides and asks for feedback, and cooperates and works well with others.    ","description

our teachers bring warmth patience and understanding to the classroom every day encouraging children to learn and grow they inspire children to be lifelong learners using our nationally recognized curriculum that promotes social physical verbal and cognitive development our teachers are committed to making their center successful and know that creating meaningful relationships with children families and their team play a crucial role in that success

as a member of our teaching staff you will

create a safe nurturing environment where children can play and learn partner with parents with a shared desire to provide the best care and education for their children support your centers success by partnering with center staff and leadership to achieve goals around enrollment accreditation and engagement cultivate positive relationships with families teachers state licensing authorities community contacts and corporate partners implement kces curriculum in a way that is consistent with the unique needs of each child

the benefits our career professionals enjoy
 medical dental and vision
 childcare benefit
 paid time off
 education assistance and reimbursement
 medical expense reimbursement life insurancedisability benefits health and wellness programs
 k savings and investment plan with employer match

qualification

desired skills and experience
 cpr and first aid certification or willingness to obtain
 active child development associate cda credential or willing to obtain
 completed  core ece units infanttoddler or ba degree in child development
 must be physically able to use a computer with basic proficiency lift a minimum of  pounds and work indoors or outdoors
 ability to assume postures in low levels to allow physical and visual contact with children see and hear well enough to keep children safe and engage in physical activity with children
 read write understand and speak english to communicate with children and their parents in english
 all center staff applicants must meet state specific guidelines for the role

our highest priority has always been to keep our employees children families and communities as safe and healthy as possible starting october   we began requiring covid vaccinations or weekly covid testing for all unvaccinated employees we are also subject to state law local ordinances and health department requirements for child care workers or school staff

kindercare education is an equal opportunity employer all qualified applicants will receive consideration for employment without regard to race national origin age sex religion disability sexual orientation marital status military or veteran status gender identity or expression or any other basis protected by local state or federal law",1
"         HR GENERALIST           Summary     HR Generalist with 8 yrs of professional experience in employee  recruitment, orientation, engagement ,assimilation and termination procedures .        Highlights         •Employee recruitment  •Talent Acquisition  •New employee orientations  •Employee Engagement and assimilation  •Vendor Management  •Termination procedures  •MS Office proficient             Experience      HR Generalist    November 2006   to   May 2015     Company Name   -   City  ,   State      Onboarding:  Welcoming the new employees onboard by ensuring they have a pleasant experience.  Verifying and collecting all the mandatory educational & employment documents.  Performing a reference check on the day of on boarding incase any document is not available.  HR Engagement and Assimilation Handling employee's queries with respect to joining formalities Taking induction for the new joinees and briefing them about IBM and the concerned BU's to which they will be a part of.  Briefing the new joiners on various policies like payroll, payables, medical insurance, reimbursement, superannuation etc.  Updating the joiner's data /no-shows data in GOM.  Ensure all the relevant departments are informed about the new joiners.  Managing attendance and leave for the team.  Mentoring & coaching new team members across locations on the process, and ensure they execute the process successfully.  Preparing weekly & daily MIS reports.  Preparing MOM and sharing it to the team for every weekly team meeting.  Recruitment : Screening the resumes so as to assess the HR Fit & the Technical Fit of the candidate for the applied position.  Taking care of the HR issues while screening the resume in terms of the present employer, years of experience, relevant work location, relevant background, relevant education, etc.  Liaisoning with the Business for the Requirements and carrying out the recruitment process smoothly.  Coordinating & handling week-end drives in location.  Also involved in extensive Campus drives /Offcampus drives in Technical institutions.  Chalking the Monthly requirements with the Managers & completing the same in the given time frame.  Facilitating Vendor management by allocating requirements to vendors.  Educating the vendors on the requirement skills so that there is a smooth flow of process regarding requirement.  Handling queries from the competency Managers and solving them with regards to Recruitment, Hiring & Joining and also regarding the Policies of Recruitment.  Documentation for Mandatory Offer Paperworks.  Liasoning with Business Hiring Managers / Compensation Team for hiring approvals.  Liasoning with Separations Team / WFM / HR Partners for approvals for Rehire / Restricted /Foreign National Hires Coordinating timely /accurate and 100% compliant Offer Rollout to ensure we meet out hiring numbers for each quarters.  Handle post offer queries as raised by Business and candidates and direct them for solutions.  Negotiating with offered candidates to convert them to join.  Coordinating end to end with the different Business Units to get HR related issues and queries resolved on time.  Coordinating with the candidates and the different Business Units through effective Telephone and E-Mail Communication.  Internal audits and provide inputs for avoiding audit exposures along with process adherence.          HR Consultant    January 2006   to   October 2006     Company Name   -   City  ,   State      Working on individual corporate assignments and sourcing candidates for different positions for providing manpower to their requirement needs.  Counseling and evaluating candidates by taking preliminary round of interviews, calling them for final interview and doing reference checks on behalf of the candidates.  Recruiting candidates by means of headhunting, employee references, networking.  amp; jobsites depending on the resource requirements.  Working on senior level assignments (15-20 yrs experience).  Coordinating interviews, updating the candidates about the company, job profile, giving them interview tips and maintaining client relation.  Also involved in recruitment selection of new executives for our company.  Giving induction to the new entrants.  Record keeping & documentation, database management in excel.  Preparing agenda for monthly meeting.  Weekly analysis of individual performance against the set target.          Education      M.B.A   :   Human Resources & Finance  ,   2005    Utkal University   -     State  ,   India    GPA:   1st Class with topper of our batch    Human Resources & Finance 1st Class with topper of our batch        Bachelor of Science   :   Physics Honours  ,   2002    OUAT   -     State  ,   India    GPA:   1st Class with Honours with Distinction    Physics Honours 1st Class with Honours with Distinction          Languages    English, Hindi, Oriya      Personal Information     Date of birth          : 2nd October, 1981   Marital Status        : Married with 1 Kid   Nationality            : Indian   Hobbies                : Listening to music, Dancing, & Dairy Writing,       Additional Information          Skills      Talent Aquisition  Onboarding  Documentation  Vender management  Microsoft Office     ","engaging our growth mindset the nielsen media people team builds and delivers people strategy globally to develop our future leaders diversity equity and inclusion are at the forefront of everything we do to ensure our people are able to thrive and grow with us the people team also drives employee engagement as we build and deliver our people strategy in partnership with the business when were engaged we can make a difference be ourselves and grow with our company our connection to our work our workplace and one another intensifies which in turn drives performance and business results

responsibilities

strategic initiatives project management
 project manage select complex crossfunctional initiatives that span talent strategy people experience and coes including hr  operating manual development of centralized process maps training resources cadence for reviewingupdating other complex crossfunctional initiatives as assigned
 develop and implement standard project management best practices for consistency across hr build training materials for project management as needed move to selfservice pm in a box
 facilitate annual hr lifecycle process calendar development communication and kpis

people team department communications
 lead agenda and materials development for internal hr communications town halls monthly updates internal hr training opportunities newsletters etc
 assist with hr materials development for crossfunctional touchpoints expanded leadership team meetings operating team contributions for slt meetings contributions for companywide town halls
 manage people team google site and communication tools slack channels etc
 assess and make ongoing recommendation to improve department communications

people team department operations
 liaison with finance and procurement to support efficient financial operations lead resolution of escalations as needed
 establish and manage approval process for departmentwide te management
 assist with departmentwide operating plan management to coordinate across teams
 analyze operating plans across teams to identify opportunities for efficiency

qualifications

minimum qualifications
  years of professional experience  years focused on project management exceptional writing and communication skills
 demonstrated experience with data analysis ability to develop recommendations
 demonstrated experience establishing trust with others especially senior leaders
 demonstrated ability to work independently with strong judgment
 highly conscious and protective of privilegedconfidential information
 ability to bring a growth mindset with a love making things better

preferred qualifications
 hr project management experience
 experience with hr technology
 proficiency in google suite
 experience indirectly influencing others to action

about nielsen

by connecting clients to audiences we fuel the media industry with the most accurate understanding of what people listen to and watch to discover what audiences love we measure across all channels and platformsfrom podcasts to streaming tv to social media and when companies and advertisers are truly connected to their audiences they can see the most important opportunities and accelerate growth

do you want to move the industry forward with nielsen our people are the driving force your thoughts ideas and expertise can propel us forward whether you have fresh thinking around maximizing a new technology or you see a gap in the market we are here to listen and take action our team is made strong by a diversity of thoughts experiences skills and backgrounds youll enjoy working with smart fun curious colleagues who are passionate about their work come be part of a team that motivates you to do your best work

nielsen is committed to hiring and retaining a diverse workforce we are proud to be an equal opportunityaffirmative actionemployer making decisions without regard to race color religion gender gender identity or expression sexual orientation national origin genetics disability status age marital status protected veteran status or any other protected class

job type regular

primary location remote usa global",1
"         CO-MANAGER           Summary    Seeking a management position that utilizes my strong experience and skills to achieve an organization's sales and profit goals Well-organized, detail-oriented individual who manages a high volume workload within a deadline driven environment Expertise in establishing priorities and coordinating work assignments to control and maximize productivity Skilled at working harmoniously with associates and resolving minor personnel problems Experience in staff performance evaluation and the creation/implementation of procedural changes to improve the quality of the workforce Outstanding customer service skills with focus on achieving top levels of customer satisfaction Skilled in use of MS Word, MS Excel, MS Power Point; bilingual in French and Creole           Work History      Company Name                Experience      Co-Manager    November 2011   to   January 2016     Company Name   -   City  ,   State      120 Employees -$800,000 Weekly Sales Volume Compile and interpret reports ensuring maximum profits are achieved  Seek high selling merchandise to feature on endcaps   Analyze revenue weekly to forecast expenditures and staffing needs     Supervise proper scanning of outs, make changes to the on-hands and replenish merchandise   Search and reduce shrink, look for opportunities to capture markdowns, ensure store is in line with company initiatives    Hire, train, supervise and terminate hourly associates; develop plans to assist in achievement of maximum performance;  monitor and give constructive feedback in a timely manner; provide learning opportunities through guidance and support; set clear expectations creating timelines and performance metrics     Require associates to adhere with customer service initiatives that create a pleasant shopping experience for customers by having daily meetings, ""coaching by walking"" and computer-based training   Drive community awareness programs by participating and supporting community events, i.e. soup kitchens, cancer walks, Children's Miracle Network   Enforce safety standards relating to accidents and STFs; OSHA compliance, work with Ecolab and Kay Chemical to prevent hazards or compliance issues.          Assistant Manager    May 2011   to   November 2011     Company Name   -   City  ,   State      300 Employees -$1,500,000 .00 Weekly Sales Volume Managed direct reports, delegated and monitored against a pre-determined deadline and measure of quality  Hired, trained, developed and appraised subordinates Budgeted and forecasted, minimize shrinkage and achieved sales and target goals Monitored and controlled expenses in several divisions  Ensured customer satisfaction and retention Analyzed the market and competitions and building strategy to ensure profitability  Implemented bench marking process on merchandise and instock level.          Small Business Sales Consultant    February 2008   to   April 2011     Company Name   -   City  ,   State      20 Employees  $100,000 Weekly Sales Volume Consulted with customers to recommend and sell variety of AT&T products and services to meet customers' needs Provided customers with a positive sales and service experience Interacted with multiple online systems while speaking with customers Met sales quotas and service objectives in a fast-paced call center environment.          Team Leader / Service Delivery Coordinator / Supervisor    June 2005   to   January 2008     Company Name   -   City  ,   State      108 Employees -$325,000 Weekly Sales Volume Began as CSR; promoted to Team Leader of Roadside Assistance Division during crucial evening shift Provided guidance and direction to all Member Service Counselors, real-time management of the call center floor, and frequently interacted with Dispatch and AAA members on service-related issues Handled escalated inquiries from members Interacted with Dispatch to resolve inaccurate information taken by Counselors or other issues Served as Shift Leader in absence of evening supervision Coached call takers on call quality issues as they arose; performed new hire training on operating system Handled customer inquiries, complaints, billing questions and payment services.          Customer Service Representative    January 2001   to   June 2006     Company Name   -   City  ,   State      Performed light typing and clerical duties and heavy volume of phone calls.  Assisted customers with their renewal application process.          Shift Leader    August 2002   to   November 2003     Company Name   -   City  ,   State      Supervised inventory, verified quantity and quality of products received.  Interfaced directly with customers to provide assistance and resolve problems.  Assigned identification numbers and recorded items processed; performed all paperwork.          Customer Service Team Leader    June 2001   to   August 2002     Company Name   -   City  ,   State      23 Employees Supervised all daily functions of store activity to ensure customer satisfaction Performed daily safety and temperature audits adhering to standards set by health board Interacted with customers on a daily basis; transferred monetary transactions for the business Generated weekly reports of profits and loss within the business.          Shift Manager    September 2000   to   May 2001     Company Name   -   City  ,   State      12 Employees Handled inventory and controlled cash Maintained a safe work environment for all co-workers Managed shift by instruction Ordered products for store and customer sales Closed store and performed necessary duties.          Education        Liberal Arts      Kean University          Liberal Arts        High School Diploma        Hamilton High West                  Skills    billing, call center, cancer, clerical, coaching, customer satisfaction, customer service, direction, fast, instruction, inventory, Team Leader, market, meetings, Network, operating system, speaking, quality, real-time, safety, selling, Sales, scanning, staffing, strategy, supervision, phone, typing   ","at karl lagerfeld paris our assistant managers directly help to drive our business success they work directly with our store managers to promote operational effectiveness and ensure that customers are always our first priority they take pride in delivering superior customer service and inspire associates to excel by being an exceptional role model

our assistant managers understand that the way the store looks is essential to drawing customers into the stores they ensure that the store is clean wellorganized and meets our visual merchandising standards

we have an immediate opening for a full time assistant manager at our jersey gardens elizabeth nj location

job qualifications
 two years of successful specialty retail experience in leadership role required fashion retail preferred
 postsecondary education encouraged retail management degree a plus
 excellent interpersonal communication skills promoting effective sales and customer relations
 ability to work in a fast paced environment
 demonstrated leadership skills and qualities

responsibilities

sales
 meet personal sales goals and motivate others to drive store sales performance

service
 provide exemplary customer service and ensure that others follow suit
 maximize profitability through excellent customer service
 promote a positive customer experience by keeping all customer areas clean and present merchandise according to company merchandising standards

leadership
 provide direction to associates to ensure floor coverage and completion of daily tasks

training
 assist in the development of a salesfocused store sales staff
 ensure that new associates are thoroughly trained and oriented to company standards
 monitor associate success and coach associates to help them achieve company expectations
 contribute to a positive team environment in the store
 recognize associate successes and help boost store morale

other information

being successful at am retail group means putting the best ideas to work taking action and following through you will be challenged by smart committed coworkers and pushed to be your best this is a place where your individual talents and creativity make a difference

we are a dynamic company that provides competitive salary and excellent benefits including medical dental  life disability and more

equal opportunity employer



am retail groups family of retail stores includes wilsons leather gh bass  co dkny calvin klein performance shops and karl lagerfeld paris",1
"         SALES ASSOCIATE             Experience     08/2014   to   Current     Sales Associate    Company Name   －   City  ,   State      Greet customers and ascertain what each customer wants or needs.  Describe merchandise and explain use, operation, and care of merchandise to customers.  Compute sales prices, total purchases and receive and process cash or credit payment.  Maintain knowledge of current sales and promotions, policies regarding payment and exchanges, and security practices.  Inventory stock and requisition new stock.  Ticket, arrange and display merchandise to promote sales.         09/2013   to   07/2014     Production Intern    Company Name   －   City  ,   State      Developed and maintained overall production schedules.  Arranged rehearsal space, audition space, production meetings.  Identified and obtained property requirements for the production based on set design and production script.  Worked with production cast to encourage positive performance results.         07/2012   to   08/2012     Fashion Intern    Company Name   －   City  ,   State      Use traditional or digital cameras, along with a variety of equipment such as tripods, filters, and flash attachments.  Scan photographs into computers for editing, storage, and electronic transmission.  Work closely with photographers, fashion coordinators, directors, producers, stylists, make-up artists, other models, and clients to produce the desired looks, and to finish photo shoots on schedule.  Visit textile showrooms to keep up-to-date on the latest fabrics.         09/2011   to   02/2012     Museum Intern    Company Name   －   City  ,   State      Describe tour points of interest to group members, and respond to questions.  Provide directions and other pertinent information to visitors.  Research various topics, including site history, environmental conditions, and clients' skills and abilities to plan.  appropriate expeditions, instruction, and commentary.          Education     Dec 2016     Associates      Borough of Manhattan Community College   －   City  ,   State             Jun 2013     High School Diploma      Talent Unlimited High School   －   City  ,   State                Skills    photo, credit, clients, customer service, digital cameras, editing, fashion, flash, instruction, Inventory, meetings, policies, Research, sales, set design, script, transmission   ","about old navy

forget what you know about oldschool industry rules when you work at old navy youre choosing a different path from day one weve been on a mission to democratize fashion and make shopping fun again our teams make style accessible to everyone creating highquality musthave fashion essentials for the whole family with love season after season

we opened our first store in  in san francisco and have been on a roll ever since we cultivate a community of playful personalities that thrive in a fastpaced environment where our employees can be their most authentic selves here were family

about the role

in this role you will engage and connect with our customers by providing excellent customer service you will be an expert in product and use this expertise to educate inform inspire and outfit the customer you will offer information to the customer on current merchandise assortment store promotions and events and execute operational processes effectively and efficiently your goal is to bring our brand to life for our customers while building brand loyalty and delivering with productivity

what youll do
 acknowledge and assist customers locate merchandise efficiently using various methods answer questions quickly and accurately
 offer style and outfit suggestions to the customer utilizing mannequins and displays for inspiration
 promote loyalty by educating customers about our loyalty programs
 leverage omni channel offerings to deliver a frictionless customer experience
 support sales floor fitting room check out and back of house processes as required
 courteous and responsive to internalexternal request
 exchange and verifies job related information to provide support

who you are
 good communicator with the ability to utilize technology effectively and engage with customers and your team to meet goals
 problem solver with a focus on continuous improvement who is always learning open to feedback and takes action as required
 able to handle customer interactions and potential issuesconcerns courteously and professionally
 use basic informationgathering skills to solve problems
 ability to learn procedural knowledge acquired through on thejob training

benefits at old navy
 merchandise discount for our brands  off regularpriced merchandise at old navy gap banana republic and athleta and  off at outlet for all employees
 one of the most competitive paid time off plans in the industry
 employees can take up to five on the clock hours each month to volunteer at a charity of their choice
 extensive k plan with company matching for contributions up to four percent of an employees base pay
 employee stock purchase plan
 medical dental vision and life insurance
 see more of the benefits we offer
 for eligible employees

gap inc is an equalopportunity employer and is committed to providing a workplace free from harassment and discrimination we are committed to recruiting hiring training and promoting qualified people of all backgrounds and make all employment decisions without regard to any protected status we have received numerous awards for our longheld commitment to equality and will continue to foster a diverse and inclusive environment of belonging this year weve been named as one of the best places to work by the human rights campaign for the seventeenth consecutive year and have been included in the  bloomberg genderequality index for the fourth year in a row",1
"         PUBLIC RELATIONS DIRECTOR         Summary     Talented PR professional with 11 years' expertise developing and executing all aspects of public outreach campaigns to increase media exposure and support strategic marketing initiatives. Proven creative talent with demonstrated strength in media production, messaging, communications and dissemination techniques and methods.  Deep understanding of media relations; accomplished track record of securing live television and on-site press coverage.        Highlights          Publicity and communications  Vendor and client relations  Media relations   Integrated campaigns    Project oversight   Advertising       Writing and editing    Strategic messaging  Special event coordination   Email marketing   Crisis communication  Journalistic interviews              Experience      Public Relations Director  ,   01/2016   to   Current    Company Name   －   City  ,   State            Assistant Director of Public Relations  ,   01/2010   to   01/2016    Company Name   －   City  ,   State      Directed the college's media relations activities, including
    the production and dissemination of press releases, media advisories, and
    public service announcements.  Enhanced relationships with media to realize increased cooperation and better press coverage.      Managed editorial content, design, and distribution of the college's official e-newsletters.      Conducted media training for college spokesperson and other college personnel as needed.    Leveraged technical resources to design and create
    e-marketing campaign deliverables for the BRCC Foundation.    Transformed internal and external communication by implementing e-marketing strategies.     Wrote and edited articles, web content, advertising copy,
    and publications for internal and external audiences.    Proactively sought favorable press coverage opportunities.    Developed and managed the Institutional Advancement budget up to $350,000 for 2 consecutive years.     Spearheaded the college's commencement exercises for more than 5 years.        Coordinated a variety of press conferences including articulation agreements, groundbreaking ceremonies, ribbon cuttings, and special announcements.      Created 15 public relations campaigns annually garnering 
approximately $250k in earned media.       Researched, negotiated, implemented, and tracked advertising and public relations activities.    Spearheaded and executed PR campaigns for campus events and activities, and greatly increased participation.     Protected the BRCC branded image by effectively managing all internal and external communications materials; revised the outdated graphics standards manual, and directed staff on proper use.             Media Specialist  ,   02/2006   to   01/2010    Company Name   －   City  ,   State      Developed
news releases, media kits and collateral material.  Built effective relationships with the media, including writing press releases and making phone calls to generate publicity.  Oversaw content production such as advertisements, social media, and online PR.  Edited and distributed press releases and pitches to local and national media outlets securing positive coverage.   Developed talking points for press conferences and other events.   Created content for the college's annual report.   Wrote articles for the web.  Gathered, edited, and wrote articles for the college printed newspaper "" Good News,  and wrote web articles .     Secured earned media placement in local publications such as The Advocate, The Business Report, and the Healthcare Journal.   Worked in collaboration with ad agency to implement annual marketing campaigns.  Coordinated campus-wide photo shoots.   Served as photographer for all campus events.   Assisted in preparing the departmental budget.  Initiated bid process for projects, prepared requisitions, and ensured vendor payment.          Coordinator for Institutional Advancement   ,   11/2004   to   02/2006    Company Name   －   City  ,   State      Worked as the coordinator for 3 individual departments: public relations, institutional advancement, and external resources.   Created, distributed, and analyzed student media survey to determine best use of advertising expenditures.   Assisted with arranging special events on campus.  Conducted focus groups with students, faculty, and staff to access effectiveness of the public relations team.      Coordinated Foundation board meetings (data compilation, agenda preparation, parking arrangements, invitations/catering, etc).    Wrote and edited press releases and public service announcements to promote campus events.     Served on various campus committees (annual fundraising event, commencement, student recognition, etc.).     Wrote and edited stories for the Daily E-News, an electronic newsletter distributed to faculty and staff daily.    Served as backup-photographer for various campus events.            Marketing Analyst  ,   09/2003   to   11/2004    Company Name   －   City  ,   State      Developed and managed company's first formal employee communications system to distribute company news and critical information.  Wrote newsletter marketing copy and presentation materials for special projects.  Edited and distributed press releases and pitches to local and national media outlets.   Created tracking system for marketing; analyzed collected information and delivered a monthly presentation regarding the results.     Represented the company and at various community events.       Designed all printed material (brochures, pamphlets, newsletters, etc.). Assisted with the design of the company website, logo, and tagline.    Maintained and updated company's mailing list.     Designed media surveys for internal and external audiences.     Assisted with the coordination of all company functions and events (luncheons, seminars, annual fundraiser, etc.)           Producer/Associate Producer  ,   10/2000   to   02/2004    Company Name   －   City  ,   State      Booked and scheduled hundreds of guests including legislatures, business and industry CEO's, non-profit organizations, etc.    Managed a production staff of 6.     Wrote and edited show content, approved all copy, and handled breaking news stories.    Rapidly promoted from weekend associate producer to weekend producer.    Determined newsworthy items and coverage.     Assigned tasks to morning reporters.          Education      Master of Arts  :  Mass Communication   ,  May 2003    Southern University   －   City  ,   State      Public Relations        Bachelor of Arts  :  Mass Communication  ,  December 2001    Southern University   －   City  ,   State      Broadcast Journalism        Professional Affiliations      Public Relations Society of America- 2009 to present   Public Relations Association of Louisiana- 2009 to present     National Council for Marketing and Public Relations  - 2006 to present    National Association of Black Journalists- 2014 to present            Awards     Outstanding Professional Staff Award, 2016   Outstanding Staff Achievement Award, 2013        Skills      Microsoft Office Suite: Word, Excel, Publisher, PowerPoint    Constant Contact: Email marketing tool    OU Campus: Web content management   Meltwater News: Media tracking and distribution   TVEyes: Broadcast monitoring       Community Service     Capital Area ReEntry Coalition: Email Marketing, Press Releases, Media Relations, 2015    Media 101 Workshop for non-profits: Served as a panelist, April 2016​  Community Grant Writing Workshop:  Conducted media workshop, 2016      ","marketing content specialist remote

fulltime monday  friday

experience level juniorlevel

location this is a remote position that is based in the united states only current us residents are considered for this role

overview

is a domain name registrar based out of portland oregon offering great prices simple user interface and bestinindustry customer support were looking for a junior marketer to write and create newsletters ad copy blog posts social media posts etc for our fun innovative brand were a small team but were making a big splash in a multibilliondollar industry this means a single motivated individual can make a huge impact

what youd get to do
 write much of the copy for the brand this includes website updates landing pages newsletters email campaigns digital paid media campaigns blog posts social media posts video scripts and partner content
 optimize drip email marketing campaigns landing pages and the website as a whole
 own and develop the unique porkbun voice across all marketing channels
 creative and strategic collaboration with the marketing business and support teams
 coordinate with the digital marketing manager to help enhance and optimize ad buy campaigns
 implement an editorial calendar to plan specific timely content
 create and post engaging social media content in collaboration with the marketing and product teams

your experience should include
 a demonstrated history of creating amazing ad copy
 email andor blog marketing via mailchimp wordpress etc or similar
 writing both long and short form content
 demonstrated ability to manage multiple projects simultaneously
 an analytical mindset

bonus points for
 experience writing scripts for video or audio production
 video or audio editing experience
 expertise optimizing emails and webpages to increase conversion rate
 an understanding of marketing psychology for instance crafting language that uses urgency to drive sales

benefits
 healthdentalvision insurance after  months
 simple ira match of  available after  year employment
 paid federal holidays plus an extra day at both thanksgiving and christmas
 decent pto policy  weeks paid to start additional earned
 paid parental leave

salary

salary starts at  salary negotiable for candidates with an abundance of experience aligning with these requirements

next steps

if youve read this far we would like to hear from you if you meet our requirements or you can make a strong case for why we should hire you anyway please apply to apply please send us an email at careers with the subject line marketing content specialist and include a resume and cover letter

why work for porkbun

porkbun is committed to a policy of nondiscrimination in employment on any basis women and underrepresented folks are strongly encouraged to apply this is a fun place to work but were not blind optimists instead our culture thrives on cleareyed assessments to recognize and solve problems also everyone who works here is genuinely nice if this sounds like heaven to you please apply",0
"         SALES CLERK         Summary    Conscientious, enthusiastic and outgoing Retail Sales Associate with more than 2 years in the retail industry.
Areas of expertise include sales, building positive customer relations with new and existing customers, and
inventory management. Reliable team player and strong communicator.          Experience      Company Name    City  ,   State    Sales Clerk   10/2013   to   Current       Operated a cash register for cash, check, and credit card transactions with 99 % accuracy.  Stocked and replenished merchandise according to store merchandising layouts.  Priced merchandise, stocked shelves and took inventory of supplies.  Cleaned and organized the store, including the checkout desk and displays.  Alerted customers to upcoming sales events and promotions.  Identified potential shoplifters and alerted management.  Trained 2 new sales associates.  Completed point of sale opening and closing procedures, including counting the contents of the cash register.  Opened and closed the store.  Handled customer relations issues in a gracious manner and in accordance with company policies.  Welcomed customers into the store and helped them locate items.  Shared best practices for sales and customer service with other team members to help improve the store's efficiency.  Used time efficiently when not serving customers.  Resolved customer complaints in a professional manner while prioritizing customer satisfaction.  Verified that customers received receipts for their purchases.  Designed and presented visually appealing displays.  Mentored new sales associates to contribute to the store's positive culture.  Cultivated a customer-focused shopping environment by greeting and responding to customers in a friendly manner.  Actively pursued personal learning and development opportunities related to running a small business.  Communicated clear expectations and goals to each team member.  Assisted owner by strategically scheduling team members to maintain optimal staffing levels at all times.  Supervised and directed merchandise and shipment processing.  Interacted and communicated with vendors and suppliers to resolve inventory, shipping, and product issues and concerns.  Answered customer telephone calls promptly and in an appropriate manner.  Determined customer needs by asking relevant questions and listening actively to the responses.  Preserved a perfect attendance record for 18 months.          Company Name    City  ,   State    Service Deli Clerk   08/2011   to   04/2014       Operated a cash register for cash and credit card transactions with 99 % accuracy.  Stocked and replenished deli items and supplies according to store merchandising layouts.  Cleaned and organized the deli department and equipment according to health department regulations and store policy and procedures.  Alerted customers to current sales and promotions.  Completed all point of sale opening and closing procedures.  Welcomed customers into the store and helped them locate items.  Used time efficiently when not serving customers.  Fostered a positive work environment by consistently treating all team members and customers with respect and consideration.  Cultivated a customer-focused shopping environment by cheerfully greeting and responding to all customers in a friendly manner.  Determined customer needs by asking relevant questions and listening actively to the responses.          Company Name    City  ,   State    Bus Person   02/2011   to   06/2011       Cleared, stocked, and replenished dining room table settings according to restaurant policy.  Cleaned and organized the dining room to make it attractive and appealing to dining patrons.  Completed opening and closing procedures as directed by owner.  Cheerfully greeted patrons in the restaurant.  Used time efficiently when not clearing tables.  Fostered a positive work environment by working together with other team members and servers with respect and consideration.          Company Name    City  ,   State    Concession Cashier   05/2010   to   08/2011       Operated a cash register for cash and credit card transactions with 95 % accuracy.  Stocked and replenished merchandise and food items in concession stands according to store company standards.  Cleaned and organized the concession stand including counters and food service equipment in accordance with health department regulations.  Completed all point of sale opening and closing procedures, including counting the contents of the cash register.  Cheerfully greeted customers and helped them with their orders.  Used time efficiently when not serving customers.  Fostered a positive work environment by working together with other team members with respect and consideration.  Determined customer needs by asking relevant questions and listening actively to the responses.          Education      High School Diploma  :  General Education   2011     National University Academy  ,   City  ,   State      General Education        Riverside City College  ,   City  ,   State                Skills    cash register, cash register, closing, Computer literate, credit, customer relations, customer satisfaction, customer service, Dependable, inventory, listening, Merchandising, Natural, policies, POS, problem solver, Retail sales, sales, scheduling, servers, shipping, staffing, store merchandising, tables, team player, telephone, verbal communication skills, Excellent written   ","sales associate stylist

stylists must provide excellent customer service and show a passion and knowledge for the breadth of product carried at what goes around comes around they must consistently meet personal sales goals and are an integral part of the stores success stylists should build a loyal client base by converting new customers and turning them into repeat clients they must have a professional and courteous demeanor with all coworkers and customers

responsibilities

selling  client service
 greet all customers and provide excellent and attentive customer service
 consistently sell merchandise from all categories carried in store
 build and maintain a client book
 meet or exceeds personal weekly and monthly sales goals
 meet minimum client outreach requirements

product knowledge
 stylists must consistently build their product knowledge in all areas of the store
 must have a passion and knowledge of current fashion trends
 independently researches and gains knowledge to assist in closing sales

visual merchandising
 must maintain the store standards consistently throughout the day
 fold straighten and adjust product in cases as needed
 assist with inventory and floor sets when required

operations
 keep store at operational and visual standards during the day and after close
 complete opening and closing checklists
 remove unwanted merchandise from fitting rooms
 follow all procedures in the pos system for ringing up sales

capabilities
 passion for sales styling and customer service
 follows all store policies and procedures
 is a team player
 maintains an elevated appearance that is representative of wgacas aesthetic
 record of increasing sales and consistently ranking as a top performer",1
"         PRINCIPAL CONSULTANT       Professional Summary    Financial/Business Analyst with over fifteen years of experience in the financial sector. Proven problem solver specializing in operational workflow designing and streamlining. Deliverer of best practices as Subject Matter Expert in Front, Middle, and Back Office workflows. Innovative thinker in identifying and remedying gaps between business processes and technology. Detailed knowledge of traded financial instruments. Challenge taker, goal oriented, highly motivated, and competent self-starter eager to contribute in a dynamic environment. MBA       Experience      Principal Consultant     Apr 2015   to   Current      Company Name   －   City  ,   State     Conducts presentations, demonstrating best practices, Trade Life Cycle processing, to prospective Capital Markets clients.  Prepares Project Definition that details the scope of work to be done, resources to be deployed, timeframes and benchmarks.  Prepares Gap Analysis outlining deficiencies in current processes and develops Business Specifications that defines a technical solution.  Assesses workflows and recommends alternatives to achieving transparency, efficiency, and a reduction in operational risk for capital market instruments.  Designs accounting schemas, FASB and IFRS compliant, for financial instruments including Fixed Income Securities, Derivatives, FX, Equities, and Commodities.  Provides consulting services, as a subject matter expert (SME), regarding capital market front-to-back processing and financial reporting.         Senior Consultant     Sep 2006   to   Mar 2015      Company Name   －   City  ,   State     Provided Pre-Sales consulting services in Asia, Europe and the Americas, to traders of Interest Rate Derivatives, Fixed Income, Equity, FX, Commodity, and Credit instruments.  Prepared and delivered presentations demonstrating best practices, Trade Life Cycle processing, to prospective Capital Markets clients for Front Arena (Trading STP solution).  Designed workflows for Capital Market clients and Private Banking.  Developed workflows (Trading, Operations, and Treasury) composing of financial instruments including Fixed Income Securities, Interest Rate Derivatives, FX, Equities, and Commodities.  Provided consulting and development services that address Dodd-Frank trading, settlement and clearing regulations.  Prepared and presented accounting schemata compliant with Financial Accounting Standard Board (FASB) and International Financial Reporting Standards (IFRS), including Hedge Accounting (FAS 133 &157, and AIS 39 & FRS 9).  Led buy-side (Hedge Funds and Alternative Investment prospects) operational presentations from life-cycle processing to Fund Accounting.  Provided business specifications and worked closely with developers, analyzing SQL and Python scripts, to achieve the product requirements.  Achievements: Successfully sold in the Latin American and Asian markets through self-training of the local regulatory requirements in Brazil, Mexico, Hong Kong, and Singapore.  Effectively reengaged with less-than-satisfied clients by redesigning their workflow to match their business processes and re-implementing Front Arena.  Significantly contributed to expanding functional capabilities by working the rapid development team, dramatically reducing the time to market.  Enhanced client satisfaction by successfully modeling financial instruments to achieve the optimum Trading and risk mitigation techniques.         Business Analyst     Oct 2000   to   Aug 2006      Company Name   －   City  ,   State     Provided Professional Services (implementations) in Asia, Europe, the Middle East and North Americas Provided on/off site consulting services, conducted gap analysis, created functional design and guidance, system test, and implement OPICS (Operations solution).  Managed Treasury Operations and Trading Desk conversion to OPICS for Fixed Income, Equities, Foreign Exchange, Derivatives, and other instrument types.  Provided implementation services to comply with Hedge Accounting (FAS 133 & 157, and IAS 39 & FRS 9).  Achievements: Enhanced client satisfaction by successfully adapted to working environments in Asia, Central and North America and the Middle East.  Completed implementations, by establishing reconciliation/conversion procedures to confirm with accounting requirements.  Resolved a payment issue, $2.5 million, by designing and implementing a test plan, conducting a system walk-through and comprehensive review of results.  Created requirements documentation and gap analysis, at various banks by reviewing traders' operation and recommending appropriate OPICS solutions.         Report Analyst     Feb 1999   to   Oct 2000      Company Name   －   City  ,   State     Analyzed depository data from domestic and foreign banks that account for 85% of the NY District's money supply.  Supported Open Market Operations (OMO) in forecasting money supply and the Board of Governors (BoG) in implementing monetary policy.  Evaluated new financial products to determine their effect on reporting requirements and money supply.  Achievements: Earned a Presidential Award for a policy adjustment recommendation on the check clearing process that enhances OMO's forecasting ability.  Earned a Performance Plus Award for preparing and delivering segments on Reserve Requirements seminars.  Increased the accuracy of data transmitted to the BoG by creating analytical models that track the flow and trend of depositary data.         Education      MBA  ,   International Finance   1997     St. John's University   －   City  ,   State  ,   USA   International Finance         Accounting   1983     Long Island University   －   City  ,   State  ,   USA   Accounting       Skills      Implementation level knowledge of
Front Arena, Adaptiv, Opics.  Proficient
in Excel, PowerPoint, Word, Access        ","about the job
our client a stable service organization in the red bank area is adding an financial analystassistant controller to their team

in this position the ideal candidate responsibilities include
updating monthly forecast financial modelclosing all accounting modules oversee month end closingsset up gl accountsassisting with annual budget preparationprepare second financial review for all companies financial statementsconduct weekly kpi reportingintercompany reconciliationsprepaid insurance schedulesamortization journal entriesensure proper wip schedulebuild and prepare other reports as needed
the ideal candidate will have the following qualifications
bachelors degree in accountingsage timberline experience requiredstrong excelgaap compliance experienceexcellent communication skillstime management  years experience with month end closings and general ledger maintenance and accounting operations experienceability to be in the office every day",1
"         JEWELRY CONSULTANT           Summary    As you will see on my resume, I have the required experience, education, and training you seek in a candidate.  In addition, I am a military spouse and have a vast understanding of government regulations, policies, and procedures.  I am very competent in managing an organizations financial resources and feel I would be an excellent addition to your company.  
I would like to thank you for considering my application.  I am very excited at the prospect of working for your team.  I am available to meet with you at your earliest convenience to discuss the position and my resume.  You are welcome to contact me at Excellent customer service, administration, organization, and communications skills 
*Ability to multi-task, meet deadlines, work independently, or on a team      Highlights          Microsoft Office Suite;ability to accurately type 40 WPM  Experienced volunteer providing animal care at local shelters; bathed, groomed and temperament tested animals for adoptability              Experience      Jewelry Consultant    September 2014   to   January 2015     Company Name   －   City  ,   State      Greeted and provided front-line customer service to patrons; assisted with product selection, provided information and made recommendations.  Determined customer needs and prepared proposals/products to complete sales.  Marketed services and bundled packages; met and/or exceeded corporate sales.  Assembled displays and arranged merchandise/accessories as shown in sketches; maintained clean and orderly areas and displays.  Performed security/lost prevention procedures in accordance with corporate policies.  Examined merchandise and ensured pricing/display accuracy and product functionality.          Receptionist and Data Entry Clerk    September 2012   to   March 2014     Company Name   －   City  ,   State      Provided administrative support to internal and external customers; answered phones, took messages, provided information, and directed individuals/calls to staff members.  Prioritized/scheduled daily work operations; effectively managed time and resources.  Handled personal data and/or records; ensured integrity of customer account information and sustained compliance with confidentiality and Privacy Act standards.  Completely and accurately documented forms and records in accordance with policies.  Maintained contact with clients until confirmed delivery of goods; effectively resolved customer concerns at the lowest managerial level.  Conducted inventories and ensured asset balance and accountability; labeled inventory and ensured appropriate stock levels were maintained to meet customer demand.  Operated a variety of office automation equipment to include multi-line phone system, scanner, copiers, facsimiles, and shredder.          Child Care Provider    July 2011   to   January 2013     Company Name   －   City  ,   State      Provided direct care to children age's birth through age five in family care setting.  Planned and conducted effective child development programs to meet the physical, social, emotional, and intellectual needs of individual children.  Coordinated age-appropriate play/learning activities aimed at fostering development.  Used appropriate child guidance and care giving techniques; detected early signs of distress and redirected behaviors.  Led and interacted with children in song, games, finger play, and other activities; helped children develop self-help skills such as serving food, zipping jackets, tying shoes, and hand washing.  Prepared snacks and meals using safe food handling procedures and dietary guidelines.  Maintained accountability and safety of children at all times; certified in pediatric, infant, and adult CPR.  Ensured proper maintenance and sanitation of classroom, toys, and equipment.  Experienced working with a variety of personalities and ability levels; skilled at adjusting responses to suit individual needs.  Taught children how to redirect negative behavior through feelings identification, compromise, and communication.          Education      Diploma   :   General Studies  ,   2012    Byron P. Steele II High School   －   City  ,   State      General Studies        Interests    Otero County Animal Control Shelter, Volunteer, Alamogordo, NM        2014 - 2015
Schertz Animal Shelter, Volunteer, Cibolo, TX          2006 - 2014
Future Farmers of America, Member/Volunteer, Cibolo, TX          2009 - 2012
Thespian Club, Member, Cibolo, TX          2008 - 2011      Skills    administrative support, balance, CPR, clients, customer service, delivery, forms, inventory, managerial, Microsoft Office Suite, office automation, phone system, copiers, policies, pricing, proposals, safety, sales, scanner, phones, type 40 WPM      Additional Information      COMMUNITY INVOLVEMENT:
Otero County Animal Control Shelter, Volunteer, Alamogordo, NM        2014 - 2015
Schertz Animal Shelter, Volunteer, Cibolo, TX          2006 - 2014
Future Farmers of America, Member/Volunteer, Cibolo, TX          2009 - 2012
Thespian Club, Member, Cibolo, TX          2008 - 2011     ","working with guests helping them find jewelry that suits their needs and piercing also excellent customer service skills needed we are a division of zales jewelers part time flexible hours available hourly pay plus bonus potential

covid precautions
 plastic shield at work stations
 temperature screenings
 social distancing guidelines in place
 sanitizing disinfecting or cleaning procedures in place

paid training
 yes

management
 store manager
 assistant manager

work remotely
 no

this job is ideal for someone who is
 dependable  more reliable than spontaneous
 peopleoriented  enjoys interacting with people and working on group projects
 achievementoriented  enjoys taking on challenges even if they might fail
 innovative  prefers working in unconventional ways or on tasks that require creativity

job type parttime

pay from  per hour

benefits
 paid time off

schedule
  hour shift
 night shift
 weekend availability

supplemental pay
 bonus pay

covid considerations


ability to commuterelocate
 providence ri  reliably commute or planning to relocate before starting work required

work location one location",1
"         DIRECTOR OF SHIP CONSTRUCTION       Executive Profile    Visionary Operations Executive with solid experience managing all levels of multiple projects including budgeting and administration.  Ambitious Leader who creates strategic alliances with organization leaders to effectively align with and support key business initiatives. Builds and retains high performance teams by hiring, developing and motivating skilled professionals.   A Motivated Change Agent who Leads organizations through Lean Journeys while training, mentoring, and driving results by creating self-directed, autonomous Teams with Organizational Goals in mind.      Skill Highlights          Leadership  Project management  Business operations organization  Budgeting expertise  Employee relations  Self-motivated  Customer-oriented  Lean Implementations  Change Agent      Team Player  Labor Negotiations  Honest  Ethical  Ability to select talent  Multi-unit Operational Experience  P&L Responsibilities  Communications  Teacher            Core Accomplishments      Manufacturing Lead in Labor Negotiations resulting in a multi-million dollar benefit to the company across the term of the agreement, once ratified.  Changed Marinette Marine Module Construction from a static build process to a dynamic build process resulting in schedule attainment and a productivity improvement from 50% to 100%.  The resulting cost improvement has netted savings of $5M per ship.  Lead, Designed, Constructed and Operated a new Module Facility resulting in achievement of baseline schedules and operations at budgeted cost.  Achieved this despite many claims that the process design would never work and it would cost us more to operate in this fashion.  Helped grow a small, privately owned company from $8M in revenue to $20M in revenue in a very competitive market.  Performed this through Lean engagement, Customer Involvement, Employee involvement and drive to achieve the goals we collectively set.  Worked all aspects of Thermasys Corporation until my final role of VP/GM.  During this time, I implemented Lean methods that lead to significant improvements in cost, schedule, quality and safety.        Professional Experience      Director of Ship Construction   07/2015   to   Current     Company Name   City  ,   State       Accountable for Ship Completion prior to launch including Fabrication, Assembly, Paint, Outfitting, Testing, and System completion.  Responsibilities include Ship Construction from First Plate Cut to the Launch of the Ship, Management of Cost and Schedule performance and achievement of Strategic Corporate Goals.  Additional responsibilities include Relationship Building with the Union Membership and Collective Bargaining Unit and Negotiations with the Union regarding upcoming Contract renewal.  Span of control includes 4 ships in various stages of construction, oversight of over 850 Union employees and 61 Area Managers, General Foremen and Foremen.  Lean Methods:  Instrumental in the introduction and implementation of Lean methods.  Results to date include: Lean re-organization of the external areas of the shipyard including removing multiple locations of identical activities reducing travel 		time and creating a much more productive workforce by providing support and resources at Point of Use.  Implementation of Barcoding and improved inventory of materials and equipment for reductions of material loss and quick 	identification of material location for quick response to demand.          Director of Outfitting   07/2014   to   06/2015     Company Name   City  ,   State       Accountable for Ship Completion prior to launch including Outfitting, Testing, and System completion.  Responsibilities included Structural Completion and Module Erection; Insuring all Pipe, Electrical, Insulation, Equipment, and Propulsion Systems are complete and prepared for the next stage of final construction and System testing.  Span of control includes 4 ships in various stages of construction, oversight of over 600 Union employees and 42 Area Managers, General Foremen and Foremen.  Insuring that all Outfitting is done in its sequenced Stage of Construction.  In June 2014, our completion rate of modules prior to module erection was roughly 65%.  It is now in the high 90 percentile and averages 97%.  My Team raised the bar for the level of completion at the time of launch.  Prior ships launched at a level of mid - low 70 percentile, while LCS 9 launched at 84% complete and therefore re-gaining schedule for an on-time delivery.  This level of completion earned the Team significant accolades from the customer along with the company earning a multi-million dollar incentive bonus for achieving this goal  Introduced status boards at Work Centers to communicate performance to employees.  Additionally, we post safety alerts on status boards when accidents occur and speak to each of our crews to insure we are adhering to safe practices and alerting Leadership when they see a problem.          Director of Fabrication and Assembly   11/2012   to   06/2014     Company Name   City  ,   State       Accountable for the Construction of Modules for LCS vessels.  Responsible for the following; Structure, Pipe Fabrication, Outfitting of equipment and Electrical foundations, short and long term manning plans, and cost and schedule performance.  The Structural Trade (Steel and Aluminum) was performing at 50% productivity and losing schedule each day.  Additionally, the team was disjointed and not working as a cohesive unit.  Throughout the transition from poor performance to exceptional performance, I accomplished the following:  1) Immediately cut manning in the Steel Module department from 167 down to 127, with immediate improvement in cost performance and no degradation in schedule.  2) Continued to reduce manning through attrition and the elimination of contract employees to achieve on budget cost performance.  3) Once stabilized, schedule performance began to improve until the group was back on baseline schedule and improvements began to happen daily.  4) Built a solid Team that has continued to improve and is currently operating with 70 employees as opposed 167 and continues to gain schedule and make improvements.  Spearheaded the introduction and implementation of Lean methods.  Results to date include: Implemented 5S program with great success.Everything has a place; Everything in it's place.  Implemented Lean methods in the Pipe shop that resulted in an increased throughput from 250 spools per week 			up to just over 400 spools per week without additional manpower.  Introduced status boards at Work Centers to communicate performance to employee base.  Introduced daily tracking, progressing and daily status to each foreman in an effort to understand how we 			performed each day and what corrections must be made to insure we meet our weekly goals.  As this group stabilized, complaints from our internal customers diminished by 75%.  This was done through open communication of the down stream issues with internal customers and a ""Go and See"" technique so the foreman who performed the unacceptable work could understand how their error effected down stream operations.  Using this technique, coupled with a more clear understanding of quality procedures, quality performance improved greatly saving thousands of hours of unnecessary rework.  Highlighting safety as the most important thing we do as a Leadership Team and working with my direct reports, we managed to create a safer, cleaner and more organized environment, reducing accidents by 50 % in the first year.  This was accomplished through communication and implementation of 5S methods leading to eliminating potential safety hazards.          Director of Outfitting   06/2012   to   11/2012     Company Name   City  ,   State       Accountable for Ship Completion prior to launch including Outfitting, Testing, System completion.  Responsibilities included Structural Completion and Module Erection; Insuring all Pipe, Electrical, Insulation, Equipment, Propulsion Systems were complete and prepared for the next stage of final construction and System testing.  Key strategy in this role was the primary focus on Lean Implementations and Team Building.  During first 5 months at Marinette Marine, I introduced the organization to Lean Methods and began implementing new techniques; predominantly 5S activities.  Instrumental in the introduction and implementation of Lean methods.  Results to date include: Implemented a staging and organization of all Rigging tools and equipment to prevent losses and hours lost 			searching for the necessary tools.  To date, significant hours of time have been saved as a result of the elimination 			searching for tools and equipment for rigging major lifts, module moves and module erections.  Implemented a staging and organization of all safety equipment to prevent the loss and searching for safety 			stantions, line and lead trellis' and other safety related equipment.  Results lead to the reduction of accidents 			related to lack of safety chains, stations, and lead control.          Director of Module Construction   09/2009   to   06/2012     Company Name   City  ,   State       Accountable for the Construction of Modules for LCS and JHSV vessels.  Responsible for all Trades, including Structure, Pipe, Fitout and Electrical, short and long term manning plans, and cost and schedule performance.  After construction of new 370K sq. ft. facility (Phase I), I began to operate the facility and produce modules for the JHSV and LCS Programs for the U.S. Navy.  After commissioning of the facility, the employee base grew from 50 employees to just over 600.  Managed this transition by hiring predominantly low skilled employees and training them from B Class skill base to A Class Skill base.  Phase II (370K sq. ft.) was commissioned in mid-January of 2012.  After commissioning of Phase II, the employee base for that Phase grew from 24 to nearly 550 in 4 short months.  During this time period, cost and schedule performance was improving each week.  Instrumental in the introduction and implementation of Lean methods.  Results to date include: Implemented 5S program with great success.  Everything has a place; Everything in it's place.  Introduced shadow boards assigned to specific area and reduced tool loss by 50%, saving over $1M in lost, damaged or stolen tools.  Introduced status boards at Work Centers to communicate performance to employee base.  Vessel to vessel cost improvement of 30% for 2nd vessel and 15% for 3rd vessel to date.  External survey results have improved significantly vessel to vessel.  Current vessel progressing at a 90+ pass rate on first time surveys compared to roughly 75% on prior vessel.  With the new Module facility on line, we began scribing and cutting modules neat to avoid any interference when erecting module to module.  This has allowed the erection of modules and the completion of the vessels to significantly increase.  Our safety performance is among the best in the Industry.  We have received several Industry awards for our safety performance.  This was done through a collective team effort.          Operations Manager   10/2006   to   09/2009     Company Name   City  ,   State       Accountable for the Construction of LCS and HSF vessels.  Responsible for all Trades, including Structure, Pipe, Fitout and Electrical, short and long term manning plans, and cost and schedule performance.  Was brought on board to help develop a Lean facility and implement Lean methods in a Shipyard environment.  Between Oct.2006 and Nov 2007 began coaching and teaching what it means to be Lean.  This was a huge challenge.  Most employees had not even heard the words, Lean Methods.  Brought on board other knowledgeable employees to help make the transition.  During this time period, we focused on employee involvement in problem solution, continuous improvement in areas in which we were struggling, and training.  Through employee involvement, cross-functional Tiger Teams and true grit, we overcame many issues, which have resulted in great gains on follow on vessels.  Beginning in Nov 2007, I took over as the Project Lead for the new Module Facility.We began with 100 acres of Corps of Engineers Spoils from dredging and created a Lean Facility designed to construct and outfit modules.  Some of our milestone accomplishments were:  Helped to secure federal, state and local funding support for expansions   Worked with Governors' office, Mayors' office and other governmental authorities.  Examples include: Mitigation of wetlands by working with Corps of Engineers. Working with FEMA to remove site from VE zone (designation given to coastal areas). Working with Alabama Department of Environmental Management.   Designed entire facility and had designed validated by external sources  Completed entire 370K sq.ft.facility on time and $1M under budget           General Manager   04/2005   to   10/2006     Company Name   City  ,   State       Accountable for Forestry and Boat divisions.  Responsible for all aspects of the organization including long-term business strategies.  Total revenues of $20M per year.  Developed plan to implement methods designed to aid the company in dealing with significant revenue growth.  For example: Lean methods, Employee involvement in decision making, Supply Chain Management, Team approach, and a hierarchy of priorities, which include 1) Quality, 2) Delivery, 3) Continuous Improvement, all under the umbrella of safety.  Introduced organization to what it means to be ""Lean"".  Results to date include: 40% reduction in overtime.  Instituted a Cost Savings program that recognized $1.7M in real savings.  Improved on-time delivery.  Reduced the amount of field installation issues.  Improved productivity by 44% while headcount remained flat.  Implemented a Corrective Action Reporting system that results in ""True"" root cause analysis and ""Permanent"" Corrective actions.  Introduced organization to Microsoft Project and the benefits of planning and scheduling properly.  Resulted in the ability to deal with delays and disruptions in advance to milestone dates and deadlines.  Began to involve the customer intimately in the planning and scheduling process.  Previously, scheduling delays would not be communicated to the customer base causing significant costs on the customer end, which many times were reimbursed by PSI.  Implemented a Customer follow-up after the installation of a system in order to evaluate the customers' satisfaction and resolve any open issues.  Instrumental in achieving a Revolving line of credit and a Capital line of credit with a large banking institution.          Vice President/General Manager   01/2002   to   01/2005     Company Name   City  ,   State       Accountable for Aftermarket Business Unit of Thermasys Corporation.  Developed and implemented Business Unit Strategies.  Responsible for Aluminum business unit in Montgomery, Alabama and the Copper/Brass business unit in Detroit, Michigan.  Total Aftermarket revenues were $20M per year.  Developed and implemented a plan to move the organization in a Lean direction.  Coached and trained the organization on Lean methodology and the impact it has on an organization.  Implementing Lean Manufacturing and employee ownership of the process led to many improvements:	* Created self-directed work teams.  Led key managers through Lean Manufacturing philosophies.  Improved on time delivery from 60% to 99%, while reducing lead-times from 6 weeks to 3 days.  Reduced external defects by 43%.  Reduced inventory by 50%.  Reduced workforce by 10%, while sales increased by 15% in a mature market.  Increased profitability by 10%.  Restored the brand name to the Aluminum products (Thermal Components).  Focused on growing business by being thebest choice in the industry.  Competitive price, superior delivery and lead-times, and world-class quality and service.  Developed a strategy to move in the direction of Specialty products and focus less on replacement type business.  Strategy changes led to many improvements: Launched 113 new products in 3 years / Added 28 new distributors.  Negotiated a long-term agreement with a distributor for racing products.  Grew sales revenue in a mature market by creating new paths to market.          Operations Manager   01/1999   to   01/2002     Company Name   City  ,   State       Managed day-to-day operations for the Heat Exchanger Division of Thermasys in Montgomery.  Responsibilities included, achieving daily goals and customer commitments and improving operations through Lean methods.  Kaizen Approach to Lean Manufacturing:  Took a very aggressive approach to process improvement through Kaizen activities.  Results of Kaizen events were very favorable: Reduced scrap levels from 6% to 1.5%, resulting in 687K in annual savings.  Daily goals increased from 40% of daily targets to 90+% in the scope of eight months.  Reduced workforce from 189 to 125, while improving productivity and quality.  Increased fill rates from 70% to the high 90%, while reducing build quantities and inventory levels.				* Reduced overtime by 35%.  The Result of the Kaizen Approach on Quality:  Led the Kaizen efforts to improve quality in our products by building quality in the product and processes prior to production launch.  Improved existing product quality by implementing changes brought about by Kaizen efforts.  Implemented Customer Focused Teams in an effort to get operators involved with the customers, resulting in Partnership Status with John Deere.          Manufacturing Engineering Manager   01/1997   to   01/1999     Company Name   City  ,   State       Directed all process related issues and projects for the Heat Exchanger and Tubing Operations.  Managed all aspects of Continuous Improvement for the Plant.  Responsible for insuring processes are robust and maintained.  Project Management:  Managed numerous projects related to process improvements and cost savings activities.  Managed these projects within budget and on time.  Removal of Aqueous Washer:  Project required finding a viable option to off-line washing and manage on-line.  Achieved the goal by using a more process friendly oil that did not require washing.  Implementation of this new oil resulted in the removal of the washer, saving the company over $1M annually.  Elimination of Epoxy Repair:  Project required reducing leaks post-braze, therefore eliminating the need for the secondary step in the process.  Implemented changes that improved first pass leak rate, thereby eliminating the need for epoxy repair.  This project resulted in $500K in annual savings and an improved process flow.  Installation of New Process:  Managed a project that required designing the process, purchasing the equipment, installing the new line and launching it into production.  This product line was an entirely new market for the Heat Exchanger division, and one that has a significant impact on the future of Thermasys.  This process line was installed on time and under budget.  Team Dynamics:  Prior to my role as Manufacturing Engineering Manager, there was no central focus on Process Improvements.  Under my leadership, a dynamic team of Engineers was assembled to attack every improvement opportunity.          Product Engineering Assistant Manager   01/1989   to   01/1997     Company Name   City  ,   State       Led all Product Design activities.  Controlled all Product Designs to insure that these designs would be within current capabilities on the process side.  Expected to design all process fixtures, jigs, and equipment for the products we were designing.  Customer Focus:  Mission was to exceed the customers' expectations within capabilities.  Made sure that the extra steps were taken to insure our customers that Thermasys was their best choice.  Regularly visited with the Technical staff at the customer locations in an effort to insure viability of the design.  Aftermarket:  Designed, prototyped and launched into production a new Ford Aftermarket Radiator product line, which resulted in $2.5M in additional revenue to the organization.  Original Equipment Customers:  Account manager for all John Deere product launches.  My leadership skills enabled us to launch each of their new products on time and within budget.  During my tenure in the Engineering group, Thermasys was one of their best supply partners.  QS 9000 Efforts:  Developed and implemented a document control process incorporating new numbering schemes and controlled document binders in preparation for QS 9000 Certification, which was accomplished in 1996.  President's Award:  Received the Insilco (Holding company) President's Award recognizing my involvement in the design and engineering of a new tube that would result in the existing tubes being obsolete.  This tube profile has revolutionized the Tubing industry enabling end users to take cost out of their materials by reducing gauges.          Education      Bachelors of Science  :   Business Management   2001       Troy State University   City  ,   State       GPA:   GPA: 3.6    Business Management GPA: 3.6          Business   1986       Auburn University   City  ,   State       Business        Associates Degree  :   Drafting and Design Technology   1989       John Patterson State Technical College   City  ,   State       GPA:   GPA: 4.0    Drafting and Design Technology GPA: 4.0        Skills      Relationship building  Problem Solver  Conflict Resolution  Great Organizational Skills  Microsoft Office Professional  Energetic     ","full job description 

commercial construction manager 
johnson creek development is actively seeking a commercial construction manager the selected candidate will manage the overall construction of commercial projects and will supervise a team of subordinates subcontractors and suppliers johnson creek development embraces those with entrepreneurial instincts and forwardthinking views we reward our employees who acquire new clients propose new forms of revenue recruit new high performing team members and explore cutting edge business ventures within the commercial realestate construction market our working environment is fast paced and performance expectations are high however we recognize the importance of family and a healthy balance between our employees personal and professional life 

mandatory requirements
bs in engineering construction management or related discipline preferredhs diplomaged  plus years of experience requiredosha  certifiedexperience managing and estimating commercial projects from  to  with managing union personnelavailability to travel to jobsites in the champaignurbana areaexperience in preconstruction tasks post construction tasks managing change orders and building schedulesability to write and comprehend rfis potential change orders project schedules week outlooks and other project documentsability to utilize microsoft office suite and adobeability to clearly communicate to office owner and subcontractors
primary responsibilities
provide leadership for multiple aspects of controls including costs planning scheduling engineering supervision and management of personnelsupervise project start up project management and entire closeout processmanage submittals rfis qc and punchlist  establish and maintain customer relationshipsaccurate scheduling for job completionconstruction site oversight with weekly site visitsprepare  enforce quality assurance safety and quality control planscoordinate with safety manager to ensure projects meet safety day performance observance period from start datemust be able to work in a multipleproject environmentestablish project objectives policies procedures performance and quality standards within boundaries of company policy and contract specificationsinvestigate potentially serious situations anticipate project delays monitor job site safety and implement corrective measuresprovide daily update progress reports
benefits
this is a negotiable salary positionpaid holidaysmedical dental and visionvehicle provided or reimbursement provided for personal vehicle use for company businesselectronics providedjob type fulltime
pay    per year
benefits
dental insurancehealth insurancevision insuranceschedule
 hour shiftexperience
project management  years preferredwork location remote


",1
"         KIDS CLUB ATTENDANT       Summary     Reliable and friendly  Customer Service and Sales Associate  who quickly learns and masters new concepts and skills. Passionate about helping customers and creating a satisfying experience.        Objective    Seeking part-time/full-time position as a budtender where I can utilize my customer service skills and extensive knowledge in medical marijuana to building long lasting relationships with patients and community members.      Skills      Vast knowledge of strains and their affects  Trimming experience   Professional, friendly and clean    Careful and active listener    Cash handling and POS system knowledge   Microsoft Word literate  Customer service oriented        Experience     07/2016   to   10/2016     Kids Club Attendant    Company Name   －   City  ,   State    Supervise activities of all assigned children in the Kid's Club area and ensures child remains in designated area. Responsible for general cleaning duties in Kids Club including disinfecting toys. Report all member complaints to Kid's Club Supervisor or Operations Manager.       04/2016   to   10/2016     Service Representative    Company Name   －   City  ,   State    Greet all incoming members and guests and ensure all check in procedures are followed. Operate POS system and ensure open/close/break procedures are followed. Promote and sell merchandise.       07/2015   to   04/2016     Retail Sales Associate    Company Name   －   City  ,   State     Helped customers select products that best fit their personal needs.   Maintained visually appealing and effective displays for the entire store.   Replenished floor stock and processed shipments to ensure product availability for customers.         09/2010   to   05/2011     Kindergarten Teachers Assistant    Company Name   －   City  ,   State            Education     2015       Africana Studies    University of Arizona   －   City  ,   State  ,   USA    Attended August 2014 - May 2016.       2018       Kineciology and Wellness    Pasadena City College   －   City  ,   State  ,   USA    Attending August 2016- Present        Certifications     Medical Marijuana Recommendation   Valid        Additional Information    Trimming experience    ","job description
position purpose customer servicesales associates provide fast friendly service by actively seeking out customers to assess their needs and provide assistance these associates learn about products using our tools and provide information to customers in order to sell an entire project

associates in this position will learn how to greet qualify recommend and close every customer in their department and know how to handle basics in adjacent departments customer servicesales associates maintain the instock condition of assigned areas and ensure it is clean shopable and safe each associate has the responsibility of providing a safe working and shopping environment by following all safety policies  standards completing specified safety training immediately correcting hazards  unsafe conditions or reporting conditions to the manager on duty and working safely as not to endanger themselves coworkers vendors or customers

these associates work in cooperation with their department supervisor and other associates in their department as well as other departments specific store departments may include building materials décor electrical flooring garden hardware kitchen  bath lumber millwork paint plumbing and tool rental the customer servicesales position types may include department sales lead generator pro account sales sales specialist special services and customer order specialist

covid update due to the order of the nyc commissioner of health and mental hygiene order all workers in nyc who perform inperson work or interact with the public in the course of business beyond a quick and limited purpose are required to be vaccinated against covid should you accept an offer of employment from the home depot you will be required to provide proof that you are vaccinated against covid to be in compliance with the order if you require a reasonable accommodation due to a medical reason religious reason or because you are a victim of domestic violence sex offenses andor stalking weekly covid testing will be required

web reference  ajf
posted date  wed  jun 

to apply for this position you will complete an application form on another website provided by or on behalf of home depot please note new york jobs matrix is not responsible for the application process on any external website",1
"         FINANCE MANAGER           Summary    Highly organized and detail-focused Accounting Technician with an exceptional track record of accurately handling financial reporting in deadline-oriented environments. Skilled in recording transactions, posting debits and credits, reconciling accounts, and ensuring accuracy and completeness of data. Expertise in developing and delivering monthly, quarterly, and annual financial statements within tight deadlines. Proficiency in managing accounts payable and accounts receivable, generating invoices and monthly statements for clients. Proven ability to identify and implement improvements to streamline processes and increase efficiency and productivity.       Highlights          Microsoft Word, Microsoft Excel, Financial Edge and QuickBooks and able to learn proprietary systems/applications quickly and easily.  Skill Proficiencies  Quarterly Reports  Accounts Payable/Receivable 	*Budget Preparation  Process Improvement	*Financial Statements  Reconciliation                Experience      Finance Manager    November 2009   to   October 2015     Company Name   -   City  ,   State      Prepare schedules and consolidate information for annual budget planning.  Prepare financial statements with budget and actual comparisons using Financial Edge.  Compiles and prepares ongoing cash flow forecasting and needs analysis.  Prepare items and schedules for annual compliance and financial audits.  Prepares account and bank reconciliations.  Obtain bids and proposals as applicable for capital equipment, fixed assets, and services.  Maintain fixed assets files.  Manage credit card assignment and limits.  Prepare and manage job descriptions, orientation and departure paper.  Process background checks for staff and board members.  Maintain personnel files for all employees.  Act as liaison with payroll service to process bi-weekly payroll and maintain paid time off records.             Accounting Technician    October 2006   to   July 2009     Company Name   -   City        Performed double-entry accrual accounting work in order to maintain a combination of journals and ledgers.  Examined, verified, and analyzed a variety of documents including purchase orders, vouchers, payrolls, and property records.  Determined the mathematical correctness, validity, and clerical accuracy of the documents.  Resolved disagreements by contacting vendor, prepared documents with supporting backup, coded documents, and posted to appropriate ledger or journal.  Maintained records to track expenditures for over 30 building projects to ensure budget is not exceeded.  Verified accuracy of over 200 general ledger accounts each month.  Produced and reviewed financial reports.  Excelled within a fast-paced environment, continually taking on increased levels of responsibility.          Owner/Bookkeeper    January 2006   to   July 2006     Company Name   -   City  ,   State      Provided full-charge bookkeeping service to small business owners.  Managed all financial transactions, posted debits and credits, produced financial statements, and recorded all transactions with strict attention to details.  Managed accounts payables, accounts receivables, journal entries, 1099 forms, and tax preparation.  Reconciled and balanced accounts.  Generated monthly statements and invoices for customers.  Prepared financial summaries using Microsoft Excel detailing companies' financial status.  Generated bank deposits, verified and balanced receipts.  Researched and resolved billing and collections disputes.  Served as liaison with Certified Public Accountants.  Assisted clients with administrative duties.  Provided notary services.          Office Manager    April 2003   to   December 2005     Company Name   -   City  ,   State      Established and maintained filing system.  Procured office equipment and supplies.  Served as liaison with subcontractors, vendors, attorneys, accountants, and government agencies.  Maintained excellent customer relations and develop customer rapport.  Diplomatically resolved customers' complaints.  Managed project files to track expenditure and projected completion using Microsoft Project.  Prepared bids for construction projects.  Maintained account payables and account receivables.  Reconciled bank statements and ledger accounts.  Created financial reports using QuickBooks.          Education      Bachelor's Degree   :   Business Administration  ,   1989    University of Central Oklahoma   -   City  ,   State      Business Administration        Skills    accounting, accounts payables, accounts receivables, Accounts Payable, accrual, administrative duties, backup, bank reconciliations, billing, bookkeeping, budget planning, Budget Preparation, budget, bi, cash flow, clerical, credit, clients, customer relations, double-entry, Edge, fast, filing, Financial, financial audits, financial reports, Financial Statements, Prepare financial statements, fixed assets, forecasting, forms, general ledger accounts, government, ledger, Microsoft Excel, Microsoft Project, Microsoft Word, needs analysis, office equipment, payables, payroll, personnel, Process Improvement, proposals, QuickBooks, rapport, tax preparation   ","about the job
our client a stable service organization in the red bank area is adding an financial analystassistant controller to their team

in this position the ideal candidate responsibilities include
updating monthly forecast financial modelclosing all accounting modules oversee month end closingsset up gl accountsassisting with annual budget preparationprepare second financial review for all companies financial statementsconduct weekly kpi reportingintercompany reconciliationsprepaid insurance schedulesamortization journal entriesensure proper wip schedulebuild and prepare other reports as needed
the ideal candidate will have the following qualifications
bachelors degree in accountingsage timberline experience requiredstrong excelgaap compliance experienceexcellent communication skillstime management  years experience with month end closings and general ledger maintenance and accounting operations experienceability to be in the office every day",1
"         CO-FOUNDER / SALES & MARKETING COORDINATOR         Core Qualifications        Microsoft Office: Word, Excel, Access, and PowerPoint
*Proficient with Apple OSX and built-in apps such as Keynote  
*Advanced knowledge of Google Analytics programing
*Well versed and experienced with Facebook Analytics & Ads            Professional Experience     01/2014   to   Current     Co-Founder / Sales & Marketing Coordinator    Company Name   －   City  ,   State      Plan, develop, organize, implement, direct and evaluate the fiscal function and performance Develop a reliable cash flow projection process and report, which includes minimum cash threshold to meet operating needs Recruit, train, supervise, and manage the Brand Ambassador program Maintain and develop social media outlets via Instagram, Twitter, SnapChat and Facebook Daily usage and advanced understanding of Google Analytics, & Facebook ads/analytics Purchasing goods and forecasting sales projects for each quarter Enhance and/or develop, implement and enforce policies and procedures of the organization by way of systems that will improve the overall operation and effectiveness of the business Evaluate the impact of long range planning, introduction of new programs/strategies and regulatory action Improve the budgeting process on a continual basis through education on financial issues impacting budgets Market brand regularly at athletic/fitness events to generate brand awareness and gain market share.         01/2014   to   06/2015     Graduate Assistant    Company Name   －   City  ,   State      Assist in promoting, supervising and evaluating the RecSports facilities and related operations *     Take place in recruiting, hiring, training, supervising and evaluating student employees Responsible for managing and scheduling a staff of over 100 employees Aid in maintaining accurate fiscal and student payroll records Support in participation statistics, accident reports and assessment research Create and implement marketing plan for various facilities on campus Support in inventory control and maintenance of equipment for all RecSports facilities Purchasing and inventory of checkout equipment and staff uniform Enforce facility policies and procedures consistently to all participants Ensure adherence to departmental safety/risk management procedures Updating facility policies and procedures and review of National Standards on a yearly basis Planning, coordinating and supervising programs and special events in RecSports facilities.         08/2013   to   01/2015     Development Assistant Tennessee Fund    Company Name   －   City  ,   State      Develop relationship between donors and athletic department Worked game day events for various sports to market Athletic programs Generate opportunities and revenue to enhance athletic department Create marketing campaigns for athletic facilities at The University of Tennessee Solve problems with ticketing and parking disputes by athletic donors Research and enhance productivity within the department.         07/2011   to   08/2013     Assistant Rental Manager    Company Name   －   City  ,   State      Manage profit-and-loss reports, control expenses, and implement comprehensive business development and marketing plans Weekly marketing and sales call to area accounts Top regional performer in sales, customer service, and generating corporate leads Manage, shape, and develop my employees' careers with the company Responsible for choosing, interviewing and hiring part time staff; while supervising, teaching, evaluating and developing full time employees Decreased costs through reduction in bad debt, decrease in payroll, control of fleet costs, and mitigated unneeded expenses Responsible for over one million dollars in assets Accountable for locating vehicles when find ability and pay ability are lost on a car Managing proper underwriting on rental contracts.         06/2009   to   06/2011     Senior Recreation Leader    Company Name   －   City  ,   State      Planned and led instructional sport programs for participants enrolled in the program Developed new marketing strategies such as displaying flyers of the programs offered around the community to increase enrollment Accepted a special project focusing on the marketing of the programs and helped develop a new program guide Implemented creative ideas to get children motivated to participate in camp activities such as granting prizes to the children who obey commands throughout the day Instructed adapted recreation programs for special needs individuals Worked in the Community Programs Main Office answering calls, enrolling participants into our programs, and help with the scheduling of office staff members.          Education     May 2015     Master of Science  :   Sport Management    THE UNIVERSITY OF TENNESSEE   －   City  ,   State      Sport Management            Master's      THE OHIO STATE UNIVERSITY   －   City  ,   State      Brand Awareness for Startup Companies: Avenues for Building and Sustaining Brand Awareness       June 2011     Bachelor  :   Recreation & Sport Leadership Business Administration/Marketing    Recreation & Sport Leadership Business Administration/Marketing        Work History            Company Name                      Company Name                  Certifications    First Aid/CPR/AED Certified 
*First Aid/CPR/AED Instructor Certified      Interests    One year of collegiate football experience at Ohio Northern University (2007-2008)
*Instructed NFL FLAG Football programs through the YMCA (2004-2007)      Skills    Ads, Apple, budgeting, budgets, business development, cash flow, contracts, CPR, customer service, special events, financial, First Aid, forecasting, Google Analytics, hiring, Instructor, inventory, inventory control, Managing, marketing plan, marketing plans, marketing strategies, marketing, Market, marketing and sales, Access, Excel, Microsoft Office, Office, PowerPoint, Word, payroll, policies, profit, Purchasing, recruiting, Research, risk management, safety, sales, scheduling, statistics, supervising, teaching, underwriting      Additional Information      One year of collegiate football experience at Ohio Northern University (2007-2008)
*Instructed NFL FLAG Football programs through the YMCA (2004-2007)     ","overview

were excited to be looking for a growth marketing specialist to join our team in this role youll scale our fastestgrowing ecommerce strategy by strengthening existing and building new relationships with affiliate partners through social search affiliate email product and analytics all in an effort to share our mission of bringing comfort and convenience through the information revolution

youre the perfect person for this role if youre passionate around boosting brand awareness are excellent at building and maintaining relationships and are excited to work alongside our bestinclass growth marketing team to help grow our brand

what youll do
 own all aspects of paid social across platforms including facebook and instagram including ideation setup execution reporting and optimization
 manage budgets and drive campaigns to sales and revenue targets
 respond to all inbound affiliate requests and onboard new partners
 collaborate with the current creative marketing analytics and product teams to scale test and grow revenue
 proactively increase the scale and effectiveness of campaign performance

qualification
  years experience actively managing biddable campaigns and ideally a specialist in paid socialsearch
 experience launching roi positive for an ecommerce business
 analytical mindset with the ability to optimize campaigns based on data and solve complex problems
 experience in a very fastpaced startup environment with the ability to quickly get up to speed iterate and take on different projects
 experience launching new accounts including building tracking scaling and optimizing
 experience in tracking multivariate attribution ab testing and campaign reporting
 ability to work independently
 strong attention to detail and organization skills",1
"         ACCOUNTANT       Summary    To achieve a job as an Accountant that utilizes my accounting, communication, analytical & leadership skills.      Highlights          MS Office (Excel, Word, PowerPoint), SAP R/3, Adobe Reader, QuickBooks, Lacerte, Prosystems & Tax base  Accounts Payable Processes & Management  Invoices/Expense Reports/Payment Transactions  Corporate Accounting & Bookkeeping  Finalization of Trial Balance & Balance Sheet/Income Statement.  Spreadsheets & Accounting Reports  Tax Reporting, Planning & Filing of returns.  Handle Customer Relations.  Journal Entries & General Ledger  Bank Reconciliation & General Ledger.  Teambuilding & Staff Supervision                Experience     09/2014   to   Current     Accountant    Company Name          Working for all Clients in USA Implemented Quickbooks Accounting v.  2013 and 2016 for all the Companies including but not limited to chart of accounts.  Implemented Quicbooks payroll v.2016 from scratch Working on processing of journal entries, accounts  payable & receivables using Prosystems software.  Bookkeeping of small and midsized companies Worked on bank reconciliation, cash management and financial statements analysis.  Preparation and finalization of federal and multi state tax returns for Individuals & Corporate using Lacerte software.  Worked on preparing and processing payroll returns and sales and use tax returns Worked on preparation of W2's and 1099.  Lead  in finalizing monthly and yearly accounting closing entries.  Perform MS Office Excel spreadsheets and databases for financial reporting for financial reporting.  In process of learning VLookup and Pivot table.  LeadForus, Nonprofit Organization							   Apr'14- Nov'14 Working on processing of accounting entries.         06/2013   to   11/2013     SAP Consultant    Company Name          Configured G/L Masters, Accounts Payable, Accounts Receivable, Cash Journals, House banks, Chart of Accounts, Posting Keys, Customer/Vendor Accounts Groups, & Customer/ Vendor Masters Creation.  Created Input /Output Tax & Withholding Tax, Company Specific Code (Z Code), COPA (Costing Based Profitability Analysis) & Number Ranges.  Defined Fiscal year variant, Posting periods, Tolerance groups, Document types & number ranges.  Worked on creation of new Vendor Account & Vendor Master & created monthly MIS reports.  Posted Incoming Invoice & made payments.         02/2011   to   05/2013     Financial Analyst    Company Name          Worked with multiple clients performing two part role: as an auditor & tax preparation.  Conducted Audit for various clients.  Identified key operational risk factors of clients and suggested focus approach to mitigate the risk.  Carried analytical procedures like comparing financial ratios to industry standards to evaluate performance.  Reconciled sub-ledger & general ledger account balance.  Performed due diligence for a private equity client to understand & evaluate a potential business.  Lead for a project of Private Equity which involved work like setting up Companies & LLP's, preparing structure of the entities & valuation report, valuation of funds & client coordination.  Prepared, Finalized & filed tax returns.  Prepared & Reconciled journal entries, balance sheets & Income statement of various clients.  Maintained accurate account & data reconciliation including sub-ledgers, journals & other financial documents.  Lead as a coordinator with the internal auditors of various clients.  Overviewed day to day operations of finance & secretarial department.  Involved in recruiting, training, supervising & evaluating department staff.         04/2009   to   12/2010     Accountant    Company Name          Reconciled journal entries & lead as coordinator with the internal audit team.  Worked on Merger/Amalgamation, prepared agenda, notice, annual reports to compile Annual Account Prepared balance sheets & Income statement of various group companies.  Worked as a liaison officer for Stock Exchange, Bankers, Solicitors & other external regulators/government bodies for mergers/acquisitions, agreements, dematerialization of shares.  Worked as a legal member in preparation of Code of Conduct for a company & Drafting Agreements.  Interacting with clients to resolve their complex issues & guide on tax planning & business valuations.  Worked as a Support Officer to redress investor grievances.  Worked as a team leader in preparation of MIS Reports /control charts for shareholding pattern & directorship details for Foreign Companies.          Education          Pursuing Certified Public Accountant (CPA), Boston, MA  			     CPA Candidate      University of Mumbai   －     State  ,   India           Mar'11     LLB  :   Law      City    India    Law            Labor Laws, Constitutional law, Contract Act, Environmental law, Interpretation of Statues, Public Intern-ational law, Business Law, Company Law & Intellectual Property Rights.                  Company Secretary    					 Jun'07-Dec'10	
Courses: Company Law, Economic laws, Tax Laws, Cost & Management Accounting, Information Technology & Systems Audit, Corporate Restructuring, Valuation, Drafting, Financial, Treasury & Forex Management, Labor law, Secretarial Audit, Due Diligence.      Institute of Company Secretaries of India (ICSI)   －     State  ,   India           Mar '08     Bachelors  :   Commerce    University of Mumbai   －     State  ,   India    Commerce            Financial Accounting & Auditing, Business Management, Economics, Management Accounting, Cost 
Accounting, Export, Business Communication, Business Development, Tax Management & Business law.              Skills    Accounting, accounts  payable, Accounts Payable, Accounts Receivable, acquisitions, Adobe, approach, Auditing, Trial Balance, balance, Balance Sheet, balance sheets, Bank Reconciliation, Bookkeeping, Business Communication, Business Development, Business Law, Business Management, cash management, charts, closing, Corporate Accounting, Cost 
Accounting, Costing, Certified Public Accountant, CPA, client, Clients, Customer Relations, databases, Dec, Drafting, Due Diligence, Economics, Equity, Expense Reports, Filing, finance, Financial, Financial Accounting, financial reporting, financial statements, focus, Forex, funds, General Ledger, government, Information Technology, Intellectual Property, internal audit, Interpretation, Lacerte, team leader, Teambuilding, ledger, Law, legal, MA, mergers, Excel spreadsheets, Excel, Exchange, MS Office, PowerPoint, Word, MIS, processing payroll, payroll v, Pivot table, Processes, QuickBooks, Quickbooks Accounting v, recruiting, Reporting, sales, SAP R/3, Secretarial, Spreadsheets, Staff Supervision, supervising, Tax Laws, tax planning, Tax, tax preparation, tax returns, Treasury, Valuation, annual reports   ",we are looking for a senior accountant job requirements responsibilities accounting  assist in the monthly accounting close procedures including proper periodend cutoff and accounting close schedule  maintain general ledger processing  prepare and enter monthly journal entries reconcile monthly transactions for accuracy and completeness  perform bank reconciliations and cash postings  reconcile and post credit card transactions to the appropriate accounts  maintain prepaid expenses and associated amortization schedule reporting  analysis  assist in preparation of the monthly financial reports for the bank and the management  kpi reporting audits  examinations  assist with annual external review and semiannual bank field exam complete requested materials assist in preparing assigned schedules  assist controller with regulatory reporting  works with the cfo to streamline procedures identify and correct issues and improve efficiencies participate in various projects qualifications  undergraduate degree in accounting or finance  public accounting firm andor corporate accounting experience  minimum of  years of related work experience  possess a working knowledge of us gaap  high level technical skills in excel  excellent analytical and communication skills  experience with netsuite and quickbooks accounting systems  staffing industry experience is a big plus,1
"         DIRECTOR OF ENGINEERING         Summary    Director / Vice President of Operations, Engineering, & Supply Chain
          Industries: Capital Goods Manufacturing, Gaming, & Technology
          Consistent on time product launches during company's largest growth period
          Successful implementations of lean factory methodology
SUMMARY
12 years manufacturing, operations, engineering, GSC, NPI/NPD, project management, ERP systems,
configuration management, data analytics, and business intelligence. Skilled at mixed model, cellular
production, lean factory, data-driven KPI's, for electromechanical manufacturing, with progressive increase in
leadership responsibility and a proven record of culture turnaround and team performance      Highlights          OMNEX, '16  High Performance Leadership Toolkit, '14  Crucial Conversations, VitalSmarts Inc.  12; Microsoft Project  Management Essentials, '11  Microsoft SharePoint Essentials, '10  Technology Skills  AutoCAD, Siemens PLM, SolidWorks PDM  Tableau, PowerBI, Cognos, TM1  MS Access, Project, Visio, SharePoint Designer  JIRA, Confluence  MS Dynamics AX & GP, Epicor  Published Inventor - USPTO #8,684,847, commercialized $1m revenue per year                Experience      Director of Engineering  ,   01/2004   to   01/2016    Company Name   －   City  ,   State      Capital goods manufacturer, software developer for hospitality & gaming, $1b sales, 3k employees
Major customers: Las Vegas Sands, MGM Resorts, Caesars Entertainment, Wynn Resorts, Boyd Gaming
    '14 - '16     Director of Manufacturing Engineering (Operations Engineering)
    Reported to VP Operations, 3 direct report teams, 15 indirect engineers, analysts and technicians
    Directed all product launches, training, system controls, capital equipment, and product compliance
    Administered strategic planning and management of department P&L, OPEX $5m and CAPEX $2m
    Key Contributions & Accomplishments.  Product Launch output doubled YOY, matching quality & on time delivery, with same resources and
       multiple supplier sites in East Asia and Latin America, achieved through greater process rigor - design
       and process FMEA for past 3 product cycles, and instituted project MIS for global reporting.  Presented
       semi-annually to BoD, ELT, and Investors/Analysts on NPI/NPD strategies and initiatives.  Lean Manufacturing implemented saving $200k (5%) inventory, 15% increase production capacity,
        directing kaizen lead events Operations-wide, redesigning production/warehouse to mixed-model one-
        piece flow, reducing quality defects 95% YOY, all in 1/3 the same space.  Customer Service quality level defects down from 65% to below 1%, developing real-time KPI's with
        continuous feedback loop creating a new standard of service excellence.  Employee Development & engagement increased 20% YOY, by coaching direct reports, mentoring
        people leaders with a system of accountability, independent work ethic, and continuous improvement
    '12 - '14     Senior Manager of Enterprise Resource Planning (Configuration Management)
    Reported to , 6 direct reports, programmed and maintained all ERP system controls
    for company operations, 1 million SKUs, 25k product orders and 50k service orders per year
    Key Contributions & Accomplishments.  Configuration Management expansion tripled product line support realizing additional $50m revenue,
       utilizing 170 dimensions and 180,000 total variables
Cole S.  Grundstedt - Page 2          cole.grundstedt@gmail.com.  1 (702) 353-0976.  Order Fulfillment system streamlined increasing quarterly direct sales 16%.  Doubled output for
        outgoing service orders, merging 2 enterprise systems & eliminating data redundancy.  Business Intelligence forecasting solution developed, reducing inventory carrying costs by 20%,
        increased customer quality by 60%, increased demand visibility 12-fold.  Strategic Planning decision analysis led for global ERP core system migration budget of $10m
    '09 - '12     Manager of New Product (Project Management & NPI/NPD)
    Reported to , 5 direct reports, oversaw project managers liaising with engineering,
    operations, & service departments, timely launch of new product, procedural training, & data distribution
    Key Contributions & Accomplishments.  Program Management partnership with Global Marketing accelerating NPI time-to-market by 70%.  Industrial Engineering CMM program implemented reducing outages by 96%.  Systems Management automation tracking program developed reducing service fulfillment 30%.          Senior New Product Engineer, Manufacturing Engineer, and Project Manager  ,   01/2004   to   01/2009    Company Name   －   City  ,   State      Supplier quality defects
    driven to 4-year low creating supplier scorecard, qualifying suppliers on 4 continents.  Project managed
    customized product for 3 corporate accounts earning $15m in sales.  Production capacity increased 33%
    by launching cellular production method using one-fifth the space.          Performance Assessment Intern  ,   01/2002   to   01/2003    Company Name   －   City  ,   State      Data Center Network Engineer) - built & maintained 50 servers, 10
    RAID5 disk arrays & three 20kVA UPS stacks, developing PM schedule for 85% downtime reduction.          Education      Master of Business Administration  :  Finance and Marketing  ,  09    University of Nevada          Finance and Marketing Magna Cum Laude, top 5% of class        Bachelor of Science  :  Industrial and Systems Engineering      University of Southern California   －   City        Industrial and Systems Engineering 4-time Dean's list        Professional Affiliations    Certified Project Management Professional (PMP)®, Project Management Institute (PMI) · Member  Beta Gamma Sigma
        Business Honor Society · Member IEEE Engineering Management Society · Member NESA National Eagle Scout Association
Professional training
        DFMA, Design for Manufacturing and Assembly, OMNEX, '16 · GD&T, Geometric Dimensioning and Tolerancing,      Skills    AutoCAD, automation, budget, Business Intelligence, CMM, coaching, Cognos, Configuration Management, continuous improvement, Customer Service, decision analysis, delivery, dimensions, direct sales, directing, ERP, Enterprise Resource Planning, forecasting, Global Marketing, Industrial Engineering, inventory, Latin, Leadership, Lean Manufacturing, Director, market, mentoring, MS Access, MS Dynamics, Microsoft Project, Microsoft SharePoint, SharePoint, migration, MIS, enterprise, Network Engineer, PDM, PLM, Program Management, Project Management, quality, RAID5, real-time, reporting, sales, servers, Siemens, software developer, SolidWorks, strategic planning and management, Strategic Planning, Systems Management, Tableau, Employee Development, Visio   ","rsms operations and supply chain consulting practice helps midmarket organizations refine strategy and effectively execute operations to directly impact profitability cash flow reduce risk and enable growth rsm has an exceptional career opportunity to join our exciting growing and entrepreneurial consulting practice the ideal candidate will bring deep consumer andor industrial products knowledge and insights gained through industry and prior consulting experience

our approach is pragmatic timely and solutionsbased our teams of professional consultants are handson and collaborative working with clients to understand their problems and develop innovative solutions to overcome barriers to success our practitioners bring deep functional technical industry and project management knowledge to each client engagement we take pride in our ability to collaborate with our clients employ proven methodologies and draw on our broad base of knowledge and resources to achieve excellent results by investing in an outstanding blend of people technology innovative ideas and proven methodologies  all backed by the integrity of our brand  we create a high level of quality and value not easily duplicated our desire to be the best can translate into excellent results for our clients

the ideal candidate will have experience leading performance improvement initiatives in two  or more of the following
 manufacturing plant consolidations product line transfers iotmanufacturing  plant layout production flow
 business operating models process transformations cost takeout
 lean six sigma
 transportation
 quality management
 logistics and distribution warehousing network optimization
 sales  operations planning inventory management demand planning
 strategic sourcing procurement vendor management
 mergers and acquisitions carve outs synergy operations due diligence merger integrations
 scenario modeling and data analytics
 customer experience profit analytics pricing
 erp crm wms tms
 big data and statistical analysis

responsibilities
 management of complex initiatives and oversight of engagement quality
 business development networking proposals and developingsupporting marketing content
 manage engagement economics  proposal budgeting and pricing margin management billing risk management
 effective management coaching and development of people  providing timely and actionable feedback assistance with recruitment and retention
 developing and maintaining excellent client relationships including demonstrated track record of directly interfacing with csuite executives andor private equity partners
 quickly identifying business drivers and prioritizing work efforts
 interfacing with linelevel employees and executives in a seamless manner
 developing meaningful insights from data opinions observations interviews and facilitated workshops

basic qualifications
 bachelors degree required mba a plus
  years of professional consulting experience or relevant industry experience prior consulting experience is highly preferred
 excellent critical thinking skills and ability to solve complex business problems through fact gathering business process mapping and data analysis
 ability to deal effectively with ambiguity
 excellent verbal and written communication project management and organization skills
 client service and relationship building skills
 must be a team player demonstrate attention to detail and problem solving skills able to effectively work independently and in a team environment
 willingness and ability to travel 

preferred qualifications
 mba
 apics certifications cpim cscp
 project management certification pmp
 lean six sigma trained

you want your next step to be the right one youve worked hard to get where you are today and now youre ready to use your unique skills talents and personality to achieve great things rsm is a place where you are valued as an individual mentored as a future leader and recognized for your accomplishments and potential working directly with clients key decision makers and business owners across various industries and geographies youll move quickly along the learning curve and our clients will benefit from your fresh perspective

experience rsm us experience the power of being understood

rsm is an equal opportunityaffirmative action employer minoritiesfemalesdisabledveterans

job id  diego

line of business consulting services

subfunction mc supply chain and operations

job type fulltime

req   diego

location san diego ca us

region southeast region

job category business consultingtechnology

employment type experienced

degree required bachelor

travel yes",1
"         INCLUSION TEACHER       Professional Summary    Highly motivated and student-focused educator with a key focus on the individual needs of students. Offers a comprehensive knowledge of special education requirements and behavioral modification practices. Empathetic professional who is accommodating to the development of lesson plans. Stimulates interests in learning. Employs differentiated learning methods. Proven track record of success in increasing students' knowledge with a desire to maintain excellence in education. Offers key success in providing instructions and consulting expertise.
* Interventions & Behavioral Control
* Technology Integration & Analysis
* Educational Principles & Formulas	* Develops and Implements Lesson Plans
* Communications & Interpersonal Skills
* Classroom Management & Assessment	* Special Education/Teacher for the Visually Impaired
* Elementary & Secondary School
* Transition and Social Assistance      Core Qualifications          Proficienct              Experience      Inclusion Teacher   01/2010   to   01/2011     Company Name   City  ,   State       Provided instruction to students within the special education classrooms; designed curriculum to support the intellectual, physical, social, and emotional needs of students.  Created assignments and examinations for all students and implemented Individualized Education Plans; administered tests and scored homework.  Worked closely with teachers, administrators, and social workers; updated and maintained confidential student files and communicated progress and requirements.  Produced progress or status reports for parents or guardians.  Authored the annual Individualized Education Program and re-evaluation criteria for students within the special education classrooms; maintained compliance with strict requirements and best practices.          Teacher / Special Education /Teacher Behavior Specialist   01/2005   to   01/2012     Company Name   City  ,   State       Formulate curriculum-based plans to maximize student productivity, potential, and knowledge within special education classrooms; provide world class education in the daily living skills and general education subjects, including English, reading, and writing.  Collaborate with the cross-functional teams, including administrators, testing specialists, and counselors to develop and implement plans to meet the needs of all students.  Work closely with parents to promote at-home learning and independence; provide referrals to external resources.  Developed interventions, functional behavior assessments, and behavioral plans; fostered a positive and safe educational environment and controlled the behavior of children; executed direct programs.  Planned, coordinated, and led new activities within the classroom; integrated instruction, work time, and demonstrations, providing each student with the opportunities to observe, explore and question.  Coordinated the transitional activities with parents, educators, and service providers; implemented customized plans based on the direct needs of students and collaborated with internal/external staff.  Execute Individualized Education Plans for visually impaired students; evaluate medical records, conduct vision assessments, and provide consultation and technical support.          Occupational Teacher   01/2005   to   01/2010     Company Name   City  ,   State       Analyzed and identified the individual and collective needs of all students; assessed performance deficiencies and ensured successful execution of practices.  Developed and implemented Individualized Education Plans to meet the individual requirements of each student; fostered a stimulating learning environment to facilitate the growth of students and maximize academic potential.  Established and executed behavioral expectations or consequences and initiated key interventions as necessary; ensured compliance with classroom standards.  Provided one-on-one and group lessons for students; pinpointed and addressed the direct learning requirements of students and communicated with all parents and internal staff to stimulate interests.          Speech Therapist   01/1991   to   01/2005     Company Name   City  ,   State       Developed and implemented individualized speech therapy plans; coordinated treatment sessions, oversaw communication progression, and adjusted plans as necessary to achieve optimal results.  Maintained accurate and detailed records of students and performed evaluations.  Worked closely with classroom teachers and administrators to communicate key requirements and create instructional plans; maintained confidentiality in highly sensitive matters.  Collaborated with student's service providers and generated community referrals.  Sourced and selected appropriate technologies and materials to meet the requirements of students; maintained contact with parents to ensure proper integrations of devices in the daily lives of children.          Education      Master of Science degree  :   Special Education Preschool Handicapped Children    Hampton University   City  ,   State       Special Education Preschool Handicapped Children        Master of Science degree  :   Education        Education        Bachelor of Arts degree  :   Special Education Hearing Impaired Children    Hampton University   City  ,   State       Special Education Hearing Impaired Children        Bachelor's BA degree  :   Special Education / Hearing Impaired completed        Special Education / Hearing Impaired completed          Interests    Daycare Children Tutor - Reading and Language Arts
*After School Program Tutor - Grades 1 through 5      Skills    academic, consultation, Educator, English, functional, instruction, materials, progress, reading, speech therapy, Teacher, technical support, vision      Additional Information      Volunteer Experience and Community Affiliations
*Daycare Children Tutor - Reading and Language Arts
*After School Program Tutor - Grades 1 through 5     ","job description

program coordinator position in the nisonger center to implement academic and internship college programs with faculty families and community organizations for students with disabilities as part of the transition program collaborates with faculty and instructors to develop access for students in university courses aligned with their interests abilities and needs implements monitors and enforces academic and policies and procedures management for students in courses and the academic center implements and monitors studentcourse matching process collects data and summarizes evaluations from faculty teachers and peer mentors to monitor the progress of students supervises including interviewing training and evaluating a cohort of peer mentors each semester reviews and recommends training to meet student needs advises students on selecting courses to enhance academic skills including oversight of accommodations and modifications of specific course assignments participates in personcentered planning meetings and implements actions steps plans prepares and teaches a cohort of tops students annually according to the university academic schedule and other duties as assigned

advise tops students through the course selection process course sequencing and identifying and utilizing necessary accommodations and modifications

plan prepare and teach a cohort of tops students annually according to the university academic schedule

oversee cohort of undergraduate students supporting tops students in all areas of the program including recruiting training and supervising

performs tasks such as data collection synthesis and interpretation for reporting billing and research purposes

minimum education required

bachelors level degree or equivalent combination of education and experience with a major in special education or social work

additional education desired

masters degree or equivalent combination of education and experience with a major in special education or social work

required qualifications

bachelors degree in special education rehabilitation or social work or an equivalent combination of education  experience required experience in program planning  administration required preferably in the area of education  transition of students with disabilities experience working wstudents with disabilities rehabilitation counseling and instructional design background required strong writing and technical skills required experience developing educational curriculum and materials preferred requires successful completion of a background check qualified candidate may be requested to complete a preemployment physical including a drug screen

regular  first shift",1
"         CUSTOMER SERVICE ADVOCATE II           Summary     Qualified Lead Customer Service Representative with 16 + years in fast-paced customer service utility office environment and Affordable Care Reform. Personable and professional under pressure. At the utility company I was responsible for the day in and day out operations of a busy utility office as both lead customer service representative and assistant to my local manager. I handled everything from time sheets for the entire office to payments made by our customers. For the last six months I have been employed with Kelly Services and worked in MarketPlace Operations at BlueCross BlueShield where I provided accurate, prompt and courteous responses to all inquiries by members internal and external , agents and providers. I handled inquires that required extensive research, coordination with other departments and accurately documented information. Received positive feedback from members, agents and management regarding work performance.         Highlights          Exceptional communication skills   Filing and data archiving   Creative problem solver   Professional phone etiquette   MS Windows proficient   Customer service-oriented   Quick learner   Flexible   Proficient in cash management   Works well under pressure   Credit card processing   Appointment setting   Advanced clerical knowledge   High level of accuracy   Strong account analysis skills   MS Office expert Self-sufficient   Committed to maintaining data integrity   Excellent time management skills   Independent worker Detail-oriented   Computer proficient   Expertise in invoice and payment transactions PowerPoint knowledge PeopleSoft expert      CES System   Claims Experience  SEIN  SEIU  FIPS  PIRS  Aclaims  Ebill  Call Center              Experience      Customer Service Advocate II    October 2014   to   March 2015     Company Name   －   City  ,   State     I worked at MarketPlace Operations at BlueCross BlueShield where I provided accurate, prompt and courteous responses to all inquiries by members internal and external , agents and providers in a call center setting. I handled inquires that required extensive research, coordination with other departments and accurately documented information.  I worked using the CES system along with Aclaims, Ebill, PIRS, FIPS , SEIU, RMIM, RMIH, and INFP's. I received positive feedback from members, agents and management regarding my work performance.           Customer Service Representatives    November 1998   to   September 2014     Company Name   －   City  ,   State     Responsible for entering all payments for the office every day. The money amount was a high as $25,000 some days. Answered an average of 200 call per day by addressing customer inquiries, solving problems and providing information about their utility service. Greeted customers entering the office and addressed their needs with billing, payment or setting up their utility accounts. Entered time sheet information for all employees at our local office and scheduled meetings for manager. Responsible for all paperwork turned in by employees that need to be entered for company and OSHA requirements. Responsible for all statistical information required on a monthly basis by our corporate headquarters. Responsible for entering all information pertaining to inventory of equipment, scheduling any transfer or pick up of equipment. Handled all invoices and payment to vendors for the local office. Handled daily heavy flow of paperwork and cooperated with the accounting departments on invoicing and shipping problems. Set up and explained utility accounts to new customers. Responsible for emergency situations with customers and making sure information has been given to the proper person to resolve the problem. Responsible during emergency weather or hazards to be on site at work to help with customer needs. Described products to customers and accurately explained details about the programs that were offered. Investigated and resolved customer inquiries and complaints in a timely and empathetic manner. Participated in physical inventory counts every quarter.         Education      High School Diploma   :   Education. I      Coastal Carolina University   －   City  ,   State  ,   US     High School Diploma: Coastal Carolina University - Conway, SC I attended Coastal Carolina University with a major in Education. I left one semester before finishing my degree due to family obligations.  My last three semesters I earned 4.0 each semester. My GPA was 3.6 when I left school.                     Skills     Accounting, Accounts To, Basis, Billing, Customer Inquiries, Customer Service, Inventory, Invoices, Invoicing, Payments, Receptionist, Retail Sales, Scheduling, Shipping, The Accounting, Account Analysis, Archiving, Cash, Cash Management, Clerical, Credit, Credit Card, Customer Service Representative, Data Archiving, Data Integrity, Detail-oriented, Etiquette, Filing, Forecasting, Invoice, Ms Office, Operations, Peoplesoft, Phone Etiquette, Powerpoint, Problem Solver, Time Management, CES, Claims, PIRS, FIPS, Ebill, Aclaims, RMIM, RMIH, SEIU    ","this job handles customer inquiries by telephone andor email andor in person from individual members groups providers and brokers in a customer service center troubleshoots and resolves customer complaints ensures that responses to inquiries are completed timely and according to established service and quality standards

job requirements
 handle incoming customer service calls
 dispatch incoming customer phone calls
 accept customer calls and return customer
 maintain customer service related information for customer accounts
 ensure quality customer service and customer satisfaction
 maintain customer service voicemail and return customer calls
 provide customers with superior customer service
 provide customer service for internal customers
 capturing customer information and answering customer inquiries
 resolve inbound customer calls regarding account
 take customer orders and provide highquality customer service
 make out going customer service calls
 work with customer service manager to ensure proper customer service
 resolve any customer service issues
 answering inbound calls and providing excellent customer service
 provide customer support and handling customer inquiries
 combining excellent customer service skills
 assure quality customer service to all customers
 provide exceptional customer service to all customers
 provide superior customer service with all customer interactions

benefits include

paid time off

paid training

medicaldentalvision insurance

 plan

opportunity for advancement

competitive starting wage

work in the comfort of your home",1
"         ACCOUNTANT         Summary    Experienced, highly motivated work ethic, with results-driven professionalism, recognized for commitment to excellence, and demonstrates expertise in communicating and collaborating with, peers, and clients. Portrays excellent business acumen, and successfully provide accurate Accounts Receivables, Collections and Accounts Payable initiatives that achieves targeted company goals. Self-motivated professional, able to work independently or in a team environment, demonstrating broad based and transferable qualifications.      Highlights         Extensive knowledge of Microsoft Windows computer systems and Mac operating system.   Proficient in Microsoft Office (Word, Excel, Power Point).   Basic experience with QuickBooks Enterprise Solutions 9.0, Sage/MAS Software, Peachtree, and Microsoft Access.     Account reconciliation expert  General ledger accounting  Flexible team player              Experience      Company Name     January 2010   to   November 2013     Accountant   City  ,   State      Managed over 10 million per month in revenue.  Accurately applied payments to vendor accounts.  Researched and resolved incorrect payments, EOB rejections, and other issues with outstanding accounts.  Successfully boosted collections from 40% to 90% within 2 years.  Trained new and existing employees on all new procedures and computer programs.  Ran monthly aging reports to compile billing statements for vendors for outstanding invoices.  Utilize the following: HCFA (CMS 1500)/ICD-9/CPT/HCPCS Coding and UB-04 to prepare and submit claims for MLTC billing.  Ensure claims are entered and submitted with 48 hours of receipt.  Run A/P checks for vendor payment using an internal software RealWorld.  Prepare A/P checks for signature.  Responsible for running reports for month-end and year-end closing, reconciliation of the GL and journal entries.  Insure office practices are in compliance with HIPAA regulations.  Daily use of HHA Exchange, Santrax, Crescent programs.   Investigated and resolved discrepancies in monthly bank accounts while under tight deadlines.         Company Name     March 2006   to   November 2008     Accountant   City  ,   State      Responsible for follow-up and explanation of AX, VI & MC credit card accounts and issue Debit Memos to travel agencies for all chargeback's debited to EL AL Israel Airlines.  Handled large volumes of credit card disputes (Inquiries & Chargeback's) by communicating with the credit card department, travel agencies and passengers.  Created an Excel database in order to update disputes log as they are solved.  Assisted the supervisor with month end and year end close.  Including but not limited to preparing and entering journal entries, running reports and reconciling airline tickets in the database.  Reconciliation of accounts, such as, Airline Tickets, Personal Expense Accounts, Petty Cash Accounts and more.  Created a company procedure manual and trained new and existing coworkers how to do the job according to the new procedures.  Made sure that the department deadlines are met.  Handled all aspects of reconciling general ledgers.  Responsible for checking and paying all personal expenses to employees.  Performed payroll for hourly employees using the ADP system.          Company Name     January 2003   to   August 2005     Bookkeeper   City  ,   State      Assist in accounts payable/accounts receivable.  Maintain spreadsheets and records of store sales and expenses.  Ensure proper handling of customer calls.  Contact customers to collect money owed.  Perform various administrative duties.  Reconciled bank statements.  Enter invoices.          Company Name     November 2013   to   Current     Accountant   City  ,   State     Reduced closing time for monthly and quarterly close by implementing new consolidation procedures.  Analyzed costs and revenues to project future trends.  Received, recorded, and banked cash, checks, and vouchers as well as reconciled records of bank transactions.  Completed monthly, quarterly and annual bank reconciliations for 11 subsidiary companies.  Reviewed book entries to ensure accuracy of the G/L.  Prepared monthly and annual expense forecasts, including any necessary recommended action required to manage costs to achieve budget.  Post journal entries in MAS200, the company general ledger accounting software.  Assisted management with preparation of month-end financial statements, cash flow statements, budgets.          Company Name     September 1999   to   November 2002     Assistant Bookkeeper   City  ,   State      Assist with payroll processing.  Assist with accounts payable/accounts receivable.  Prepare and verify bank deposits, balancing receipts and sending cash, checks or other terms of payment.  Maintain organizations record keeping.  Price or re-price merchandise as necessary.  Handle merchandise returns and exchanges within company guidelines.  Customer service, both on the sales floor and in assigned departments.  Complete daily paperwork within company guidelines.          Education      City University of New York, Brooklyn College     6 2006       Bachelor of Science  :   Accountancy    City  ,   State      Accountancy        Kingsborough Community College   6 2001         Liberal Arts    City  ,   State      GPA:   Dean's List for Excellence in Academic Achievement at Brooklyn College.
Completed ADP Payroll Course.    Liberal Arts Dean's List for Excellence in Academic Achievement at Brooklyn College.
Completed ADP Payroll Course.        Languages     Bilingual English /Russian          Skills     Account Management, accounts payable, accounts receivable, administrative, ADP, A/P, Bank Reconciliation, Basic, Billing, Closing, CMS, CPT, credit, Customer service, database, Debit, Fluent in English, GL, ICD-9, Invoicing, Mac, Medical Billing, Microsoft Access, Excel, Exchange, money, Microsoft Office, office, Power Point, Microsoft Windows, Word, Enterprise, operating system, Payroll, payroll processing, Peachtree, Coding, QuickBooks, reconciling, record keeping, Russian, sales, spreadsheets, Staff Training, supervisor, VI, year-end    ","brdisplaynonecss ul  limarginleftcss lipadding

holman frenia allison pc certified public accountants and consultants hfa is headquartered in central new jersey the firm services a diverse client base within the tristate area providing highly personalized and comprehensive accounting audit tax and business consulting services

we are looking for a staff accountant i to work in our lakewood nj office this position will work for our audit department

in this role you will
 reconcile client records to trial balance which may include analytical procedures and performs schedule computations of prepaid accruals property equipment and calculates depreciation expense
 complete testing on internal controls single audit and other various funds
 confirm cash legal insurance revenue etc accounts
 use the firms software programs to automate the process from trial balance and financial statements
 perform other accounting auditing tax and consulting duties as needed in engagements

applicants must possess the following
 bachelors degree in accounting finance business or related field
 cpa within  years of date of hire
 prior internship with public accounting firm preferred
 knowledge of general accounting principles
 proficient in use of computers
 proficient in microsoft excel and word
 ability to communicate clearly and concisely
 reliable transportation to and from client locations

we offer an excellent benefits package including
 medical dental and vision plans
 health savings account with employer contribution
 safe harbor k plan
 commission policy
 firm provided life insurance
 continuing professional education
 tuition reimbursement
 professional dues reimbursement
 mentoring program
 vacation time
 paid holidays
 summer fridays

hfa provides equal employment opportunities eeo to all employees and applicants for employment without regard to race color religion sex national origin age disability or genetics

job type fulltime

benefits
 k
 k matching
 dental insurance
 disability insurance
 flexible spending account
 health insurance
 life insurance
 paid time off
 tuition reimbursement
 vision insurance

schedule
 monday to friday

education
 bachelors preferred

work location
 one location

work remotely
 no

work location one location",1
"         CONSULTANT         Summary    Results-oriented California CPA who adapts seamlessly to constantly evolving accounting processes and technology. Capable at managing multiple projects and consistently meeting deadlines under pressure. Extensive knowledge of accounting software and processes.       Skills          Complex problem solving  Analytical reasoning  Financial statement analysis  SOX Compliance  Business function consolidation  Process re-engineering  System requirement writing and implementation testing      Outstanding interpersonal and organizational skills  Excellent Oracle skills in all modules  Oracle FSG report writing  Advance Excel and Access proficiency  High adaptability to new technology   Account reconciliation expert   Experienced in revenue recognition            Experience      Company Name    City  ,   State    Consultant   02/2014   to   Current       As a member of the special project team to bring client's offshore accounting function back to the U.S., I traveled overseas to thoroughly learn and understand the complex revenue recognition model and subsequently closed year end and provided training to client's U.S. team. The transition went smoothly and efficiently, and it was completed prior to the original target date.  Engaged in client's divestiture process, responsible for training and transitioning of accounting
          functionality from the client to the buyer, resulting a smooth transition of the sold business unit.  Managed monthly maintenance and changes in Oracle Flexfields and Financial Statement Generator (FSG) to
          ensure that financial reporting was accurate and reflected the up-to-date corporate rollups.  As a member of the Oracle 12 upgrade team, created validation methodologies in order to ensure financial
          reporting integrity.  Served as a key contributor of the client's monthly and quarterly close and consolidation process, managed
          and monitored the database of close tasks and journal entries, coordinated with various accounting groups to
          ensure that each close was smooth and timely.  Assisted the client in the quarterly and annual audit of financial information with external auditors.  Stepped into the role of cost accounting at quarter end with only a few days of notice.  In addition to
          contributing to a successful quarter end, identified the weakness of existing Inventory and Cost Accounting
          process, and recommended solutions and improvements.          Company Name    City  ,   State    Consultant   01/2013   to   01/2014       Responsible for complex monthly revenue recognition, reporting, and trend analysis.  Reviewed contracts to interpret, determine, implement, maintain royalty rate database, calculated and
          performed royalty variance analysis.  Monitored billing and royalty ratio to determine reasonableness and identify billing and royalty miss match,
          which prevented incorrect billing/royalty payments.  Reviewed monthly closing process, recommended improvements, and implemented work flow streamlining.  Identified relevant reports, recommended methodologies, created new journal entries for mid-month close
          due to a client company ownership change, and contributed to the timely completion of the acquisition.  Utilizing my Accounting and IT hybrid experiences, I researched and identified source data of various
          systems, designed and created tools which provided consolidated revenue and expense ratio analysis for the
          management team.          Company Name    City  ,   State    IT Business System Analyst   01/2006   to   01/2012       As an Oracle Application ""customer facing"" resource, I liaised with project managers, enterprise architects,
          business users, and various development teams to review, analyze, evaluate, and approve complex business
          functional requirements.  Partnered with stakeholders to forecast project costs and delivery time to ensure senior management's
          successful prioritization of projects.  Facilitated joint application design sessions with development teams and created ""business requirement
          traceable"" system requirements, test cases, method of procedures, and short interval schedules, resulting in
          efficient and timely delivery of projects.  Coordinated design and system requirement approvals and maintained documents in DOORS system to
          comply with IT SOX requirements.  Actively communicated and participated in problem solving with IT release environment teams during
          development, quality assurance, user acceptance testing, production, and post production warranty periods -
          to achieve efficient transitions of various project phases.  Supervisor of Revenue Accounting and Analysis
         Managed three revenue accounting staff members, from their selection, operation and personal growth
          development.  Conducted one-on-one sessions on a regular basis and performed mid-year and annual reviews.  Ensured timely and accurate reporting of service revenue/ARPU in accordance with various GAAP
          accounting rules, and contributed to the effort of successfully shortening the company's revenue accounting
          closing days from three weeks to four business days.  Worked closely with the financial planning team on revenue trend analysis/forecasting, and the operation
          team on preparation of documentation and development of revenue recognition methods for new products
          and services.  Cooperated with external auditors on quarterly and annual audits, and internal teams on SOX control testing
          and documentation.  Supervised and prepared accurate and timely reports/analysis for all aspects of the financial statements in
          relation to revenue, deferred revenue, cost of revenue, and operation metrics.  Prepared monthly reporting and analysis packages for the management team, and implemented an enhanced
          financial system to streamline revenue reporting.          Company Name    City  ,   State    Corporate Accountant   01/2002   to   01/2006       Performed monthly closing, variance analysis, and reconciliation of complex accounts.  Reviewed account balances/aging trends and provided flux analysis for internal financial reporting,
          forecasting, and external audits.  Participated and contributed account transaction data analysis during the Oracle 11i implementation.  Communicated and cooperated with international and domestic subsidiaries to streamline the closing process.  Prepared monthly fixed asset mass additions, deletions, depreciation, and inter-department asset transfers.  Calculated and recorded monthly foreign exchange gains/losses.  Reviewed and interpreted contracts and related accounting publications to ensure appropriate reporting of
          various expenses.  Documented and implemented accounting control procedures for Sarbanes-Oxley compliance.          Company Name    City  ,   State    Marketing Business Analyst/Accounting Manager   01/2000   to   01/2001       Completed the Cisco/Vovida integration successfully with Cisco Acquisition teams.  Facilitated cross-functional global sales meetings between the field and marketing teams resulting in
          effective communication and timely resolution of major account issues.  2
Renee Chen
          Obtained, consolidated, and analyzed major account information from both the sales and marketing teams on
          a continuing basis resulting in the availability of an up-to-date forecasting of quarterly sales revenues.  Established the Vovida Networks, Inc.  Accounting Department, recruited, trained/managed the staff
          accountant, and implemented internal controls into a rapidly growing start-up environment.  Provided revenue/expense budgeting, forecasting, and reporting.  Cooperated with Cisco acquisition teams on the due diligence process, and closed the acquisition within a
          month after the announcement.          Company Name    City  ,   State    Senior Accountant   01/1999   to   01/2000       Responsible for general ledger analysis, monthly and year-end closing, and project revenue/cost analysis.  Designed and prepared monthly actual/budget comparative financial statements for departmental managers,
          senior executives, and the board of directors.  Responsible for revenue and expense forecasting at both the corporate and departmental level.  Responsible for reviewing and interpreting contracts to implement revenue recognition policies and
          procedures per FASB guidelines.  Facilitated tax returns and annual audits with CPA firms.  Responsible for managing and maintaining the Platinum/FRS financial reporting system.          Company Name    City  ,   State    Associate Tax Analyst   01/1998   to   01/1999       Performed financial statement auditing.  Provided tax research and planning services for a variety of clients.  Prepared complex quarterly and annual federal, state, local, property, and sales/use tax returns for multi-state
          corporate clients.  Assisted clients with their records and provided book-keeping services.          Company Name    City  ,   State    Corporate Tax Analyst   01/1997   to   01/1998       Analyzed a variety of general ledger accounts and interpreted financial information to derive income/losses
          for tax reporting purposes.          Education and Training      Master of Science  :  Accounting/Taxation    San Francisco State University          Accounting/Taxation Extensive course training in the fields of corporate finance, taxation, and business law.        Bachelor of Science  :  Business Administration Accounting    San Francisco State University          Business Administration Accounting        Coursework in accounting, finance, marketing, and information systems.              Skills    Accounting, accountant, Accounts Payable, Accounts Receivable, streamline, application design, auditing, billing, book-keeping, budgeting, budget, business law, business process, Cisco, closing, excellent communication, interpersonal skills, contracts, corporate finance, Cost Accounting, cost analysis, CPA, client, clients, data analysis, database, delivery, documentation, DOORS, due diligence, senior management, external audits, finance, Financial, financial planning, financial
          reporting, financial reporting, financial statements, forecasting, foreign exchange, functional, General Ledger, general ledger accounts, information systems, Inventory, managing, marketing, meetings, enterprise, Networks, Oracle, Oracle Application, Oracle Financials, Oracle Financial, Platinum, policies, problem solving, publications, quality assurance, report
         writing, reporting, requirement, revenue recognition, sales, Sarbanes-Oxley, Supervisor, system analyst, tax, tax research, tax returns, team player, trend, upgrade, validation, variance analysis, year-end      Activities and Honors    California CPA.
        Completed the UC Santa Cruz Certificate of Project and Program Management.
        Coursework in SQL and Relational Database.
          3   ","about the job
senior accountant
our client is a global leader within the world of fragrance and personal care ingredients due to continued growth of the business in the us we are seeking a senior accountant hybrid position with time in the office and home

the role
ensure the timely and accurate posting balancing and reconciliation of the general ledger for all divisionprepare work papers financial statements and various reports for internal and external auditsresearch and analyze fluctuations between current financial results compared to prior year prior month and budgeted amountsprepare department monthly expense statements including the te and headcount reportingassist business partners with budget activity proper expenditure coding document preparation and other accountingrelated activitiesassist accounts payable  accounts receivable team with key activities as neededa strong understanding of computer systems in these areas specifically the new oracle ebs platformaudit all employee expense reports and process accordingly verify and audit all american express statements on a monthly basisaudit monthly asset purchases to reconcile to the sub ledgerfacilitate and assist in each month end closing including a strong understanding of the timing process and scheduling by erp modulesfacilitate the uploading of monthly journal entries and preparation of financial statements in oracle
the candidate
bsc in accounting further education in msc also preferred years of industry experience in an accounting and finance roleadvanced excel skillsexperienced with oracle erp or other sap systemsexperienced working within a manufacturing or consumer goods companyexperienced leading monthly and quarterly reporting",1
"         HOSTESS       Professional Summary     Undergraduate student completing a bachelor's degree in August 2016 that practices efficient project and time management skills, leadership, and experience with various fields of work. Multiple job experiences in curating, social media, marketing, and public relations. Able to adapt in new and unfamiliar territory. Detail-oriented with strong technical skills and the ability to learn concepts quickly who also exhibits excellent communication skills ad strong motivation to succeed.        Skill Highlights          Brand development   Multi-media marketing  Google analytics, Hootsuite, and social media proficient  Microsoft Office      Relationship building expert  Deadline-driven  Exceptional writer  Organized and efficient            Experience     March 2016   to   Current     Company Name   City  ,   State     Hostess        Take necessary steps to meet customer needs and effectively resolve food or service issues   Seat guests  Resolve guest complaints promptly and professionally  Communicated clearly and positively with co-workers and management   Performed general maintenance duties, including mopping floors, washing dishes, wiping counter tops and windows, checking bathrooms         December 2015   to   January 2016     Company Name   City  ,   State     Student Intern        Completed 80 hours  Worked as an intern observing daily routines  Learned and operated with physical therapy equipment  Assisted alongside the doctor and PTA's with patients  Practiced customer service tactics with patients  Learned and operated WebPT operating system   Scheduled appointments for patients         May 2015   to   September 2015     Company Name   City  ,   State     Brand Ambassador        Managed inventory  Operated cash register for transactions  Computed sales prices, total purchases and processed payments  Maintained knowledge of current promotions, policies regarding payment and exchanges, and security practices  Placed special orders and called other stores to find desired items  Replenished floor stock and processed shipments to ensure product availability for customers         February 2015   to   June 2015     Company Name   City  ,   State     Virtual Social Media Marketing Intern        Curate social media posts   Write and edit/re-write articles for the website   Update social media platforms for clients based on goals and intent   Research music festivals and concerts  Manage email interaction with clients  Create photo collages and edits for events  Recruit clients   Find effective marketing and advertising tactics   Stay up-to-date with music culture  Seasonal internship         January 2015   to   June 2015     Company Name   City  ,   State     PR Intern         Research clients in order to develop a strategy for public relations activities     Update social media on behalf of the clients     Write/re-write articles for Bounce PR's website     Identified client's needs and applied them through PR strategies  Curate posts via Hootsuite  Kept up to date with music culture and festivals  Worked with management to identify trends and developments that might influence PR decisions and strategies  Established long-range objectives and developed innovative strategies to help achieve them         January 2014   to   October 2014     Company Name   City  ,   State     Sales Associate and Brand Ambassador        Updated social media platforms for Buckle     Researched and implemented public relations activities of other stores   Worked with management to discover trends and developments that might influence PR decisions and strategies   Recruited employees     Managed inventory     Answered telephone    Organized and created new floor plans and designs for the store  Clothed and updated mannequins frequently     Practiced loss prevention tactics         November 2012   to   June 2013     Company Name   City  ,   State     Marketing and Advertising Sales Associate        Attended events in order to promote LF and their clothing     Communicated with future potential customers     Handed out fliers and information regarding sales and events     Called regular customers to invite them to private events     Managed inventory   Updated social media websites to keep customers up to date on happenings within the store   Discussed weekly changes to PR strategies based on trends and events in the area         October 2011   to   May 2012     Company Name   City  ,   State     Hostess        Created and organized seating charts based on the reservations for that evening     Kept open communication with the staff and managers as changes occurred     Answered telephones     Greeted guests and sat them at tables or in waiting areas  Supervised and observed the other hostess          Education and Training     2016     Florida State University   City  ,   State  ,   USA     BACHELOR OF SCIENCE  :   Environmental Studies             Skills     Communication, social media platforms and usage, Microsoft Office, teamwork, creativity, writing, customer service, craft beer, curating, marketing, Google analytics, Hootsuite, WebPT    ","job description

title marketing  specialist brand reputation

location fully work from home oh 

duration  months possible extension

working hours  hrs in a day   in a week

tentative start date may   

pay rate hr on 

fully work from home

work schedule monday through friday  hours per week

description
 assists with the development execution and management of advertising promotions andor sponsorships to drive awareness consideration and brand image for client
 assists with the development of local marketing campaigns sports advertising developmentimplementation market activation programs in priority markets developmentimplementation of sweepstakescontests and onsite activation programs for sports events
 works with multiple external agencies in the development of creative advertising media planning and promotions collaborates with multiple internal partners in the creation of advertising that is consistent with the client brand
 reviews creative advertising and media plans and recommend enhancements if necessary
 supports brand leadership in activities that manage the visual and voice standards for the company and provide overall creative direction for the look and feel of the client brand implements programs that further the reach and understanding of clients brand identity initiatives including assistance with communication audits effectiveness measurement collection and summarization of competitor visual branding and best practices

other responsibilities
 prepares progress reports and maintains information in internal databases
 analyzes and summarizes information for management and customers
 leads smaller projects or portions of larger projects maintains and coordinates project timelines to keep initiatives on schedules and within budget performs other duties as assigned

minimum job requirements
 typically  or more years of related experience in marketing advertising media or promotions management advertisingpromotions agency experience is preferred
 proficient in marketing advertising media and promotions concepts and practices
 well demonstrated creative judgment and familiarity developing advertising creative andor sports marketing promotions
 an ability to think both creatively and strategically
 ability to effectively manage multiple projects simultaneously perform under pressure and pay close attention to detail while staying focused on the big picture
 excellent organizational and writtenverbal communication skills while focusing on project completion and crossfunctional management
 travel may be required
company descriptionwe place top talent through our divisions technology staffing professionals talent digitalization and pyramid academy our flexible staffing options include contract contracttohire direct hire and sowstatement of work we deliver top talent to our clients by combining the use of the latest technology with the subjectmatter expertise that our seasoned team of recruiters brings to the process with the integration of smart sourcing tools machine learning and aiartificial intelligence into our screening process across the organization we evaluate a large volume of candidates to find the most suitable talent",1
"         WEB DEVELOPMENT COORDINATOR         Highlights        Adobe Photoshop, Acrobat, Dreamweaver
*Content Management Systems (CMS)
*MS Office (Word, Excel, PowerPoint, Outlook)
*Quark Xpress, Interactive Designer            Accomplishments      National conference presenter, Health Care Internet Conference: Leading the Digital Transformation, Nov.  2014 National conference presenter, Health Care Marketing and Physician Strategies Summit, May 2014 Interactive Media Awards (IMA) Best in Class Award for CentraCare web site, 2013 Graduate, St.  Cloud Area Chamber of Commerce Leadership Development Program, 2007 Producer credit for 1999 Telly Award-winning and Aegis Award-winning video project, ""Renae's Story"" Writer/creative director/producer credits for four Healthcare Marketing Report Advertising Awards (national competition), 1999-2000 Writer/producer credits for six Lake Superior Ad Club (American Advertising Federation) Citations of Excellence, 1995-97.        Experience     01/2012   to   Current     Web Development Coordinator    Company Name   －   City  ,   State      Direct the strategic development of CentraCare Health web properties Consistently deliver a rewarding user experience (UX) with web-based content, services and features Develop social media strategies and manage content assets on social platforms Actively monitor, evaluate and report on web analytics; assess successful measures and implement changes Collaborate with executives, leadership and staff to achieve best in class digital content and services Spearhead efforts to launch a consumer-focused, health and wellness blog Implement new online features to promote physicians and medical staff Create educational materials and conduct software training for staff Manage, inspire and motivate web department staff on ongoing enhancements to our digital footprint.         01/2000   to   01/2012     Web Marketing Specialist    Company Name   －   City  ,   State      Directed and implemented health system web initiatives Built and maintained close relationships with health system leaders/stakeholders on web-related projects Evaluated and recommended content and features for health system web site Measured and increased web site traffic Successfully managed development and guided the launch of key consumer-focused web features, including online appointment requests, prescription refills and bill payment Acted on executive leadership's goal to be transparent with our quality and pricing data, and became the first in Minnesota to publish this data on our web site.         01/1997   to   01/2000     Marketing Specialist    Company Name   －   City  ,   State      Developed, implemented and evaluated integrated marketing and advertising strategies for the hospital and key departments/product lines.  Managed and directed marketing efforts, special events, educational programs and other promotional activities.         01/1996   to   01/1997     Special Events & Promotions Coordinator    Company Name   －   City  ,   State      Developed and coordinated special events and promotions for agency clients.  Prepared marketing proposals and budgets.  Managed and coordinated creative department projects and production efforts.         01/1994   to   01/1996     Associate Creative Director    Company Name   －   City  ,   State      Developed targeted marketing strategies and creative direction for agency clients.  Managed and coordinated production efforts.  Provided award-winning copywriting for ad campaigns, articles, promotional brochures, newsletters and targeted campaign materials for agency clients.         01/1993       Sales Consultant    Company Name   －   City  ,   State      Promoted, sold and increased market share of national product lines distributed by the company.  Coordinated educational and trade show events.  Served as a liaison between product manufacturers and customers.          Education     1997     Master of Arts degree  :   Communicating Arts mass communications    University of Wisconsin-Superior   －     State      GPA:   GPA: 3.9    Communicating Arts mass communications GPA: 3.9       1992     Bachelor of Science  :   Mass Communications broadcast and international studies    Bemidji State University   －   City  ,   State      GPA:   Dean's list, NCAA Division III hockey cheerleader GPA: 3.4    Mass Communications broadcast and international studies Dean's list, NCAA Division III hockey cheerleader GPA: 3.4        Professional Affiliations    Talented digital content manager with more than 20 years of experience and success across the marketing and communications discipline. Highly skilled in web content development, SEO, web analytics, emerging media and digital marketing, as well as traditional marketing and communications strategies. Proven leader in connecting key audiences to desired products, services and information. Keen understanding of health care industry operations and practices.      Skills    Acrobat, Dreamweaver, Adobe Photoshop, ad, advertising, Agile, agency, brochures, Budget management, budgets, CMS, content, Content Management, copywriting, creative direction, clients, data analysis, Detail-oriented, E-business, educational materials, educational programs, e-mail, special events, features, UX, Leadership, marketing strategies, marketing, market, materials, Media planning, Excel, MS Office, Outlook, PowerPoint, Word, negotiator, newsletters, prescription refills, pricing, project management, proposals, purchasing, quality, Quark Xpress, Research, software training, Strategic development, Vendor relations, web site, articles   ","veeva  is the leader in cloudbased software for the global life sciences industry committed to innovation product excellence and customer success our customers range from the worlds largest pharmaceutical companies to emerging biotechs veevas software helps our customers bring medicines and therapies to patients faster

we are the first public company to become a public benefit corporation  as a pbc we are committed to making the industries we serve more productive and we are committed to creating highquality employment opportunities

veeva is a work anywhere company which means that you can choose to work in the environment that works best for you  on any given day whether you choose to work remotely from home or work in an office  its up to you

the role

veeva is seeking an innovative and wellrounded senior director of digital marketing with deep experience in a complex multiproduct  or saas environment for our digitalweb team as part of the creative services group this team is responsible for maintaining and growing our website launching marketing campaigns developing strategic digital recommendations for our marketing team and more

the ideal candidate for this job has spent time as a digital subjectmatter expert in content development or analyticsseosem but has grown into a strategic role at this point in their career experience as a primary leader responsible for the ongoing expansion and optimization of a website with an inhouse team is essential at veeva youll partner with our creative director and our team of designers developers content marketers and digital marketers to drive projects from planning to launch with veeva speed

if youre passionate about creating excellent digital experiences moving quickly improving over time and teaching others about the latest in best practices on the web then were looking for you

please submit a resume along with any applicable work sample that demonstrates your experience and talent when applying for this position this position can be remote we also have office locations available to work from in pleasanton new york boston and columbus if youd prefer

what youll do
 responsible for veevacom and associated web properties from endtoend
 work in collaboration with the creative content and demand generation to create site experience around our customer journeys
 help plan digital aspects of integrated marketing campaigns with the marketing team
 serve as a center of excellence to the larger veeva organization on trends and best practices
 implement agile style methodologies for continuous improvement and development of veevacom
 maintain and optimize for seo sem and site performance
 develop and nurture a high performing team including hiring exceptional talent
 manage and source contractors as needed to augment staffing and digital skill sets

requirements
  years of experience leading digital initiatives including digital strategy content strategy seo sem and ux
 primary com inhouse  or saas experience strongly preferred agency experience a plus
 experience managing a crossfunctional digital team
 expertise in google analytics and knowledge of marketing automation for setting up marketing flows and analytics processes
 experience running agile methodologies or other continuous launch project management strategies
 passion for learning and teaching digital trends and best practices

perks  benefits
 flexible pto
 allocations for continuous learning  development
 discounted gym membership

veevas headquarters is located in the san francisco bay area with offices in more than  countries around the world

veeva is an equal opportunity employer all qualified applicants will receive consideration for employment without regard to race color sex sexual orientation gender identity or expression religion national origin or ancestry age disability marital status pregnancy protected veteran status protected genetic information political affiliation or any other characteristics protected by local laws regulations or ordinances",0
"         AREA MANAGER       Professional Summary      Project Manager and Operations Manager with a proven record of success in overseeing all phases of multi-million-dollar construction and infrastructure projects for government and private-sector clients.   Experience includes: managing crews for utility infrastructure construction and improvements, preparing proposals, managing day-to-day business operations, leading in project risk management, and maintaining OSHA safety compliance standards.   Strong credentials and a proven history of on-time, on-budget, and high-quality project completion. Recognized for project management know-how with a focus on completing projects on-time and under budget.   Recognized as troubleshooter and problem solver adept at conceptualizing/implementing solutions to accomplish project goals quickly and efficiently with attention to continuous productivity improvements.   Demonstrated expertise in the following areas: Construction Projects. Infrastructure Improvement Projects. Employee Supervision. Site Safety/OSHA Compliance. QA/QC/Field Engineering. Change Order Management. Budgeting and Cost Controls. Bidding/Estimating/Proposals. Subcontractor/Crew Supervision Proficient in analyzing internal project controls and making recommendations for process improvements.    Adept at managing the array of administrative and financial responsibilities that large-scale projects require. Accountable for daily reports that covers project status, responsibilities, and estimated time of project tasks. Led major infrastructure improvements on the nation's communications infrastructure for a variety of clients, including major system operators for telephone and cable TV to ensure timely completion of projects. Managed several multi-million optical network improvement projects for compliance with safety regulations and system mandates. Recognized as a valuable Project Manager who aims to complete each and every assignment in an innovative, efficient, and cost-effective manner - striving for excellence in all aspects of project work and assignments.       Skills          Customer service  Staff development  Controlling costs  Talent review  Excellent communication skills  Strong work ethic  Employee relations  Technical aptitude  Motivated team player  Goal-oriented  POS systems knowledge  Skilled problem solver  Opening and closing procedures              Work History     10/2014   to   Current     Area Manager      Company Name   –   City  ,   State      Resolved conflicts promptly to promote a positive environment for customers.  Transformed underperforming teams into productive, profitable teams.  Dedicated to expanding client bases by building lasting relationships.  Approached new tasks with enthusiasm and passion.  Actively pursued personal learning and development opportunities.  Strategically scheduled team members to maintain optimal staffing levels at all times.  Supervised 4 Offices and 112 employees.   Improved the the WIP and reduced the amount by 73% and brought in the WIP to 30-60 days from 511 Days.  Currently Managing a 90 Mil contract with a total of 4 locations.         01/2014   to   Current     Corporate Senior  Safety Manager      Company Name   –   City  ,   State      Providing Safety training for 15 Offices in 5 States across the south east Maintaining Intelex data base for training and Incidents Purchasing of Safety related equipment for offices Investigations of Workers Comp claims, Auto Accidents, and General Liability damages Completion of JSO's in the field to ensure crews are following company procedures.        01/2013   to   09/2014     Director Of Projects      Company Name   –   City  ,   State      Obtained documents, clearances, certificates and approvals from local, state and federal agencies.  Refined the projects that the company had that was is in jeopardy of loosing the contracts and bonds.  Worked with the inspection company to get approvals for work completed and to be able to invoice completed jobs.  Managed the customers issues to complete the time sensitive project within the contractal time lines to avoid LD's.   Trained field personnel regarding safety and time management.          01/2011   to   01/2013     Construction Manager      Company Name   –   City  ,   State      Provided supervision and knowledge to crews building a Fiber Backbone for a Co-op power company.  Maintained inventory and controlled costs regarding overtime, materials, fleet maintenance, and general office cost.  Demonstrated ability in leading crews within the RUS/USDA SOP and specifications.  Worked closely with the client to resolve issues and provide set time lines for completion to the customer as well as our corporate staff.  Managed multiple development projects by monitoring limited resources while completing projects on time.        01/2007   to   01/2011     Operations Manager/Owner      Company Name   –   City  ,   State      Consistently led major infrastructure maintenance improvements on the nation's communications infrastructure for a variety of clients, which included: major system operators and integrators for telephone and cable TV.  Provided full service project management solutions to major infrastructure firms in the management and supervision of assigned projects, as an extension of the client's team; managed projects from kickoff to signoff.  Worked closely with Construction Management teams to provide detailed project plans for construction.        01/2006   to   01/2007     Construction Project Manager      Company Name   –   City  ,   State      Served as a short term contract manager managing all phases a fiber optic infrastructure upgrade, including: day to day operations, office and staff management, project budgets, Quality assurance and safety compliance.  Possessed the key ability to help build strong teams through excellent communication skills and leadership.  Prepared and maintained project-related documentation, to include quantities, materials, and payments.  Management recognized for project management ability and drive to work through issues for on-time completion.         Skills     Attention to detail with all things regarding budgets and P&L statements. Excellent communication with customers and non customers.  Employee and Corp office relationship building.  Technical adversity and very comfortable with must POS systems and data bases.  Orical P6 scheduling and working knowledge of setting up schedules.       Education     2010     Bachelor of Science  :   Information Technology     UNIVERSITY OF PHOENIX   -   City  ,   State    Information Technology      2009     Associates  :   Telecommunications     UNIVERSITY OF PHOENIX   -   City  ,   State     Telecommunications       2015       OSHA 510      The University of Tennessee - Knoxville   -   City  ,   State      Professional development completed in Safety.         Certifications      OSHA 510  CPR Adult & Child  First Responder Certification     ","job title

project manager construction manager remote project  development services

job description summary

the project manager is responsible for the successful management of the design planning and construction of real estate facilities projects with accountability for accomplishing all project goals and objectives project aspects may include mechanical electrical civil industrial and architectural applications the associated administrative and budgetary control responsibilities the planning organizing coordination of resources and full control and execution of the project to the fulfillment of client expectations this is a remote position

job description
 management of project deliverables including developing scope of work scheduling project reports managing the development of drawings for clients and propertyfacility management team designing and development and constructions phases for assigned project
 proactively manages projectrelated issues on an account or assigned project as necessary
 ensure success in initiation planning execution and completion of all projects against agreed upon targets
 maintain high qualitative and quantitative standards for work performance along with maintaining accurate and consistent electronic files
 prepare agendas and meeting materials lead meetings develop and maintain master project budgets and timelines as required for each project and project phase to ensure overall project objectives and client needs are met
 advise and obtain necessary approvals from management of potential organizational changes actions requiring additional commitments and the need for expenditures in excess of approved budget
 coordinate and track all vendor rfqs and rfps
 review all change orders and other invoices associated with the project and confer with client all project financial information and management of services to clients as requested
 responsible for keeping building management apprised of progress at all times

cushman  wakefield provides equal employment opportunity discrimination of any type will not be tolerated cushman  wakefield is an equal opportunity  affirmative action employer all qualified applicants will receive consideration for employment without regard to race color religion sex national origin sexual orientation gender identity disability protected veteran status or any other characteristic protected by state federal or local law

in compliance with the americans with disabilities act amendments act adaaa if you have a disability and would like to request an accommodation in order to apply for a position at cushman  wakefield email hrservicescushwakecom or hrservicescwservicescom all inquiries not related to accommodations will go unanswered",1
"         2ND LEVEL ASSISTANT STORE MANAGER, OPERATIONS MANAGER MANAGER, SALES & SERVICES MANAGER       Summary     RETAIL | OPERATIONS | SALES MANAGER Client-driven, quality-focused retail manager with proven track record of top performance      Retail leader with profound and broad expertise in every aspect of store management. Critically evaluates and minimizes operational costs in context of store profitability. Creates and promotes caring customer service program for entire staff. Coaches every employee toward individual goals. Establishes retail environment that encourages positive customer experience and promotes realization of sales targets. Core Knowledge and Skills Retail Merchandising, Recruitment & Retention, Operations Store Planning & Design, Team Leadership, Coaching and Mentoring Profit and Loss, Loss Prevention, Personnel Training and Development       Highlights                      Experience         01/2004   to   01/2009      Company Name   City  ,   State           2nd Level Assistant Store Manager, Operations Manager Manager, Sales & Services Manager     01/2012   to   Current       Managed nearly every aspect of store operations.  Trained and developed store staff in customer service techniques.  Monitored and implemented corporate programs in sales, shipping, and merchandising.  Directed large store team to.  create a sales environment that consistently met expected sales goals and reduced operating costs.  Managed team.  of 25, including hourly employees and specialists.  Entrusted with the most complex customer service issues including personal and commercial purchasing accounts.         Assistant Store Manager     01/2011   to   01/2012      Company Name   City  ,   State      Responsibilities consisted of managing and recording profit loss and key performance indicators, Communicating.  with buying office about classifications and styles for product inventory, and Managing and maintaining all records and documentations including invoices and employee files.         Soft lines Manager, Apparel Lead     01/2009   to   01/2011      Company Name   City  ,   State      Responsibilities consisted of Constructing visual presentations, Managing payroll and training of department associates, and Communicating with vendors and buyers in regards to inventory of product.  Leadership Known throughout career as a hands-on project manager with strong expertise in team management and prioritizing.  Ensured that employees recognized the importance of their contributions to the whole, and demonstrated to each one appreciation for the value that he or she delivered to the store overall.  Developed significant reputation for leadership due to excellent relationships with employees and willingness to lead by example.  Professional experience continued Brenna T.  Walsh page 2 Sales / Profit & Loss Management Motivated staff to create a clean, enjoyable environment with appropriate product availability.  Trained copy center/cashier staff as well as floor staff in superior customer service while maintaining highest levels of understanding of company policies and procedures.  Controlled profit and loss daily; maintained accountability for period-end reporting.  As inventory captain, evaluated inventory and ensured availability of products on shelves; conducted store transfers to ensure products in store; ran daily reports and did audits to better control inventory levels Earned title of special projects captain due to ability to organize and execute large-scale department reorganization, including refits and retrofits for new products.  Customer Service Set the standard for impeccable customer service; trained all staff to excel in the customer experience Turned customer service lapses into positive teachable moments that improved staff perception of need and accountability Targeted and achieved weekly ""customer experience"" metrics goals of 9+/10 ratings.  Personnel Development Coordinated training of each employee with corporate training materials Coached individuals; achieving a promotion rate of ~35% (one to two levels above original position) Worked with vendors to develop product training from product sources Delivered well-executed and helpful annual reviews; developed significant reputation as go-to source for help on review wording, delivery, and execution of employee reviews as well as overall operations of the store.         Education      High School Diploma      Monroe Catholic High School   City  ,   State             Associates Degree  :   Business Management    University of Alaska Fairbanks   City  ,   State      Business Management         Business Management, Present    Florida State College of Jacksonville   City  ,   State      Business Management, Present       Skills    cashier, corporate training, Customer Service, delivery, inventory, Leadership, Managing, materials, merchandising, excel, office, page 2, payroll, Personnel, policies, presentations, Profit, profit and loss, promotion, purchasing, recording, reporting, Sales, shipping, team management   ","our client a luxury brand is seeking a sales associate to join their team in nyc

responsibilities
 engage with clients to build sales on the sales floor
 provide highest level of customer service by presenting products to customers explaining benefits features quality prices and product care
 achieve given sales and kpi targets through initiating crossselling and addons
 maintain client book  actively gain new customers for database
 merchandise the boutique including window decos  instore visuals ensure that all products are perfectly displayed efficiently organized and within corporate guidelines
 preparation of merchandise orders handling of product deliveries and receipt of merchandise
 maintain all areas in pristine condition at all times including shelves modules floor cash counter dressing room stock room etc
 take part in regular training  team meetings regarding product knowledge customer service promotions and visual merchandising
 handle the pos and cash system
 maintain cash handling records reports and opening and closing procedures
 ensure compliance with health and safety regulations as well as federal state and local laws and requirements
 handle product pricing product reclamations returns andor exchanges and prepare the necessary administrative reports
 comply with all brand standards including employee handbook employee dress code policies boutique operations manual and other corporate guidelines
 safeguard company property and enforce loss prevention standards
 key holding responsibilities

requirements
  years as a sales associate in a retail environment luxury retail a plus
 understanding of sales analytics and key performance indicators
 wide client network with proven sales record

please submit your resume for consideration

you can use workgrades to collect and manage your references for free and share them with us or anyone else you choose by visiting workgradescomhomecandidate candidates with references are always preferred by our clients now is the most important time to stand out from the crowd we suggest that you ensure you have updated your linkedin profile and that you start collecting your references early",0
"         SALES REPRESENTATIVE; SALES MANAGEMENT       Summary     I am submitting this resume to you because I am interested in the job opening that you have on the business side of AT&T. My name is James Sauders and I have worked in retail sales in some form since I was 14 years old and the last six and a half of those years have been spent working for AT&T in retail. I'm a hard working, loyal and energetic manager and top-rated sales associate with more than 8 years of leading dynamic sales teams in fast-paced markets. I'm always early and if doing the job correctly means traveling to meet individual customers based on their time constraints, then working late is what I'll do. I don't quit until the job is done and I know customer service will be my number one priority along with hitting my goals. I know that I would be an excellent fit for this position and a reliable source of success for your team. Thank you for taking the time to review my information.        Highlights          I have had multiple sales representatives promoted directly from my sales team based on my ability to translate my sales knowledge into positive results for them  I have been consistently at the top of any sales team I've ever been on  While a manager for a technology company I helped us hit 14 straight months of us being in the top 10 stores in the nation out of over 600.  Was given a customer service experience award as a sales rep for being over our customer satisfaction goals with AT&T  I've been given multiple awards for my sales results through various companies  Was selected as 1 out of only 10 total freshman allowed into student government my first year at the University of Louisville  Selected to represent my high school as a member of West KY Teen Leadership Group      Intelligent, self-starter, motivated, a ""think outside the box"" problem solver, extremely competent in sales & sales management, positive and self sufficient  Was selected as number one business student out of 350 students in my graduating class in high school  Was president of both the Student Bank and chapter of FBLA at my high school and a regional FBLA officer  Selected Mr. Future Business Leader of America regionally in 2001  Given full academic scholarship to the University of Louisville  I was selected for the first year of the Retail Manager Development Program with AT&T, and one of only a handful of managers chosen for it  Was invited to attend Nation Young Leaders Conference as a senior in high school  Was invited to first ever Global Young Leaders Conference in Australia  Selected as 1 of 5 attendees out of over 350 to represent group for Mock United Nations Assembly            Experience     October 2009   to   Current     Company Name   City  ,   State     Sales Representative; Sales Management       As a sales representative I was responsible for hitting various sales targets and was ranked number one in my store for the entire, but only year I was a sales rep.  Lead in wired sales, feature & accessory sales and customer service scores  Won an award for being over goal for customer service scores for the year.  Within three months of being hired I was asked to assist in training new sales reps.        May 2007   to   March 2008     Company Name   City  ,   State     Airman/Cryptologic Linguist       As an Airman I was selected out of 52 squad mates to run time scheduling/management/instruction over our entry control procedures  Was selected as Dorm Leader for my flight  Was picked to handle sensitive data transfers/processing information out of over 500 Airman  Was trained in foreign linguistics in both Arabic and Russian before being honorably/medically discharged        June 2004   to   May 2007     Company Name   City  ,   State     Technology Sales Rep/Technology Sales Lead/Technology Sales Manager       As an employee of Circuit City I worked my way up from entry level sales rep to tech sales lead and then tech sales management  Consistently leader in both hitting sales targets, hitting customer service based results and extended warranty sales  Responsibilities included leading knowledge of our products, building value with customers to uncover their needs and sell to our products and services, signing them up for extended warranties as well as installation services, continuing to do these things as tech lead and then tech manager as well as driving my reps to hit those same goals  Assisted in hitting over 14 months straight of being in top ten of company for customer service results  Awarded sales associate of the month over 6 times in the same year, then selected as over sales leader/team player for the year         Education     2005     University of Louisville   City  ,   State  ,   United States     Bachelor of Science  :   Double Major in Political Science/History     Attended the University of Louisville on full academic scholarship   Currently enrolled towards a degree in Organizational Leadership & Learning, with a specialty in leading/training   Plan on moving to MBA/HR Degree after graduation         Military Experience     May 2007   to   March 2008     Company Name   City  ,   State     Airman; United States Air Force     Used time in service to develop leadership & organizational skills  Developed a habit of exceeding/leading in a position by always learning about the skills/responsibilities of the person above me and the person below me in order to keep continuity/consistency in results/duties should we lose a team member  Led & trained other members/airmen in multiple areas  Was tested and selected for proficiency in foreign languages        ","apply now

our company prides ourselves on generating outstanding sales results for clients

we have the ambition to succeed and grow  with our hardworking marketing sales force and our experience in promotional work this will be a year for expansion and even greater results weve recently acquired an exciting new client to add to our database we are now looking to source a confident new candidate to join our growing team

we are looking for candidates who may hold some experience however experience within the sales or marketing sector is not fundamental as we work with candidates to develop product knowledge and presentation skills

responsibilities
 customer representation
 product demonstrations
 brand management
 face to face customer service
 new customer acquisitions and existing customer upgrades
 opportunity to participate in regional and national seminars with campaignspecific specialists travel opportunities

requirements
 enthusiastic
 ambitious
 creative
 proactive

full time immediate start availability is preferred",1
"         SENIOR DIRECTOR OF FINANCE       Professional Summary     High-performing Senior Director of Finance with management experience, and exceptional people skills. Versed in strategic planning, financial analysis and project management.        Experience      Senior Director of Finance     May 2012   to   Feb 2016      Company Name   －   City  ,   State     Manage a team that is responsible for timely and accurate reporting for Commercial Accounts ($3.5BN) and Middle Market ($7BN) monthly and quarterly production results, including preparing Sr. Leadership for Investor Days, Earnings Releases, and Shareholder Meetings.  Lead a variety of projects including the coordination and consolidation of the annual plan, the annual field compensation process, as well as being the finance representative on a long-term strategic operating model project.  Drive CFO and Sr. Leadership directed projects in order to support evolving business needs including the development of an audit estimation process across Middle Market, implemented a new profitability measure which allowed detailed segmentation of the Middle Market book of business, and managed the re-alignment of the geographical footprint of our business (over 3,000 people across the country) to better drive results and synergy across business units.  Utilize exceptional analytical and communication skills across multiple levels of the organization, with an ability to understand the details as well as find and summarize key findings.         Director of Strategic Initiatives     Jun 2009   to   May 2012      Company Name   －   City  ,   State     Developed strategy, identified priorities, and established business cases across and within the businesses to enable the successful delivery of strategic activities and investments.  Projects included re-designing underwriting documentation across Business Insurance, developing solutions to improve regulatory pricing documentation across Business Insurance, and streamlining the staff and process for Global Underwriting business.  Worked with leaders to develop solutions to change the business model and the operating model by determining ways to re-tool, re-align, re-organize, or create efficiencies in current activities.  Provided continuous support to senior management on planning, execution, market-specific needs, and challenges by providing fact-based decision support, and clear and concise messaging through meetings and presentations.         Process Improvement Engineer     Jul 2006   to   Jun 2009      Company Name   －   City  ,   State     Completed a Liquid Petroleum Gas market study for National Programs and identified 10 new states in which they should expand their business, equal to an estimated $12 million dollars in premium.  Conducted an Account Manager job-assessment for Northland Insurance with the end goal of establishing metrics to measure the performance of 18 Account Managers on a monthly basis.  This study included interviewing, studying workloads and process time, and ultimately working with Management to develop performance measure metrics.  Assisted business areas with improving their operational performance by working through the process engineering methodology which consists of: project planning, core data collection, process documentation, preliminary data analysis, the development of recommendations, and final report presentation.  Managed an Architects & Engineers process improvement project focused on finding opportunities to simplify the A & E's work environment.  This was accomplished through a division of labor comparison between 17 employees and another business unit, an assessment of streamlining opportunities along with an identification of work that can be performed outside the office.  Managed an Employee Relations process improvement project where I interviewed, created process workflow documents, and identified over 80 process improvement opportunities that were built into their 2008 business plan.  1st Rotation: Home Office Assistant Regional Financial Officer for Domestic Companies Provided financial and strategic planning analytical support to the Domestic Financial Officers in the Domestic Finance Teams for Travelers of Florida, Travelers of New Jersey and Premier.  Visited these field offices at least once a month, and acted as the liaison between the Domestic Companies and the Home Office.         Education      Bachelor of Science  ,   Economics and Finance   May 2006     Bentley College          GPA:   GPA: 3.7 GPA: 3.68 Magna Cum Laude, Honors Program, President's List, Dean's List, Finance National Honors Society   Economics and Finance GPA: 3.7 GPA: 3.68 Magna Cum Laude, Honors Program, President's List, Dean's List, Finance National Honors Society       MBA     2012     University of Connecticut Graduate School          GPA:   GPA: 3.8   GPA: 3.8         Skills    Premier, streamline, book, business plan, communication skills, concise, data analysis, data collection, decision support, delivery, designing, documentation, Employee Relations, senior management, Finance, Financial, Home Office, Insurance, investments, Leadership, Market, Meetings, messaging, Access, Excel, office, Power Point, presentations, pricing, process engineering, process improvement, project planning, reporting, strategy, strategic, strategic planning, Underwriting, Visio, Workbench, workflow      Core Qualifications         Excel, Power Point, Access, Visio     TM1, SNL, AM Best        ","senior financial analyst

company highlights
 teamoriented culture and provides its employees with the tools and training necessary to be successful
 growing company with a strong worklifebalance  remote
 high visibility to top executives
 proven cfs client all we have placed are succeeding and loving their work quote on company website from the analyst we placed in the thing i like best about working here is the teamwork all levels of the organization are working towards a common goal and given the tools to be successful

responsibilities of the financial analyst
 maintain financial reporting dashboard perform complex financial analyses prepare related presentations and present results including compilation and review of financial plans and budgets
 carry out financial analysis at multiple complexity levels including rate of return working capital investments budgeting cost analysis job analysis and financial and expense performance comparisons
 track and analyze key performance indicators highlighting trends and analyzing causes of unexpected variance
 evaluate complex profit plans operating records and financial statements
 coordinate with all levels of management to gather analyze summarize and prepare recommendations regarding financial plans trended future requirements and operating forecasts

requirements for the financial analyst

 bachelors degree in finance or accounting

  years of experience

 exceptional presentationcommunication skills

 advanced working knowledge of excel

 experience with erp systems strong preferred

 ability to work in a team environment and communicate ideasfindings effectively",1
"         SALES ASSOCIATE         Summary     Accountable Retail Sales Associate demonstrating a high level of ownership and initiative. Possessing 2 years small management experience. Quick and effective at decision making, while maintaining excellent customer service throughout the sales process in any given enviornment.        Highlights          6 years Customer Service Experience    Intermediate Microsoft Office (Word, Excel, etc.)    Outstanding communicational and operational skills    Proven ability to multi-task    Ambitious, Positive, Enthusiastic   Punctual and Reliable                 Accomplishments      Fulfilled all supervisory duties when / if Store Manager was unable to make it into our store, whilst training a new employee at our store location for 6 months.       Lead sales by example when employees quit or called off, earning myself the sales lead position likewise as attaining the ability to open and closer the store with proven responsibility and punctuality.       Work Experience      Sales Associate  ,   06/2013   to   03/2014    Company Name   －   City  ,   State      Ensure that each customer receives outstanding service by providing a friendly environment, which includes greeting and acknowledging every customer, maintaining in depth product knowledge and all other aspects of customer service.  Completing daily sales goals and completing corporate set tasks to provide store with better overall numbers    Concurring sales floor readiness each day by using 7 steps and techniques with each customer    Completing operational floor tasks in timely fashion such as changing out marked down items and popular clothing wear.          Senior Sales Associate  ,   02/2014   to   06/2014    Company Name   －   City  ,   State       Worked as a team leader to provide the highest level of service to customers while teaching a team of 6-10 associates better steps and techniques to acquire our sales     Created strategies to develop and expand existing customer sales, which resulted in a 45% increase in monthly sales.         Verified that all merchandising standards were maintained on a daily basis.  .             Retail Sales Representative/Sales Lead  ,   10/2014   to   04/2016    Company Name          Complete monthly sales goals, alongside working with every customer to ensure that both the company and the customer benefit greatly from each time they step into a T - Mobile store   Maintain product knowledge and maintain sales numbers to reach and hit every goal required by company   Provide excellent customer service to each and every customer every time they step foot into a T - Mobile retail store.   Opened and closed the store, including counting cash, opening and closing cash registers and creating staff assignments.            Server  ,   05/2016   to   Current    Company Name   －   City  ,   State      Maintain self set and supervisory set sales goals whilst providing the utmost and highest of service to each guest   Provide food and beverage suggestions to guest when ordering through pertinent product knowledge and while making personal recommendations.  Engage in conversation with guests providing a very loving atmosphere for their dinner and or lunch          Education          June 2013    Downers Grove North High School          3.1 Some college        Skills        Attentive to small details  Very calm under pressure but not to leisured to resolve the problem  Positive influence   Dependable     ","our client a luxury brand is seeking a sales associate to join their team in nyc

responsibilities
 engage with clients to build sales on the sales floor
 provide highest level of customer service by presenting products to customers explaining benefits features quality prices and product care
 achieve given sales and kpi targets through initiating crossselling and addons
 maintain client book  actively gain new customers for database
 merchandise the boutique including window decos  instore visuals ensure that all products are perfectly displayed efficiently organized and within corporate guidelines
 preparation of merchandise orders handling of product deliveries and receipt of merchandise
 maintain all areas in pristine condition at all times including shelves modules floor cash counter dressing room stock room etc
 take part in regular training  team meetings regarding product knowledge customer service promotions and visual merchandising
 handle the pos and cash system
 maintain cash handling records reports and opening and closing procedures
 ensure compliance with health and safety regulations as well as federal state and local laws and requirements
 handle product pricing product reclamations returns andor exchanges and prepare the necessary administrative reports
 comply with all brand standards including employee handbook employee dress code policies boutique operations manual and other corporate guidelines
 safeguard company property and enforce loss prevention standards
 key holding responsibilities

requirements
  years as a sales associate in a retail environment luxury retail a plus
 understanding of sales analytics and key performance indicators
 wide client network with proven sales record

please submit your resume for consideration

you can use workgrades to collect and manage your references for free and share them with us or anyone else you choose by visiting workgradescomhomecandidate candidates with references are always preferred by our clients now is the most important time to stand out from the crowd we suggest that you ensure you have updated your linkedin profile and that you start collecting your references early",1
"         ACCOUNTANT         Summary     Financial Accountant specializing in financial planning, reporting and analysis in both private and public sectors.Capable Accountant successful at managing multiple projects and consistently meeting deadlines under pressure. Extensive knowledge of accounting software and processes.       Highlights          Account reconciliation expert  General ledger accounting  working on SAP tool and HFM  Account payable Specialist  Auditing   Expert in customer relations  Flexible team player  Compliance testing knowledge              Accomplishments      Achieved cost reduction by eliminating redundant processes.  Operated computers programmed with accounting software to record, store, and analyze information.   Extensive experience with Financial Statements audits, reviews, compilations and audits for Governmental organizations (A-133).   Maintained accurate accounts including cash, inventory, prepaid, fixed assets, accounts payable, accrued expenses and line of credit transactions.   Researched and resolved billing problems that had been previously missed.Reduced the open invoice cycle time from days developing new dispute reporting procedures.        Experience        Performs routine accounting activities such as maintenance of the general ledger, preparation of various accounting statements and financial reports and accounts payable or receivable functions.  Accounts Receivable experience with focus in Cash Application and/or Adjustments Process day to day AP; to include matching, reviewing for proper approvals and G/L coding, researching and entering invoices.  HFM reporting including balance sheet profit and loss statement etc.  Run weekly checks, match, mail and file copies.  Prepare weekly cash requirements report.  Work closely with other departments and outside vendors.  Maintain vendor files.  Assist with month-end account reconciliations and journal entries.  Cross train with A/R to process invoices and deposits Relies on experience and judgment to plan and accomplish goals.  May lead and direct the work of others.          Company Name     January 2016   to   January 2016     Accountant           Maintain of Cash book.  Maintenance and Finalization of Annual account Preparation of Bank Reconciliation Statement.  Billing And Realisation From Debtors Verification of Expenditure Bills and Traveling Bills.  Salary JV Verification.  Day to day office activity I hereby declare that all the facts mentioned above are true to the best of my knowledge.          Company Name     January 2016   to   January 2016     Consultant           Prepare journal entries and ensure reconciliation are complete.  Review general ledger to ensure proper accounting is in place Process pay application invoice and payment.  General ledger Reconcilation and adjusting entries.  Reconcilation bank account accurately and in a timely manner with attention to unusal items that remain outstanding at monthend.  Upload bank statement and Bank revaluation in SAP.  Preparing financial reports in HFM (balance sheet, profit and loss statement, GR 55, Cycle run) Reviewing Balance sheet and profit and loss statement.  Prepaid and accurual booking in monthed.  Monthend quaterend and year end reporting.  Intercompany reconciliation.  ACCOUNTS PAYABLE Vendor creation, edit and reconciliation Stock report preparion Invoice posting and verification in SAP tool.  Collect and maintain vendor W 9.  GR/IR  clearing Automatic payment run in SAP.  3 way matching.  Inventory control and expensing.  Ixos invoicing with payment.  Create purchase order.  Foreign currency Revaluation.  2)Working   as Process Developer (Novartis Canada GL and AP) from 23.          Company Name     March 2009   to   December 2012       Worked in several sub modules of Sap Financials: Accounts receivable, Accounts Payable, General Ledger, Banking.  Accounts Payable: Automated Payment Program (APP), Invoice Processing, IDOC, MIRO.  Vendor Master, Customer Master, General Ledger Master data.  Having good domain experience related to different functional module: Order 2 Cash (OTC), Procure 2 Pay (P2P), Buy 2 Pay (B2P) and Invoice 2 Pay (I2P).  Dash board maintenance, Client handling, Query resolution, Bank Reconciliation.          Education      MBA (Finance and IT)
*B.Com(Mgt Hons)
Technical Qualifications
*SAP FI  Module              Diploma  :   Computer Application    Computer Application        Personal Information    Date:          Yours Sincerely,	
Place:          Smruti Rekha singh.      Additional Information      Date:          Yours Sincerely,	
Place:          Smruti Rekha singh.        Skills    account reconciliations, accounting, accounts payable, Accounts Receivable, AP, Balance sheet, Bank Reconciliation, Banking, Billing, book, Com, Client, edit, Finance, Financials, financial reports, Preparing financial reports, focus, functional, General Ledger, GL, Inventory control, process invoices, Invoice Processing, invoicing, MBA, mail, office, Developer, profit and loss statement, coding, reporting, researching, SAP FI, SAP   ","about the job
senior accountant
our client is a global leader within the world of fragrance and personal care ingredients due to continued growth of the business in the us we are seeking a senior accountant hybrid position with time in the office and home

the role
ensure the timely and accurate posting balancing and reconciliation of the general ledger for all divisionprepare work papers financial statements and various reports for internal and external auditsresearch and analyze fluctuations between current financial results compared to prior year prior month and budgeted amountsprepare department monthly expense statements including the te and headcount reportingassist business partners with budget activity proper expenditure coding document preparation and other accountingrelated activitiesassist accounts payable  accounts receivable team with key activities as neededa strong understanding of computer systems in these areas specifically the new oracle ebs platformaudit all employee expense reports and process accordingly verify and audit all american express statements on a monthly basisaudit monthly asset purchases to reconcile to the sub ledgerfacilitate and assist in each month end closing including a strong understanding of the timing process and scheduling by erp modulesfacilitate the uploading of monthly journal entries and preparation of financial statements in oracle
the candidate
bsc in accounting further education in msc also preferred years of industry experience in an accounting and finance roleadvanced excel skillsexperienced with oracle erp or other sap systemsexperienced working within a manufacturing or consumer goods companyexperienced leading monthly and quarterly reporting",1
"         CERTIFIED PERSONAL TRAINER           Professional Summary       Certified Personal Trainer     4+ years of experience with formal training in business development, leadership, health and fitness. Extensive sales and customer service experience.Passionate about designing exercise and nutrition plans to maximize workout efficiency, improve fitness, boost stamina and increase overall well being. Very Goal-oriented and self-motivated with talent in motivating others and developing a foundation to meet individual client goals, And most important of all creating a warm environment in which clients of all ages can successfully achieve health and wellness goals.       Core Qualifications           Fitness      ISSA Certified  CPR and First Aid certified  AED certification  Weight management expert  Personable and friendly  Fitness programming specialist  Fitness assessments  Understanding of human anatomy        Construction      OSHA Certified    NCCER Certified  Permit processing  Safe job site set-up  Power and hand tool operation  MS Office proficient  Organized and detail-oriented  Superb management skills  Leadership  Construction machinery operation  Strong communication skills  Detail-oriented  Friendly and hardworking            Experience      Certified Personal Trainer    February 2014   to   Current     Company Name   －   City  ,   State      Taught clients how to modify exercises appropriately to avoid injury.  Assisted older adults with weight training programs by setting up equipment and providing detailed instructions.  Contributed to the operation of a clean, friendly and well maintained health club.  Recorded training sessions and maintained package rates for each client.  Guided clients in safe exercise, taking into account individualized physical limitations.  Encouraged clients to engage in group fitness classes and other activities in the gym to meet fitness goals.  Arrived on time, prepared and attentive for every training appointment.  Participated in club promotions to recruit new members and increase club sales.  Re-racked weights to maintain a neat, organized and clean club.  Devised and announced new classes and distributed guest passes to market the club.  Led weekly meetings to review performance and offer direction, motivation and guidance toward achieving individual and facility goals.  Counseled clients on proper nutrition and exercise habits.  Administered fitness assessments,          Utility Supervisor    January 2014   to   December 2014     Company Name   －   City  ,   State      Plan work schedules and assign duties to maintain adequate staff for effective performance of activities and response to fluctuating workloads.  Review work throughout the work process and at completion to ensure that it has been performed properly.  Collaborate with workers and managers to solve work-related problems.  Resolve personnel problems, complaints, or formal grievances when possible, or refer them to higher-level supervisors for resolution.  Transmit and explain work orders to laborers Assess training needs of staff and arrange for/or provide appropriate instruction.  Conduct staff meetings to relay general information or to address specific topics, such as safety.  Evaluate employee performance and prepare performance appraisals.  Perform the same work duties as those supervised or perform more difficult or skilled tasks or assist in their performance.  Prepare and maintain work records and reports of information such as employee time and wages, daily receipts, or inspection results.  Inspect equipment for wear and for conformance to specifications and determine extent of maintenance or repairs needed.          Personal Trainer    April 2012   to   November 2013     Company Name   －   City  ,   State      Instruct participants in maintaining exertion levels to maximize benefits from exercise routines.  Offer alternatives during classes to accommodate different levels of fitness.  Plan routines and choose different movements for each set of muscles, depending on participants capabilities and limitations.  Evaluate each individuals abilities, needs, and physical conditions, and develop suitable training programs to meet any special requirements.  Monitor participants progress and adapt programs as needed.  Explain and enforce safety rules and regulations governing sports, recreational activities, and the use of exercise equipment.  Provide students with information and resources regarding nutrition, weight control, and lifestyle issues Administer emergency first aid, wrap injuries, treat minor chronic disabilities, or refer injured Plan physical education programs to promote development of participants physical attributes and social skills.  Teach individual and team sports to participants through instruction and demonstration, utilizing knowledge of sports techniques and of participant's physical capabilities.  Organize, lead, and referee indoor and outdoor games such as volleyball, baseball, and basketball.  Conduct therapeutic, recreational, or athletic activities.          Home Healthcare Provider    April 2011   to   November 2012     Company Name   －   City  ,   State      Administer bedside or personal care, such as ambulation or personal hygiene assistance.  Prepare and maintain records of client progress and services performed, reporting changes in client condition to manager or supervisor.  Provided primary resident care and assistance with daily living activities.  Provided caring companionship to elderly and developmentally disabled patients.  Worked as part of team to execute proper care of body mechanics and safety of patient.  Provided on-call care at all times of day and night.  Provided quality nursing care in accordance with resident care policies and procedures.  Utilized strong assessment skills to determine necessary patient care.  Tested patients' blood glucose levels.  Evaluated health education needs of patients and provided necessary training and instruction.  Processed monthly reports for department performance.  Educated patients about their treatments.  Cleaned and sterilized instruments and disposed of contaminated supplies.          Education      High School Diploma   :     2011    Angleton High School   －   City  ,   State  ,   United States     Qualified for State Choir solo ensemble   Overall improvement award  Played in Life as A Techie  Played as Mushnik in The Little Shop of Horrors            Nursing      Alvin Community College   －   City  ,   State  ,   United States            Skills     Can lift up to 100 lbs.   Knowledgeable computer skills in Microsoft word and Power Point  Music Production  Film/Act/Direct    ","description

you believe sports make people better so do we immerse yourself in an environment where passionate and skilled teammates thrive associates joining our team have an opportunity to serve and inspire athletes as part of the  sporting goods retailer in the country our teammates create a lasting impact on their communities through sport

parttime and temporary positions available
 cashier
 operationsfreight flow associate
 sales associate  apparel bikes  exercise team sports golf footwear lodge

sales associate duties include
 create a worldclass customer experience
 uphold company standards for merchandise presentation  make it look good
 s how passion knowledge dedication and commitment for the sports and activities we support in our stores
 comfort with cashhandlingringing
 promote company programs including warranty sales scorecard loyalty program privatelabel credit cards and other seasonal promotions

operations  freight flow associate duties
 maintain cleanliness of all areas of the store including offices and restrooms
 assist with unloading trucks and processing freight
 ability to bend stoop reach stand push pull and lift cartonsbins weighing approximately  pounds each repetitively

all associates are required to adhere to all safety policies and procedures additionally as business needs arise other tasks may become necessary
qualifications

success profile 
 flexible availability  including nights weekend and holidays
  years of retail cashier retail sales or cashhandling experience preferred but not required
 passion for sports andor outdoor activity

interviews are by appointment only

dicks sporting goods is an equal opportunity employer",1
"         NURSE CLINICIAN II ON MEDICAL/CARDIAC INTENSIVE CARE UNITS AND INTERVENTIONAL UNIT       OBJECTIVE     I am a Registered Nurse applying for the Doctor of Nursing Practice (DNP) concentration in nurse anesthesia (CRNA) with strengths in high-quality collaborative interdisciplinary patient care, technical procedures, and strong patient-family communication. I am aiming to receive exceptional training and invaluable learning experiences from your institution's School of Anesthesia. I wish to challenge my flexibility during critical situations while working under fast-paced emergency situations. With my BSN educational degree from Loyola University Chicago and estimated 4 years experience in the MICU (2 years as a nursing care technician and working as a MICU RN since September 2013), I believe I am highly qualified and am seeking an opportunity to be and well-trained to become an exceptional Nurse Anesthetist from a top-ranked institution.        Professional Summary      Two solid years of experience in the Medical/Cardiac/Interventional ICU at Advocate Lutheran General Hospital.   Provide compassionate care to critically-ill patients suffering from injuries or debilitating medical conditions.  Observe behavior and symptoms and report changes to on-call physicians.  Competently trained in telemetry monitoring, ventilator management, titration of high-potency vasoactive drugs, CRRT therapy, Hypothermia therapy, TPA management, IABP management.  Managed life support equipment and IV administration of fluids and medications.  Respond to cardiac and respiratory code situations per current ACLS guidelines.  Proactively learned new procedures and treatment protocols.  Educate families about patient conditions and provide support as needed.  Competent in providing end-of-life care to palliative and hospice patients.   Frequently acts as preceptor to nursing students in critical-care rotations.  Maintains strong reputation for achieving high levels of patient satisfaction.  Device Competencies & Proficiencies: telemetry monitoring, ventilator management, CRRT/CVVH therapy, hypothermia therapy, TPA management, Intra-Aortic Balloon Pump management, Flow Trac device (Cardiac Output, Cardiac Index monitoring device), Impella, Pacemaker and Transcutaneous Pacemaker management, Rapid Infusers, Swan-Ganz Catheter, Bladder Pressure, Potent IV Medications including Vasopressor and Sedation Drugs (Including, but not limited to: Neo-Synephrine, Levophed, Vasopressin, Epinephrine, Dopamine, Dobutamine, Propofol, Fentanyl, Midazolam, Lorazepam, Morphine, Nitroglycerine, Nipride, Nimbex)        Licenses and Certifications      Registered Nurse: State of Illinois: August 2013-Present  Advance Cardiac Life Support (ACLS) Certification: 2014-Present  Basic Life Support (BLS) Certification: 2014-Present  Pediatric Life Support (PALS) Certification: 2015-Present  NIHSS Certified (September 2013- Present)        Skill Highlights          Life support  IV administration  Medication administration  Therapy and treatment  Procedural assistance  Hourly Rounding      HIPPA compliance  Reporting and documentation  Computer charting  Diagnostic assessments  Vital signs            Professional Experience     09/2013   to   Current     Nurse Clinician II on Medical/Cardiac Intensive Care Units and Interventional Unit    Company Name   －   City  ,   State           08/2014   to   Current     Dancer for Chicago Luvabulls    Company Name   －   City  ,   State      Lead, cheer, applause, support the Chicago Bulls during basketball games held throughout the season at the United Center.   Encourage crowd involvement during gametime through dance performances, crowd activities, and in the concourse.   Maintain crowd orderliness with spectators.   Participate in charity work, fundraisers, and community events around the Chicagoland area.  Responsible in making certain that practice sessions are thoroughly met, and being prepared for changing conditions on gameday.          06/2011   to   08/2013     Nursing Care Technician II on Medical/Cardiac ICU and Interventional Unit    Company Name   －   City  ,   State     Nursing Care Technician/Unit Secretary (Dual Role) for a 33-bed Medical/Cardiac/Interventional ICU floor. Providing basic patient care  including: blood glucose monitoring, obtaining patient vitals, and assisting patients with bathing and grooming (Activities of Daily Life). Competent in phlebotomy work and can perform 12-lead EKG on patients. Provide assistance to the nurses to execute direct patient care which may include wound care dressing, complete patient baths or assisting in physical therapy. Able to perform unit secretarial duties including admitting, transferring, and discharging a patient, preparing patient charts, and handling/directing phone calls.          Education and Training     2013     Bachelor of Science  :      BSN (Bachelor's of Science in Nursing)    Loyola University Chicago   －   City  ,   State  ,   USA      Cumulative GPA 3.59          Honors     •Dean's List, Loyola University Chicago (Semesters 1-4, & 8)    Awarded to students with a GPA of 3.5/4.0 or higher         Awards       Recipient of multiple Advocate Lutheran General Hospital Spirit Awards: Awarded to employees who demonstrate Behaviors of Excellence and provide excellent patient care  Alpha Sigma Nu Jesuit Honor Society: Member (October 2012-May 2013) Awarded to students in the top 15% of their class academically and have demonstrated a record of service and Loyola to the Jesuit ideals of education  Sigma Theta Tau Honor Society of Nursing: Member (November 2012-May 2013) Awarded to nursing students with a 3.0 GPA or higher  National Society of Collegiate Scholars: Member (Jan 2010-May 2013) Awarded to students with a GPA of 3.4 or higher         Co-Curricular Activities      DNV Unit Auditor on the Medical/Cardiac ICU at Advocate Lutheran General Hospital  Unit Restraint Auditor on the Medical/Cardiac ICU at Advocate Lutheran General Hospital  Loyola University Chicago's Nursing Student Council Executive Board: Vice President (April 2012-May 2013)   Loyola University Chicago's National Society of Collegiate Scholars Executive Board: Co-Social Chair (Sept 2012-May 2013)  Loyola University Chicago's Nursing Student Council: Class Representative (Aug 2009-May 2013        Professional Organizations         AACN    (American Association of Critical-Care Nurses): Member (Feb 2015-Present)        Volunteer & Community Service     Honduras Global Public Health Brigade (May 2013)   Service trip to the Honduran community of El Jute for one week. The trip objective is to empower rural Honduran communities to prevent common illnesses through in-home infrastructural development, community leader training, and health education. Through collaborative volunteer work, the overall infrastructure was improved within the home through the construction of five projects: eco-stoves, latrines, water storage units, showers, and concrete floors.         Special Participation      Research study participation        Skills      Fluent in conversational Spanish  Competent in performing 12-lead EKGs  Proficient in Microsoft Office (Word, Excel, PowerPoint)  Highly organized with excellent communication skills  Willingness and rapid ability to learn that results in professional growth and cooperative relationships with colleagues     ","your opportunity

come join our ach emergency team and make a difference in the lives of alberta children and families at alberta childrens hospital reporting to the unit manager as the registered nurse rn you will work as an essential member of the alberta childrens hospital emergency department team caring for pediatric patients of varying acuity the rn participates in the assessment planning implementation and evaluation of care the emergency department is a dynamic and fastpaced environment the successful applicant must be able to demonstrate excellent interpersonal and communication skills as well as strong prioritization and assessment skills you will be accountable to the public for your own practice responsible for ensuring that your practice meets legislative requirements and the practice standards of the college and association of registered nurses alberta carna

description

as a registered nurse rn you will provide a wide variety of nursing services to patients families communities and populations while taking necessary steps to ensure their safety and wellbeing in your role you will utilize nursing processes through critical thinking problem solving and decision making as well as teach counsel and advocate on behalf of patients and their families you will play a leadership role in supporting an integrated and holistic approach to patient care health promotion and maintenance you will provide safe quality patient and family centered care while reflecting the shared vision and values of ahs

classification registered nurse union united nurses of alberta unit and program emergency department primary location alberta childrens hospital multisite at una only fte  posting end date jun temporary employee class temp pt benefits date available jun temporary end date aug hours per shift  length of shift in weeks  shifts per cycle  shift pattern evenings nights days off as per rotation minimum salary  maximum salary  vehicle requirement not applicable

required qualifications

completion of an accredited nursing education program active or eligible for registration and practice permit with the college of registered nurses of alberta crna current basic cardiac life support  health care provider bclshcp

additional required qualifications

minimum  years nursing experience obtained within the past  years minimum  months level  pediatric emergency department experience obtained in the last  years strong understanding of family centered care

preferred qualifications

bachelors degree in nursing one year pediatric experience obtained in the last  yrs one year emergency urgent care or critical care experience obtained in the last  yrs trauma triage charge experience current pals  acls within  yr current enpc  tncc within  yr accn certification current nvci training within  yr connect care superuser infocismasset training central line trained utd ace modules connect care trained",1
"         HR DIRECTOR           Summary    Human Resource Professional
Confident, Resourceful Human Resources professional, with academic background in human  resources management and hands-on experience hiring, training, orientating, and developing employees that currently serve in a one person role managing 63 employees for a fast growing organization.      Highlights          Analytical Skills		Good Interpersonal Skills		Organizational Skills		Communication Skills  Recruiting and Staffing	Performance Management 		Employee Relations		Selection/Recruiting  Employee Orientation	Training & Development		Policy & Procedure Writing	Detail Organization  Staff Supervision		Employee Records System		On-the-job Training		Job Analysis  Cold Calling		Internet Sourcing			Compensation			Labor Laws  Labor Policies		Equal Employment Opportunity	Interviewing			Discipline Issues  Social Networking	Recruitment Advertising		Campus Recruiting		OSHA Standards  Employee Grievance	Employee Verification		Screen/Schedule Candidates	Community Outreach  Computer Skills  Microsoft Office Word	Excel		Outlook	   PowerPoint	 	   Publisher	    Health Care IS  HRIS Systems		PeopleSoft	Child Care IS	   Day Care Software	   QuickBooks	    Data Input              Accomplishments     Devised a successful recruiting plan for my employer, which resulted in 25 new employees in 2-months.       Experience      Company Name     January 2014   to   January 2015     HR Director     State      Communicate orally and written with children, parents, staff, volunteers, guardians, therapist, case workers with a variety of economic backgrounds, with clear and precise understanding withholding confidential or sensitive information with discretion.  Develop, implement, and monitor training programs suitable for employee retention.  Skilled in identifying problems, and determining accurate and relevance of information, by using sound judgment to generate and evaluate an alternative while making a decision.  Develop policies and procedures, to include researching, drafting, editing and revising according to the federal, state, and county laws as well as assuring these policies and procedures are met.  Pre-screen to ensure candidate is a strong fit for the position by matching individuals skills with the needs of the organization.  Knowledge of federal laws eligibility status and procedures pertaining to the full array of benefits in order to provide advice and support to claimants.  Provide facility with classroom training, demonstrations, on-the-job training, meetings, conferences, and workshops and leadership development education.  Ability to interpret and analyze material and make well adjusted decisions from the analysis.  Hiring staff and managing the overall image of the facility; developing job descriptions, interviewing candidates, maintaining staff development and education and, as well as, managing disciplinary processes.  Ability to work with individuals to access needs, provide assistant, resolve problems, as well as satisfy any expectations.  Ability to use data input software, methods, and procedures to meet the needs of the consumer; input and data retrieval and provide correspondences.  Enter employee data accurately and efficiently into recruiting database; employee sick leave, vacation, work hours, pay, and annual leave.  Served as Liaison between the agency and media/ advertising/sponsorships Create a budget and provide budget reports for events.  Coordinates and administers the new hire on-boarding process.  This includes ensuring all new hires have gone through all pre-employment requirements, maintains contact through the process with new hires and greets and reviews first day requirements with new hires and conducts new hire orientation.  Responsible for operational and technical HR duties to include: computer entry and file maintenance; new hire orientation; maintenance of confidential personnel files and personnel actions in compliance with applicable legal requirements; maintain computer employee data information; miscellaneous employee requests; assist in exit process.  Makes copies, faxes documents, prepares and processes mail and performs other clerical functions.  Review for accuracy and completeness all data and documents required to process new hires, pay transactions, terminations, leave of absences, and other employee transactions for employees.  Ensure that the appropriate forms and documents have been initiated for all of these transactions in a timely manner.  Contributes to team efforts by accomplishing related results in a cooperative and supportive manner.  Reviewing current organizational effectiveness and making recommendations for improvements.  Answers routine payroll/Kronos questions for managers and employees, and assists with problem solving.  Acts as a liaison between employees and the service center to resolve problems and clarify questions or concerns Facilitate updates and random notifications for drug testing programs Responsible for overseeing personnel functions including compensation, benefits administration, FMLA, and compliance with Federal/State employment regulations.  Works collaboratively with the management team to solve problems, set directions, and respond to health care business challenges.  Ensures the development of departmental plans, goals, mission, policies/procedures, and budget.  Managing and motivating staff to increase productivity and ensure business efficiency.  Practices open-door policy to encourage employees to discuss grievances.  Facilitates peer-to-peer and employee-manager discussion/mediations.  Recommends and facilitates employee recognition, efforts, and events.  Analyzed employment-related data and prepared required reports.  Developed creative recruiting strategies that met anticipated staffing needs.  Managed all phases of recruitment, including defining hiring management needs and posting available positions.  Contacted all job applicants to inform them of their application status.  Thoroughly explained the employee handbook during new employee orientations.  Conducted more than 60 interviews.  Conducted reference and background checks on all job applicants.          Company Name     January 2010   to   January 2014     Administrator		Farrow     State            Company Name     January 2005   to   January 2008     Event Specialist     State            Company Name     January 1996   to   January 2005     Assistant Director     State      South Carolina Notary Public.  CPR and First Aid.          Education      Webster University     2015       Financial Accounting * Managerial Accounting * Business Statistics * Business Law * Business Applications/Software * Finance * Business Communications * Business Management * Marketing * Marketing
*Management * Quantitative Methods * Human Resources Management * Contemporary Issues In Management * Organizational Theory * Business Policy * International Business * Production Management * Microeconomics * Macroeconomics * Labor Relations * Accounting Information Systems * Entrepreneurship.  :   Human Resources Management / Management and Leadership    GPA:   GPA: 3.45    GPA: 3.45 Human Resources Management / Management and Leadership Managing Human Resource * Organizational Behavior * Basic Finance for Managers * Training and Development *
Employment Law * Staffing and Selection * Compensation * Labor-Management Relations *Integrated Studies in Human Resource Management * Management * Management and Strategy * Managerial Leadership * Organization Development and Change * Integrated Studies in Management.        Benedict College     2013       BS  :   Business Administration Business    GPA:   Management Honors Graduate Cum Laude GPA: 3.5    Business Administration Management Honors Graduate Cum Laude GPA: 3.5 Business        Skills     Accounting, Advertising, Analytical Skills, agency, Basic, benefits, benefits administration, budget, Business Communications, Business Law, Business Management, Child Care, clarify, clerical, Cold Calling, Communication Skills, Interpersonal Skills, conferences, Makes copies, CPR, database, drafting, editing, Employee Relations, faxes documents, Finance, Financial Accounting, First Aid, forms, Government, Hiring, HRIS, Human Resource Management, Human Resource, HR, Human Resources Management, image, Information Systems, International Business, Job Analysis, Kronos, Labor Relations, Leadership, leadership development, Law, legal, Managerial, Managing, Managerial Accounting, Marketing, meetings, access, Excel, mail, Microsoft Office, Outlook, PowerPoint, Publisher, Word, Works, Negotiations, Networking, Notary Public, Organization Development, Organizational Skills, Organizational, payroll, PeopleSoft, Performance Management, personnel, Policies, Develop policies, Pricing, problem solving, Procedure Writing, processes, Procurement, Production Management, QuickBooks, file maintenance, Recruiting, Recruitment, researching, sound, staff development, Staff Supervision, Staffing, Statistics, Strategy, training programs, workshops, written    ","the ideal candidate will act as an employee champion and a leader of change you will plan develop organize implement direct and evaluate the organizations human resource function and performance

responsibilities
 provide overall leadership and guidance by overseeing talent acquisition employee career development succession planning retention programs training and leadership development
 function as a strategic human capital business advisor to the senior management team
 develop initiatives policies and programs to complement existing practices and create consistency across the organization

qualifications
 bachelors degree or equivalent experience in human resources or management
  years of professional hr experience ideally from a services oriented business with a combination of corporate and business unit line experience preferred
 excellent written and verbal communication skills
 ability to multitask organize and prioritize work

how to apply

we have a thoughtful process in place so that we can learn the most about our applicants and ensure theres a great fit in order to complete your application for this role please click here  and provide the required information

last updated  ",1
"         ASSOCIATE DIRECTOR       Interests    World Endeavors International Volunteer Program, Northern Thailand        April-May 2006 Assisted Thai teachers and government officials in a primary school for underprivileged children with the goal of introducing new ways and means to improve the facility and educational experience. Undergraduate Writing Consultants Program          Fall 2003 Recommended by professor because of high academic achievement, outstanding writing ability, and effective communication skills. Encouraged students to improve writing through individual and group tutoring. University College Peer Advisor Program          Fall 2003, Spring 2003 Developed relationships with freshmen by providing support and assistance through the difficult transition period in both the academic and social arenas. P.R.O. - Public Relations Organization of URI          Spring 2003 - Present Founding member of a recognized chapter of the Public Relations Student Society of America.       Professional Summary          Skills    advertisements, advertising sales, brochures, Cancer, client, clients, database, direct marketing, logistics, Director, mailing, market research, marketing, materials, online marketing, press releases, Programming, public relations, Publicity, researching, sales, sales development, strategy, supervisor      Skills                    Work History     07/2006   to   Current     Associate Director      Company Name          Manages direct marketing communications for advertising sales and public relations initiatives.  Manages marketing, operations, and logistics for all of Technology Review's event business, including the annual Emtech Conference at MIT.  Directs all public relations activities and media outreach for Technology Review's annual special projects, including the TR35: The Top 35 Innovators under 35, the TR50: The Top 50 Most Innovative Companies,   and the TR10: The Top 10 Emerging Technologies.  Handles sales development for sponsorship sales including market research, pre-qualifying prospects, and creating sales materials.  Set strategy and coordinate all deliverables for media partnerships.        06/2005   to   03/2006     Marketing Assistant      Company Name          Researched effective marketing venues to reach target audience and then implemented these plans, both online and in print.  Created print and online advertisements as well as product line brochures to be used in mass mailing activities in order to generate interest in new models.  Qualified customers as potential buyers at boat shows, answered product questions, and provided necessary follow-up with clients to encourage the purchase of a sailboat or powerboat.  Maintained the client database and managed customer relationships before and after sale.  Oversaw online marketing activities for direct supervisor as well as the four additional offices of the company.         Public Relations Intern       American Cancer Society          Spring 2005.  Aided the Media Director for Rhode Island in researching, promoting, and implementing current and new cancer-awareness programs.  Created press releases and worked with local media to gain coverage of programs.  As the URI Relay for Life Publicity Chair, promoted the first-ever Relay For Life at the University of Rhode Island, which raised over $50,000.        04/2004       Event Coordinator Intern      Company Name          Assisted student organizations with all aspects of on-campus programming from start to finish.  Individually generated the Student Programming Handbook, a comprehensive and user-friendly guide to     on-campus programming.         Additional Information      LEADERSHIP EXPERIENCE_______________________________________________________________ World Endeavors International Volunteer Program, Northern Thailand        April-May 2006 Assisted Thai teachers and government officials in a primary school for underprivileged children with the goal of introducing new ways and means to improve the facility and educational experience. Undergraduate Writing Consultants Program          Fall 2003 Recommended by professor because of high academic achievement, outstanding writing ability, and effective communication skills. Encouraged students to improve writing through individual and group tutoring. University College Peer Advisor Program          Fall 2003, Spring 2003 Developed relationships with freshmen by providing support and assistance through the difficult transition period in both the academic and social arenas. P.R.O. - Public Relations Organization of URI          Spring 2003 - Present Founding member of a recognized chapter of the Public Relations Student Society of America.         Education     May 2005     Bachelor of Arts  :   Public Relations English     University of Rhode Island   -   City  ,   State    Public Relations English GPA: 91/4.0 Suma Cum Laude      Fall 2004            Queensland University of Technology   -   City      AustraLearn Study Abroad Program    ","a marketing company has an open position for a remote administrative assistant

core responsibilities include
scheduling meetings interviews and events
planning and assisting with facilitating companywide events training etc
researching for culture development employee satisfaction etc
skills and requirements include

high school diploma or equivalent
previous administrative experience
history of being deadlinedriven proactive extremely organized and detailoriented
basic knowledge of google docs sheets etc",0
"         FINANCE MANAGER           Professional Summary    To attain a responsible position in an organization of repute where I can utilize my accounting expertise to prepare fair and accurate financial documents for the organization.      Core Qualifications        Well versed with Windows Operating System, Microsoft Office, Internet Operations, Oracle ERP, SAP & Tally 
Date :          Signature :            Experience      Finance Manager    January 2012       Company Name   －   City        RICOH India Ltd is 73.6% Owned subsidiary company of Japan base RICOH Co.  Ltd.  They are basically deals with manufacturing and installing office automation equipment like multifunctional printer, copier, fax etc.  They have 14 branches and 230 dealers in all over India.  with average sales revenue 10 billion.  New Delhi/NCR  as a Senior Finance Executive( from 20th Sept'12 to 16th Feb'15) Key Responsibility: Budgeting & forecasting as well as critical point analysis.  IRR & NPV Calculation for project valuation Using Treasury management tools vide Fund flow, Cash Flow and change in working capital statement.  All debtors management (Region wise) .Finalisation Of Accounts (Northern region), customer dealing.  Calculation Of dealer commission and employee commission Audit Scheduling and document preparation.  Balance Sheet and Profit & loss statement analysis for raising the short term bank loan Operating Expenses as well as Capital Expenditure controlling.  Revenue recognisation for prepare the profit & loss, Inter branch reconciliation.  Prepare rolling Budget to set expectation from monthly operating performance.  Prepare the collection register for controlling the Debt and collection.  PPT presentation for MIS reporting.  Maintain the Assets Register and calculate the depreciation on monthly basis.  Bank Guarantee and letter of credit preparation (For foreign Remittance) and also require supervising the team for Government liaison.  Supervise the entire Finance Team (6 +4 Person) of North Region as well as corporate budgetary Team.  Kochi   as a Branch (from 18th Feb'15) Key Responsibility: Finalisation Of Accounts (Branch), customer dealing.  Debt Management and aging analysis for the Branch Calculation Of dealer commission and employee commission Audit Scheduling and document preparation.  Branch Operating Expenses controlling.  Revenue recognisation for prepare the profit & loss, Inter branch reconciliation.  Prepare rolling Budget to set expectation from monthly operating performance.  Prepare the collection register for controlling the Debt and collection.  PPT presentation for MIS reporting.  Maintain the Assets Register and calculate the depreciation on monthly basis.  Credit Controlling, taking care of collection as well as controlling the entire branch finance Operation.             February 2008   to   September 2012     Company Name          Kolkata & Hyderabad | Finance Executive Erstwhile Coates of India Limited established in 1937, DIC India Limited is a subsidiary of Japan based Dainippon Ink & Chemicals.  DIC India along with its subsidiaries sells and produces printing inks.  The products include black ink, print finish ink, offset ink, screen and liquid printing inks.  It also produces synthetic resins, polyurethane lamination adhesives, press room chemicals & rubber blankets.  A wide array of UV lacquers is marketed under the Viocure brand name.  Key Responsibilities: All debtors management (Region wise) .Finalisation Of Accounts (Eastern region), customer dealing.  Budgetary control and critical point analysis with control.  Fund flow , cash flow & working capital statement analysis.  All kinds of MIS reporting related with accounts i.e.  Liquidity Analysis, working capital consumption statement, cash flow analysis, bank reconciliation statement, monthly Liability statement, monthly expenditure statement, monthly collection statement etc.; Prepare the monthly as well as weekly financial report.  Raising the short term bank loan for immediate funding.  Supervise the Govt liaison with various tax department.  Bill of Exchange preparation, insurance claim, fallow-up with other region for sales tax related issue and other accounting issue, Bank Guarantee and Export documentation preparation, creditors bills processing; Service Tax, Central Excise, PF, ESI Etc.          Kolkata | Finance Officer    May 2006   to   January 2008     Company Name          A leading manufacturer of flameproof equipment in the country.  This company having a joint venture with SAIT Mining of France is engaged in manufacturing of Transwitch Unit, NFLP Starter, Halogen Bulbs widely used in Mining Sector.  The company has installed vast and exhaustive range of the flameproof mining equipment in the Indian coal mines.  These range from Lighting transformers, drill panels, field switches, to boltless gate end boxes.  Over 3000 flameproof air circuit breakers are in operation on an all India basis.  Functional Role: Finalisation Of Accounts, Debtors and Creditors Management, Cash Flow Statement, Central Sales Tax as well as Vat tax return submission, sales tax assessment, Way Bill, C form, E1 form, Provident Fund, ESI, Central Excise, Bank Guarantee, Letter Of Credit,  BRS  Etc.          Kolkata | Account Assistant    April 2004   to   April 2006     Company Name          A city based garments manufacturing firm.  Functional Role: Finalisation of Accounts.          Education      Bachelor of Commerce   :     2004    Calcutta University   －   City                  Accomplishments      Current Organization		: RICOH India Limited Current Designation		: Branch Finance Manager Current Location			: Kochi Software Use          : Advance ERP Total Experience			: 9 years Highest Qualification		: Bachelor of Commerce [Honors] Notice Period			: 30 Days Date of Birth			: 2 April 1983 Phone				: 09643890956 (NCR).        Skills    accounting, approach, balance, Balance Sheet, bank reconciliation, Banking, bookkeeping, book keeping, Budgeting, Budget, C, cash flow analysis, Cash Flow, Cash Flow Statement, Excellent communication, Cost Analysis, Credit, documentation, ERP, fax, Finance, Financing, financial, financial and accounting, Financial Management, financial report, forecasting, Foreign Exchange, Functional, Government, Ink, insurance, leadership skills, Lighting, Exchange, Microsoft Office, office, Windows Operating System, MIS, Multitasking, negotiation, office automation, Oracle, organizational skills, copier, Excellent presentation skills, press, pricing, printer, Profit, reporting, Sales, SAP, Scheduling, supervising, switches, Tax, time management, transformers, Treasury, UV, valuation, wise   ","about the job
our client a stable service organization in the red bank area is adding an financial analystassistant controller to their team

in this position the ideal candidate responsibilities include
updating monthly forecast financial modelclosing all accounting modules oversee month end closingsset up gl accountsassisting with annual budget preparationprepare second financial review for all companies financial statementsconduct weekly kpi reportingintercompany reconciliationsprepaid insurance schedulesamortization journal entriesensure proper wip schedulebuild and prepare other reports as needed
the ideal candidate will have the following qualifications
bachelors degree in accountingsage timberline experience requiredstrong excelgaap compliance experienceexcellent communication skillstime management  years experience with month end closings and general ledger maintenance and accounting operations experienceability to be in the office every day",1
"         ACCOUNTANT       Professional Summary     Bilingual, accounting professional with additional expertise in automated systems and general ledger. An analytical, detail-oriented, organized planner who performs well in a project setting and who communicates effectively with all levels of management. Additionally has past experience in pubic accounting.       Education      Masters  ,   Accounting    University of Florida   －   City  ,   State  ,   US          Bachelor  ,   Business Administration    Florida International University   －   City  ,   State  ,   US          Associate of Arts  ,   Liberal Arts    Miami Dade College   －   City  ,   State  ,   USA          Certifications     CPA,  State of Florida         Skill Highlights            Language and Writing Skills:   Bilingual Spanish (fluent; speak, read, and write)     Computer Skills:   Microsoft Office including, Word, Excel, Power Point, Outlook, Publisher; QuickBooks, Tax software         Business skills:   interpersonal skills, analytical, detail-oriented, thoroughness, organizational skills, and coordination     Office Equipment   such as copiers, calculators, printers, and scanners             Professional Experience      Accountant     Apr 2012   to   Current      Company Name   －   City  ,   State     Reconciled various general ledger fund accounts and prepared various specialty reports as well as documenting operational procedures  Ascertained accuracy of financial reporting to Board of Directors through review and correction of month end and annual financial reports  Recorded monthly transactions through posting of deposits, bank debits, and posting of journal entries for month end closing  Brought uniformity of reporting for association of churches by assisting in standardizing chart of accounts which would be used in financial reporting         Senior Accountant     Jan 1997   to   Jan 2004      Company Name   －   City  ,   State     ​Maintained reconciliation and documentation for damage recovery accounts; communicated with Florida Power & Light (FPL) centers though out the State of Florida to assure appropriate and timely recovery of damage amounts and clearing of service center pending items; researched transactions where discrepancies were located and resolved with the appropriate manager  Designed reconciliation format of several tax suspense accounts to focus on outstanding items and to assist the FPL Corporate Tax Department in resolving outstanding items  Assured that internal controls and procedures were properly implemented and maintained by performing periodic tests of internal control ​   As part of the Accounting Team at FPL, assisted in all functions of monthly closing including reconciling general ledger accounts and researching outstanding items, preparing and posting journal entries into the FPL system, preparing and updating spreadsheets, and assuring the accuracy of financial report information.         Bookkeeper/Accountant     Jan 1994   to   Current      Company Name   －   City  ,   State     Recorded a wide variety of transactions to the Quick Books Software program including: Charts of Accounts classifications;  Accounts Receivable: invoicing and processing payments; recording deposits to bank accounts and downloading bank transactions; initiating standard accounting and customized reports    Reconciliation of all cash/bank accounts; assured accuracy of all transactions posted to bank; researched discrepancies   OTHER DUTIES: Opened mail and prepared deposits to the bank; c reated monthly and annual financial reports;   input accounting information to create tax returns          Community Service      Director, The Rock Miami Church 	(  1/1999 to 1/2006)    Brought new life to the church's programs by developing, implementing and establishing a formal structure for the Children's Ministry and Audio-visual Ministry for teens  Insured coordination among the different volunteer groups by ensuring appropriate training and support; Scheduled volunteers in numerous functions inkling greeters, worship leaders, teachers, and assistants  As part of a ministry team, built the groundwork for the puppet ministry; this required preparing the proposal for the church leadership; submitting tentative budget requirements, obtaining appropriate training for the team, scheduling training sessions, designing of props, lighting and puppets        Languages     Language and Writing Skills: Bi-lingual Spanish (fluent; speak, read, and write)       Additional Professional Background       Positions:  Office Administrator, Student Loan Officer, Systems Development
Analyst, Banking Reconciliations Manager, Public Accounting Auditor            As    Systems Development Analys       t:   worked in project setting with programmers to define
accounting controls and methods for recording general ledger entries through
automated interfaces; systems included deposits and in-house peripheral
programs; defined Interfaces for commercial checking, commercial loans,
commercial real estate loans, and teller system; Improved and implemented
operating and balancing procedures for operational areas such a student and
consumer loans;  in all project
conversions, implemented the training of department personnel   


 As    Bank Reconciliations Manager:    directed project to reduce bank losses from teller transactions
     for 72 branches; this required clearing thousands of entries from a
     suspense account, which ranged from $1 million to $3million during a three-month period; the final
     write-off was less than $2000; organized and managed special task force of
     nine individuals responsible for cash and on-us check reconciliations;
     brought reconciliations to current status by implementing a standardized
     PC reconciliation format ; interacted with all levels of management on
     current policies, procedures, and accounting controls, interfaced with
     department heads and personnel on operating and balancing procedures;
     assured appropriate audit trails        As    Public Accounting Senior Auditor   : planned
and directed day-to-day activities required for annual audits in corporations,
banks, real estate developers, and health care organizations     ","job description

about the role

as part of the finance  accounting team you will perform andor oversee advanced accounting duties involving ar ap expense management fixed assets internal controls preparing and posting accruals assistance in sales  income tax monthly close and analytical reporting  you will also oversee a team of accounting associates you will need to drive collective team efforts while successfully executing your own responsibilities while this is a remote position preference will be given to candidates located in orlando

what youll do

expense  cash management
 record employee benefit and other recurring expenses into accounting system ensuring proper gl coding and timely payment
 process and analyze weekly check run identify ways in which to decrease the cash flow gap
 administer banking  cash functions schedule ach payments wires print checks process positive pay and stop payments post daily activity in gl

sales  use and property taxes
 accumulate sales tax data and ensure proper coding to taxing location prepare tax packet for periodic filing and payment of taxes
 maintain the schedule of estimated quarterly income tax payments and coordinate payments
 oversee setup of new sales  use tax registrations

reporting  analysis
 prepare account reconciliations post basic journal entries ensure proper account coding and research and correct account discrepancies
 prepare  distribute weekly sales reporting and support adhoc reporting needs
 assist with balance sheet pl fluctuation analysis preparation of the quarterly forecasts month end closing

you will also be working with manager to guide coach and mentor staff

you might be a good fit if you have
 a bachelors degree in accounting or finance from an accredited university
 a minimum of  years of general accounting experience
 a thorough understanding of accounting principles and also have strong emphasis on customer service
 strong analytical skills excellent written and verbal communication skills
 strong proficiency with ms word and excel and have the ability to scrutinize details

bonus if you have
 public accounting experience
 experience in the utilities industry andor in a distribution environment
 large mrp system experience
 experience in managing a team of professionals

location orlando remote

zr",1
"         COORDINATING MANAGER       Summary    Administrative Operations: Special events, meeting, and travel logistics; correspondence, file, records, and database management; project administration and executive-level management 
*Sales Support: Client service, accounts management, problem trouble-shooting and resolution; contract administration, order review, and shipping management; sales tracking and reporting
*Communications: Business writer, proofreader, and editor; knowledgeable  in medical terminology, policies and standards such as HIPAA  
*Financial/Budget Administration: Budget oversight, invoice verification, requisitions, expense tracking; purchasing, supply, and inventory management.      Skills        MS Windows, Word, Excel, PowerPoint, Outlook and MAC, Lexis Nexis, Soarian and MediNotes EMR            Experience      Coordinating Manager   09/2013   to   Current     Company Name   City  ,   State       Manage annual updates of procurement policies, standards procedures and guidelines to reflect changes in the operations including regulations, risks and best practices.  Provide Executive level support to the Executive Director and Deputy Executive Director.  Liaise between all departments and residents to ensure proper communication and reporting practices with complaints.  Manage contracts between the facility and the dialysis centers.  Assist with managing the Quality Assurance / Risk Management Department with Board Reports and quarterly Performance Improvement reports.  Manage the Department of Health (DOH) and Joint Commission (JCAHO) annual survey files as well as the upload for the Plan of Corrections (POC) to the Health Commerce System (HCS).  Oversee Corporate Compliance updates for each department and ensure annual staff training.  Provide technical/administrative support to department heads regarding the data management system.  Serve as head Requisitioner for various departments and provide technical support to staff coordinators for Procurement Suites System.  Serve as a member of the Culture Change Committee.  Create and manage excel data base for Risk Management incidents and fall analysis.  Manage and process agency staff invoices for the Pharmacy and Rehabilitation department.  Assist with managing Human Resource in annual evaluation audits.          Executive Assistant   09/2010   to   06/2011     Company Name   City  ,   State       Provided administrative services to the Executive Director.  Managed all calendar events; schedule all meetings, made travel arrangements and prepared all itineraries.  Acted as a go-between all departments to ensure proper communication and reporting practice.  Maintained and updated all Polices and Procedure documents for various departments.  Conserved general filing system and filed all correspondence.          Program Associate   12/2005   to   07/2009     Company Name   City  ,   State       Housing and Community Development.  Managed, at grantee level, the Housing & Urban Development (HUD) comprehensive housing counseling program, including the annual grant proposal, affiliate contractual process, data collection and entry.  Reviewed grant applications and conducted conference calls with potential sub-grantees.  Analyzed budgets for sub-grantees and communicated results to program directors and CEOs.  Provided technical support to 35 Program Directors in data collection system & program assistance.  Developed standardized work procedures to improve work flow, including E file and database.  Wrote and prepared annual, quarterly, and special reports and contributed to the department in preparation of request for proposal and other correspondence.  Supervised administrative staff in achieving departmental goals and ensured staff compliance with deadlines.  Scheduled and organized internal and external meetings, conferences, luncheons and events.  Updated and maintained calendar; acted as ""right arm"" and ""gatekeeper"" to Senior VP of Housing.  Processed monthly expense reports utilizing spreadsheets.  Heavy calendar management; meeting and conference call coordination and all logistics pertaining to the meetings and conference calls; travel arrangements (domestic and international) and all other travel logistics such as air, ground, and lodging.  Completed on-boarding process for all new hires; entered requisitions and help-desk tickets for systems access requests.  Developed progress tracking tools to assist in affiliate evolvement gain-loss analysis for funding.  Established and maintained files in-house and offsite adhering to all records retention policy and procedures.  Conducted field audits to ensure compliance with federal grant requirements.          Sales Executive   03/1997   to   12/2005     Company Name   City  ,   State       Maintained relationships with existing customers through regular review visits.  Visited potential customers to demonstrate products and gain new markets.  Contacted clients by phone to negotiate terms of an agreement and conclude sales gathering.  Negotiated variations in price, delivery and specifications with buyers.  Researched, analyzed and reported future buying trends back to employer.  Handled all travel arrangements including domestic and international, hotel accommodations and car services for trade shows.          Education and Training      Bachelor of Arts  :   Communications   2004       The College Of New Rochelle   City  ,   State       Communications        8/08-11/08     Dale Carnegie Course - Public Speaking, Effective Communication and Human Relation     May 2004                   Activities and Honors    NYS Notary Public, American Heart Association, Basic Life Support, 
PROFESSIONAL MEMBERSHIPS:
Urban League Young Professionals      Skills    administrative, administrative support, agency, budgets, conferences, contracts, counseling, clients, data collection, data management, data base, database, delivery, Department of Health, DOH, dialysis, staff training, expense reports, filing, grant applications, grant proposal, graphs, help-desk, Human Resource, Lexis Nexis, logistics, MAC, Director, managing, meetings, access, Excel, Outlook, PowerPoint, MS Windows, Word, policies, presentations, Procurement, progress, proposal, Public Speaking, Quality Assurance, Rehabilitation, reporting, Risk Management, sales, spreadsheets, technical support, phone, trade shows, travel arrangements   ","description

shift day job

schedule fulltime

build the possibilities make an extraordinary impact

responsible for directing foundational and strategic compliance responsibilities with consistent excellence that support the team and management

how you will make an impact
 focused on medicare parts c  d appeals and grievances mcag  directs projects initiatives regulatory sanctions executivesponsored initiatives regulatory audits or exams internal audits accreditations onsite reviews risk assessments audit planning conducting mock audits conducting audit training managing audit evidence preparation assessing audit preparedness
 leads compliance monitoring to identify process gaps validate compliance levels map processes draft corrective actionsremediation plans oversee implementation of corrective actions prepare reportspresentations
 leads complex investigations and documents findings
 develops strategic plans makes recommendations to leadership designsimplements annual compliance plan
 develop strong relationships with key leaders to identify and address compliance risks and failures and manage action plans designed to fully mitigate risks
 maintains current knowledge of cms and other pertinent regulations and government enforcement initiatives
 develops and implements training and communication plans manages and leads scheduled and adhoc compliance projects provides and delivers compliance consultation services to the business unit
 develop strong relationships with regulators especially cms
 provides overall business advisory support in medicare parts c and d appeals and grievances mcag regulatory guidance

qualifications
 requires a babs and minimum of  years health care regulatory ethics compliance or privacy experience or any combination of education and experience which would provide an equivalent background ability to travel may be required preferred qualifications
 experience in medicare parts c and d appeals  grievances strongly preferred
 strong leadership skills and ability to motivatecoach other staff strongly preferred
 msmbajd or professional designation preferred
 excellent verbal and written communication skills
 strong attention to detail
 solid problem solving and time management skills

we offer a range of marketcompetitive total rewards that include merit increases paid holidays paid time off and incentive bonus programs unless covered by a collective bargaining agreement medical dental vision short and long term disability benefits k match stock purchase plan life insurance wellness programs and financial education resources to name a few the health of our associates and communities is a top priority for anthem we require all new candidates to become vaccinated against covid if you are not vaccinated your offer will be rescinded unless you provide and anthem approves a valid religious or medical explanation as to why you are not able to get vaccinated that anthem is able to reasonably accommodate anthem will also follow all relevant federal state and local laws anthem inc has been named as a fortune great place to work in  is ranked as one of the  worlds most admired companies among health insurers by fortune magazine and a top  fortune  companies on diversity and inclusion to learn more about our company and apply please visit us at anthem is an equal employment opportunity employer and all qualified applicants will receive consideration for employment without regard to age citizenship status color creed disability ethnicity genetic information gender including gender identity and gender expression marital status national origin race religion sex sexual orientation veteran status or any other status or condition protected by applicable federal state or local laws applicants who require accommodation to participate in the job application process may contact for assistance

reqnumber ohio",0
"         TECHNICAL EDUCATIONS LANGUAGES       Summary    QA-QC Lead in Subsea 7 (EPC Contractor) & working for Major Clients such as TOTAL / TECHNIP / Exxon / ADMA-OPCO (Abu Dhabi National oil Company Group) Supplier Quality control lead in Various Automotive industries (Valeo, Leoni, Continental) & working for Major Clients such as Renault, Peugeot, BMW, etc. Very Good experience in Project Management over all phases (design / Procurement / Onshore / offshore) from the ""start-up through completion"" of the Work. Very Good Experience with QC Activities on Procurement stage of various vendors (Buoyancy Foam, Connectors, clamps, structures, Valves, Flanges, pipelines, etc) Project Manager / QA_QC Lead 10 years relevant experience in Oil & Gas/ Automotive Industries with Quality Management Background       Highlights        Windows 9X/NT/XP, MS Office, MS Outlook, MS project, Pascal, Catia v5              Experience      TECHNICAL EDUCATIONS LANGUAGES            Supplier Quality Manager Liaison Engineer CONTINENTAL  Automobile   10/2009   to   04/2010       PDCA, AMDEC, 8D analysis, Six Sigma method, KANBAN, Supplier quality Management, Quality Auditing, 5S, ISO9001, ASME, API, ASTM.  From Mar.  2014 till now: Bureau Veritas Abu Dhabi (UAE) Project Manager of Umm Lulu project (ADMA-OPCO): Project Manager of Zakum Electrification project (ADMA-OPCO) Managing several oil & Gas Projects for ADMA-OPCO (Abu Dhabi National oil Company Group): Installation of wellhead towers, infield pipelines & super complex.  In charge of the duties of organizing, planning, work assignment, cost control and scheduling the ""start-up through completion"" of all activities (structural, Decks, rigid/flexible pipelines, jacket installations, risers, etc.).  Key responsibilities are: Preparation of Technical Offer (method of statement, contract organization structure, etc...) Preparation of Commercial Offer (price structure, cost / time / resources / profit estimation, price conditions / technical and contractual qualifications, etc.) Preparation Contract Execution Plan and co-ordination procedures as per client specification.  Development / customization of necessary contract management tools.  Identify all resources and support (human, physical, financial) required to achieve the project Objective.  Responsible of selection / recruitment process (Select CV, perform interview, propose offer Package) for candidates suitable for working on the Project.  Expediting of contract tasks including mobilization of personnel and sub-contracting Communication with the Client and other parties.  Brings to the contract the required resources as well as the tools necessary to follow the Contract schedule, cost / profit as well as quality on the contracts way to a successful Completion.  Coordinating the activities of all engineers/surveyors (Welding, Civil, Structural, Piping, Rotating Equipment, Painting & Coating, Electrical & Instrumentation, etc.) assigned at site.  Full management of Onshore / offshore assigned on the project (more than 25 Engineers) Full knowledge of the project's technical issues and its status.  Directs and controls the work at site by contractors working directly for BV.  Monitoring & Evaluation of Site Inspectors, and provide necessary plans for improvements.  Provide Monthly Reports to Clients, for TPI involvement, concerns & recommendations Follow up / monitoring of project schedule and cost / Contract invoicing.  From Sept.  2010 till Mar.2014: Subsea7 France SA Project Lead QA-QC Engineer for Erha North project (EXXON) Project QA-QC Engineer for Clov project (Total) Project QA-QC Engineer for Block 15 project (EXXON) Management of QC activities for packages: Buoyancy Foam, Connectors including forged pieces, clamps, pup pieces, structures in Sub Vendors, Subsea Valves and Forged Flanges Flexible pipeline installation, Anodes, Rigid items (wellhead tower, jackets, Subsea Guiding Frame etc.) Key responsibilities are: Participate in the critically assessment rating at the request of the Project Quality Manager.  Conduct the Pre-Production Meetings (PPM) and to facilitate the start of production Review / approve the Suppliers ITPs & control procedures defined in the SDR Nominate / Manage qualified inspectors for the implementation of the surveillance on-site Supervise by performing QC visits during manufacturing process if needed.  Review / approve the Inspection Reports, identify any problems and keep the project and departmental staff informed of progress.  Work with the Project Quality Manager and the HSEQ Department on the appointment and co-ordination of Project QC Inspectors (Ensure our inspectors adhere to all Subsea 7 safety on site) Process NCR's raised during inspections and keep the project and departmental staff informed of progress.  Verify all Technical Queries and NCRs are closed prior to organising the Release.  Participate in performance evaluation of suppliers / yards as requested.  Review and approve final documentation (MRB compilation) Ensure Lessons Learned and improvements are identified and reported during project execution.  Coordinates all related communication with local departments Participation in component reviews Technical Data maintenance on numerical platform (Liaison Person Rights) Preparation of the local sourcing committee in agreement with commodity management Maintain communication between locations in charge to validate electronic components.          Supplier Quality Control Engineer   01/2009   to   09/2009     Company Name      Management of 15 suppliers Panel Taking part in suppliers selection phase: writing of validation plan listing Leoni requirements Technical and industrial validation of the bought components Monitoring of the homologation of specific components: from conception to realization of initial samples.  Taking part in qualification audits of specific components at Leoni suppliers Quality validation of the productiveness solutions identified by Leoni family purchasers.  Feb.  to Dec.  2008: Supplier Quality Management Engineer, CONTINENTAL Automobile Ensuring and monitoring of pcb's Quality on continental's supplier in China Monitoring of notifications, incidents and Quality alert on continental production site Management of defective parts (using 8D method to resolve failures) Implement containment actions on production site according defects found Regular visits on continental's supplier in China to check /follow corrective action implemented Take part on validation modification of process/parts proposed by suppliers Oct.  2007 to Jan.  2008: Purchasing Engineer, VALEO Engine cooling Buyer of Machine producing automotive radiators Order all parts needed to assembly the machine Management of orders based on Delivery time of parts and assembly machine priority Implement effective organization for incoming inspection of parts Change defective parts detected and negotiate the shortest delivery time with suppliers March to Sep.  2007: Supplier Quality control (Trainee), VALEO Connective Systems Management of 25 suppliers Panel (responsible of homologation of 66 components) Creation of organizational tools to ensure an efficient homologation step for components bought Creation of a new procedure able to identify the defects and transmit useful information about quality components received in Valeo plant Taking part in qualification audits of specific components at Valeo suppliers Jan 2005.  to Jul.  2006: Validation Engineer, VISTEON Interiors Systems Taking part in products validation phase of Panels for PSA customer Contribution at the following-up activity / Scheduling and management of testing requirements Improvement of interface tools Customer / Project / Manufactory / Laboratory Logistics / parts traceability/Compilation / results analysis / customer reporting Basketball (former junior player in the international Tunisian team), Football, Music SIROT Olivier C:\Users\Boulkhled\Documents\CV_Y.Hammi_Nov2015-2-with-logos.doc	page 6 of 5.          Consulting Engineer   10/2007   to   09/2009     Company Name            Education      Ecole Nationale arts & métiers», Paris (France)
2006: 	Material Science Engineer Diploma; École Polytechnique de LILLE 	(France)     2003       Material Science General University            Diploma     2001       Scientific High School            Master's Degree                  Diploma      Paris XI University       France             Certifications    2013: 	CSWIP - Visual Welding Inspector Level 1; Rotherham (UK)
2012: 	IRCA Certificate for Quality Management Auditor; Paris (France)      Languages    French: Fluent          English: Fluent          Arabic: Fluent        Personal Information    Date of Birth: 	August 17, 1982 (33 Years Old)
Nationality:	French
Adress:          Beach Tower / Reem Island / Abu Dhabi      Additional Information      Date of Birth: 	August 17, 1982 (33 Years Old)
Nationality:	French
Adress:          Beach Tower / Reem Island / Abu Dhabi        Skills    API, Arabic, arts, Auditing, automotive, C, Catia v, contract management, contracts, cost control, Client, Clients, Dec, Delivery, documentation, Engineer, Fluent          English, financial, Frame, French, Inspection, Inspector, invoicing, ISO9001, Logistics, logos, Managing, manufacturing process, Material Science, Meetings, MS Office, MS Outlook, MS project, Windows 9, NT, Oct, oil, organizing, organizational, page 6, Painting, Pascal, personnel, producing, profit, progress, Project Lead, Purchasing, Quality, Quality Management, QA, Quality control, recruitment, reporting, safety, Scheduling, Six Sigma, specification, suppliers selection, Systems
Management, Validation, Veritas, Welding   ","companyqualcomm technologies inc

job areaoperations group operations group  business operations

job overview

qualcomm is a company of inventors that unlocked  ushering in an age of rapid acceleration in connectivity and new possibilities that will transform industries create jobs and enrich lives but this is just the beginning it takes inventive minds with diverse skills backgrounds and cultures to transform  potential into worldchanging technologies and products this is the invention age  and this is where you come in

overview and purpose

we are looking for a highly qualified professional to work closely with our gm automotive business unit auto bu as directorsr director strategic ops management for our products  platforms the automotive bu is rapidly expanding and has ambitious growth plans across the global marketplace the bu services an expansive list of global customers through innovative and cuttingedge products and technical solutions with an aim to e xtend leadership in infotainment and telematics platforms across tiers automotive  and c oem service models expand adasautonomy roadmaps and partnerships this is a key leadership position in shaping the future of the business unit and elevating it to the next level the position will champion change by utilizing a datadriven approach reconfiguring current business processes with strong linkages to business drivers establishing objective kpis and metrics and ensuring goals are met through a combination of change championship data analysis process improvements passionate execution and accountability

responsibilities

under the guidance and empowerment of qualcomms auto bu gm the incumbent will

 facilitate conceptualization development and deployment of strategic business initiatives work with the gm to identify gaps in strategy define operational plans and commission high impact projects

 oversee daily operations and implementation of bu projects and programs through collaboration with senior leaders both within and outside the auto bu direct staff and key stakeholders

  call out early signs of business results to proactively deploy strategies to maximize business opportunities and  or minimize negative outcomes for the bu

 manage key data analytics and reviewsuggest improvements to current processes and coordinate organizational procedures to optimize productivity of the gms office

 serve as a trusted advisor handling inquiries and developing action plans to address them and assisting with the preparation and dissemination of communications

 be a neutral party who is adept at navigating matrix structures influencing across hierarchies and driving change to achieve business results for the auto bu

minimum qualifications

  years in a business role at a hightech company including at least  years in leadership or senior management roles

 bachelors degree in engineering finance business administration or management

 proven experience in managing senior leaders and crossfunctional teams

 experience with planning process improvement leading strategic initiatives establishing metrics and driving change

 excellent communicator in written and verbal form able to present to executives and customers

 experience with getting to winwin outcomes handson negotiation skills

 extremely versatile analytical dedicated to efficient productivity able to manage complex business tasks often with competing priorities

 ability to build relationships and influence others in a collaborative manner will be essential

preferred qualifications

 experience in product management engineering operations or commercial operations  finance

 strong fundamental knowledge of qc products how products are built and sold strong understanding of product lifecycle management customer lifecycle management exposure to product cost product development operations

 exposure to developing partnerships new ecosystem engagements

if youd like to join the team that is bringing the digital cockpit to reality apply now

applicants if you are an individual with a disability and need an accommodation during the applicationhiring process please call qualcomms tollfree number found here  for assistance qualcomm will provide reasonable accommodations upon request to support individuals with disabilities to be able participate in the hiring process qualcomm is also committed to making our workplace accessible for individuals with disabilities qualcomm is an equal opportunity employer and supports workforce diversity

to all staffing and recruiting agencies our careers site is only for individuals seeking a job at qualcomm staffing and recruiting agencies and individuals being represented by an agency are not authorized to use this site or to submit profiles applications or resumes and any such submissions will be considered unsolicited qualcomm does not accept unsolicited resumes or applications from agencies please do not forward resumes to our jobs alias qualcomm employees or any other company location qualcomm is not responsible for any fees related to unsolicited resumesapplications

eeo employer qualcomm is an equal opportunity employer all qualified applicants will receive consideration for employment without regard to race color religion sex sexual orientation gender identity national origin disability veteran status or any other protected classification

if you would like more information about this role please contact qualcomm careers  

we are engineers scientists and business strategists we are from many different countries and speak many different languages we come from diverse cultures and have unique perspectives together we focus on a single goalwe invent breakthrough technologies that transform how the world connects computes and communicates

employment notices for usbased job postings

equal employment opportunity 

eeo is the law poster supplement

pay transparency nondiscrimination provision 

employee polygraph protection act

family medical leave act 

rights of pregnant employees

discrimination and harassment 

california family rights act

prepare and succeed

qualcomm interview faqs 

employment fraud alert

we have received reports of employment scams that seek financial or personal information from job candidates please note these communications are fraudulent click here  to view our employment fraud alert",0
"         HOSTESS       Professional Summary     Undergraduate student completing a bachelor's degree in August 2016 that practices efficient project and time management skills, leadership, and experience with various fields of work. Multiple job experiences in curating, social media, marketing, and public relations. Able to adapt in new and unfamiliar territory. Detail-oriented with strong technical skills and the ability to learn concepts quickly who also exhibits excellent communication skills ad strong motivation to succeed.        Skill Highlights          Brand development   Multi-media marketing  Google analytics, Hootsuite, and social media proficient  Microsoft Office      Relationship building expert  Deadline-driven  Exceptional writer  Organized and efficient            Experience     March 2016   to   Current     Company Name   City  ,   State     Hostess        Take necessary steps to meet customer needs and effectively resolve food or service issues   Seat guests  Resolve guest complaints promptly and professionally  Communicated clearly and positively with co-workers and management   Performed general maintenance duties, including mopping floors, washing dishes, wiping counter tops and windows, checking bathrooms         December 2015   to   January 2016     Company Name   City  ,   State     Student Intern        Completed 80 hours  Worked as an intern observing daily routines  Learned and operated with physical therapy equipment  Assisted alongside the doctor and PTA's with patients  Practiced customer service tactics with patients  Learned and operated WebPT operating system   Scheduled appointments for patients         May 2015   to   September 2015     Company Name   City  ,   State     Brand Ambassador        Managed inventory  Operated cash register for transactions  Computed sales prices, total purchases and processed payments  Maintained knowledge of current promotions, policies regarding payment and exchanges, and security practices  Placed special orders and called other stores to find desired items  Replenished floor stock and processed shipments to ensure product availability for customers         February 2015   to   June 2015     Company Name   City  ,   State     Virtual Social Media Marketing Intern        Curate social media posts   Write and edit/re-write articles for the website   Update social media platforms for clients based on goals and intent   Research music festivals and concerts  Manage email interaction with clients  Create photo collages and edits for events  Recruit clients   Find effective marketing and advertising tactics   Stay up-to-date with music culture  Seasonal internship         January 2015   to   June 2015     Company Name   City  ,   State     PR Intern         Research clients in order to develop a strategy for public relations activities     Update social media on behalf of the clients     Write/re-write articles for Bounce PR's website     Identified client's needs and applied them through PR strategies  Curate posts via Hootsuite  Kept up to date with music culture and festivals  Worked with management to identify trends and developments that might influence PR decisions and strategies  Established long-range objectives and developed innovative strategies to help achieve them         January 2014   to   October 2014     Company Name   City  ,   State     Sales Associate and Brand Ambassador        Updated social media platforms for Buckle     Researched and implemented public relations activities of other stores   Worked with management to discover trends and developments that might influence PR decisions and strategies   Recruited employees     Managed inventory     Answered telephone    Organized and created new floor plans and designs for the store  Clothed and updated mannequins frequently     Practiced loss prevention tactics         November 2012   to   June 2013     Company Name   City  ,   State     Marketing and Advertising Sales Associate        Attended events in order to promote LF and their clothing     Communicated with future potential customers     Handed out fliers and information regarding sales and events     Called regular customers to invite them to private events     Managed inventory   Updated social media websites to keep customers up to date on happenings within the store   Discussed weekly changes to PR strategies based on trends and events in the area         October 2011   to   May 2012     Company Name   City  ,   State     Hostess        Created and organized seating charts based on the reservations for that evening     Kept open communication with the staff and managers as changes occurred     Answered telephones     Greeted guests and sat them at tables or in waiting areas  Supervised and observed the other hostess          Education and Training     2016     Florida State University   City  ,   State  ,   USA     BACHELOR OF SCIENCE  :   Environmental Studies             Skills     Communication, social media platforms and usage, Microsoft Office, teamwork, creativity, writing, customer service, craft beer, curating, marketing, Google analytics, Hootsuite, WebPT    "," text  fun jobs to  to schedule an interview
 position snapshot the dishwasher position is vital to the overall cleanliness of the building and safety of our guests and staff
 our dishwasher staff is responsible for cleaning sanitizing and properly storing all dishes flatware utensils and kitchenware
 delivers an unparalleled guest experience through the best combination of food drinks and games in an ideal environment for celebrating all out fun
 keeps immediate supervisor promptly and fully informed of all problems or unusual matters of significance and takes prompt corrective action where necessary or suggests alternative courses of action
 uses all chemicals properly in the correct quantities for safety and cost control
 safely and correctly operates all equipment
 cleans and sanitizes all dishware flatware and glassware
 carefully sorts all dishware and flatware to ensure none are lost or disposed of
 cleans and sanitizes kitchen pots pans and utensils
 adheres to all company safety and sanitation policies and procedures
 carefully handles all glassware and dishware to eliminate breakage
 empties all trash in the kitchen and cleans and maintains trash cans
 assists the other kitchen staff members with pressure point relief during the shift as needed
 assists with line maintenance sweeping and clearing dirty dishes
 assists with some prep and banquet items as directly by management
 cleans and maintains kitchen and dish areas floors walls and drains
 assists in the maintenance of kitchen storage areas cleanliness and stocking
 cleans and maintains all mats
 assists other team members as needed or when business needs dictate
 maintains a favorable working relationship with all other company team members to foster and promote a cooperative and harmonious working climate that will be conducive to maximum
 team member morale productivity and efficiencyeffectiveness
 must be friendly and able to smile a lot while working days nights andor weekends as required
 previous maintenance experience at a hotel or restaurant is preferred but not required
 must demonstrate ability to clearly communicate with guests and other team members
 must be disciplined and selfmotivated
 is dressed in accordance with dress guidelines looking neat clean and professional at all times
 the physical demands described here are representative of those that must be met by a team member to successfully perform the essential functions of this job
 reasonable accommodations may be made to enable individuals with disabilities to perform the essential functions
 work days nights andor weekends as required
 work in noisy fast paced environment with distracting conditions
 read and write handwritten notes
 lift and carry up to  pounds
 move about facility and stand for long periods of time
 walk or stand  of shift
 reach bend stoop mop sweep and wipe frequently
 the above statements are intended to describe the general nature and level of work being performed by individuals assigned to this job
 they are not intended to be an exhaustive list of all responsibilities duties and skills required of personnel so classified in this position
 at dave and busters the safety of our team members and guests is our top priority
 we are committed to delivering the high standards you have come to know and expect from us as we navigate through the covid pandemic
 our operations are in compliance with all cdc recommended guidelines including enhanced cleaning and sanitation practices following social distancing protocols and providing our team members with gloves and masks to keep themselves and our guests safe",0
"         PULASKI COUNTY EXTENSION AGENT           Professional Summary     To plan, develop, implement and sustain public health programs. Experience in conducting needs assessments, training in grant writing, and budget management. Experience supervising program assistants and paraprofessionals. Ability to  communicate orally, and present written program materials.  Compassionate about community outreach and health promotion.       Core Strengths          Low income populations  Client engagement  Nutrition background  Health promotion   Disease prevention  Community health background      Program evaluation  Self-starter  Program planning and coordination  Budgeting and financial management  Microsoft Office Suite  Strong decision maker  Supervisory skills            Professional Experience      Pulaski County Extension Agent    October 2010   to   Current     Company Name   -   City  ,   State      Deliver health and nutrition programs to Pulaski County residents, primarily within the SNAP-Ed Program (Supplemental Nutrition Assistance Program Education)   Conduct a yearly needs assessment for Pulaski County to help determine SNAP eligible communities   Utilize needs assessment data to aid in writing grants targeting SNAP eligible communities   Establish partnerships with local SNAP eligible agencies, schools-Coordinated School Health, communities, and groups   Understand federal guidelines for Pulaski County SNAP grant funding   Complete a yearly forecast of the Pulaski County SNAP budget, and manage and record budget expenditures (materials, supplies, travel, printing, etc) throughout the program year   Conduct presentations and trainings for SNAP eligible participants and Extension Get Fit (Physical Activity/Strength Training Program) participants   Conduct health and nutrition professional development training for SNAP partners   Supervise SNAP-Ed Program Assistants and Paraprofessionals   Submit monthly reports for federal SNAP funding personnel   Complete monthly AIMS (Arkansas Information Management System) and Civil Rights Reporting   Complete measurement, evaluation and impact reporting for SNAP-Ed and Extension Get Fit Groups   Serve on various LR and NLR school district committees and community coalitions, and or alliances  focusing on eliminating childhood obesity, reducing teen pregnancy and substance abuse, and also promoting healthy living for both youth and adult Pulaski County residents   Promote healthy habits and practices in outreach materials and presentations           Program Technician    April 2009   to   October 2010     Company Name   -   City  ,   State      I worked in the area of food safety and food preservation under the supervision of a Nutrition Specialist.  Assisted with and prepared food safety and food preservation presentations for community members and state Agents.  Assisted with and prepared online and in-class training materials  Conducted needs assessments   Conducted train the trainer sessions   Conducted AIMS reporting   Assisted in grant writing and collaborating with other health agencies to promote food safety   Provided technical assistance for Nutrition, Health and Aging Specialist   Developed and monitored food safety and food preservation web page for U of A website   Developed and monitored food safety and food preservation SPOT Groups (online informational workgroups for health and nutrition Agents.          Mississippi County Extension Agent    July 2007   to   July 2008     Company Name   -   City  ,   State      I worked with the ""Eating and Moving for Life"" Dietary Intervention Program.  Focused on reducing the risk of hypertension, diabetes, and other nutrition related chronic diseases (ages 18 and over)   Planned and implemented nutrition and health programs for residents   Reported data to state Extension staff   Evaluated program participants   Assisted EMFL nurses with pre and post health screenings for participants   Submitted weekly, monthly and quarterly reports of participant impact and progress for supervisor and grant partners   Completed monthly AIMS and Civil Rights Reporting.          Education      Currently Pursing   :   Nutrition Degree  ,   Present    University of Central Arkansas   -   City  ,   State       Didactic Program in Dietetics Coursework         Master of Public Health   :   Health Behavior Health Education  ,   May 2011    Fay W. Boozman College of Public Health			  		   Little Rock, AR          University of Arkansas for Medical Sciences           Health Behavior Health Education Coursework             May 2011    Fay W. Boozman College of Public Health- Integration Capstone Project         	Little   -   City  ,   State      During my Preceptorship Project (needs assessment and literary review phase) I conducted focus groups regarding underutilization of health education services in the community served by the Delta Area Health Education Center in Phillips County Arkansas. The overarching goal was to utilize focus group data findings to help the Delta AHEC develop a plan of action for quality/effective health education services delivery.  The project developed into my Capstone Project in which I developed a Services Promotion Plan to help address, and evaluate the barriers in health education services provided by the Delta AHEC, and also help enhance community based participation by minority residents.        Bachelor of Science   :   Community Health Education  ,   May 2007    Dillard University          Community Health Education During my Preceptorship, I interned with a Dietitian at the Louisiana State Department of Public Health.
While attending meetings and trainings focused on health promotion, I was able to help implement public health programs throughout the city.  This opportunity allowed me to get my first view of how different organizations collaborate to meet health goals of the state.        Qualifications     •Experience in program planning, implementation, impact, and evaluation  •Needs assessment experience and training  •Grant writing training and skills  •Capable of supervising staff   •Ability to complete program reports to display research data for evaluators  •Ability to forecast and monitor a yearly program budget  •PowerPoint Presentations  •Microsoft Office Tools  •Ability to clearly communicate ideas effectively  •Ability to work effectively with personnel, county leaders, and general public  •Physical and mental ability to effectively perform duties and responsibilities related to the job, including long and irregular hours of work and frequent travel    ","are you a compassionate caregiver that can drive with the dedication and professionalism it takes to work for our agency do you want to feel appreciated and rewarded for the demanding work that you do synergy homecare is a nonskilled agency and our mission is to enable our clients to live happy healthy and independent lives in the comfort and familiarity of their homes and to inspire our caregivers with appreciation industryleading training and a true commitment to their wellbeing

we are seeking caregivers that can drive to join our independently owned and operated national agency

we have clients needing care in the following areas bloomfield clifton woodland park east orange montclair glen ridge lyndhurst kearny jersey city rutherford passaic north arlington east rutherford north bergen secaucus carlstadt belleville nutley hudson county bergenfield paramus river edge new milford westwood dumont ridgewood teaneck glen rock hackensack tenafly maywood hillsdale

synergy homecare offers
 supportive team environment
 competitive pay with direct deposit
 paid orientation and ongoing training
 timeandahalf pay for overtime and holidays
 flexible schedules and matching caregivers with nearby clients
 employee recognition programs

as a caregiver with synergy homecare you will
 provide attention to clients nonmedical needs including companionship and social engagement
 assist client with light housekeeping meal preparation and medication reminders
 establish communication and a professional relationship with clients family members and coworkers
 provide reliable care by being punctual and consistently covering shifts

qualifications  requirements
 have or acquire cprfirst aid certification
 evidence of a negative tuberculosis tb test
 national background check
 a valid drivers license proof of car insuranceregistration and a reliable car if you drive

email your resume today to cliftonjobssynergyhomecarecom",0
"         MEDICAL SUPPORT ASSISTANT       Professional Summary    Detail-oriented and disciplined team player seeking a new role in a Supervisor position. Has 15+ years of experience in Military Healthcare to include 8+ years in Management.  Result-oriented personnel with specialized training and significant hands-on practical experience in a hospital setting. Proven ability to manage multiple responsibilities simultaneously, proactively resolve issues, and excel in fast-paced high-pressure settings. Key Qualifications Secret Security Clearance Clinical Management Leadership Communication Skills Operations Personnel Supervision/Training Team Building Networking Accountability Data Reporting Tracking/Analysis Critical Thinking Patient/Physician Relations Budgeting Record Maintenance Data Administration Time Management Risk Management       Education and Training     September 2016     Bachelor of Science  :   Health Care Administration    Kaplan University          Health Care Administration       May 2015     Associate of Science  :   Health Science    Kaplan University          Health Science       November 2014     Emergency Medical Technician - Basic   National Registry of Emergency Medical Technician                Professional Experience     07/2015   to   Current     Medical Support Assistant    Company Name   －   City  ,   State      In charge of processing inpatient and outpatient specialty consults and referrals through Computerized Patient Record System (CPRS); along with processing authorizations through Fee Basis Claims System (FBCS) and scheduling Veterans through VISTA Appointment Manager.  Pulls reports daily of specialty consults, sorting consults on spreadsheet to ensure proper data tracking, appointment tracking, and making follow-ups.  Works closely with Non-VA Care Coordinator Nurse and Veteran Affairs staff to ensure the fast and accurate coordination of care between the facilities of VA Medical Center and Non-VA Care providers.  Responsible for assisting patients, providers, and Non-VA facilities with referrals and setting up appointments.  Generates authorizations for Veteran services ensuring proper ICD-10, CPT, and DRG codes are being use as well as allocating appropriate funds for services Works with CBO and Health Administration Services to perform monthly audits on authorizations to ensure correct codes, data, and funding are being used.  Ensures Veterans are eligible and have opted into the Veteran's Choice-First program and uploads appropriate data information and medical documentation into Healthnet.  Communicates with Veterans, family members, providers, and Non-VA facilities in a professional, courteous, tactful and helpful manner.  Researches and follow-up on complaints or inquiries from providers, Non-VA facilities, and Veterans; Assists with the coordination to resolve any issue.         11/2005   to   06/2015     Healthcare Clinical Manager    Company Name   －   City  ,   State      Supervised over 40 personnel in a medical clinic and was dependable for their training, safety, welfare, and professional development; determine personnel requirement; conduct training programs.  Developed new standard operating procedures for the medical clinic and ensured all personnel were trained and qualified on all procedures, resulting in excellent care of patients.  Deployed a new way of tracking and ordering medications and medical supplies, improving the effectiveness of the medical supply department.  Monitored, managed, and controlled the budget for the ordering and restocking of medical supplies.  Assisted with technical and administrative management of medical treatment facilities under the supervision of a Physician and/or Physician's Assistant; enforced proper processing of clinic charge documents; ensured the timeliness and accuracy of all submitted information.  Coordinated the day-to-day operations of medical clinic with higher echelons of Medical Treatment Facilities; demonstrated support for clinic, divisional and medical center policies.  Coordinated communication between patient and internal and external providers; addressed patients and clinicians concerns, documented patients' encounters regarding clinical issues on appropriate forms, and provided clinical and administrative information to physicians when needed.  Enforce strict maintenance and accountability of 10 Field Litter Ambulances and six Medical Sets worth over $700,000.         08/2002   to   11/2005     HealthCare Specialist Team Leader    Company Name   －   City  ,   State      Directed services, taught and trained medical technicians, and performed as a Team Leader for 6 personnel.  Worked with foreign nationals to develop and maintain a field medical clinic in rural areas to provide medical assistance for those unable to obtain care.  Maintained accountability and serviceability for organizational equipment including six evacuation vehicles, communication equipment.  Provided Emergency medical treatment, limited primary care, force health protection and evacuation in a variety of operational and clinical settings from point of injury or illness through the levels of military healthcare.          Accomplishments      Basic Leadership Course, 218th Regiment (Leadership), Fort Jackson, SC * Advance Leadership Course, AC&S, Fort Sam Houston, TX * Army Field Sanitation Course, Fort Bragg, NC * Medical Terminology * First Aid Instructor * Sexual Harassment Assault Response Prevention Program and Equal Opportunity Programs.        Skills    administrative, Basic, budget, CPT, dependable, documentation, fast, forms, funds, ICD-10, Team Leader, medical assistance, Works, organizational, assisting patients, personnel, policies, primary care, requirement, safety, scheduling, sorting, spreadsheet, supervision, Technician, training programs, VISTA   ","description
 up to  sign on bonus

promedica senior care provides a range of services including skilled nursing care assisted living postacute medical and rehabilitation care hospice care home health care and rehabilitation therapy

the rn  registered nurse is responsible for supervising nursing personnel to deliver nursing care and within scope of practice coordinates care delivery which will ensure that patients needs are met in accordance with professional standards of practice through physician orders center policies and procedures and federal state and local guidelines we are looking for clinicians who would like to combine their love for people and strong work ethic with the opportunities to advance their career

rn  registered nurse responsibilities
 the rn  registered position is a staff position that has direct care responsibilities as well as supervisor responsibility for nursing assistants
 administer medications and treatments timely and according to policy
 receive transcribe and carry out physician orders
 follows established procedure for charting and reporting all reports of incidentaccidents patients  employees
 identifies and reports changes in condition to supervisor physician and family

rn  registered nurse rewards
 receive unparalleled training
 competitive pay
 industryleading benefits including comprehensive health coverage generous time off  and more
 education benefits such as student loan repayment assistance education discounts and inhouse continuing education training
 unlimited growth opportunities in a variety of roles or locations

be a part of the team leading the nation in healthcare while having fulfilling work with a purpose location

  promedica skilled nursing and rehabilitation  parma cleveland ohio

educational requirements

currently holds a rn  registered nurse license in this state

position requirements

one year prior nursing experience preferredjob specific details

 sign on bonus for ft  shift positions

 sign on bonus for ft  shift positions

vacant shift pick up bonuses offered

shift  weekend premiums available

daily pay also available",0
"         ADMINISTRATIVE ASSISTANT         Summary     Masters prepared Administrative Assistant seeking a position as Human Resource Assistant. Exceptional administrative skills, human resource experience, and 13 years of experience working with C-suite executives.        Highlights         Microsoft Outlook, Word, Excel, Power Point, Adobe Pro, SharePoint.              Accomplishments     Supported SVP through personal document management, calendar organization and collateral preparation for meetings.       Experience      Company Name    City  ,   State    Administrative Assistant   10/2014   to   11/2015       Provide administrative support to Director of Operations and Plant Manager including managing their complex calendars and making domestic and international travel arrangements. Prepare presentations and assist in creation and editing of monthly newsletter. Prepare Global Reports & compile Management Reports. Reconcile expense reports. Organize off site meetings and Career Fairs. Open, sort, and distribute incoming correspondence, including faxes and email.  Coordinate catering for luncheons and other meetings.          Company Name    City  ,   State    Administrative Assistant II   09/2013   to   09/2014       Provided administrative support to Chief Academic Officer and VP of Research. Managed calendars for two busy corporate executives while ensuring deadlines and time lines were met. Managed technology and c partner/stakeholder relationships. Transcribed/compiled meeting minutes. Reviewed and processed expense reports. Coordinated Department meetings and trainings. Arranged travel. Performed payroll functions, such as maintained timekeeping information and processed and submitted payroll. Proofread and ensured company policies were followed.  Managed paper or electronic filing systems.          Company Name    City  ,   State    EA/Project Manager   11/2012   to   07/2013       Provided system and project planning; and administrative support to SVP.  Estimated, executed, and implemented projects within the system.  Ensured deadlines and time lines were met.  Demonstrated superior skills in managing data and in using data to drive decision making.  Trained users and answered questions.  Presented research findings to groups of people.  Performed needs assessments in order to determine the types of research and information that were required.  Served as gate keeper for SVP Managed calendar and made travel arrangements for SVP.          Company Name    City  ,   State    EA/Supervising Corporate Assistant   03/2008   to   09/2012       Supervised corporate assistants and provided administrative support to SVP.  Performed Human Resources responsibilities such as: selection, interviewing, hiring, on-boarding, training, and employee engagement.  Assisted with CEO search   Reviewed job performance issues with employees to identify causes and issues and worked on resolving issues.  Interpreted and communicated procedures and policies to staff.  Managed projects for Clinical Operations Department Filed and retrieved corporate documents, records, and reports.  Prepared agendas and materials for meetings.   Helped with departmental budget preparation.  Created, maintained, and entered information into databases.  Set up and managed paper and electronic filing systems.  Composed and distributed meeting notes, reports, and presentations using Microsoft Word, Excel, or Power Point.  Arranged conference, meeting, and travel reservations.  Conducted Internet based searches.  Reviewed work done by others to check spelling and grammar, and ensured company policies were followed (proofreader).  Set up media equipment for meetings and web conferences.          Company Name    City  ,   State    EA/Corporate Assistant   03/2001   to   03/2008       Provided administrative support to SVP.  Managed executive's schedule and served as gate keeper.  Screened SVP's calls and assigned callers to appropriate parties.  Compiled, transcribed, and distributed meeting minutes.  Performed general office duties, such as ordered supplies and maintained records management database systems.  Made domestic and international travel arrangements.  Prepared agendas and made arrangements, such as coordinated catering for luncheons, for committee, board, and other meetings.  Provided back up for CEO Executive Assistant.  Managed projects within Clinical Operations.  Prepared Power Point presentations and Board packets.  Planned and organized retreats and significant events.  Reviewed and processed expense reports for eight executives.  Compiled and reported payroll reports for clinical operations staff.          Company Name    City  ,   State    Executive Assistant   10/2000   to   03/2001       Provided administrative support to President of Home Health Maintained President's calendar in Microsoft Outlook.  Trained all new/current Provena Home Health employees to be proficient in Outlook.  Scheduled appointments and meetings.  Prepared meeting packets.  Created tracking spreadsheets in Microsoft Excel.  Prepared Power Point presentations and packets for Board Committee meetings Transcribed/compiled meeting minutes.          Education      Master of Science  :  Management Human Resources   Jan 2012     Indiana Wesleyan University  ,   City  ,   State      Management Human Resources        Bachelor of Science  :  Management Human Resources   Jan 2007     Olivet Nazarene University  ,   City  ,   State      GPA:   Summa Cum Laude    Management Human Resources        Skills      Decision making  Screening  Interviewing  Multi-Tasking  Presentations   Project Management  Newsletter    Expense reports     ","qualifications
reports to the designated director manager administrator or supervisor
major duties and responsibilities
 responsible for performing a variety of routine clerical and departmental duties in compliance with government and management directives
 receive telephone calls and visitors handle routine matters personally and route nonroutine business to proper staff for consideration
 maintain calendar and schedule appointments
 act as liaison between manager director and other center and departmental staff
 maintain correspondence control log receive incoming and outgoing mail and followup on dates for action items
 other responsibilities as determined by department manager

note this job description is not intended to be allinclusive employee may perform other related duties as needed to meet the ongoing needs of the organization

job type fulltime

pay    per hour

benefits
 k
 dental insurance
 employee assistance program
 health insurance
 life insurance
 paid time off
 vision insurance

schedule
  hour shift
 day shift
 monday to friday

education
 high school or equivalent required

experience
 customer service  year preferred
 admin assistant  year required

work location one location",1
"         LEASING CONSULTANT       Summary    To attain a position with a client and team oriented business that promotes my customer service aptitude while expanding company-wide knowledge to meet office oriented goals.      Experience      Leasing Consultant     Jan 2016   to   Current      Company Name   －   City  ,   State       Associated with the
leasing of vacant units in the property to help ensure a high occupancy rate
and assisting in customer service, and resident retention of current residents.

      Assist in daily
inspections and upkeep models and target units, ensuring they are presentable
and ready to show to prospective residents.

·      Perform duties
associated with the rental of apartments, deal closing for renewals, and
off-site marketing.    Process rental
applications and complete related forms, verify all information in rental
applications. Obtain and review applicants credit report for review and final
approval of the Resident Manager.
        Record traffic sheets,
guest cards, and/or daily reports updated of leasing activity such as
inquiries, appointments, rentals, intent to vacate notices, move-ins, and
move-outs.       Assist in maintaining
required inventories for community supplies and equipment.        Assist in maintaining
up-to-date and accurate reports and completing all reports as requested by
Resident Manager and/or Corporate Office.       Collect and handle rents
and deposits. Prepares rent receipts.
       Handle resident concerns
in the absence of Resident Manager or Assistant Manager.

       Project a professional
image by meeting all Company Standards.

 

                      

         Leasing Specialist     Jan 2014   to   Jan 2016      Company Name   －   City  ,   State     Interviews prospective tenants and records information to ascertain needs and qualifications.  Tours prospects to vacant/model apartments, discusses size and layout of rooms, available amenities, such as swimming pool and saunas, location of shopping centers, services available, and terms of lease.  Conducts outreach marketing on a weekly basis including outreach to shopping centers, stores, and other businesses within the local area.  Enters all traffic (walk-ins, emails, phone calls, leads) into Yardi as well as follow up on all inquiries regarding current and future unit availability.  Completes lease form or agreement and collects rental deposit.  Inspects condition of units prior to move-in to ensure they are clean of debris and meet company standards.  Enter work orders and submit service requests to maintenance personnel for follow up and completion.  Compiles listings of available rental property.  Composes and posts vacancy advertisements on Craigslist at least 4 daily.         Leasing Specialist     Jan 2011   to   Jan 2014      Company Name   －   City  ,   State     Greet prospects and qualify by covering all criteria
(Ask questions; utilize completed guest cards, etc.).  Immediately record all telephone and in-person visits on appropriate reports.  File own guest cards and maintain according to established procedures.  Inspect models and available ""market ready"" communicate related service needs to Property Manager.  Demonstrate community and apartment/model and apply product knowledge to clients needs by communicating.  Have prospect complete application and secure deposit in accordance with the company procedures and Fair Housing.  Update availability report, process applications for approvals.  i.e., credit check, rental history, etc.) Submit application for final approval.  Follow up with applicant regarding status.  Ensure apartment is ready for resident to move-in on agreed date.  Immediately follow-up on prospects that did not close and attempt to close sale again.  Secure new resident signature(s) on appropriate paperwork prior to move-in.  Assist in monitoring renewals.  Distribute and follow-up on renewal notices.  Monitor advertising effectiveness.  Gather information about market competition in the area and file.  Assist in the implementation of company marketing plans as needed.  Represent the company in a professional manner at all the times.         Sales Associate/ Cashier     Jan 2010   to   Jan 2011      Company Name   －   City  ,   State     Ensure customer service in the #1 priority.  Effectively supervise that sales floor to ensure customer/ associate awareness of all times.  Understand and create awareness of the factors to impact sales volume.  Maintain contact with all clients to ensure high levels of Clients Satisfaction.  Demonstrate ability to interact and cooperate with all company employees.  Build trust, value others, communicate effectively, drive execution, foster innovation, focus in the customer, collaborate with others, solve problems creatively and demonstrate high integrity.  Maintain professional internal and external relationships that meet company core values.  Proactively establish and maintain effective working team relationships with all support departments.         Leasing Consultant      Jun 2016   to   Current      Company Name   －   City  ,   State    
















·      Associated with the
leasing of vacant units in the property to help ensure a high occupancy rate
and assisting in customer service, and resident retention of current residents.  

·      Assist in daily
inspections and upkeep models and target units, ensuring they are presentable
and ready to show to prospective residents.

·      Perform duties
associated with the rental of apartments, deal closing for renewals, and
off-site marketing.

  ·      Process rental
applications and complete related forms, verify all information in rental
applications. Obtain and review applicants credit report for review and final
approval of the Resident Manager.
  
·      Record traffic sheets,
guest cards, and/or daily reports updated of leasing activity such as
inquiries, appointments, rentals, intent to vacate notices, move-ins, and
move-outs.
  
·      Assist in maintaining
required inventories for community supplies and equipment.

  ·      Assist in maintaining
up-to-date and accurate reports and completing all reports as requested by
Resident Manager and/or Corporate Office.
  
·      Collect and handle rents
and deposits. Prepares rent receipts.
  
·      Handle resident concerns
in the absence of Resident Manager or Assistant Manager.
  
·      Project a professional
image by meeting all Company Standards.                                   Education and Training      Associate of Arts  ,   Tourism, Convention, and Event Planner   Current     College of Southern Nevada   －   City  ,   State            Languages      English (Read, Write, Speak)
              Spanish (Read, Write, Speak)        Computer Skills      
















Microsoft
Word                           Microsoft
Power Point

                                                  Microsoft
Excel

                                                  Windows
Vista

                                                  Windows
7

                                                  Yardi
Voyager

                                                  Real
Page

                                                  On-Site

                                                  MRI

                                                  Adobe
Photoshop     ","job description

we are seeking a commercial real estate attorney to become a part of our team you will represent clients in variety of negotiations and sophisticated transactions

responsibilities
 prepare and draft legal documents on behalf of clients
 advise clients on business and legal transactions
 negotiate a variety of transactions including joint ventures commercial leases financings acquisitions and dispositions
 facilitate and attend closings
 participate in business develop activities

qualifications
  years of legal experience in general commercial real state transactions including joint ventures commercial leases financings acquisitions and dispositions
 familiarity with various transactions legal documents relating to the foregoing practice areas
 strong analytical and problem solving skills
 ability to build rapport with clients
 excellent written and verbal communication skills

company description
we are an entrepreneurial firm that started as inhouse counsel for one large owneroperator in new york and then grew to a nationwide client base serving a diverse real estate asset mix including multi family office retail mobile home parks and industrial our recent transactions outside of the new york include deals in arizona arkansas florida ohio west virginia and alaska",0
"         TRAINING ASSISTANT       Summary    Project Management and special events
Training, curriculum development, needs assessments
Outside sales, recruitment and marketing
Non-profit management and office administration          Experience      Training Assistant     Jan 2008   to   Current      Company Name   －   City  ,   State     Develop and implement projects which create a positive presentation of ProEquities.  Analyze and develop solutions for internal processes Coordinate and implement logistics for training events Coordinate the BDU Scholarship program Provide duties such as the maintenance of databases, preparation of PowerPoint presentations, spreadsheets, editing, mail merge and special project reports Field all incoming phone calls for ProEquities; greet guests.         Market Game Coordinator/Office Manager     Jan 2005   to   Jan 2007      Company Name   －   City  ,   State     Organized and maintained Alabama Stock Market Game activities Coordinated teacher recruitment and workshops  -  Provide technical support and communication to teachers Coordinated stockbroker mentor program Promoted programs through correspondence, workshops and public speaking Coordinated day-to day  office activity Provide support to fund development, client service, marketing, financial reporting and special projects Assist in bookkeeping activities.         Advertising Administrator     Jan 2003   to   Jan 2004      Company Name   －   City  ,   State     Ensured compliance of company policy for Yellow Page and White Page directory advertising Addressed and resolved company wide directory listing issues Coordinated acquisition, distribution and billing of inventory of financial center merchandising hardware and graphics for over 700 financial centers throughout eight-state area Provided accounts receivable and payable tasks and general ledger account reconcilement for directory advertising, merchandising hardware, graphics and holiday signs Coordinated design, job biding and distribution of financial center signage.         Director     Jan 2001   to   Jan 2003      Company Name   －   City  ,   State     Provided oversight for non-credit training programs.-  Conducted needs assessments Formulated and implemented marketing strategies and materials for non-credit continuing education courses Developed of instructional strategy and design for new programs and evaluation of existing programs/courses Developed customized, industry-specific curriculum based on needs of client/community Recruited, developed and supervised instructors Managed, created and maintained databases for targeted mailing Provided oversight for management of registration, revenues, program implementation, record retention, and student recruitment and maintenance of quality educational standards.         Workforce Development Specialist / Continuing Education Coordinator     Jan 1998   to   Jan 2001      Company Name   －   City  ,   State     Served as project manager of Workforce Development Center activities Developed customized, industry-specific curriculum based on needs of the client/community Developed and delivered training to corporate clients and community Developed and maintained relationships with various constituents  -  Conducted needs assessments Formulated and implemented marketing strategies and materials for non-credit continuing education courses Managed development of instructional strategy and design for conferences, certificate programs and courses Recruited, developed and supervised instructors Managed, created and maintained databases for targeted mailing Managed  registration, program offerings, student recruitment and quality educational standards.         Executive Director     Jan 1996   to   Jan 1998      Company Name   －   City  ,   State     Developed and maintained relationships in banking community Served as spokesperson and liaison to affiliate colleges and the public Recruited and supervised office staff, and instructors Developed and implemented instructor and volunteer training Implemented delivery of educational curriculum and served as student advisor Administered annual budget and maintained financial records Developed and managed marketing plans and quarterly statewide promotional publications Directed Birmingham Chapter into statewide consolidation process.         Territory Manager     Jan 1994   to   Jan 1996      Company Name   －   City  ,   State     Developed and maintained   relationships with new and existing accounts Developed and maintained community contacts through job fairs, presentations and civic involvement Assisted in employee recruitment, placement and orientation ERC (Employee Recognition Committee), PROEQUITIES-Chairman BOY SCOUTS OF AMERICA - VULCAN DISTRICT COMMITTEE - Marketing Director BOY SCOUTS OF AMERICA - VULCAN DISTRICT - Certified Trainer of Adult Leadership CAHABA GIRL SCOUT COUNCIL - Field Executive, Certified Trainer of Adult Leadership BIRMINGHAM AREA COUNCIL OF CAMPFIRE - Recruitment Coordinator BIG BROTHERS/BIG SISTERS OF Tift Area - Caseworker/PR Assistant.         Education      Bachelor of Arts Degree  ,   Public Relations/Speech Communication Journalism    AUBURN UNIVERSITY   －   City  ,   State     Public Relations/Speech Communication Journalism       Completed Certificate Program in Project Management      UNIVERSITY OF ALABAMA AT BIRMINGHAM   －   City  ,   State            Interests    ZENGER MILLER TRAINING - Certified Facilitator
BIRMINGHAM FESTIVAL OF ARTS - Chair of Volunteer Coordination, Co-Chair of Educational Event      Skills    accounts receivable, advertising, banking, billing, bookkeeping, budget, hardware, conferences, COUNCIL, credit, client, clients, databases, delivery, editing, financial, financial reporting, general ledger, graphics, instructor, inventory, Leadership, logistics, Director, marketing strategies, marketing plans, marketing, Market, materials, mentor, merchandising, mail, office, PowerPoint presentations, Page, presentations, PR, processes, Project Management, public speaking, publications, quality, Recruitment, spreadsheets, strategy, teacher, technical support, phone, Trainer, training programs, workshops      Additional Information      ZENGER MILLER TRAINING - Certified Facilitator
BIRMINGHAM FESTIVAL OF ARTS - Chair of Volunteer Coordination, Co-Chair of Educational Event     ","summary of position

the associate will support the operations fundraising and donor relations associated with corporate development including global partnerships corporate sponsorships and corporate membership as a key member of the corporate development team the associate is responsible for processing contributions providing daytoday administrative support for corporate prospect development effective donor stewardship and sponsor benefit fulfilment coordination of sponsored events and departmental meetings and for general operational matters including list pulling query and report generation the associate position is an excellent opportunity for anyone seeking a career in corporate philanthropy

skill and experience requirements
 minimum of  years office support experience experience in arts culture educational organizations andor agency environments desirable
 proven project management skills
 exceptional written verbal and interpersonal communication skills
 ability to work collaboratively and form solid relationships
 ability to handle situations priorities and deadlines in a diplomatic and timely manner
 excellent communication and administrative skills
 experience with knowledge of microsoft office suite preferred
 experience with crm raisers edge salesforce and prospect research tools ie winmo a plus
key responsibilities
duties may include but are not limited to the following

administrative duties
 coordinate calendars meetings events and travel for the director and department planning logistics preparing agendas and itineraries managing confidential and time sensitive correspondence and tracking rsvps to relevant events
 work crossdepartmentally and with external stakeholders to coordinate events meetings documents essential correspondence and other needs for the corporate development department
 responsible for providing excellent customer service to current and prospective members and donors via phone and email in response to corporate donor inquiries and other requests
 coordinate private tours private views and general benefit fulfillment for donors and prospects
 compile prospect research and meeting briefings as needed
 manage mailings for event invitations exhibition proposals exhibition catalogues and travel programs
 responsible for data management and integrity working with corporate and development operations teams to maintain accurate corporate donor records in the database and prospect management systems for reporting purposes
fundraising duties
 work collaboratively with members of the corporate development department to achieve and exceed annual fundraising goals and provide support on projects as assigned
 assist in identifying and soliciting a portfolio of corporate sponsorship prospects including inkind agreements
 prepare presentation materials written proposals and budgets for corporate funding prospects in conjunction with director of corporate philanthropy curatorial communications education legal and finance staff
 assist managing sponsorship relationships by fulfilling contract obligations for corporate sponsors
 serve as liaison between legal communications special events and curatorial departments during the sponsorship benefit valuation and fulfillment process
 help prepare reports and sponsorship overviews compiling impact data and ensuring efficient and consistent follow
 assist in the fulfillment of ongoing needs of global partners
work demands  environment
 ability to travel within the metropolitan area as required to perform the above duties at any of the guggenheims owned or leased properties upon request
 occasionally work may be conducted outdoors exposure to varied weather conditions
 ability to work nights or weekends on occasion for the implementation of corporate development related events and meetings
education
 high school diploma or equivalent required
 bachelors degree or equivalent worked experience with strong interest in arts and culture desirable
certificates licenses registrations none

reports todirector of corporate philanthropy and global partnerships

location one liberty plaza  floor new york ny 

work schedule  hours per week schedule tbd

position type fulltime nonexempt this position will become a position covered by a collective bargaining agreement with local  uaw

in accordance with the nyc mandate and guggenheim policy all museum employees are required to show proof of fully vaccinated status including booster in order to work except for those with very limited legallypermissible exemptions or approved for an exemption as a reasonable accommodation due to a disability sincerely held religious belief or pregnancy or because you are a victim of domestic violence stalking or sex offenses

the guggenheim is dedicating itself to creating paths that lead to a more inclusive and diverse institution we encourage inquiries from applicants who will reflect the plurality of our culture and our global audience the guggenheim does not discriminate on the basis of age race creed color religion marital status gender identity andor expression sexual orientation veteran status national origin or disability status

department corporate development
this is a fulltime position

",0
"         KITCHEN UTILITY WORKER/EVENING WEEKEND CHEF       Professional Summary     Fast-learning recent CNA graduate , fast-paced, enthusiastic about working in a hospital , adult family home, and/or retirement home. I have 4+ years experience taking care of mentally ill, dementia, Alzheimer, schizophrenic, hospice and end of life care patients. I focus a lot on patient care and needs to make sure my client is comfortable at all times.           Licenses     Fundamentals of Caregiving  First Aid and CPR   Dementia Training  Mental health Training  Nurse delegations   CNA License       Skill Highlights          Understands mobility assistance needs  Charting expertise  Understands medical procedures  Trained in grooming and bathing assistance  Documentation procedures expert  Trained in catheter change and preparation   Quick problem solver      Patient positioning understanding  Chart preparation/filing aptness  Body mechanics competency  Alphabetical/numerical filing mastery  Adept in oxygen machine maintenance  Feeding assistance specialist  Enthusiastic caregiver  General housekeeping ability            Professional Experience     April 2012   to   January 2013     Company Name   City  ,   State     Kitchen Utility Worker/Evening weekend chef         Planned, prepared and served meals and snacks according to prescribed diets. Maintained a clean, orderly and well-stocked environment.Participated in the maintenance of safe conditions within the facility and other related areas.Promoted personal and co-worker safety.         January 2013   to   April 2013     Company Name   City  ,   State     Caregiver/PCA        Observed and documented patient status and reported patient complaints to the case manager. Read and recorded temperature, pulse and respiration. Collected urine and fecal samples. Support duties for diagnostic and technical treatment procedures, such as setting up and operating special medical equipment and apparatus. Provided transportation, assistance and companionship to clients. Cleaned and organized patients' living quarters. Performed household tasks such as laundry, dusting, washing dishes and vacuuming. Facilitated games and other activities to engage clients. Positioned residents for comfort and to prevent skin pressure problems.Assisted with transferring residents in and out of wheelchairs and adaptive equipment. Kept facility stocked with necessary supplies, equipment and instruments. Tended to patients with chronic illnesses. Charted daily information on the residents such as mood changes, mobility activity, eating percentages, and daily inputs and outputs. Recognized and reported abnormalities and/or changes in patients' health status to nursing staff. Documented resident records on daily flow sheets.Assisted with ADLs. Provided patients and families with emotional support. Exhibited compassionate care and communication with regard to issues of death and dying. Comforted patients and provided them with reassurance and encouragement. Promoted personal and co-worker safety.         April 2013   to   Current     Company Name   City  ,   State     Caregiver       Maintained a clean, orderly and well-stocked environment. Participated in the maintenance of safe conditions within the facility and other related areas. Promoted continuity of care by accurately and completely communicating to other caregivers the status of patients for which care is provided. Sensitive to the needs of geriatric patients. Exhibited compassionate care and communication with regard to issues of death and dying. Provided patients and families with emotional support. Assisted with ADLs. Documented resident records on daily flow sheets. Recognized and reported abnormalities and/or changes in  patients' health status to nursing staff. Charted daily information on the residents such as mood changes, mobility activity, eating percentages, and daily inputs and outputs. Tended to patients with chronic illnesses. Provided personal nursing care in pre- and post-operative situations. Kept facility stocked with necessary supplies, equipment and instruments. Assisted with transferring residents in and out of wheelchairs and adaptive equipment. Positioned residents for comfort and to prevent skin pressure problems. Performed household tasks such as laundry, dusting, washing dishes and vacuuming. Cleaned and organized patients' living quarters. Provided transportation, assistance and companionship to clients. Planned, prepared and served meals and snacks according to prescribed diets. Assisted with adequate nutrition and fluid intake. Support duties for diagnostic and technical treatment procedures, such as setting up and operating special medical equipment and apparatus. Collected urine and fecal samples. Completed and submitted clinical documentation in accordance with agency guidelines. Observed and documented patient status and reported patient complaints to the case manager. Read and recorded temperature, pulse and respiration.        April 2014   to   August 2014     Company Name   City  ,   State     Attendant Counselor        I work with Developmentally Disabled Adults with all ADL's and activities. Preparing meals and cleaning, and assisting with all personal care. Observed and documented patient status and reported patient complaints to the case manager. Read and recorded temperature, pulse and respiration. Planned, prepared and served meals and snacks according to prescribed diets. Cleaned and organized patients' living quarters. Performed household tasks such as laundry, dusting, washing dishes and vacuuming. Facilitated games and other activities to engage clients. Positioned residents for comfort and to prevent skin pressure problems. Assisted with transferring residents in and out of wheelchairs and adaptive equipment. Kept facility stocked with necessary supplies, equipment and instruments. Tended to patients with chronic illnesses. Charted daily information on the residents such as mood changes, mobility activity, eating percentages, and daily inputs and outputs. Assisted with ADLs.         April 2015   to   October 2015     Company Name   City  ,   State     Med Tech        Promoted continuity of care by accurately and completely communicating to other caregivers the status of patients for which care is provided.Promoted personal and co-worker safety.Participated in the maintenance of safe conditions within the facility and other related areas.Maintained a clean, orderly and well-stocked environment.Provided patients and families with emotional support.Recognized and reported abnormalities and/or changes in  patients' health status to nursing staff.Charted daily information on the residents such as mood changes, mobility activity, eating percentages, and daily inputs and outputs.Tended to patients with chronic illnesses.Assisted with adequate nutrition and fluid intake.Collected urine and fecal samples.Read and recorded temperature, pulse and respiration.Observed and documented patient status and reported patient complaints to the case manager.         October 2015       Company Name   City  ,   State     Caregiver       Observed and documented patient status and reported patient complaints to the case manager.Read and recorded temperature, pulse and respiration.Completed and submitted clinical documentation in accordance with agency guidelines.Prepared patient rooms prior to their arrival.Collected urine and fecal samples.Assisted with adequate nutrition and fluid intake.Planned, prepared and served meals and snacks according to prescribed diets.Provided transportation, assistance and companionship to clients.Cleaned and organized patients' living quarters.Performed household tasks such as laundry, dusting, washing dishes and vacuuming.Facilitated games and other activities to engage clients.Kept facility stocked with necessary supplies, equipment and instruments.Provided necessary supplies, support and assistance to medical staff and patients for unit specific procedures.Recognized and reported abnormalities and/or changes in  patients' health status to nursing staff.Assisted with ADLs.Provided patients and families with emotional support.Comforted patients and provided them with reassurance and encouragement.Participated in the maintenance of safe conditions within the facility and other related areas.Maintained a clean, orderly and well-stocked environment.         Education and Training     2012     Orting High School   City  ,   State       High School Diploma              Skills     Patient-focused care  Compassionate and trustworthy caregiver  Detail-oriented  Effectively interacts with patients and families.  Hospice care provider  Preparation of healthy meals and snacks  Catheter preparation and change  Charting and record keeping    ","job description sweeps and mops floors to comply with safety and sanitation standards

washes worktables walls refrigerators meat blocks and other food prep surfaces

removes trash and places it into designated containers

steam cleans or hoses out garbage cans

transfers supplies and equipment between storage and work areas

assists with banquet table and front of the house set up

assist with loading or unloading and delivering supplies and product

distributes supplies utensils and portable equipment as needed

complies with outlined sanitation and safety requirements

performs other duties as assigned

company description bon appétit management company is an onsite restaurant company offering full foodservice management to corporations universities and specialty venues

based in redwood city ca bon appétit has more than  cafés in  states including ones for google oracle emory university the getty center and public restaurants such as stem kitchen  garden and public house in san francisco

bon appétit chefs cook from scratch including sauces stocks and soups

a pioneer in environmentally sound sourcing policies bon appétit has developed programs addressing local purchasing the overuse of antibiotics sustainable seafood the food and climate change connection humanely raised meat and eggs and farmworker welfare

were proud to have received numerous awards for our work from organizations including the international association of culinary professionals the james beard foundation chefs collaborative natural resources defense council seafood choices alliance the humane society of the united states and food alliance",1
"         DIRECTOR OF ENGINEERING           Summary     Manager/Director - Engineering/Research & Development/Product Development/Design - Versatile and highly competent mechanical engineering professional offering over 10 years experience of product design & development in the manufacturing industry with demonstrated success in on-site technical support, installation & maintenance and systems troubleshooting & testing.    Expertise in project management techniques, implementing engineering changes and performing testing & design changes.  Track record of handling welding, fabrication, material handling and material processing procedures along with managing project budgets.   Possesses technical & engineering skills with the ability to analyze issues, devise continuous process improvements, incorporate initiatives to increase efficiency, streamline operations & decrease overall expenses with minimal resources.   Successfully built the production department from a staff of zero to 20 in approximately 5 weeks and completed a project 20 days early and 15% under budget at Amer Industrial Technologies   Efficiently managed engineering of $30MM+ nuclear safety related project including 10 large stainless steel process tanks at Amer Industrial Technologies  Brought three new products to market through design changes & manufacturing efficiencies and helped reduce manufacturing cost for two of the products by over 30% at Roberts Filter Group   Areas of Expertise:                 Project Engineering & Production Product Design & Product                          Development Testing                 Knowledgeable in Welding & Fabrication, Material Handling &                      Processing Procedures, Project Management & Direction,                     Internal & External Quality Audits, Instrumentation &                       Control, and Project Budgets Multitasking in fast-paced                      environments    Highly Organized and Strong Analytical Abilities   Articulate Oral and Written Communication   Quick Problem Resolution & Decision Making   Client Relationship Management   Continuous Process Improvement and Innovation   Team Building, Training and Development         Experience      Director of Engineering    January 2013   to   Current     Company Name   －   City  ,   State      Roberts Filter Group is a designer/manufacturer of equipment for municipal water filtration and has approximately 100 employees.  The company has been in business for 125 years.  Responsible for running the engineering department including project engineering, instrumentation & control and product development; overseeing work assignments, attending management meetings, project meetings, product development testing, preparing & reviewing drawings, meeting with clients at job sites and calling customers or vendors.  Major Contributions Brought three new products to market through design changes and manufacturing efficiencies, also helped reduce manufacturing cost for two of the products by over 30%; oversaw installation of two of them and performed field engineering service and troubleshooting Directed a cross-functional engineering department with a staff ranging from 10-20 employees Efficiently oversaw successful delivery of projects totaling over $35MM Strategically planned short and long-term projects for engineering department Managed project budgets to ensure profitable delivery.          Project Engineer/Engineering Manager/Production Director    January 2009   to   January 2013     Company Name   －   City  ,   State      Amer Industrial Technologies was a custom manufacturer of code tanks and equipment for nuclear and non-nuclear power plants, NASA etc. and had about 30 employees.  Responsible for development of welding (including GTAW, GMAW, FCAW, SAW, and SMAW processes), fabrication, material handling and material processing procedures as well as development of design, document control and general engineering procedures.  Managed project budgets to ensure profitable delivery.  Ensured utilization and adherence of proper procedures and planned the fabrication processes and resources to be used on a daily basis.  Qualified and Certified Lead Auditor.  Major Contributions Built the production depart from from a staff of zero to 20 in about 5 weeks Completed a nuclear safety-related project 20 days early and 15% under budget Provided quotations on quick turn-around projects and maintained production schedules and budgets Effectively oversaw successful early delivery of nuclear and non-nuclear projects totaling over $15MM Directed workflow, supervised & trained engineering & production department personnel with a staff ranging from 10-20 employees; also developed estimates for jobs the company was bidding Created long-term fabrication schedules including resource loading (both personnel and equipment) to meet customer expectations Strategically planned short and long-term projects for production department and engineering department Proactively led development of a Commercial Grade Dedication program in accordance with 10CFR50 Appendix B, ASME NQA-1:2008 (2009 Add.), ASME Section III NCA-3800/4000 Conducted internal quality audits and external vendor quality audits for evaluating vendors for placement on Qualified Suppliers List.  Project Manager on a large fabrication project including 10 large diameter stainless steel process vessels (project value exceeded $30MM).  Supervised designers and other engineers as well as managed a staff of 6-10 employees.  Responsible for maintaining the project schedule, purchasing materials, services and equipment, creating workflow documents including job travelers and weld maps and preparing code calculations.  Major Contributions Developed new standardized drawing and design calculation procedures streamlining the preparation and approval process: Reduced the time required by approximately 30%;reduced the fabrication inefficiencies by streamlining schedules & workflow documentation saving approximately 10% of the overall project budget Directed workflow, supervised and trained engineering and drafting department personnel Managed engineering of $30MM+ nuclear safety related project including 10 large stainless steel process tanks Provided technical oversight for fabrication activities Efficiently reorganized Nuclear and Commercial Quality Programs to exceed current requirements.          Co-Founder    January 2008   to   January 2009     Company Name   －   City  ,   State            Balance of Plant Engineer    January 2007   to   April 2008     Company Name   －   City  ,   State            Corporate Thermal Performance Engineer    June 2005   to   January 2007     Company Name   －   City  ,   State            Fellow    July 2006   to   September 2006     Company Name   －   City  ,   State      Chosen as 1 of 2 Exelon Nuclear employees and 1 of 5 Americans to attend the World Nuclear University          Intern    June 2002   to   August 2002     Company Name   －   City  ,   State            Education      MS   :   Mechanical Engineering  ,   2005    Tulane University   －   City  ,   State       Mechanical Engineering         BS   :   Mechanical Engineering  ,   2003    Tulane University   －   City  ,   State                 Mechanical Engineering      L'Institut Francais De Méchanique Avancée (IFMA)   －   City  ,     France     Semester Abroad Program - Design of Heavy Truck Tires at Michelin Tires         Affiliations      Engineering Intern Certification (Louisiana)  Pursuing Professional Engineering License        Skills    Academic, ANSYS, Autocad, budgets, budget, C Programming, CAD, clients, delivery, product development, documentation, drafting, functional, drawing, Macintosh, market, materials, Math, MATLAB, meetings, Excel, MS Office, PowerPoint, 2000, Windows 95, 98, Word, Operating System, personnel, 35MM, Pro-Engineer, processes, purchasing, Quality, quick, safety, SolidWorks, troubleshooting, Unigraphics, Vista, welding, workflow      Additional Information      Academic Memberships Student Member of the Tulane University Dean's Advisory Board Outstanding Teaching Assistant, Department of Mechanical Engineering; 2003-2004 Tau Beta Pi National Engineering Honor Society Pi Tau Sigma National Mechanical Engineering Honor Society American Society of Mechanical Engineers-Treasurer of Tulane Chapter; 2000-2003 Golden Key Honor Society awards 2002 ASHRAE Outstanding Junior Award for excellence in the field of Thermal Studies and Fluids   2014 IRONMAN Lake Placid Finisher     ","overview
location of construction pm currently seeking construction project managers currently located in the northeast market near a major airport
 
travel extensive travel typically overnight tuesdaythursday weekly with potentially more travel as needed based on business needs
 
this manager of construction projects is responsible for visiting budgeting developing plans conducting formal bidding managing construction activities and conducting all contract administration including contract modifications and pay applications for new relocated and construction projects at existing stores 

responsibilities
direct general contractors architects and vendors to complete construction projects while meeting contract requirements and tractor supply company tsc required timelinesreview construction contracts and pay requests per the detailed and dynamic contract checklists and pay application checklistsreview and monitor projects by developers and landlord contractors for compliance with tsc building requirements and schedules conduct a thorough review of all hard copy documents and well as the electronic information such as the weekly project reportsnegotiate review and approve change orders for both prototype and retrofit projects as well as special projects per the change order processperform a thorough review of all new store plans including civil architecture engineering ae mechanical electrical and plumbing mpe etcupdate the standard criteria plans scp quarterly to ensure tsc stores are designed effectively and efficientlycomplete all necessary documentation and coordination for tsc zoning approvalprepare bid information per tscs standard bidding process using our standard invitation to bid form and plans and applicable addendumsprepare bid information for tsc owned stores including bid books and all relevant documentation to be sent to the bidding general contractorssurvey existing buildings and prepare scope of work provide a complete review of the building including roof inspection hvac inspections etcbudget for remodeled buildings to build out for new tsc storesparticipate and contribute to the continual cost efficiency and design reviews for all construction via weekly construction and cross departmental meetingsprocess closeout documents ensuring all items per the closeout checklist is complete and manage the month warranty process for all retrofit projectsstore and file all important materials in project files and send final plans to external vendor for data backup after the project is complete
qualifications
experience  years of related business experience
 
education bachelors degree from an accredited college or university in construction management or related field is preferred
any suitable combination of education and experience will be considered
  
other knowledge skills or abilities
knowledge of commercial construction methods costs contract documentation and processesknowledge of plan reading basic sketching and construction terminologyproficient in microsoft officestrong negotiation communication problemsolving time management and interpersonal skillsability to prioritize tasksdeadline  detailoriented approach to workability to travel extensively",0
"       STAFF ACCOUNTANT          Virginia    Francis           Summary     Capable Accountant successful at managing multiple projects and consistently meeting deadlines under pressure.  Managed complex accounting functions and reconciled accounts involving multiple budgets and funding sources.          Hands-on supervisory experience directing and training accounting and support staff.  HR experience.     Supervisor's Endorsement: “Virginia is a talented individual who possesses a strong work ethic and produces an inordinate amount of quality work.  Her ability to work  independently, with minimal supervision, is one of her strongest attributes. She is a strong team player.”  Craig C., Division Director, 2009         Highlights          Account reconciliation expert  Adobe software proficiency  MAS 90 & Sage Software  Complex problem solving  Effective time management      Advanced computer proficiency  Flexible team player  General ledger accounting  Strong organizational skills  Expert in customer relations             Experience      Staff Accountant    September 2010   to   Current     Company Name   －   City  ,   State     Cypress Healthcare Partners is a management company for doctor offices.  I currently complete the monthly financials for seven different medical groups.  These medical groups range from two to fifteen doctors.  One of the medical offices has eleven clinics and consists of two corporations that are consolidated into one financial package.  I reconcile all the bank statements for these groups which include ZBA accounts.  I'm very detailed in processing the financials for these groups.  I record all the general entries, payroll entries, transaction entries, month end and year end entries, reconcile the balance sheet and income statement accounts, and record the fixed assets and depreciation.  I review the financials for completeness, trends, and discrepancies.  Some of the companies are accrual bases and some are cash.  I maintain the daily cash reports and cash flow spreadsheets.  I review accounts payable and when needed process.  I process accounts receivables.  I tabulate and send invoices to the hospital and college for services.  I review contracts and make sure the accounting portion is kept in compliance. Coordinated fixed asset additions and retirements.  Prepare personal property and use tax filings.  Work with the Accounting Manager to collect and tabulate data for the annual audit.   I reconcile medical, dental, & COBRA with the monthly statements and the general ledger.  I review documentation for correctness and completeness.  I run monthly reports and verify discrepancies.  I complete various other reports for the groups such as a monthly report which gives an overview of the monthly financials, special allocations, payroll reconciliations, management fee calculations, and changes in owners' equity.   I coordinate with payroll the medical and dental deductions for employees.  When needed I help process payroll and add and delete employees into the medical and dental plans.         Administrative Assistant    July 2008   to   October 2009     Company Name   －   City  ,   State     Directed staff of three and managed accounting, budgeting, HR, and administrative responsibilities at state-operated military academy providing education and life skills for at-risk youth.  Assisted with staff hiring decisions and HR policies and procedures, including interview criteria, benefit administration, personnel dispute resolution, and leave policies. Reviewed HR documents, delegations of authority, and acting status papers.  Administered multi-million dollar federal and state budget—reviewed multiple appropriations and funding sources and current/previous expenditures and revenue.  Completed quarterly reports on the federal budget.  Audited accounts ensuring expenditures were allocated and coded correctly. Approved invoices for payment and requested journal adjustments when necessary.  Maintained petty cash.  Monitored contractual agreements instituted by procurement officer and maintained procurement authority up to $25,000.  Created Reimbursable Service Agreements between Academy and State agencies and monitored account activity.  Monitored and reported Workforce Investment Act (WIA) budget expenditures.         Accounting Supervisor I    July 2007   to   July 2008     Company Name   －   City  ,   State     Supervised five accounting staff preparing accounts payable and processing travel transactions for nine divisions within Department of Military and Veterans' Affairs.  Reviewed and certified all AP and travel expenses in Alaska Statewide Accounting System (AKSAS).  Assisted with staff hiring decisions and HR policies and procedures, including interview criteria, benefit administration, personnel dispute resolution, and leave policies. Reviewed HR documents, delegations of authority, and acting status papers         Accounting Technician II    November 2002   to   July 2008     Company Name   －   City  ,   State     Started as a Administrative Clerk in 2002, moved to Child Support Specialist I, and advanceds to Accounting Technician II in 2006. Charged with completing complex accounting adjustments involving three accounting systems. Position required knowledge of child support regulations and state and federal regulations/statutes for each system adjustment.  Created detailed spreadsheets due to complexity of adjustments as funds were divided among several parties and entities.  Simplified accounting procedures for staff preparing numerous adjustments in cases of fraud which improved productivity and reduced processing time.  Ensured payment of child support in accordance to court and administrative orders. Communicated policies/procedures and ensured clear understanding by custodial/noncustodial parties.         Education      BBA   :   Business Administration/Accounting  ,   2009    University of Anchorage Alaska   －   City  ,   State  ,   USA     GPA 3.0         Associate of Science   :   General  ,   2000    Umpqua Community College   －   City  ,   State  ,   USA     GPA 3.4         Associate of Applied Science   :   Electronics  ,   2000    Umpqua Community College   －   City  ,   State  ,   USA     GPA 3.4      ","requirements for senior accountant
 minimum of five  years related experience in banking
 bachelors degree in accounting finance business or related field
 specialized bank financeaccounting educationtraining
 thorough knowledge of general ledger reconciliations and accounts payable
 thorough knowledge of gaap and financial reporting requirements
 proficient in
 english reading writing grammar and mathematics
 interpersonal relations and communication skills
 organizational and processproject management skills
 pc skills including microsoft office
 accounting skills

we offer the following excellent benefits to our fulltime employees
 medical insurance
 dental insurance
 vision insurance
 life insurance employer paid
 ltd insurance employer paid
 paid federal bank holidays
 flexible spending account
 health savings account employer contributed
 k matching
 pto paid time off
 lifemart employee discount program

your responsibilities will include
 perform various duties to support the banks accounting financial reporting and control functions
 coordinate work within all departments and respond to inquiries for information
 comply with operating policies and procedures established for the accounting function
 maintain appropriate records and provide assigned reports
 perform various duties to support the banks accounting financial reporting and control functions
 prepare monthly financial statements reports and records by collecting analyzing and summarizing account information
 prepare journal entries and reconciliations for monthly general ledger close
 maintain the banks accounting systems for accounts payable fixed assets prepaid expenses and accrued expenses including related processing and reporting
 maintain the banks internal demand deposit accounts and reconcile account statements
 review bank statements and reconcile general ledger balances with corresponding banks such as the frbny fhlbny and acbb
 research and reconcile all discrepancies including auditing and verifying all financial documents
 prepare vendor checks utilizing accounts payable system process incoming and outgoing wire transfers and prepare sales and use taxes
 assist with testing of the system reports required for management financial reporting and general ledger reconciliations
 assist with completion of quarterly and annual regulatory reporting including the call report summary of deposits gudpa and fr 
 assist with preparing for various audits and regulatory examinations by gathering requested materials and assist in preparing assigned schedules
 assist with various accounting related projects and special projects as assigned
 crosstrain in order to perform backup duties for other financeaccounting personnel as required
 abide by current laws and organizational policies and procedures to promote an environment free of harassment and discrimination
 cooperate with participate in and support the adherence to all internal policies procedures and practices in support of risk management and overall safety and soundness and the banks compliance with all regulatory requirements ie community reinvestment act cra bank secrecy act bsa equal credit opportunity act etc
 maintain appropriate records and provides assigned reports

first commerce bank is dedicated to providing people businesses and communities in our markets with high quality products and services with superior customer service we provide products and services through secure userfriendly technology and customer friendly locations our relationships are founded in our responsiveness to the financial needs of our customers in an atmosphere of personal attention professionalism trust integrity and fairness first commerce prides itself on maintaining personal communications beginning with the board of directors

first commerce bank is an equal opportunity employer all qualified applicants receive consideration for employment without regard to race color religion sex age disability protected veteran status national origin sexual orientation gender identity or expression genetic information or any other characteristic protected by applicable law",0
"         DANCE INSTRUCTOR       Summary     Enthusiastic dance instructor with superb leadership and communication skills. Easily cultivates trusting and productive relationships with students, parents, teachers and administration.Also, dedicated to being committed to creating a classroom atmosphere that is stimulating, encouraging and supportive for all students.       Experience     06/2008   to   Current     Dance Instructor    Company Name   －   City  ,   State     Providing quality instruction for various dance styles such as Ballet, Pointe, Jazz, Contemporary,Tap, Modern, and Musical Theatre.        01/2008   to   Current     Company member    Company Name   －   City  ,   State           01/2009   to   08/2010     Apprentice Company Member    Company Name   －   City  ,   State            Education     2014     Bachelor of Arts  :   Early Childhood Education    Florida International University   －   City  ,   State       ESOL endorsed             State Street Ballet   －   City  ,   State       Professional Summer Training Program from 2009-2010             Rockette Summer Experience   －   City  ,   State       Summer Intensive - 2009               Ballet    Atlanta Ballet   －   City  ,   State       Professional Training Program summer of 2008               Ballet    University of North Carolina School of the Arts   －   City  ,   State       High School program from 2007-2009               Ballet    American Ballet Theatre   －   City  ,   State       Summer Intensive - 2007               Ballet    Orlando Ballet   －   City  ,   State       Summer Intensive - 2006               Ballet    Joffrey Ballet School   －   City  ,   State       Summer Intensive - 2006               Ballet    Joffrey Ballet School   －   City  ,   State       Summer Intensive - 2003               Ballet    Boston Ballet School   －   City  ,   State       Summers 2004 and 2005         Skills      Ballet  Pointe  Contemporary  Modern  Jazz  Tap  Musical Theatre     ","career specialist at youth opportunities unlimited

since  over  youth have been helped with youth opportunities unlimited you programs you helps teens and young adults ages  living in economically distressed communities succeed by providing educational and workforce opportunities skills development and access to career pathways we offer schoolbased and communitybased programs designed to meet the needs of northeast ohio employers with a focus on those industry sectors that provide the most opportunities for career success at you we are dedicated to excellence and continuous improvement of the quality of our services to youth employers and the community

position overview

career specialist instructors are responsible for implementing and administering the jog jobs for ohio graduates program in one of our partner public educational institutions jogs curriculum emphasizes the development of soft skills and credited for graduates successful placement retention and advancement in the workplace career specialist instructor take full ownership of delivering the curriculumbased jog program which includes teaching the classes monitoring and mentoring current students in the program and submitting grades to school administration this position is also responsible for recruiting and enrolling future students career specialist instructors serve as mentors and create lasting impressions on youth in the community and assists with pushing them forward to meet their future academic and career goals

essential functions
 manage roster of jog students at assigned public educational institution
 create and deliver the jog curriculum by utilizing instructional program guidelines and other materials in planningdeveloping lesson plans and teaching outlines
 pursues a variety of methodology in teaching including lectures demonstrations group discussions and creative experiences
 document and ensure all youth have completed required community service goals
 lead and assist youth in finalizing career plans by the close of the school year
 lead recruiting efforts declare schedules enroll and develop youth for future jog program courses
 build and maintain positive relationships with youth throughout the year support and mentor youth during the year and for up to one year after completing the programs
 build and maintain positive relationships within the school administration school community and parents attend professional development workshops and summits just as the other teachers in the school
 maintain and update the system database regarding program data and student information for organizational and site analysis
 mentor coach and support all students as needed
 ensure that jog graduates are adhering to their career andor educational plans and assisting with the transition from high school to adult life during the  months of followup after the students senior year of high school
 strategize contact and reengage disconnected program youth
 adhere to policies and procedures as outlined by you and at assigned public educational institution where programming will be administered
 develop plans with school counselors at assigned public educational institution to ensure student progress toward graduation
 participate in school activities assigned public educational institution
 other duties as assigned

salary  competitive salary starting at  yr

benefits
 medical dental vision benefits available with coverage beginning the first of the month following date of hire
 company paid life insurance add shortterm disability paternal leave employee assistance program and longterm disability
 retirement plans which include a  plan and a company paid pension plan
 generous paid time off package including  paid holidays

education
 bachelors degree in education or social services required from an accredited college or university required 

requirements
 minimum of  months of experience teaching atrisk highschool students
 experience with databases and database management
 must have valid transportation tofrom school worksite you offices and potentially other partner high schools
 must pass a background bcifbi check as a condition of employment

knowledge skills and abilities
 belief and commitment to yous mission vision and values
 knowledge of principles theories methods techniques and strategies pertaining to teaching and instruction of high school students
 knowledge of behavior management and behavior shaping strategies techniques and methods and conflict resolution procedures
 within one year of employment career specialist instructors will receive a jagjog national training certificate and a brainwise certificate

work environment
 this position is primarily based in one of our partner public educational institutions throughout the school year and in an office setting for the remainder of the year the work pace for this position is sometimes fast paced where work is required for up to  hours at a time low supervision from managers with intermittent prompts social interaction with students and team members required frequently
 this position requires such physical abilities as standing for periods of time in the classroom sitting for computer and phone work lifting up to  periodically and carrying supplies and walking throughout the school and office buildings
 majority of work is done in a controlled environment the environment in which the job is performed outside a normal office space may include exposure to extreme temperature noise heights or other hazards all remains the same for any additional requirements for training

physical requirements
 ability to sit on a nearly frequent basis
 ability to stand and walk on frequent basis
 ability to talk and hear
 ability to bend rotate and reach frequently
 ability to carry pushpull andor lift materials or supplies weighing upwards of  lbs
 ability to ascenddescend stairs safely
 ability to manipulate handle andor grip materials required to perform job
 must be able to maintain both static and dynamic standing balance to complete various duties associated with job
 specific vision abilities required by the job include close visiondistance vision color vision peripheral vision depth perception and the ability to adjust focus

all applicants are considered without regard to race color religion sex pregnancy gender identity or expression sexual orientation national origin age disability marital status parental status veteran status military service family medical history genetic information or any other characteristic protected by applicable federal state or local law

powered by jazzhr",0
"         EQUIPMENT ENGINEERING TECHNICIAN       Professional Summary       Skilled Maintenance Mechanic Technician with superb problem solving and multi-tasking skills. Self-directed and motivated worker. To obtain a position where Teamwork, Integrity and Proffesionalism are a high standard in the Company's Mission Statement. All while engaing in new challenges and learning experiences.      Skills        ·  20 years of Material Management experience  with State and Federal Government · 13 years of Law Enforcement experience with the United States Marine Corps and Army National Guard.  · Knowledge of mechanical test equipment.  · Work from written/verbal instructions, schematics, rough sketches, troubleshooting diagrams, layouts and plans, interpretation and application of technical knowledge and understanding of mechanical theory and principles.  · Proficient in the use of PC's, MS  office, 10key by touch and Customer Service skills.  · Forklift and Crane Certified · Self motivated to Lead and Achieve Company goals with excellence, integrity and efficiency.  · NDT Level II  · Knowledge on mechanical, pneumatic and hydraulic theory and principles            Work History      Equipment Engineering Technician     05/2014  
                                to   Current      Company Name   –   City  ,
                              State      Responsibility for designing/selecting robotic systems, run simulation, implementation, commission and programming.  Support and assist maintenance team in troubleshooting difficult breakdowns and chronic equipment failures.  Conduct the installation of factory automation and electrical control systems for manufacturing equipment Provide Troubleshooting of electrical systems in plant manufacturing equipment Provide effective direction, coaching, and OJT to fellow employees on shift to boost their skill sets, and help Production achieve their goals.  Plan and organize between shift and weekend work, including verification, for smooth operations.  Assist the Supervisor in developing PMs and procedures for maintaining all of the equipment in the shop.  Provide shift- to-shift communication in order to keep all associates up to speed and working toward the same goals.  Set an example, and ensure that all associates comply with safety regulations and the plant's safety program.  Work with engineers and fellow technicians to resolve technical problems.  Assist in candidate selection as requested.  Maintain departmental records Maintain spare parts inventory.  Identify and order needed parts, maintain tracking system.  Perform other duties as assigned by the Supervisor and Manager.         Mechanical Technician     04/2013  
                                to   05/2014      Company Name   –   City  ,
                              State      Implement repair services on all production equipment, auxiliary equipment and building equipment using hand tools, testing tools, manual drawings, computer and any other tools necessary to accomplish the task.  Provide reliable, high quality customer support through on-site inspecting, installing, repairing and/or replacing fire alarm equipment as well as conducting preventive maintenance services pertaining to many different manufacturers equipment.  Ensure conveyor belts working effectively         Operating Engineer / Test Technician     11/2007  
                                to   06/2012      Company Name   –   City  ,
                              State      Operates, repair and maintain Facility/Plant Machinery, Test Equipment, Lubrication and Cooling Systems and High Pressure Systems for NASA unitary Wind Tunnels.  Constructs, modifies, maintains and services wind and propulsion tunnel research facilities used to test models of aircraft components, utilizing knowledge of engineering test methods and procedures.  Installs and aligns mechanical hydraulic and pneumatic test equipment and models on support structures.  Installs instrumentation, thermocouples and pressure taps on model and test equipment.  Inspects test setup and operates equipment to detect and correct malfunctions.  Maintains instrumentation equipment and accessories for pressure valves, icing indicators, drive units, spray units, and pumps.  Confers with engineering and other personnel during testing and modifies model, test support structure, or test equipment as directed.  Inspect, test, and install fire sprinkler systems, standpipe systems, fire pumps, and clean agent systems at various industrial, commercial and institutional facilities in accordance with various codes.  Perform inspections, test and repair/replace fire hoses and fire hydrants.  Generate reports based on inspection findings.         Logistics Coordinator / Sr. Lab technician     10/2006  
                                to   11/2007      Company Name   –   City  ,
                              State      Coordinates all incoming and outgoing shipments of solar arrays, panels, shipping containers and ground support equipment.  Interfaces with Metrology personnel to ensure calibrated equipment needs are prioritized and maintains inventory of the Section's calibrated equipment.  Supports work in progress, troubleshoots manufacturing problems caused by test equipment.  Coordinates proof loading and non-destructive testing of lifting fixtures and handling equipment.  Maintains inventory of industrial supplies.  Disposes of hazardous materials and coordinates area compliance.  Understands and follows the 20 elements of ISO 9001.         Production Control Analyst     11/2004  to   05/2006      Company Name   –   City  ,
                              State      Expedites materials through production processes, coordinates actions with other departments, verifies kit hardware completeness and configuration, requests drawings and materials to be issued from stores.  Resolves aging work orders, generates Non-conforming Material Reports (NCMR's).  Interfaces with process engineers, manufacturing operators and supervisors to control and analyze the movement of production.  Resolves complex constraints for any WIP that may cause schedule delays, problem solve all audit issue on work centers.  Perform internal and external expediting of critical parts and initiate and process scrap tags, and process miscellaneous issue requests.  Extensive use of the Promis software.  Trains new hires in Class 100 clean room protocol and enforces violations.  Procurement of all clean room articles and consumables with outside vendors.  Supervises courier team of 5 to ensure proper transport of company assets from site to site.         Material/Production Planner     07/2001  
                                to   02/2004      Company Name   –   City  ,
                              State      Expedites materials through production processes, coordinates actions with other departments, verifies kit hardware completeness and configuration, requests drawings and materials to be issued from stores.  Resolves aging work orders, generates Non-conforming Material Reports (NCMR's), and generates shipping packing lists and invoice documents.  Responsible for scheduling, releasing, updating, and closing work orders in a timely manner.  Reports oral and written status of work progress to internal customers.  Interfaces with all Operations functions         Education      General Courses  :           Monterey Peninsula College    -
                          City  ,
                          State              Technical Diploma  :           San Francisco Police Academy    -
                          City  ,
                          State              Accomplishments      Writes DSN's for over shipment, wrong parts, and or no certification.  Completes memo receivers for parts with no PO reference or those returned for repair.  Coordinates efficient flow of materials and analyzes required capacity in processes with involved departments to ensure a smooth and timely operation.  Extensive use in all Microsoft Office applications and the following software: WDS, LSS, CAVS II.        Skills    automation, closing, coaching, oral, hardware, customer support, designing, direction, hand tools, inventory, ISO 9001, Machinery, materials, mechanical, personnel, processes, Procurement, programming, progress, quality, Quality Control, Receiving, repairs, repairing, research, robotic systems, safety, scheduling, shipping, simulation, Supervisor, Test Equipment, Troubleshooting, written, articles   ","cnc programmer machinist

we are currently seeking a fulltime salaried cnc programmer machinist to join our team in our hawthorne ny  location

who we are

founded in  clarapaths mission is to transform the laboratory space and advance how hospitals provide laboratory care our company is strategically backed by one of the largest hospitals in the country as well as visionary pharmaceutical and academic leaders in collaboration with our partners we aim to improve patient care through our automated processing analysis and diagnostics technology

from our fully automated precision sectioning technology to worldclass imaging and analysis expertise our team is building a robotic system that will impact the future of digital pathology we offer challenging opportunities to join a uniquely innovative company that straddles the worlds of medical devices robotics industrial automation and technology

to learn more about us please visit us at

about the role

clarapath is looking for a cnc programmer machinist who has machine shop experience in a manufacturing environment skilled in the operation of a cnc mill cnc lathe manual equipment tools and measuring devices the cnc machinist will produce parts in a production and rd setting and will collaborate with engineers for dfma and optimal machining designs

what youll do

core duties and responsibilities include the following

program and operate cnc mill axis and cnc lathe for the manufacturing of  unique parts

operate any type and size of single spindle or multiple spindles on a variety of operations drilling reaming boring tapping spot facing countersinking etc

operate machine shop in a fast pace environment for quick turnaround parts

operate multiple machines concurrently

work with design engineers to machine parts for rd

organize tool and equipment maintenance and upkeep of raw material stock

optimize machining time of parts

perform job responsibilities according to internal process specifications

lift parts and material weighing  pounds or more

utilize proper ppe safety equipment and follow safety procedures

our perfect candidate

education and experience

 years of machine shop experience

 years of cnc machine operation experience

education andor training in machine shop operations

experience in a selfdirected team environment

technical skills

cnc training or  years experience haas interface preferred but not required

capable of producing parts with tight tolerances  microns    and fine finishes

ability and willingness to use basic hand tools and measuring devices ie dial calipers protractors micrometers gauges etc as required

understanding of blueprint process sheet and engineering drawings interpretation

prior working knowledge of machine shop operations tool selection and equipment settings

required abilities

strong interpersonal communication and collaboration skills

workplace cleanliness and organization

team oriented

receptive to guidance from experienced employees

time management skills to prioritize and meet deadlines

flexibility to work in a changing and fast paced environment

schedule

day shift

company offers

competitive salary will be commensurate with experience and education

comprehensive benefits package available healthcare vision dental and life insurances  pto and holidays

please submit your resume to recruitment

clarapath is an equal opportunity employer eoe and strongly supports diversity in the workforce clarapath only accepts resumes from approved agencies that have a valid executed nonexclusive master staffing agency agreement with our company clarapath is not responsible for any fees or claims related to receipt of unsolicited resumes",0
"         SUPPORT & NETWORK SERVICES INTERN       Professional Summary     Technical Support Analyst  with technical and troubleshooting repair expertise. Team player who is flexible, reliable and adaptable to dynamic environments.      Skills        ·Able to research
and familiarize skill sets towards core technologies based on enthusiasm,
dedication, and motivation ·Knowledgeable with
installation and configuration of Windows-based operating systems (Windows XP,
Vista, 7, and 8) ·Experienced with the
installation and configuration of Ubuntu Linux whilst cognizant of Mac OS X
interactions ·Proficient with
virtualization and highly skilled with configurations inside of VMware  ·Skilled with
troubleshooting hardware and software issues within a network and support
services environment ·Able to document,
effectively communicate, and succeed within a group setting in order to become
a superior team player  Willing to work
individually whilst prioritizing tasks or projects and completing assignments based
on expected deadlines          Work History      Company Name    Support & Network Services Intern   |   City  ,   State   |   September 2014   -   December 2014     Customized and implemented Microsoft SCSM from SCCM in order to automate departmental organizational needs  Facilitated proper asset management and user onboarding processes tailored to the Student Affairs department  Worked with Network & Support Services team to learn more about the general campus and supported users  Attended regular meetings to coordinate and discover the expected outcomes and functions of Microsoft SCSM  Performed within a minimalized test environment in order to create runbook programming and custom templates  Shadowed student workers with incident management processes and workflows within Cherwell Service Management  Familiarized with ticket creation, priority, review, and remote desktop connections with respect to supported users  Imaged computers based on ImageNow software residing on the network and reflected changes in Active Directory  Discovered and learned AD DS, SCCM, and SCSM and interacted with the systems based on supervision  Assisted student workers with new computer installations and configurations as well as creating documentation  Alleviated phone call requests or questions for student workers based on working knowledge for ticket closure.         Company Name    Information Technology Lead Intern   |   City  ,   State   |   June 2012   -   June 2013     Worked with director on minimizing Windows XP machines and migrated to Windows 7 based on Spiceworks solution  Contacted Central IT when appropriate with regards to diagnosing distance education connections and supporting equipment  Deployed re-imaged hard drives or newly acquired assets for classrooms or professors based on priority scheduling   Assisted lab desk student workers with issues, cooperated with lab desk students on scheduling accommodations and support    Check out and manage the plethora of IT department equipment based on appointments in SharePoint or open door policy    Performed room checks to test equipment and replace faulty campus property during the semester breaks    Set up purchased assets within classrooms for students while retiring and recycling older systems.          Company Name    Information Technology Student Center Intern   |   City  ,   State   |   September 2011   -   December 2011     Resolved student center questions and arranged peer-to-peer tutoring/assistance with specific students in CSS program.  Prepared and delivered a Microsoft Office training session, training videos for the general public in a workforce environment.  Created and enabled multiple custom virtual machines in a sandboxed environment to distinguish networking and connectivity.  Continued research and interacted with Microsoft Windows, Macintosh OS X, mobile, and Linux operating systems.         Education      Bachelor of Science    Information Science & Technology    University of Wisconsin    City  ,   State   |   12-2014   Information Science & Technology       AAS        Waukesha County Technical College    City  ,   State            IT-Computer Support Specialist             |   12 2011          Accomplishments    ·UW-Waukesha Dean's
List ·WCTC Honor List ·Who's Who Program
– WCTC ·NTHS Member 2010 ·Phi Theta Kappa
Honor Society ·BCHS Honor Roll      Skills    Active Directory, AD, asset management, automate, hardware, CSS, documentation, hard drives, Linux, Mac OS, Macintosh OS, director, meetings, Microsoft Office, Windows 7, Microsoft Windows, Windows, Windows XP, network and support, Network & Support, network, networking, operating systems, organizational, processes, programming, research, scheduling, supervision, phone, test equipment, troubleshooting, tutoring, Vista      Additional Information      Able to document, effectively communicate, and succeed within a group setting in order to become a superior team player
Willing to work individually whilst prioritizing tasks or projects and completing assignments based on expected deadlines  HONORS/ACHIEVEMENTS UW-Waukesha Dean's List WCTC Honor List Who's Who Program - WCTC NTHS Member 2010 Phi Theta Kappa Honor Society BCHS Honor Roll      ","posted  june  
job type  permanent
category  information technology
description
our client seeks a systems administrator to oversee complex processes that ensure technology resources are distributed maintained and effectively utilized across their growing network this is a technical role that requires handson knowledge of user management  authentication okta  macos operating systems  cloud enterprise collaboration tools google admin and office  cloud infrastructure aws azure and google cloud platform device management platforms jamf google admin and familiarity with networking and wirelessdetails hybrid schedule office in nyc direct hire competitive pay rate
competencies manages multiple projectsinitiatives in a timely manner while coordinating and communicating with stakeholders clear communicator with ability to articulate technical concepts in a language that anyone can understand demonstrates initiative with a strong sense of urgency and purpose proven success in the support and administration of customercentric solutions possesses knowledge of industry best practices and the ability to understand complex and advanced technical concepts ability to work collaboratively and quickly shift focus in a dynamic fastpaced environment comprehensive knowledge and hands on experience with jamf mac os chrome os google admin okta workday aws and other saas enterprise cloudbased services familiarity with azure and active directory experience with operating endpoint management tools including apple dep jamf procloud as well as windows server  experience using it service management software to manage projects and tasks preferred teamdynamix responsibilities administers and maintains existing device management frameworks integration and identity management solutions reviews and applies security best practices  performs proactive performance monitoring and tuning manage entire lifecycle of linuxunix systems ie apple mac osios provide systems support to devops and application engineers acts as tier three support for helpdesk supports gmail configuration and mailbox management including email routing spam filtering and forensics troubleshooting and maintenance serve as point of escalation for systems troubleshooting and issue resolution supports business continuity plans and site readiness performs testing of data retention and recovery policiesother continuously provides and receives feedback regarding current it processes to identify areas of improvement performs other duties or special projects as assigned in their field comfortable with ediscovery concepts and data collection including holds and retention policies expected to work out of the main office location with prenegotiated remote options on call as business needs dictateeducation and experience bachelors degree in information technology or related field or  years of experience in it  years of experience providing technical support in an enterprise environment previous experience supporting  officessites in large footprint areasif this sounds like you then lets connectcontact rayana benzohra  the judge groupemail rbenzohrajudge
we are always looking to add talented professionals to our team advance your career with judge
    email us


home  what is judge  contact us  join our team  eeo  locations  blogs  timesheets  tic
privacy  cookies policy  ccpa  sitemap  copyright   the judge group inc all rights reserved
",1
"         TEAM LEADER/ MACHINE OPERATOR       Career Overview     Dedicated and focused Administrative Support Specialist who excels at prioritizing, completing multiple tasks simultaneously and following through to achieve project goals. Seeking a role of increased responsibility and authority.Versatile Medial Assistant offering administrative experience in both corporate and non-profit office environments.       Core Strengths         Excel, Windows, Microsoft office, spreadsheet, power, Data Entry, Dos, multi office tasks, multi phone lines, BLS, PFT, injections, urinalysis, ECG, and leadership. Production Worker, Medical Assistant, Inspector, Quality Control, Customer Service, General Office, Patient Care, Phlebotomy, Team leader, Cash Handling, Call Center, Telemarketing, HI/Lo Driver.             Accomplishments     Patient Care   Delivered compassionate care that exceeded hospital requirements.  Successfully provided quality care to a number of patients in healthcare environment. Helped patients by serving meals, feeding as necessary, ambulating, turning, and positioning in bed.         Work Experience     05/2012   to   01/2015     Team Leader/ Machine Operator    Company Name   －   City  ,   State      Earned a fast track promotion to team leader, oversaw production workloads, ensured that materials were properly loaded, coated, counted, and packaged accurately according to company procedures. Helped achieve company goals by supporting production workers. Inspected finished products for quality and adherence to customer specifications. Monitored and adjusted production processes or equipment for quality and productivity.Calibrated or adjusted equipment to ensure quality production using tools such as calipers and micrometers, Maintained logs, lists and files and promptly completed all necessary paperwork.Inspected finished products for quality and adherence to customer specifications.Monitored and adjusted production processes or equipment for quality and productivity.          03/2004   to   08/2010     Home Healthcare Provider    Company Name   －   City  ,   State      ADLs, exhibited compassionate care and communication with regard to issues of death and dying.  Administered simple range of motion exercises. Comforted patients and provided them with reassurance and encouragement.          07/2008   to   04/2010     Home Healthcare Provider    Company Name   －   City  ,   State      Completed and submitted clinical documentation in accordance with agency guidelines.Massaged patients and applied preparations and treatments, such as liniment, alcohol rubs and heat-lamp stimulation.Observed and documented patient status and reported patient complaints to the case manager.Planned, prepared and served meals and snacks according to prescribed diets.Provided transportation, assistance and companionship to clients.Cleaned and organized patients' living quarters.Performed household tasks such as laundry, dusting, washing dishes and vacuuming.Facilitated games and other activities to engage clients.Positioned residents for comfort and to prevent skin pressure problems.Assisted with transferring residents in and out of wheelchairs and adaptive equipment.          04/2007   to   04/2009     Medical Assistant    Company Name   －   City  ,   State      Managed the receptionist area, including greeting visitors and responding to telephone and in-person requests for information.Kept facility stocked with necessary supplies, equipment and instruments.Prepared patient rooms prior to their arrival.Collected urine and fecal samples.Designed electronic file systems and maintained electronic and paper files.          10/2000   to   12/2003     Administrative Assistant    Company Name   －   City  ,   State      Managed the receptionist area, including greeting visitors and responding to telephone and in-person requests for information.Handled all media and public relations inquiries.Served as central point of contact for all outside vendors needing to gain access to the building.Dispersed incoming mail to correct recipients throughout the office.Made copies, sent faxes and handled all incoming and outgoing correspondence.Managed daily office operations and maintenance of equipment.           Educational Background     2014     Associate of Science  :   Business Management    Henry Ford  Community College   －   City  ,   State  ,   Wayne      Office Administration coursework, coursework in Human Resource, Microsoft Office Applications, Management and Business Administration          2005     Diploma  :   Medical Assistant    Lawton School   －   City  ,   State  ,   Oakland     Coursework in Anatomy, Physiology and Health Assessments, Medical Assistant, Medical Receptionist, Medical Billing, Medical Records and Assisting minor surgery.         Certifications    Certificate, Lawton school, MI BLS Medical Assistant HHA      Skills     Customer Service, Receptionist, Retail Sales, Administrative Assistant, Correspondence, Medical Assistant, Training, Clients,  sanitation, Billing, Bookkeeping, Medical Records, Std counseling, Business Management, Cash Handling, Data Entry, Dos, Excel, General Office, Mental Health, Microsoft Office, Multi Phone,  Phlebotomy, Quality Control, and Telemarketing.    ","job description

position purpose

the systems administrator is responsible for the maintenance configuration and reliable operation of computer systems and servers including network and workstations to install hardware and software and participate in research and development to continuously improve and keep up with the it business needs of the company this position will also provide technical support to staff at cig and other cig companies this person supports all other it and telephone systems

essential duties and responsibilities

specific duties and responsibilities include the following but the individual will also be expected to perform all the duties necessary which are customarily performed by a person holding this position other duties may be assigned

he systems administrator will lead or assist in all aspects of infrastructure setup and maintenance evaluate prioritize and resolve service desk system requests for assistance from end users in the organization this includes troubleshooting and resolving issues related to standard enterprise software applications and various custom web applications desktop hardware and network edge infrastructure components in addition to the tasks and activities listed below this person will be expected to assist with various it projects as directed

infrastructure

lead in all aspects of infrastructure setup and maintenance follow maintenance schedule to keep all infrastructure up to date this includes network server hardware and software lead or assist with any new infrastructure related projects whether hardware or virtual vmware aws or azure

enduser support

provides technical support for the organization diagnoses technical problems researches identifies and documents appropriate solutions organizes and prioritizes technical support cases and followsup on outstanding cases until resolved

support case management

maintains and tracks all support issues and calls within the support management system maintains contact and followsup with employees to ensure quality level of support interacts with users in nontechnical clear terms adheres to and enforces organization policies rules and regulations relating to technology use

user accountpassword maintenance

creates maintains and coordinates user account information and passwords for various it systems assists with the setup of new user accountsemail in a microsoft windows active directoryoffice  environment maintains staff email addresses and distribution lists

device support

provides support and assistance for the relocation installation and setup of computers enduser unified communications systems ms teams telephones mobile devices and various peripheral equipment including classroom audiovideo equipment performs diagnostics on computers software applications and related equipment

flexible working

expectation to support after hours and weekends as required multicompany support including domestic travel and the ability to respond at short notice

knowledge and abilities

to perform this job successfully an individual must be able to perform each essential duty satisfactorily the requirements listed here are representative of the knowledge skill and ability required under the ada reasonable accommodations may be made to enable individuals with disabilities to perform the essential functions

a thorough understanding and knowledge of commonlyused concepts practices and procedures within the it field
 a thorough understanding and knowledge of commonlyused concepts practices and procedures within the it field
 a thorough understanding of and professional experience troubleshooting web applications and technology
 thorough knowledge of both pc and mac hardwaresoftware configuration
 advanced knowledge of microsoft office apple and other standard business productivity software suites
 advanced knowledge of windows server  or newer
 advanced knowledge of office  administration
 advanced knowledge of tcpip networking
 strong interpersonal skills
 strong organizational and problemsolving skills
 the performance of this position requires the ability to be present in the workplace
 ability to troubleshoot lan clients
 ability to manage multiple priorities and projects
 demonstrate professionalism and diplomacy in interpersonal relationships
 support and embrace diversity and inclusiveness
 ability to be present in the office regular weekday mondayfriday attendanceavailability is required during core business hours
 ability to work additional hours if necessary
 ability to travel occasionally as necessary

education work experience andor licensure
 bachelors degree or equivalent experience computer science or related fields advanced training in one or more of the systems being supported
  years experience supporting and managing changes in a  online production environment
  years experience in supporting windows and unix systems
  years of storage management experience direct attached nas
  years of networking experience lan wan wifi firewalls vpn load balancers
  years experience supporting aws azure and 
 demonstrated knowledge of all the following virtualization tcpip nfs san storage troubleshooting multitiered clientserver systems including vmware
 programming and shell scripting experience some or all powershell python ruby perl ksh bash csh

language skills
 excellent interpersonal verbal and written communication skills
 excellent command of the english language

physical demands

the physical demands listed here are representative of those that must be met by an employee to successfully perform the essential functions of hisher job under the ada reasonable accommodations may be made to enable individuals with disabilities to perform the essential functions
 ability to sit stand walk travel up and down stairs crouch stoop and reach
 ability to lift up to  lbs
 ability to travel domestically and internationally as required

work environment

the work environment characteristics listed here are representative of those an employee encounters while performing the essential functions of the job under the ada reasonable accommodations may be made to enable individuals with disabilities to perform the essential functions
 basic officeacademic environment

the above statements are intended to describe the general nature and level of work being performed by an individual assigned to this position they are not intended to be an exhaustive list of all duties responsibilities and skills required of personnel so classified cambridge information group inc reserves the right to modify this job description in its sole discretion",0
"         TECHNICAL TRAINER/ INSTRUCTIONAL DESIGNER       Professional Summary     Enthusiastic, hard working, former military trainer and course delvoper who has designed and taught course for use in the United States Air Force and JCM Global.       Qualifications          Currently Working on MS in Instructional Design   Great Group Worker   Able to analyze data to find trends      Won Diamond Sharp award for leadership and professionalism   Experience working with high level management            Experience     05/2014   to   Current     Technical Trainer/ Instructional Designer    Company Name   －   City  ,   State    Responsibilities Develop training classes for customers; Develop Computer Based Training, Webinar training, Hybrid Training, and train clients face-to-face; work with subject matter experts; review technical documents; track training progress and due dates; work with customers to determine if and what type of training is required; Train peers, temp employees, and management; review evaluations and use data to adjust the training plan. Accomplishments Developed and implemented online training including implementation of back end LMS; created twelve online training classes in less than one year Skills Used Public Speaking, Adult Learning Theory Articulate Storyline, Microsoft Office Suite, ATD certified, ability to change with needs of the customer       05/2013   to   05/2014     Electronic Warfare Technician    Company Name   －   City  ,   State     Responsibilities Train personnel on use of equipment, procedures, customs and courtesies; Accomplishments Was liaison between EW shop, Combat Shield Team, and leadership Skills Used Public Speaking, adult training theory, management        05/2009   to   05/2013     Combat Shield Lead    Company Name   －   City  ,   State    Responsibilities Manage Combat Shield program to ensure all test and evaluations were met for each year; ensured program stayed within the budget given; provided feed back to AF leadership to ensure aircraft were combat capable; developed training course used Air Force Wide; briefed Air Force Leadership on findings and suggestions for improvement. Accomplishments Co-authored Technical documents; Developed training initiative called Project House Call to address shortfalls in the education command; trained military and civilian personnel world wide; won Diamond Sharp award for professionalism and leadership Skills Used Public speaking, adult training theory, management skills.       06/2007   to   05/2009     Electronic Warfare Production Supervisor    Company Name   －   City  ,   State    Responsibilities Ensure EW pod production outpaced the need of the aircraft; reviewed work schedule to ensure maximum use of personnel; documented all work related actions; train personnel on maintenance and troubleshooting; Brief the Shop Chief on status and repairs Accomplishments Worked with Subject Matter Experts to set up the first test stand for new pods; First military person certified to work on newest EW pod. Skills Used Adult learning Theory, Microsoft Office Suite, Leadership and Management, Public Speaking        Education     2017     MS  :   Instructional Design    Saint Leo University   －   City  ,   State  ,   US     Currently 3.6GPA        2015     Associate of Arts  :   Criminal Justice    Community College of the Air Force   －   City  ,   State  ,   US           2014     Bachelor of Arts  :   Criminal Justice    Saint Leo University   －   City  ,   State  ,   US     Saint Leo University - Saint Leo, FL 2012 to 2014 AA in Criminal Justice        2010     Associate of Arts      University of Phoenix   －   City  ,   State  ,   US            Certifications     ATD Certified Trainer           Accomplishments     Developed and implemented on-line training including implementation of back end LMS  Created twelve on-line training classes in less than one year  Developed training initiative called Project House Call to address shortfalls in the education command  Won Diamond Sharp award for leadership and professionalism       Military Experience     05/2009   to   05/2013     Company Name        USAF - Nellis AFB, NV - May 2009 to May 2013 Responsibilities Manage Combat Shield program to ensure all test and evaluations were met for each year; ensured program stayed within the budget given; provided feed back to AF leadership to ensure aircraft were combat capable; developed training course used Air Force Wide; briefed Air Force Leadership on findings and suggestions for improvement. Accomplishments Co-authored Technical documents; Developed training initiative called Project House Call to address shortfalls in the education command; trained military and civilian personnel world wide; won Diamond Sharp award for professionalism and leadership Skills Used Public speaking, adult training theory, management skills. Electronic Warfare Production Supervisor USAF - Nellis AFB, NV - June 2007 to May 2009 Responsibilities Ensure EW pod production outpaced the need of the aircraft; reviewed work schedule to ensure maximum use of personnel; documented all work related actions; train personnel on maintenance and troubleshooting; Brief the Shop Chief on status and repairs Accomplishments Worked with Subject Matter Experts to set up the first test stand for new pods; First military person certified to work on newest EW pod. Skills Used Adult learning Theory, Microsoft Office Suite, Leadership and Management, Public Speaking        Skills    Training, Microsoft Office, Ms Office, Award, Budget, Articulate, Adult Learning, Electronic Warfare, Avionics, Instructional Design, Maintenance, Back End, Clients, Computer Based Training, Learning Management System, Lms, Online Learning, Online Training, Progress, Liaison   ","medcerts  a stride inc company nyse lrn  is a national online training provider strengthening the workforce through innovative elearning solutions focused on certifications in highdemand areas of allied healthcare and it it serves individuals from all backgrounds including the military and their families career changers and the under and unemployed medcerts delivers career training through hdquality videobased instruction virtual simulations games and animations and onthejob training through experiential learning solutions since  the company has developed over  career programs trained and upskilled more than  individuals across the country and partnered with over  american job centers and more than  healthcare and academic organizations to build talent pipelines and provide the option of articulated college credit to our students in  medcerts was acquired by stride inc stride has transformed the teaching and learning experience for millions of people by providing innovative highquality techenabled education solutions curriculum and programs directly to students schools the military and enterprises in primary secondary and postsecondary settings for more information visit medcertscom

the primary focus of the career coach is to prepare students for securing employment through resume development interview preparation and coaching on effective job search strategies the career coach works collaboratively with job search specialists and clinical coordinators to identify relevant employment opportunities and connect students with potential employers this role is critical in fulfilling medcerts mission of a better career faster by helping students find prepare apply and ace the interview for their dream career

we are looking for someone that wants to work alongside amazing people while creating great products and experiences that make a difference in lives of thousands of adultlearners each year medcerts promotes a culture of accountability integrity and collaboration where our team members have an opportunity to develop and grow professionally

general duties and responsibilities
 coach current students and graduates on job search strategies resume development and interviewing
 guide students through career center resources
 participate in the development of new career resources
 utilize career center resources and salesforce crm to track student activities and progress
 conduct webinars on employmentrelated topics
 motivate students to complete career prep activities
 provide timely resume reviews and approvals
 provide timely evaluations of interview responses and coach student on improving interviewing skills
 support students in identifying job opportunities and clinical sites
 increase knowledge rates by collecting employment information

required qualifications
 minimum of a bachelors degree masters degree in a related field a plus
 at least one year of experience in a career advisingcoachingrecruiting role
 expertise in resume critique interview preparation and job search strategies
 ability to build relationships with students over the phone or in online conferencing tools
 ability to manage a large student caseload and hit monthly goals
 excellent customer service and follow up skills
 ability to work independently with a sense of urgency
 ability to manage and adapt to working with individuals of various backgrounds
 must be results driven and goal oriented

working conditions

this is a remote position in which work will be completed during normal business hours approximately   

equal opportunity employerprotected veteransindividuals with disabilities

the contractor will not discharge or in any other manner discriminate against employees or applicants because they have inquired about discussed or disclosed their own pay or the pay of another employee or applicant however employees who have access to the compensation information of other employees or applicants as a part of their essential job functions cannot disclose the pay of other employees or applicants to individuals who do not otherwise have access to compensation information unless the disclosure is a in response to a formal complaint or charge b in furtherance of an investigation proceeding hearing or action including an investigation conducted by the employer or c consistent with the contractors legal duty to furnish information  cfr c",1
"         SUSHI CHEF       Executive Profile    14 years experience in high end restaurants with a background in French, Japanese and Peruvian Cuisine. Expertise in all facets of kitchen management, including Food cost Percentage, labor cost budgeting, scheduling, menu developing and strategic planning.         Professional Experience     May 2005   to   November 2011     Company Name   City  ,   State     Sushi Chef      In charge of daily operation in the sushi bar, quality control, monthly inventory, menu developing, scheduling for 10 employees.        November 2011   to   January 2015     Company Name   City  ,   State     Executive Sous Chef      In charge of daily operations, menu developing, Monthly inventory, scheduling for 50 people,       January 2016   to   Current     Company Name   City  ,   State     Corporate Chef      In Charge of daily operations of all restaurants, Menu developing, Scheduling for 90 people, Food Cost Percentage, Labor Cost control, Hiring, Monthly Inventory.        Education     2006     Le Cordon Bleu    City  ,   State  ,   usa     Associate of Arts  :   culinary arts          ","join our community of food people

responsible for sourcing and developing profitable new business that can be transitioned to a territory manager pursues highest potential sales leads for conversion into a us foods customer in order to achieve annual sales and profit operating plans provides strategic support to territory managers by capturing and penetrating high potential growth opportunities and developing market share the ideal candidate must have business development experience in the foodservice distribution or food and beverage industries

develop a sound business plan to capture and penetrate market share within the divisions footprint focusing on division customers with sales potential   annually responsible for producing new account revenue in line with current organization and individual targets and quotas minimum of  million in first year  annually in following years or annual target agreed with division president and vp sales

utilizing key performance indicators kpis focus on  opening highest potential new accounts  sales dollars and  gross profit dollars of all new accounts

responsible for sourcing pursuing securing and developing highest potential new business that can be transitioned to a territory manager tm in order to achieve annual sales and profit operating plans maintain a pipeline of new emerging high potential clients

research potential customer requirements menu design business size current suppliers etc analyze current trends within the market and remain informed of market conditions product innovations competitors products prices and sales share information with customers along with new menu ideas and products as part of valueadded services provided

work with category and segment specialists to create orderguidepricing for prospective accounts develop and present compelling offering to prospective accounts

complete new customer credit application forms work with customer solutions coordinator sales coordinator and tm to ensure an effective onboarding process as well as to facilitate a smooth handover of the new account to the tm and sales coordinator including any ar responsibility while in development

maintain full understanding of company it tools to identify high potential opportunities and update progress utilize companyapproved data base for lead generation communicate with district sales managers on field intelligence and observations

selective involvement in the sos process only for accounts recently opened by nbm where they are atrisk of churn visit customers understand concerns and change offerings pricing as required maintain contact with new accounts as required conduct customer business review cbrs with critical customers upon request

maintain ongoing relationships with key decision makers leverage industry contacts to follow decision makers as they move

attend sales meetings food shows and vendor marketing and industry events to network with prospective accounts

share skills and experience with tms in at   sales meetingsyear ie how to onboard do account research penetration warming and closing techniques

other duties assigned by manager

educationtraining

high school diploma or equivalent bachelors degree preferred

related experience

must possess a minimum of  years sales experience required

minimum  years of experience opening accounts greater than  preferably in foodservice industry

exceptional sales and interpersonal skills and proven ability to warm convert and close highpotential new street accounts required

overnight travel may be required to participate in trainings meetings or other company events

knowledgeskillsabilities

excellent communication and negotiation skills required as well as strong interpersonal skills and ability to successfully build relationships internally and externally leveraging relations to achieve business goals

able to present in front of large groups of people utilizing creative presentation skills

highly motivated resultsdriven and able to work autonomously detailoriented ability to work under pressure and meet tight deadlines

working knowledge of microsoft word excel and powerpoint is required

li

eoe  racecolorreligionsexsexual orientationgender identitynational originprotected veterandisability status ",0
"         ADMINISTRATIVE OFFICE ASSISTANT             Experience     01/2015   to   Current     Administrative Office Assistant    Company Name   －   City  ,   State      Provide customer service, Schedule appointments, and additional duties as needed.         01/2015   to   01/2016     Cheer Coach    Company Name   －   City  ,   State      Foster a culture of sportsmanship, teamwork, and responsibility.         07/2009   to   Current     Adjunct Faculty    Company Name   －   City  ,   State      Lecture and communicate effectively with students from diverse backgrounds.  Initiate thought-provoking discussions to help students build their critical thinking skills and translate their academic interests into the real world.  Maintain an undergraduate teaching load of 3-5 courses each semester to include Medical Terminology, Women's Health, Stress Management, Human Sexuality, Nutrition Concepts, Personal Fitness/Wellness, Student Development.         01/2008   to   Current     Substitute Teacher    Company Name   －   City  ,   State      Adapt to variety of lesson plans  to cover subject areas in grades K-12.         07/2005   to   08/2008     Fitness/Wellness Coordinator    Company Name   －   City  ,   State      Interview, hire, train, schedule, and evaluate group fitness instructors.  Maintain and manage fitness rooms and equipment.  Sign off payroll.  Navigate and use Class Track to provide access to specialty fitness classes.  Organize and maintain employee records and CPR/First Aid certifications.  Conduct monthly staff trainings and meetings.  Execute On-campus incentive program (FITRaider&RaiderXcape).  Coordinate and assist with special events (i.e., Fitness Xtravaganza, Tech Well, etc).  Rename and brand fitness program (RaiderX and X2).  Develop and manage Better U (yoga and pilates) personal training program.  Collaborate with other departments on campus for various wellness activities 
(Amazing Spring Break Race, Alcohol Awareness Week, etc).  Advise student supervisor for group fitness and special events.  Lead Teen Raider Fitness Xperience.         01/2001   to   01/2002     Intern    Company Name   －   City  ,   State      Assist with development of group fitness department upon opening of facility.  Order fitness equipment.  Interview, hire, and train fitness instructors.  Coordinate monthly fitness class schedule.  Organize the BodyPump program launch.         01/2000   to   01/2005     Group Fitness Instructor    Company Name   －   City  ,   State      Instruct weekly fitness classes to a variety of ages and levels.         01/1999   to   01/2005     Group Fitness Instructor & Personal Trainer    Company Name   －   City  ,   State      Educate patrons on benefits of healthy living by preparing informational
bulletin boards.  Organize and participate in special events (Partner Yoga, Survivor Challenge, Fitness
Challenge, Tech's Largest Boxing/Aerobics/Water Aerobics, Resident Hall Events,
Fitness Around the World).  Instruct students and faculty in a variety of fitness classes to include: Yoga, Pilates, Step, Cardioboxing, Group Weight Training, Abs, Hi/Lo, Pre/Post-natal, Sculpting, Circuit Training, Cycling, Yogilates, Water Fitness, Ten Weeks to Health, YogaFusion, Nutrition Mondays, Partner Yoga/Couple's Massage, Making Yoga WORK in your Day.  Serve on evaluation committee.  Assist with the coordination of Fitness Expo (including teaching workshops at Expo).  Design exercise programs specific to individual needs.  Perform fitness assessments:  heart rate, blood pressure, flexibility and muscular strength, 
cycle ergometer, body composition, circumference measurements.  Counsel individuals on proper biomechanics and fitness techniques.  Motivate and cultivate healthy lifestyle choices in health and nutrition awareness.         01/1999   to   01/2005     Lead Supervisor/Facility Supervisor    Company Name   －   City  ,   State      Provide facility tours and assist Facility Manager with staff training.  Navigate programs for facility usage and employee records.          Education          M.S  :   Ed, Health Promotion & Physical Education    Virginia Polytechnic Institute and State University (Virginia Tech)   －   City  ,   State      Ed, Health Promotion & Physical Education            B.S  :   Human Nutrition, Foods, & Exercise Exercise & Health Promotion    Human Nutrition, Foods, & Exercise Exercise & Health Promotion            B.A  :   Interdisciplinary Studies Political Science & Psychology    Interdisciplinary Studies Political Science & Psychology        Affiliations    Fitness and Wellness Professional adept at developing comprehensive fitness and wellness programs and initiatives.  Background in undergraduate health courses
QUALIFICATIONS
*Implementation and Evaluation of fitness programs
*Interactive staff training and development
*Interdisciplinary Teaching and Learning
*Budget and Financial Management 
*Public Relations
*Event Planning and Coordination
*Fundraising and Sponsorship      Interests    President, GW Carver Intermediate
          Sunday School Teacher Grade 1-2, South Norfolk Baptist Church
          Volunteer Coach, Chesapeake Parks and Recreation
          Event Coordinator, American Legion NC Post 531
          President, Women's Auxiliary NC Post 531      Skills    academic, Schedule appointments, benefits, blood pressure, CPR, critical thinking, customer service, staff training, special events, First Aid, lesson plans, Medical Terminology, meetings, access, payroll, Stress Management, supervisor, teaching, teamwork, workshops, composition      Additional Information      LEADERSHIP        PTA President, GW Carver Intermediate
          Sunday School Teacher Grade 1-2, South Norfolk Baptist Church
          Volunteer Coach, Chesapeake Parks and Recreation
          Event Coordinator, American Legion NC Post 531
          President, Women's Auxiliary NC Post 531     ","description

you believe sports make people better so do we immerse yourself in an environment where passionate and skilled teammates thrive associates joining our team have an opportunity to serve and inspire athletes as part of the  sporting goods retailer in the country our teammates create a lasting impact on their communities through sport

parttime and temporary positions available
 cashier
 operationsfreight flow associate
 sales associate  apparel bikes  exercise team sports golf footwear lodge

sales associate duties include
 create a worldclass customer experience
 uphold company standards for merchandise presentation  make it look good
 s how passion knowledge dedication and commitment for the sports and activities we support in our stores
 comfort with cashhandlingringing
 promote company programs including warranty sales scorecard loyalty program privatelabel credit cards and other seasonal promotions

operations  freight flow associate duties
 maintain cleanliness of all areas of the store including offices and restrooms
 assist with unloading trucks and processing freight
 ability to bend stoop reach stand push pull and lift cartonsbins weighing approximately  pounds each repetitively

all associates are required to adhere to all safety policies and procedures additionally as business needs arise other tasks may become necessary
qualifications

success profile 
 flexible availability  including nights weekend and holidays
  years of retail cashier retail sales or cashhandling experience preferred but not required
 passion for sports andor outdoor activity

interviews are by appointment only

dicks sporting goods is an equal opportunity employer",1
"         JEWELRY DESIGNER AND OWNER       Summary     Skillful and dedicated Executive Assistant with extensive experience in the coordination, planning and support of daily operational and administrative functions in a highly confidential environment.       Highlights          Microsoft Office proficiency  Proper phone etiquette  Time management  Flexible  Professional and mature  Strong problem solver  Works well under pressure      Social media knowledge  Database management  Customer service-oriented  Meeting planning  Travel administration  Legal administrative support  Self-starter            Experience       Current     Company Name   City  ,   State     Jewelry Designer and Owner        Hand crafted beaded and one-of-a-kind clay jewelry creations.  Store presence on Etsy.com.  Business is promoted throughout various social media outlets.  My objective is be involved in local arts and crafts shows.         September 2013   to   April 2015     Company Name   City  ,   State     Logistics Service Representative        Safely transported lab specimens, medical records, pharmaceuticals, x-rays, hospital supplies, interoffice mail, and related material.  Operated a hand-held scanning device to accurately track items through the transportation cycle.  Strictly observed operating policies, procedures and service schedules.  Demonstrated safe and courteous driving behavior.  Presented a professional image to clients and the public through appearance and interaction.  Conducted pre/post trip vehicle inspections and maintained a clean, neat, and orderly vehicle.  Provided highest level of customer service.         April 2009   to   August 2013     Company Name   City  ,   State     Courier/Driver        PRIME INC: Over the road team truck driver; refrigerated division transporting goods throughout the US and Canada Courier of expedited small package delivery throughout Ohio and surrounding states.  EXPRESS-1: Over the road team truck driver; box truck division transporting goods throughout the US and Canada.         October 2002   to   November 2008     Company Name   City  ,   State     Legal Administrative Assistant         Assistant to the Executive Vice President and General Counsel of a commercial real estate developer.  Provided additional support to the Senior Vice President of Asset Management and the Human Resources Director.  My primary responsibilities included, but were not limited to: Typing correspondence and legal documents; Transcription; Creating AIA (American Institute of Architects) documents; Maintaining executives' calendars; Scheduling appointments, meetings, travel arrangements; Maintaining legal filing system, confidential employee files and managed employee time off records; Maintaining records management for on-site and off-site document storage; Preparing expense reports; Maintaining confidential legal binders and closing bibles; Screening, handling and forwarding  incoming calls; Acting as back up assistant to the Chairman & CEO of the company; Responsible for purchasing the office supplies, office equipment, stationery, business cards and other miscellaneous supplies; Preparing accounting budget reports on all purchased products and performing tasks in an extremely confidential, timely, accurate and efficient manner.         November 2001   to   September 2002     Company Name   City  ,   State     Customer Service Representative        Inbound member services call center.  My primarily responsibilities included helping members understand their prescription drug benefits and processing home delivery service prescription orders for members via telephony computer system.         March 1997   to   April 2000     Company Name   City  ,   State     Realtor Associate       •Listed and sold properties both residential and commercial. My responsibilities included: Promotions and advertising; Working closely with mortgage companies, home inspectors, buyers, sellers and attorneys and general administrative duties        October 1994   to   March 1997     Company Name   City  ,   State     Sales Support Coordinator        Coordinated Shipments for Trades Shows, Electronics, Special Commodities and Household Goods.  Primary responsibilities included: Extensive customer contact; Entering and processing orders; Handling support for sales force and assisting with advertising campaigns.         April 1991   to   October 1994     Company Name   City  ,   State     Leasing Professional        380+ Unit Property; Received rents; Data entry of monthly rental information in computer system (PropertyPlus software program); Pursued collection of delinquent rents; Liaison for financial assistance for tenants that were in need of assistance; Updated renewal records three months prior to lease expiration; Handled security deposits and withdrawals; rent adjustments; Delinquency and credit balance reports; Processed applications for approval through district office; showed available units to prospects; prepared maintenance work orders and all administrative duties.         February 1989   to   April 1991     Company Name   City  ,   State     Subsidy Administrator/Leasing Professional        The Plaza Apartments is a 520 unit, two building high-rise property for the elderly, handicapped, and disabled.  My primary responsibilities were to establish rents for the tenants based on income, assets and medical expenses, based on HUD regulations.  I reviewed, verified, re-certified and notified tenant and HUD of rents and subsidy amounts approved by the Federal Government.  Other responsibilities included preparing service orders, working with security, move-in inspections and bi-annual inspections of units to coincide with order of the Fire Marshall.  General office duties which included purchasing of office supplies.          Education     1973     Gates Chili HS   City  ,   State       High School Diploma              Skills     Account receivables and payables, administrative duties, AIA billing, scheduling appointments, customer service, data entry, expense reports, filing, general office duties, real estate legal documents, office equipment, purchasing,  scanning, telephony, transcription, travel arrangements, typing 50-60 wpm, managing executive calender, Internet and social media proficient    ","at morgan  morgan the work we do matters for millions of americans were their last line of defense against insurance companies large corporations or defective goods from attorneys to client support staff creative marketing to operations teams every member of our firm has a key role to play in the winning fight for consumer rights our over  employees are all united by one mission for the people

summary

this role will service the mail room and coordinate pickups and deliveries within the office this role requires excellent communication a can do attitude and ability to work with multiple employees across the entire organization

responsibilities
 coordinate the daily operations of the mail department including receive postage and organize all office mail
 organize and stock office supplies
 move and lifting large box deliveries
 setup workstations for new employees
 assist the hr manager with office management tasks
 assist with other tasks as requested by the attorney or case staff
 drive as needed to other local offices to deliver mail or supplies

qualification
 high school diploma or ged
 computer skill including knowledge of mailroom equipment copy machine package tracking software postage etc
 must have a valid drivers license and car
 vehicle must be insured at all times
 must be able to lift and carry materials weighing up to  pounds while kneeling and bending
 must have strong knowledge of local roads andor ability to use gps for deliveries between offices
 highly organized with the ability to multitask prioritize handle a fastpaced environment and manage workload with a great attitude and minimal supervision

this is an entry level position that pays hr

benefits

morgan  morgan is a leading personal injury law firm dedicated to protecting the people not the powerful this success starts with our staff for fulltime employees we offer an excellent benefits package including medical and dental insurance k plan paid time off and paid holidays

equal opportunity statement

morgan  morgan provides equal employment opportunities to all employees and applicants for employment and prohibits discrimination and harassment of any type without regard to race color religion age sex national origin disability status genetics protected veteran status sexual orientation gender identity or expression or any other characteristic protected by federal state or local laws

everify

this employer participates in everify and will provide the federal government with your form i information to confirm that you are authorized to work in the us if everify cannot confirm that you are authorized to work this employer is required to give you written instructions and an opportunity to contact department of homeland security dhs or social security administration ssa so you can begin to resolve the issue before the employer can take any action against you including terminating your employment employers can only use everify once you have accepted a job offer and completed the i form

privacy policy

here is a link to morgan  morgans privacy policy",1
"         CONSULTANT       Career Overview    A highly motivated techno-functional and business savvy professional desire to obtain a position as IT Manager/ IT Head with strong ISO 27001 2005 Information Security knowledge & Network Administration, which will best utilize my managerial experience while allowing challenges and growth. I am looking for new position that will enhance my skill and give me an ample opportunity for growth. Over 10 years' rich experience and demonstrated expertise in a wide gamut of functions spanning Infrastructure Management, IT Security, Technical Support and System Administration with major Telecom organizations Presently associate with Jaiprakash Associates Limited (Jaypee Group), as Consultant central Data centre Implemented ISO 27001:2005 standards and compliance A keen planner with abilities in managing IT & information security networking operations with focus on profitability and achieving company's mission & strategic direction. Adept in planning, design, installation and configuration of IT networks, maintenance and troubleshooting, network user management on multiple platforms, governed by communication protocols. Comprehensive understanding of networking concepts pertaining to LAN, WAN, security, IT communication, WAN protocols, Networking devices administration and maintenance in multi-platform environments. Adept in analyzing information system needs, evaluating end-user requirements, custom designing solutions, troubleshooting for complex information systems management. Core Competencies IT Infrastructure Development Architect and deploy new IT solutions by conducting project and risk planning sessions with the blended project management team which typically includes both functional specialist and technical team to ensure a high probability of project success. Maintenance of network security appliances, Load balancers, Enterprise Servers and , Operating Systems, Clusters, File Systems, Databases and Applications and Operations Address performance bottlenecks and ensuring maximum system uptime. Manage all the technology related requirements, including technical feasibility study, budget, selection, procurement, up-gradation / migration of hardware, software, database and applications. Designing the Backup Strategy for the sites and ensuring scheduled/unscheduled Backups as per backup plan and restoration. Details of information Security Projects done Deployment & Implementation of clustering module of Barracuda Spam Firewall Deployment & Implementation of SSL VPN for corporate communication             Work Experience      Consultant    Company Name          ISO27001:2005 Information Security Implementation Duration: December'2008 - continuing Responsibility: As an Information Security Analyst, jobs was related to finding GAP Analysis, managing policy & procedure, O/s Hardening, Information Asset Classification, Managing SOA, challenging security issues Deployment & Implementation of Symantec Endpoint Management suite Deployment & Implementation of clustering module of Juniper firewall Deployment & Implementation of clustering module of Radware link proof Load Balancer Networking / Systems Administration Architect/Design Network security Layered for Enterprise Projects which involve Firewall Engineering/Intrusion Detection (IDS)/Intrusion Prevention (IPS) Managing Barracuda Spam Firewall Mail Security solution for corporate user Managing Blue coat Web Content Filtering (Proxy) for remote site & office end user Architect/design Managed Security Service Projects.  Conducting Internal and external Vulnerability Assessment.  Conducting Gap analysis consistently with respect to security operation/risk.  Involved in Technology Integration/acquisition between Enterprise.  Responsible for Group policy deployment for new site Responsible for Enforcement of application & device Control Leading the team of technical professionals during the development stages.  Imparting training to end-users in the post-implementation phase.  Active Directory Administration such as health Monitoring of Directory structure, FSMO Role,  NtFRS, AD Replication , DHCP & DNS EDP/Facilities Management Interact with 60 core sites for sourcing of client security products and solutions and for closure of calls all related to Information & network security , which are supported by them Maintain an Asset database for the company and update at regular intervals.  Track asset movements and ensuring software and hardware assets are within control.  Direct installation of Operating Systems and application software on Windows, deployment of Servers, network, console, power and monitoring the same.  Information Security) Data centre.         06/2004   to   03/2008     Asst Manager    Company Name               07/2002   to   06/2004     System Engineer    Company Name          Hardware & network Support) Vishnuprayag Joshimath in Uttranchal.          Education and Training     1 2001     B.E      Jawaharlal Institute of Technology (J I T)          Computer Science & Engg.	Rajiv Gandhi Proudyogiki Vishawavidhalaya, Bhopal            Cisco Certified Network Associates (CCNA)			2006 Microsoft Certified IT Professional (MCITP) 			2011 Symantec Certified Specialist (SCS)			2011 Certified Ethical Hacker (CEH)								2013 Permanent Address: E-1/1006 Shree Sharanam Apartment Unique Garden off Kanakia Road Near Seveb Eleven Scholastic Mira Road Dist Thane Pin 401107               Interests    Date of Birth 			: 		7th December 1977
Mother Name			:		Pushpa Mahajan      Skills    Active Directory, AD, Analyst, Architect, CCNA, Cisco Certified, clustering, Hardware, client, database, DHCP, DNS, Facilities Management, Firewall, IDS, Information Security, ISO, Managing, Microsoft Certified, Mail, office, Windows, Enterprise, Network Associates, Network security, network Support, network, Networking, Operating Systems, Proxy, Servers, Symantec, Systems Administration, Unique, Web Content      Additional Information      PERSONAL DETAILS
Date of Birth 			: 		7th December 1977
Mother Name			:		Pushpa Mahajan     ","business development manager  hybrid  onsite   base

fantastic opportunity for a head of sales and business development executive to join a large technical solutions company on a permanent basis the ideal candidate will have a proven track record of closing institutional clients with long term contracts

responsibilities
 you will design and execute the business development strategy for the americas
 youll act as a strategic consultant to customers thereby helping them design business solutions using the companys expertise in ai ml blockchain and iot
 you will be managing a small team of  account executives and business development representatives

qualifications
 software  saas  technical solutions sales experience
 track record of closing institutional clients
 experience of leading a team
 you have a keen interest in the tech sector as a whole

by applying to this role you understand that we may collect your personal data and store and process it on our systems for more information please see our privacy notice",0
"         CONSULTANT           Summary    Accomplished and highly skilled Controller with a proven ability to impact corporate performance through skillful orchestration of fiscal management and team leadership. Keen ability to influence processes integral to company growth driving operational excellence and achievement of objectives. Expertise in financial statement preparation and analysis, operational management, forecasting, and cost control. Provide strategic value by leveraging current financial administration trends and regulatory guidelines to shape solutions and approaches. Fiscal Administration	Team Leadership Financial Statements	Project Management Strategic Planning	Development and Training Fiscal Report Generation	Regulatory Compliance Cost Analysis	Forecasting       Highlights         Navision* MAS 200 * Platinum * Oracle * Team * MS Office Suite * Peachtree Accounting *    Turbo Tax * ATB General Ledger * QuickBooks Pro * FASB Depreciation for Windows .NetSuite             Experience      Consultant    July 2014   to   Current     Company Name   －   City  ,   State      Manage monthly general ledger close and prepare financial statements for subsidiary company.  Assist in quarterly financial statements with the control company reviewed by CFO.  Brought up to date all quarterly sales tax reports to various states.  Entrusted to do due diligence on a potential acquisition.  Worked on various project assigned to.          Controller    August 2001   to   May 2014     Company Name   －   City  ,   State      Highly valued financial controller with full accountability to formulate monthly consolidated financial statements and weekly cash forecasts.  Successfully manage a team of 10 direct reports enveloping accounting and credit and collections operations guiding industry best practices to align with corporate strategy.  Develop and oversee operating budgets by performing in-depth analysis of revenue, cost allocations, and expenditures to ensure optimal cost control.  Strategically balance company growth plans with effective risk management through improved economic management policies and internal controls.  Ensure accuracies in reconciliations, payroll processing, and reporting, keeping abreast of evolving company and industry trends/policies to achieve optimal efficiency.  Entrusted to lead complex projects for senior management team and annual audit engagement procedures.  Routinely partner with banks and financial institutions to prepare monthly borrowing base report.  Carlo De Pinto.          Controller    June 2000   to   August 2001     Company Name   －   City  ,   State      Led accounting and operations team of 10 professionals while preparing financial statements, sales commission reports, payroll, cost reports, budgets, and financial forecasts.  Collaborated with change management teams to understand impacts of new accounting policies, financial statement initiatives, and non-standard transactions.  Mentored new accountants on operational accounting, expense analysis, company standards, and variance analysis to drive operational excellence.  Managed preparation of 401K and insurance documentation, as well as monthly sales tax filing/reporting encompassing 26 states.  Expedited software implementation project resulting in a seamless transition to new accounting program.  Functioned as a notably respected consultant with proficient coordination of special management projects.          Controller    March 1999   to   May 2000     Company Name   －   City  ,   State      Built a highly competent team of 6 accounting professionals and maintained full responsibility of monthly and quarterly financial statement preparation for multiple subsidiaries.  Carried out intricate side-by-side comparisons of monthly budgeted figures vs.  actual revenue and expenses, subsequently formulating variance justifications.  Prepared comprehensive year-end budget analysis, monthly account analysis, and intercompany reconciliations.          Senior Accountant    May 1992   to   March 1999     Company Name   －   City  ,   State      Gained valuable exposure to construction, real estate, insurance, legal, and granite/marble industries while preparing financial reports and managing staff accountant team in tax and audit operations.  Presented and monitored percentage of completion contracts along with pension and profit sharing plans with detailed reporting tools.          Education      Bachelor of Arts   :   Economics Accounting      Montclair State College   －   City  ,   State      Economics Accounting          Skills    accounting, accountant, balance, budget analysis, budgets, change management, consultant, contracts, controller, cost control, credit, documentation, due diligence, senior management, filing, financial, financial statements, General Ledger, insurance, legal, managing, MS Office Suite, Windows, Navision, Oracle, payroll, payroll processing, Peachtree Accounting, Platinum, policies, profit, QuickBooks Pro, real estate, reporting, risk management, sales, strategy, tax, Turbo Tax, year-end   ","requirements for senior accountant
 minimum of five  years related experience in banking
 bachelors degree in accounting finance business or related field
 specialized bank financeaccounting educationtraining
 thorough knowledge of general ledger reconciliations and accounts payable
 thorough knowledge of gaap and financial reporting requirements
 proficient in
 english reading writing grammar and mathematics
 interpersonal relations and communication skills
 organizational and processproject management skills
 pc skills including microsoft office
 accounting skills

we offer the following excellent benefits to our fulltime employees
 medical insurance
 dental insurance
 vision insurance
 life insurance employer paid
 ltd insurance employer paid
 paid federal bank holidays
 flexible spending account
 health savings account employer contributed
 k matching
 pto paid time off
 lifemart employee discount program

your responsibilities will include
 perform various duties to support the banks accounting financial reporting and control functions
 coordinate work within all departments and respond to inquiries for information
 comply with operating policies and procedures established for the accounting function
 maintain appropriate records and provide assigned reports
 perform various duties to support the banks accounting financial reporting and control functions
 prepare monthly financial statements reports and records by collecting analyzing and summarizing account information
 prepare journal entries and reconciliations for monthly general ledger close
 maintain the banks accounting systems for accounts payable fixed assets prepaid expenses and accrued expenses including related processing and reporting
 maintain the banks internal demand deposit accounts and reconcile account statements
 review bank statements and reconcile general ledger balances with corresponding banks such as the frbny fhlbny and acbb
 research and reconcile all discrepancies including auditing and verifying all financial documents
 prepare vendor checks utilizing accounts payable system process incoming and outgoing wire transfers and prepare sales and use taxes
 assist with testing of the system reports required for management financial reporting and general ledger reconciliations
 assist with completion of quarterly and annual regulatory reporting including the call report summary of deposits gudpa and fr 
 assist with preparing for various audits and regulatory examinations by gathering requested materials and assist in preparing assigned schedules
 assist with various accounting related projects and special projects as assigned
 crosstrain in order to perform backup duties for other financeaccounting personnel as required
 abide by current laws and organizational policies and procedures to promote an environment free of harassment and discrimination
 cooperate with participate in and support the adherence to all internal policies procedures and practices in support of risk management and overall safety and soundness and the banks compliance with all regulatory requirements ie community reinvestment act cra bank secrecy act bsa equal credit opportunity act etc
 maintain appropriate records and provides assigned reports

first commerce bank is dedicated to providing people businesses and communities in our markets with high quality products and services with superior customer service we provide products and services through secure userfriendly technology and customer friendly locations our relationships are founded in our responsiveness to the financial needs of our customers in an atmosphere of personal attention professionalism trust integrity and fairness first commerce prides itself on maintaining personal communications beginning with the board of directors

first commerce bank is an equal opportunity employer all qualified applicants receive consideration for employment without regard to race color religion sex age disability protected veteran status national origin sexual orientation gender identity or expression genetic information or any other characteristic protected by applicable law",0
"         AIR TRAFFIC CONTROLLER         Summary     Retired Air Traffic Controller with more than 32 years of experience working traffic in the En Route Environment. Performed OJTI, CIC and ERAM SME duties, specializing ERAM automaton.       Highlights          Certified En Route Air Traffic control experience.		   Effective listening.   Adaptable.   Fast learner.		        Strong collaborative team Member.   Application of risk-management Principles.    Learning style assessment.            Accomplishments     Preformed a comprehensive Analysis of the Federal Aviation Administrations En Route Automation Modernization (ERAM) upgrade    I was a member of the Independent Operational Assessment (IOA) team that performed a comprehensive Analysis of the ERAM upgrade to the National Air Space System (NAS). I performed in-depth triage of ERAM anomalies at 16 different ARTCC as an ERAM Subject Matter Expert (SME).  And at times made recommendations, for what kind of adaptations to local Automation could be made to enhance ERAMs performance at a particular facility.        Experience      Air Traffic Controller  ,   08/1983   to   12/2015    Company Name   －   City  ,   State     While working more than 32 years as an En Route Air Traffic Controller (ATCS) in the En Route environment, I maintained the safe, orderly, and expeditious flow of air traffic in the NAS. I was an expert at various disciplines of air traffic control while maintaining at least the minimum separation standard's, and adhering to procedures and regulation as set forth by the Federal Aviation Administration.           04/2013   to   01/2015      Was a National En Route Automation Modernization (ERAM) Subject Mater Expert (SME) and visited 16 En-Route Air Traffic Control Centers (ARTCC) and identified ERAM anomalies. In addition to documenting ERAM's undesirable process, also recommending adaptation changes that resulted in the desired behavior for the affected facility. When not documenting ERAM anomalies, or consulting on ERAM work-a-rounds, I conducted training of the controllers at the sectors working traffic, concerning ERAM functionality. During my collateral duties as an IOA team member and a National ERAM SME, I was able to maintain my currency every month, and conducted OJT.            09/2008   to   04/2013      Served as a National SME on the FAA's Independent Operational Assessment (IOA) team. As a team member I collected data and collaborated on the final report concerning the operational readiness for ERAM's National Deployment.                                                         28 years of experience working transition sectors from domestic Air Traffic Services to Oceanic Air Traffic services. This airspace required manual coordination on route, altitude and time estimates with Oakland Oceanic sectors; as well as establishing oceanic separation standers for the affected flight before entering an oceanic sector. This Radar-Non Radar environment required me to correlate flight plans with incoming and outgoing tracks, and either terminate or re-identify the flight in a Radar environment.  Worked Arrival and Departure traffic In and out of Seattle-Tacoma International Airport (SEA) for 32 years. This required closely working with a level 5 Approach control, facilitating the separation of aircraft during the transition phase of a flight from the terminal to the En Route environment. This requires a strong working knowledge of geography for expediting flight on their flight plans, while working within flow control restriction, weather, and volume limitations. And before the wide acceptance of GPS navigation this required long range vectoring, which required consideration of weather and traffic situations. Sequenced traffic for Seattle Approach (S46) from high sectors (above FL230) and low sectors (below FL240) as well as converging routes, in sectors that were over the Cascade Mountains, which introduced weather, and train factors.  With 28 years of experience working aircraft in a transitional phase of flight (back and forth from terminal and En Route) I have extensive knowledge and experience with different types of route structures including the new Advanced R-NAV SID's and STAR's with their descend and climb via phases of transitioning to and from the En Route to Terminal environment. As well as more conventional types of En Route navigation like Jet routs, victor airway, ""Q"" routs, ""K"" fixes, as well as point-to point GPS/RNAV/ Latitude/longitude Navigation, and conventional SID's and STAR's.  I worked daily military training flights on IR and VR routes, airspace reservation both moving ALTRAV and special Use airspace (SUA). I have experience with Naval (P3, F18, E2, A6 and EA6 aircraft, Air force (F16, F15, F4, C17, C141, KC35, B2 and B52), Army (A10, UH60, and AH64), and Air National Guard (F4, F15 and F16) and their missions. The sectors I was certified on had Naval, Air force, and Army bases and a joint civilian/Air National Guard base. My experience involves clearing fighters into and recovering fighters from special use airspace, as well as air refueling missions and helicopters for the Army back and forth from base to training grounds.  Controlled cross border flights between the USA and Canada for over 32 years. Experience includes passing manual time estimates, flight plans, and making and taking manual hand offs via voice calls. Also experience at some of the limitations of CATTS (the Canadian version of ERAM) and ERAM's interfaces are.  Have 32 years experience providing approach control services at uncontrolled, and tower controlled airports. One of the tower-controlled airports was Paine Field in Everett, WA. Pain field (PAE) is a key airport in the Boeing Company manufacturing process, and worked closely with Boeing in their testing and certification process for new airplanes. Also Pain field is an airport that many new pilots would go and do multiple practice approaches for training. This environment meant the traffic pattern at Paine field had a large variety of aircraft, Large commercial aircraft, navy fighters and small single engine trainers, this required the  separation and sequence the traffic but apply wake turbulence procedures in many instances. While providing approach control services at PAE, we meet the requirements to use 3NM separation in most of the area. This required vigilantes as to how fare the aircraft was from the RADAR antenna, and adding to the complexity of this particular airspace, was the West side was over water, or low lying land; but the train rose very quickly to the East, required different techniques for lost com or vectoring to the final approach course.  Preformed duties as a SME in Plans and Programs (ZSE-510) consulting on the feasibly of releasing equipment to Airways and Facilities for maintained.  Preformed SME duties in Airspace (ZSE-520) working on letters of agreements with adjacent facilities, as well as airspace changes. During My involvement as an Airspace SME, I was part of a team that was involved in some major sector realignments that facilitated arrivals and departures from the South and East at SEA; as well as traffic transiting between Seattle (SEA) and Portland OR (PDX). During this realignment we also collaborated on procedures and sector alignment for Vancouver Canada (YVR) Arrivals and Departures from the South. Also I was also involved in the initial stages of National High Altitude Redesign.  April 1991 I was certified as a Controller in Charge (CIC). As CIC I was responsible for the same tasks that a First Line supervisor would for dally operations. Assigning work, opening and closing sectors, handling Emergences, and approving leave and shift changes with in prescribed guild lines.  December 1987 I was certified as an On The Job Instructor (OJTI).  November 1986 I Certified as a Certified Professional Controller (CPC) in Area C of Seattle ARTCC. Then in September 1988 I voluntary transferred to Area A at Seattle ARTCC, and became area rated May 1989 until retirement January 2016.          Education        Safety Risk Management   ,  2013              On-The-Job Techniques for instructors   ,  1992              Controller in Charge Training (CIC)  ,  1991     Recertified    June 2015    June 2014   May 2011   November 2000             On-The-Job Instructor Training  ,  1987     Recertified    November 2007   November 2000   January 1992          Associate of Applied Science  :  Manufacturing Engineering       Highline Community Collage   －   City  ,   State  ,   USA            Affiliations     National Air Traffic Controllers Association       Skills      En Route Air Traffic Controller:  from August 1983 - January 2016   I am very accomplished OJTI that is able to train many different learning  styles  Good listing skills  Good Team Member  Fast learner  Strong understanding of ATC Automation processes  strong understanding of ATC rules and procedures  Expert vectoring and speed control skills     "," it systems administrator
 our client is a growing boutique law firm specializing in intellectual property litigation
 located across from grand central station making for easy commutes
  the firm has earned a place among the top ip litigation firms in the country and recently opened an office in dc
 enjoy a social culture a beautiful office space and expansive room for career growth
 compensation and benefits compete even with top global firms
 the team is tightknit and considers both experience and ability to work well with the group when interviewing candidates
 please note that this is an inoffice position that will require occasional offsite travel to other offices sf and dc as well as for trial
 the it system administrator provides assistance to the it department in an effort to operate and maintain the technology infrastructure and services that meet the needs of a fastgrowing law firm
 this individual will work at the direction of the senior it director and be involved in the research planning and design phases of largescale projects that involve the implementation of new technology and scaling existing firm technology
 this individual will also work alongside a managed service provider and respond to helpdesk tickets as necessary
 this position requires a dedicated and hardworking it professional who is willing to always go the extra mile and critically think on their feet to get the job done
 travel is required for this position
 afterhours and weekend work is required on occasion for this position
 our expectations are that this individual will respond to emergencies on short notice and in a timely manner and travel as the needs arise
 maintain the integrity and continual operation of the firms network as well as any hosted solutions or hosted networks
 maintain the security of the firms information systems and equipment
 review and update technology documentation as needed
 assist with it related aspects of office logistics including but not limited to employee stationoffice moves firm construction and renovation projects and offsite trial sites set up
 provide helpdesk technical support to end users
 train and assist users with conference room technology
 it onboarding account creation for new employees user trainings and follow up
 setup equipment for new employees
 respond to afterhours support requests including potentially needing to go into the office
 you will be considered if you have
 cisco call manager and other cisco hardware
 active directory and group policy management
 ms exchange 
 troubleshoot advanced networking issues
 cisco video conferencing
 helpdesk ticketing systems
 minimum  years practical experience working in an it environment
 experience with printers and computer hardware  workstations laptops and mobile devices
 demonstrated knowledge of computer networking  including tcpip protocols routing internet access and vpn
 basic knowledge of change management and network controls
 ability to prioritize and multitask
 deadline and detailoriented
 strong analytical and problemsolving skills
 strong verbal and written communication skills
 accomplished organizational and project management skills
 the firm provides an excellent benefits package including medical almost  of medical costs covered for employee and dependents dental pto  life disability insurance etc
 we are dedicated to exceeding your expectations
 we know applying to jobs is a vulnerable experience so we are transparent and candid mentors who keep your best interests in focus
 check out our active openings at jobs
 hope to meet you soon",0
"         HR SPECIALIST       Summary    Dedicated, Driven, and Dynamic with over 20 years of customer service expertise. Motivated to maintain customer satisfaction and contribute to company success with an emphasis in personnel and process management. Solid team player with proven ability to establish rapport with clients.       Skills          Type 50 wpm and 10-Key by touch  Microsoft programs Word, Excel, Access, Outlook, PowerPoint  Personnel management  and Telephone inquiries specialist      Excellent customer service skills with call quality and customer satisfaction as primary focus.  Inbound and Outbound contact center experience  Excellent oral and written presentation and seasoned in conflict resolution             Experience      Hr Specialist     May 2007   to   Oct 2008      Company Name   －   City  ,   State     Accenture Peopleline Email Management Team.  Received inbound emails from clients as initial point of contact to answer questions related to HR policies, practices or to resolve issues.  Helped the client by answering their inquiry, resolving their issue or routing their email to a caseworker for resolution.  Recorded and tracked the client issue via the case management tool from initiation to resolution.  Maintained records of customer interactions and transactions by documenting details of inquiries, complaints, and comments as well as actions taken.         Customer Service Representative     Mar 2007   to   Feb 2008      Company Name   －   City  ,   State     Maintained records of customer interactions and transactions by documenting details of inquiries, complaints, and comments, as well as actions taken.  Developed and implemented filing and delivery methods for FMLA and Short Term Disability documentation to respective global clientele.  Facilitated communication for the Absence Management Team to clients and internal departmental teams.  Organized and maintained payroll and people services database management system.  Communicated to clients and internal/external departmental teams mitigated risks and resolutions regarding  policy, transactions and other queries         Call Centre Shift Supervisor     Aug 2003   to   Mar 2007      Company Name   －   City  ,   State   Answered and Dispatched calls for Medical and Professional clients in the San Antonio and surrounding areas. Provided call monitoring to ensure staff was adhering to quality call control. Maintained On Call books for various medical staff to ensure that the correct staff was contacted during after hours and weekends.        Education and Training      Certificate of Completion
*Business Administration     1997     Texas A&M Extension Services   －   City  ,   State            Skills    10-Key by touch, Type 50 wpm, filing, Access,  Microsoft Excel, Microsoft Outlook, Microsoft PowerPoint, Microsoft Word       ","who we are

solera is a global leader in data and software services that strives to transform every touchpoint of the vehicle lifecycle into a connected digital experience in addition we provide products and services to protect lifes other most important assets our homes and digital identities today solera processes over  million digital transactions annually for approximately  partners and customers in more than  countries our  team members foster an uncommon innovative culture and are dedicated to successfully bringing the future to bear today through cognitive answers insights algorithms and automation for more information please visit soleracom

the role

we are looking for  a technical support agent who is responsible for handling inbound phone calls chats  emails this individual will provide training and technical support to titletec customers within our unique saas platforms this individual will work closely with cross functional teams to resolve concerns and manage triaged cases to resolution

this position is fulltime remote position working hours a week including a hour saturday shift

what youll do
 meet call volume standards along with other key performance indicators
 demonstrate a comprehensive understanding of multiple userfriendly software platforms
 build customer rapport by probing listening and offering solutions that resolve customer issues
 provide prompt accurate and friendly customer service ensuring that customers are supported and valued
 document and report on activities and projects in customer relationship management system salesforcecom
 work technical support tickets according to urgency in a triage manner
 use a customerfocused technicalbased review process to educate customers about their transaction
 engaging in active listening with callers confirm or clarify information and manage the call following specific state technical requirements
 maintain a strong work ethic with a total commitment to success every day

what youll bring
 strong customer focusdedicated to meeting the expectations and requirements of customers and acts with customer in mind
 basic troubleshooting skills  attentive to the details ask clarifying questions and help problem solve using the tools and resources provided
 critical thinking skillsbig picture mindset
 remains calm under pressure and can think and react quickly especially in times of distress for customers
 dedication to learn our products inside and out so that you can answer the client questions thoroughly
 ability to work from home in a quiet designated workspace
 willingness to work an est time zone schedule
 all other related andor additional responsibilities that may be required or assigned prior experience with telephonebased customer service is required
 high school diploma or equivalent

it is impossible to list every requirement for or responsibility of any position similarly we cannot identify all the skills a position may require since job responsibilities and the companys needs may change over time therefore the above job description is not comprehensive or exhaustive the company reserves the right to adjust add to or eliminate any aspect of the above description the company also retains the right to require all employees to undertake additional or different job responsibilities when necessary to meet business needs

equal opportunity employer

solera holdings inc and its us subsidiaries together solera is an equal employment opportunity employer the firms policy is not to discriminate against any applicant or employee based on race color religion national origin gender age sexual orientation gender identity or expression marital status mental or physical disability and genetic information or any other basis protected by applicable law the firm also prohibits harassment of applicants or employees based on any of these protected categories",0
"         ASSISTANT COMPANY SECRETARY       Summary     Reliable Legal Secretary successful at maintaining complex docket systems, tracking deadlines and coordinating depositions.   Organized Legal Secretary adept at managing multiple high priority tasks. Expert in preparing legal documents such as briefs, motions and subpoenas.        Highlights        Microsoft Office - MS Words, Power Point, Excel, Access, Publisher
SPSS 16.0 
Interpersonal Skills            Experience      Assistant Company Secretary     Apr 2016   to   Current      Company Name   －   City  ,   State      Address	: SH 6A, Jalan Mutiara, Taman Bukit Ampang,  Jalan Bukit Belacan, 68000 Ampang, Selangor.          Executive Secretarial     Aug 2014   to   Jul 2015      Company Name   －   City  ,   State     Address: Level 8, Symphony House
Pusat Dagangan Dana 1, Jalan PJU               1A/46, 47301 Petaling Jaya, Selangor Darul
Ehsan           Assistant Company Secretary     Oct 2012   to   Jun 2013      Company Name   －   City  ,   State     No.
7-1F, Jalan Boling Padang G 13/G, Seksyen 13, 40100 Shah Alam.          PRACTICAL STUDENT     Jan 2012   to   Mar 2012      Company Name   －   City  ,   State   Address: Tingkat
3, Menara Selatan, Bangunan Sultan Idris Shah, Persiaran  
Masjid, 40676 Shah Alam, Selangor Darul Ehsan.       Education      MAICSA  ,   PROFESSIONAL LEVEL    Malaysia Institute of Chartered Secretary   －   City  ,   State  ,   MALAYSIA          BACHELOR IN CORPORATE ADMINISTRATION  ,   CORPORATE ADMINISTRATION   2012     Universiti Teknologi MARA   －   City  ,   State  ,   MALAYSIA     CORPORATE ADMINISTRATION  SECRETARIAL   MANAGEMENT AND OFFICE MANAGEMENT  PUBLIC RELATION         DIPLOMA IN PUBLIC ADMINISTRATION  ,   PUBLIC ADMINISTRATION   2010     Universiti Teknologi MARA   －   City  ,   State  ,   MALAYSIA     POLICY AND ADMINISTRATION  OFFICE MANAGEMENT  HUMAN RESOURCES         Accomplishments      Practical Student Courses And Seminar Extended 2012	Participate in Mock Meeting Competition at Dewan Serbaguna FSPPP, UiTM Shah Alam.  Commitee of Melati Computer Club 2010   Paricipate in Program DiPAC Society Tour at Sekolah Pendidikan Khas  Alma, Pulau Pinang organized by Faculty of Adminstrative Science & Policy Studies UiTM Kedah.  Participate in Sukan Inter Program 2009 at Kompleks Sukan & Stadium MiniUiTM Kedah, organized by Majlis Sukan Pelajar UiTM Kedah.  Participate in Ceramah Teknik- Teknik Asas Ping Pong organized by   Persatuan Ping Pong UiTM Kedah at UiTM Kedah.  Participate in Karnival Sukan Mahasiswa UiTM Semalaysia Kali ke-16/2008 at UiTM Perak, oganized by UiTM Malaysia.   Introductory English in Akademi Pengajian Bahasa,  Universiti Teknologi Mara Pulau Pinang.    Kursus Aplikasi Komputer (Pakej 2) Pengenalan kepada Komputer, MS WORD 2000, MS EXCEL 2000, MS POWER POINT 2000 in Pusat Computer RC, Permatang Pauh, Pulau Pinang.  Program Rakan Muda Wawasan Desa IPT Daerah Seberang Perai Tengah at 	 JKKK Alma/ Bukit Minyak, Bukit Mertajam.  Pertandingan & Pameran Seni Lukis Pelajar - Pelajar Malaysia - Jepun ke -        11  Jabatan Pendidikan Pulau Pinang.   Program Rakan Muda Ramadan, Kementerian Belia dan Sukan Malaysia.        Interests      Possess strong leadership charismatic.          Possess strong sense of responsibility.   Able to work hard.   Ability to work independent or in a group.  Self-reliance, hardworking and resourceful.   Willing to work for long hours and moderate traveling.   Love to learn something new.   Intermediary language:- Malay language - Speaking and Writing English language - Speaking and writing Basic in Arabic   Interest and Activity Reading, Watching, Listening   Extracurricular Activities   Tresury of Ping Pong Club UiTM Kedah.   Special Force of Diploma in Public Administration Club (DiPAC) Commitee of Team Building Programme at Pendang Lake Resort, organized by DiPAC UiTM Kedah.   Tresury of Ping Pong Club UiTM Kedah.   Special Force of Diploma in Public Administration Club (DiPAC) Fasilitator for Program Transformasi SKKP at Emerald Puteri Hotle, Sungai Petani organized by  Sekolah kebangsaan Kampong Pasir, and DiPAC Uitm Kedah, Kedah.   Team Manager of ""UiTM Kedah Netball Open 2008"", organized by Persatuan Bola Jaing UiTM Kedah, UiTM Kedah, Kedah.         Skills    Interpersonal Skills, Managing, Access, Excel, Microsoft Office, Power Point, Publisher, MS Words, PUBLIC RELATIONS, PUBLICATION, SPSS, Supervisor, SYMPHONY     "," requisition no   work type full time  location campusmedical center  schooldepartment null  categories general administration  job type officer of administration  bargaining unit na  regulartemporary regular  end date if temporary na  hours per week   salary range commensurate with experience position summary the executive assistant supports the director of advanced heart failure and cardiac transplantation performs comprehensive administrative services and routine duties of a responsible and discretionary nature to relieve the director of administrative and clerical detail

the executive assistant is responsible for complete clerical detail and documentation of the directors office maintains a close and highly responsive relationship to daytoday activities and tasks of the director the executive assistant works fairly and independently receiving minimal supervision and guidance but also accepts direction and seeks guidance as appropriate

the executive assistant possesses expert knowledge of office routine machines and information systems as well as understanding of the academic organization political protocol programs and procedures related to the work of the director interacts in a courteous manner with all inside and outside constituents of cuimc at all times responsibilities  maintains directors calendar including continual refinement of scheduling meetings and appointments

 generates and proofreads academic correspondence prepares and distributes letters abstracts manuscripts grant applications protocols forms letters of reference and reports on behalf of and for the director which are often of a sensitiveconfidential nature and maintains appropriate file copies  creates maintains and updates cv bibliography conflict of interest records and submissions financial records spreadsheets and databases eg for storage of records patent lists mailing lists personnel lists etc as appropriate maintains materials for documenting continuing medical education cme credits on an ongoing basis

 answers telephones and emails in a timely and polite manner places and accepts telephone calls on behalf of director primarily responsible for ensuring all technical communications are up and running for all meetingsphone calls ahead of schedule  meets regularly with director concerning daily assignments and progress on request prioritizes directors tasks and own work for the day and the week ensures that the director is informed regarding schedule of appointments project progress etc

 meets regularly with director to review ongoing office activities  coordinates meetings luncheons lectures conferences etc including scheduling preparing agenda distributing reminders and arranging for refreshments conference room and transportationlodging as needed

 crosscovers for other staff members for breaks lunches vacations etc and during variations in workflow as neededrequested  maintains a current list of all daily protocols passwords and activities of the directors office

 performs special projects for director of manager as may arise from timetotime  arranges for directors travel including arranging airline accommodations auto rental and ground transportation reservations prepares travel expense report noncu reimbursement forms and any other travel paperwork necessary to process reimbursement and submits receipts for reimbursement to conferencemeeting sponsors andor cu as appropriate  assists laboratory members with meeting deadlines preparation of manuscripts and abstracts correspondence mailing overnight delivery ordering office supplies as needed

 performs related duties  responsibilities as assignedrequested minimum qualifications  requires a bachelors degree or equivalent in education and experience plus three years of related experience other requirements  must be able to manage multiple tasks and work autonomously within the scope of responsibilities

 must be able to work independently and efficiently as well as part of a team  individual must have strong interpersonal writing and organizational skills  display high level of confidentiality and administrative skills to support a senior faculty member with a diverse administrative portfolio of activities

 advanced typing skills  expert command of english language including medical and scientific terminology  exceptional organizational skills and the flexibility to handle multiple tasks and deadline pressures

 effective analytical and problemsolving skills with ability to make decisions quickly and independently  excellent interpersonal communications skills and diplomatic savvy to enable effective interactions with personnel at all levels of the organization and to appropriately represent the director and the department in a positive manner consistent positive demeanor in the face of sometimes stressful communications necessary

 ability to take initiative but also to accept direction and seek guidance appropriately  must successfully complete systems training requirements equal opportunity employerdisabilityveteran columbia university is committed to the hiring of qualified local residents",1
"         SUPERINTENDANT           Summary    Energetic Construction Manager consistently involved in all facets of construction.
Specialty in commercial interior renovation and some residential experience, as well as
experience with permits.       Highlights          
		
	
	
		
			
				
					
						Permit processing  Site safety coordinator  
Safe job site set-up  
Blueprint fluency
  Power and hand tool operation
  MS Office proficient
  Organized and detail-oriented
  Superb management skills        
		
	
	
		
			
				
					
						Computer-skilledMS Word, Excel, PowerPoint and
MSProject
Proficient in AutoCAD, Revit   ?            Accomplishments     
		
	
	
		
			
				
					
						Graduated from ITT Tech with an Associates degree in drafting and design, and a Bachelors degree on construction management. Duties requires by my prior occupation include assisting the company's superintendent
by writing e-mails to subcontractors, and the construction management team and RFI's to
the architect and/or owner for project completion. I also worked with tools installing
doors, windows, patching, painting walls, and some concrete work. Also with my skills
as a designer, I was able to produce numerous amounts of shop drawings for
subcontractors with the owner in order to be able to meet deadlines for the construction
management team. as a supervisor  I have  managed over $3 milion dollars in project for interior renovation, while supervising a
team of subcontractors in various trades,  filing documentation, running plans as needed in order to achieve a fluent and progressive project.        Experience      Company Name     February 2012   to   Current     Superintendant   City  ,   State      Qualified competitive subcontractor bids prior to execution of contracts. Carefully coordinated plans and specs using marketing programming standards.  Stayed consistent with project schedules and plans for all installations.  Submitted all project closeout documents in accordance with the contract.  Followed through with competent execution of project plans by providing proper tools and equipment to all construction personnel.  Performed construction site pre-inspections and coordinated post-construction audits.  Accurately provided status information on project progress to the project management.  Efficiently recorded and rejected incorrect deliveries of material to site.  Monitored the safety of all construction activities, making on-site personnel safety the top priority.  Proficiently used the Incident and Issues Tracking (IIT) system to document all onsite issues. Obtained notices of completion and compliance certifications from all of the construction administration consultants.  Led and managed resolution of all issues during project construction and commissioning phases.                                              projects:       ""Dermcare"": (Comercial Interior Renovation)       project price: $500,000+     Responsibilities:   project had to be done by do date if not our company would be responsible for liquidating damages.   Supervise, coordinate, direct, a team of subcontractors. worked directly with architect and interior designer, i was involved with all aspects of the project from scheduling subcontractors, formulating daily report, and formulating strategies to be able to accomplish task.  Assigned projects and tasks to employees based on their competencies and specialties .  Facilitated processing of RFI's, submittals and samples among the general contractor, the owner and the owner's consultants. Obtained notices of completion and compliance certifications from all of the construction administration consultants. Submitted all project closeout documents in accordance with the contract.        ""Skyzone"": (Interior Built out)      price of project: 700,000+    responsibilities:   Supervise, coordinate, direct, a team of subcontractors. worked directly with Structural Engineer, i was involved with all aspects of the project from scheduling subcontractors to building permanent platforms and attaching stairs to mezzanine, formulating daily report, and formulating strategies to be able to accomplish task. Followed through with competent execution of project plans by providing proper tools and equipment to all construction personnel.  Accurately provided status information on project progress to the project management.  Efficiently recorded and rejected incorrect deliveries of material to site.  Monitored the safety of all construction activities, making on-site personnel safety the top priority    . Submitted all project closeout documents in accordance with the contract.       Family Medical Center (New Interior Build-out)        project Price:$500,000      responsibilities:     Supervise, coordinate, direct, a team of subcontractors. worked directly with architect and interior designer, i was involved with all aspects of the project from scheduling subcontractors, formulating daily report, and formulating strategies to be able to accomplish task. Assigned projects and tasks to employees based on their competencies and specialties. Facilitated processing of RFI's, submittals and samples among the general contractor, the owner and the owner's consultants.Obtained notices of completion and compliance certifications from all of the construction administration consultants.Submitted all project closeout documents in accordance with the contract.    ?(pictures Upon Request)    ?         Company Name     February 2010   to   February 2012     Superintendent / permit runner / design coordinator    City  ,   State      this company allowed me to grow with in a short couple of months, i displayed a great amount of responsibility and ability to comprehend the task at hand. i worked on projects such as (Marlin Stadium, Calder race track, and remodeling homes for LHHA (little Haiti housing Association)).    Marlin Stadium:   responsibilities: as a team leader given tasks and a team to complete all work assigned to our company. operating heavy equipment, reading architectural/ structural plans, installing foundation for exterior signs, and installing all signs wall, floor, rail mounted. with a team of 6 men, while formulating daily reports, and following a self formulated schedule, i achieved all goals and time lines expected from contractor.   Calder Race Track:   responsibilities: rebuilt all trainer in house living cabins.remodeled over 15 units with in a couple of months. rebuild bathrooms, some plumbing, replace drywall, roof leaks, replace electrical fixtures,minor wiring, painting, some flooring, trim and door installations, etc.... (cosmetic) . with a team of 4 i turned 1-3 units a week. Organized my team to work on multiple cabins at the same time. created outline of work and materials needed to complete each cabin. Formulated a soft cost budget for each unit, depending on the shape they where in.    Homes For (LHHA.): as a supervisor i was given a print out of a scope of work per area in homes that where in bad shape to say the least. i was given a list of sub contractors to perform the work, i was also responsible for permitting, drawing plans, and getting sub contractor proper paper work and plans from each municipalities (miami Garden, North Miami, North Miami Beach). had over 3 houses at one time,all different scope of work, juggling permitting and following different scopes at each one.             Company Name     January 2008   to   February 2010     Superintendent assistant    City  ,   State    
		
	
	
		
			
				
					
						Carefully coordinated plans and specifications using marketing programming
standards.Facilitated processing of RFI's, submittals and samples among the general
contractor, the owner, and the owner's consultants. Obtained notices of completion and
compliance certifications from all of the construction administration consultants. Stayed
consistent with project schedules and plans for all installations. Facilitated final jobs punch-
list. Itemized, performed jobs, and organized crew to perform final stages of projects.
Also helped with permitting processes additional to the contract. I learned a lot of
valuable lessons like teamwork at this company, and I hope I get to use it with with yours
and further learn the trade. 
					
				
			
		        Education      ITT TECH      2013       Bachelor of Science  :   Construction Management     City  ,   State  ,   U.S         ","  contracting project management intern
 requisition  
 attrane technologiestm and through our businesses includingtraneandthermo king we create innovative climate solutions for buildings homes and transportation that challenge whats possible for a sustainable world
 were a team that dares to look at the worlds challenges and see impactful possibilities
 we believe in a better future when we uplift others and enable our people to thrive at work and at home
 as a contracting project manager you will work on all aspects of construction projects from beginning to end with responsibility for project execution while working with a team to complete objectives in a given time frame and with available resources
 you will also be responsible for the administration implementation and management of projects and accountable for assigned scope of work schedule and budget
 in particular you will enable trane technologies to focus on solutions that provide our customers with the most energy efficient buildings
 in the trane technologies graduate training program gtp you will learn from experts in the field who are committed to preparing you for a rewarding career in contracting project management
 the gtp provides you with intensive technical business and leadership training with an emphasis on maintaining the highest ethical and professional standards
  attend lectures and technical presentations that are practical for this career
  hear about real world projects from trane technologies managers
  complete meaningful homework assignments and participate in individual and team projects
  complete the program with the skillset and confidence to lead your local sales office as a fulltime contracting project manager
  industry and trane market position contracting and controls equipment technical reviewsystems offered
  lean fundamentals contracting team dynamics stakeholder communication
  leading through influence critical conversations professional developmentcareer movement
 bachelors degree in construction engineering or construction management
  be a us citizen or have the legal right to work in the us without requiring sponsorship now or in the future
  o dui in the previous  years
  o hit  run license suspension reckless  careless driving or multiple smaller infractions or preventable collisions in the previous  years
  possess a valid state issued drivers license with ability to provide proof of insurance
 we offer competitive compensation and comprehensive benefits and programs
 we are an equal opportunity employer all qualified applicants will receive consideration for employment without regard to race color religion sex sexual orientation gender identity national origin pregnancy age marital status disability status as a protected veteran or any legally protected status
 we offer competitive compensation and comprehensive benefits and programs that help our employees thrive in both their professional and personal lives
 we are proud of our winning culture which is inclusive and respectful at its core
 we share passion for serving customers caring for others and boldly challenging whats possible for a sustainable world
 we are committed to achieving workforce diversity reflective of our communities
 we are an equal opportunity employer
 all qualified applicants will receive consideration for employment without regard to race color religion sex sexual orientation gender identify national origin pregnancy age marital status disability status as a protected veteran or any legally protected status",0
"         EXTENSION METHODOLOGIST       Profile    Self-motivated, honest, competent, innovative and easily adapt to new ideas. The knowledge and experience I have evidently accumulated through my academics at various levels of my University education and practical arenas have made me a versatile, quickly trainable, innovative and result oriented person capable of working under minimum supervision but yielding good results. I can work with different groups of people of different back grounds but giving excellent results.      Highlights         Well acquainted with Microsoft word, Excel and PowerPoint together with other Internet and computer basics. I have knowledge of analyzing data using statistical package for social scientists (SPSS) software.     Having worked on various researches, I have the knowledge and skills required in conducting researches. This includes skills in designing data capturing sheets, capturing data in the targeted field as well as analyzing such data leading the interpretation of the findings  I also have excellent report witting skills            Experience     03/2013       Company Name   －   City  ,   State    Extension Methodologist        working for the government of the republic of Zambia (GRZ) in the ministry of Agriculture and livestock as an extension methodologist. The position which is the center for extension service coordination in the ministry of Agriculture and livestock under the department of Agriculture at district level. As extension methodologist I am involved in linking the governments extension officers to various stakeholders/organizations involved in Agriculture extension as a way of improving agricultural extension service provision in the district. Under extension methodologist, monitoring and evaluation for the department targeting supervision of the agricultural extension officers is conducted in a quest to improve service delivery to the farmers.  While working in this position, the interaction with other organizations has further enhanced my skills of collaborating with partners as a way of improving the lives of the people. As an extension methodologist, I have participated actively in implementing agricultural projects run by some NGO's through the ministry of Agriculture e. g. Harvest plus in promoting vitamin A-rich orange maize in eastern province.         11/2012   -   01/2013     Company Name   －   City  ,   State    Research Assistant       worked as research assistant at plan Zambia on staff work-force plan research. The scope of work that was conducted has now assisted the organization in identifying and rectifying the gaps in its work-force team in order to improve its efficiency. While undertaking the duties as research assistant, experience in handling of some statistical packages like SPSS was amassed        06/2012   -   11/2013     Company Name   －   City  ,   State    Policy and Research Analyst (intern)       worked as an intern at agricultural consultative forum (ACF) under research and policy section. Working under this section, I was exposed to different agricultural organization and this created so much diverse views about Zambia's agricultural sector. With ACF I participated in analysis and evaluation of various agricultural policies in line with how they affect Zambian agricultural sector. This includes the manner in which farming input distribution is handled and how it can be made efficient, an activity which led to development of electronic voucher system of distributing farming inputs to the peasant farmers which is yet to be implemented by the Zambian government. The production of policy briefs had a significant impact in building my strong analytical skills which are always desirable by any institution as it leads to efficiency in operations.        01/2012   -   02/2013     Company Name   －   City  ,   State    Research Assistant       Worked as an enumerator in the conservation farming phase 2 research survey organized by the conservation farming unity (CFU) in conjunction with the  independent management consultancy services (IMCS) during the monitoring of the progress and impact of conservation farming in Zambia. In these surveys, I perfected my skills in conservation farming as I practically evaluated the skills of the local farmers in conservation farming. The interaction with rural small scale farmers helped in building my strong understanding of the challenges that are hindering our small scale farmers from increasing their production.        07/2010   -   04/2011     Company Name   －   City  ,   State    Principal Investigator       Participated in the evaluation of acidulated rock phosphate as a source of phosphorous in broiler rations under the supervision of Dr. Daura at the university of Zambia. Under this program chickens were reared under feed formulated using rock phosphate and compared with those under commercial feed. Both the ones under commercial feed and those under rock phosphate their body weight gains and carcases were analyzed and compared statistically         Education     2011     The Universty of Zambia   －   City  ,   State  ,   Zambia    Bachelor's degree  :   Agriculture     Bachelor of Agricultural sciences (Animal Science major)        2004     Samfya Secondary School   －   City  ,   State  ,   Zambia    Bachelor of Agricultural sciences  :   General School Certificate            Languages    Excellent in both spoken and written English.
 Fluent in Bemba and  in Nyanja      Personal Information     Ernest Mwale Mupemo  C/O Ministry of Agriculture and Livestock  P. O. Box 560001  Petauke       Skills     COMPUTER LITERACY, E-mail, English, government, director, management consulting, Excel, PowerPoint, Microsoft word, policies, progress, research, SPSS, supervising, supervision, surveys, written    "," it systems administrator
 our client is a growing boutique law firm specializing in intellectual property litigation
 located across from grand central station making for easy commutes
  the firm has earned a place among the top ip litigation firms in the country and recently opened an office in dc
 enjoy a social culture a beautiful office space and expansive room for career growth
 compensation and benefits compete even with top global firms
 the team is tightknit and considers both experience and ability to work well with the group when interviewing candidates
 please note that this is an inoffice position that will require occasional offsite travel to other offices sf and dc as well as for trial
 the it system administrator provides assistance to the it department in an effort to operate and maintain the technology infrastructure and services that meet the needs of a fastgrowing law firm
 this individual will work at the direction of the senior it director and be involved in the research planning and design phases of largescale projects that involve the implementation of new technology and scaling existing firm technology
 this individual will also work alongside a managed service provider and respond to helpdesk tickets as necessary
 this position requires a dedicated and hardworking it professional who is willing to always go the extra mile and critically think on their feet to get the job done
 travel is required for this position
 afterhours and weekend work is required on occasion for this position
 our expectations are that this individual will respond to emergencies on short notice and in a timely manner and travel as the needs arise
 maintain the integrity and continual operation of the firms network as well as any hosted solutions or hosted networks
 maintain the security of the firms information systems and equipment
 review and update technology documentation as needed
 assist with it related aspects of office logistics including but not limited to employee stationoffice moves firm construction and renovation projects and offsite trial sites set up
 provide helpdesk technical support to end users
 train and assist users with conference room technology
 it onboarding account creation for new employees user trainings and follow up
 setup equipment for new employees
 respond to afterhours support requests including potentially needing to go into the office
 you will be considered if you have
 cisco call manager and other cisco hardware
 active directory and group policy management
 ms exchange 
 troubleshoot advanced networking issues
 cisco video conferencing
 helpdesk ticketing systems
 minimum  years practical experience working in an it environment
 experience with printers and computer hardware  workstations laptops and mobile devices
 demonstrated knowledge of computer networking  including tcpip protocols routing internet access and vpn
 basic knowledge of change management and network controls
 ability to prioritize and multitask
 deadline and detailoriented
 strong analytical and problemsolving skills
 strong verbal and written communication skills
 accomplished organizational and project management skills
 the firm provides an excellent benefits package including medical almost  of medical costs covered for employee and dependents dental pto  life disability insurance etc
 we are dedicated to exceeding your expectations
 we know applying to jobs is a vulnerable experience so we are transparent and candid mentors who keep your best interests in focus
 check out our active openings at jobs
 hope to meet you soon",0
"         FINANCIAL INSTITUTIONS EXAMINER       Summary    Well-regarded professional with proven record in analyzing statistical data and financial documents, providing comprehensive assessment of overall health of financial institutions. Meticulous analyst who quickly evaluates data to accurately assess financial risk and regulatory compliance in fast-paced, time-sensitive environments. Skilled relationship manager - fluent in both English and Spanish - who is effective in engaging others to progress project goals.      Highlights          Financial analysis  Capital market trends  Financial forecasting   Risk management expertise    Budget Analysis       Cash flow analysis  Application of GAAP regulations  Financial modeling  Variance Trend Analysis            Experience      Financial Institutions Examiner     Mar 2011   to   Jan 2015      Company Name   －   City  ,   State     Conducted examinations of financial institutions (records and operations) to verify adherence with relevant laws and regulations, including Bank Secrecy Act (BSA) and Anti-Money Laundering (AML) rules.  As subject matter expert, conducted training, coached team members, and compiled/reported results while managing stakeholder relations.  Assessed adequacy of assets and liabilities risk management policies and practices, including liquidity and sensitivity to market risks; and net interest margin level and trends.  Assessed adequacy of institution's lending administrative and underwriting policies and practices; borrower's repayment capacity; collateral protection; collateral valuations; legal documentation; and allowance for loan and lease losses' levels and methodology.            Reviewed and evaluated quality of credits ranging from $100 thousand to $25 million, assessing the adequacy of lending practices and level of risks within the lending area of the bank.  Reviewed legal lending documents to determine adequacy of content/structure, covenants and performance/compliance with pertinent terms as well as assessing quality of administrative practices, such as disbursements, tracking of insurance, payment of taxes, request of financial information; others.  Evaluated the adequacy and strength of financial institution's corporate and capitalization structure, as well as business initiatives and future prospects.  Evaluated financial institution's practices; the adequacy of internal controls and procedures; the general character of management; and compliance with consumer protection, and safety and soundness standards.  Evaluated adequacy of audit practices and workpapers, and performed offsite reviews and analyzed audited financial statements.  Reviewed and assessed the adequacy of affiliate transactions and potential risk to the insurance fund.  Assessed the accuracy of depository institution's financial regulatory reports, and evaluated level and trends in financial performance.  Evaluated business impact analysis and risk assessment to determine if residual risk is acceptable.  Reviewed and evaluated the adequacy of the financial institution's Bank Secrecy Act (BSA)/Anti-money Laundry (AML)/Office of Foreign Assets Control (OFAC) programs, as well as Information Technology (IT) and Information Security Systems.  Assessed compliance with fair lending, civil rights laws and regulations, and the Community Reinvestment Act.  Participated and evaluated CAMELS components and other specialty areas on examinations of financial depository institutions with total assets ranging from $100 million to $20 billion.  Provided on-the-job training to less experienced staff members.  Compiled, composed, edited or proof read and evaluated comments for inclusion in final report.  Prepared final reports and drafts memos to communicate status of the examination/project.  Cited and supported apparent contraventions and violations of regulatory guidance when necessary.  Researched and gathered information from a variety of technical and regulatory materials to recommend corrective action; and explained verbally and in writing the application of laws, regulations and practices covering a technical specialty area.  Assessed depository institution's financial performance, strategic plan, budget process, and contingency funding plans.  Assessed and evaluated adequacy of institution's accounting practices and independent review programs.  Identified incorrect accounting entries/data entry postings.         Admissions Advisor     Nov 2008   to   Nov 2010      Company Name   －   City  ,   State     Led recruitment activities and provided support to new and continuing students.  Implemented recruitment plan to achieve budgeted goals each term.  Analyzed past recruitment patterns/projected leads, establishing plan that set specific goals for each step of recruitment process to ensure annual goals were consistently met.  Assisted new and continuing students, reaching out and providing guidance that helped them progress through programs.         IT Specialist Intern     Oct 2007   to   Feb 2008      Company Name   －   City  ,   State     Provided technical support to all users, assisting with virus response/resolution, security patches, and application needs.  Monitored progress and testing status of 2000+ new applications, serving as bridge between developer and clients to keep stakeholders informed.  Tapped as member of Vista and Office deployment team, Researched technical issues and documented solutions for user problems.  Assisted with data analysis to identify appropriate participants for various pilot deployments.         Department Administrator/Dental Assistant     Apr 2003   to   Apr 2007      Company Name   －   City  ,   State     Served as part of dental assisting team for residents in the prosthodontics and general dentistry program.  Handled range of administrative duties for department.  As department administrator, maintained records, filed reports, and updated operating instructions to ensure compliance with proper procedures.  Analyzed and reported productivity maximize provider credits and estimate fiscal year budget.  Standardized dental treatment rooms, establishing common scheme that improved efficiency and effectiveness of dental assistants as they moved to assist in different rooms.  Known for ability to get things done, trained new employees in chair side and administrative duties.         Education      Master of Science  ,   Accounting and Financial Management   December 2016     University College, University of Maryland         Accounting and Financial Management       Bachelor of Science  ,   Business Information Systems   2008     University of Phoenix   －   City  ,   State     Business Information Systems       Skills     Account Analysis &
Reconciliation
  
Accounts Payable

Accounts Receivable
  
Bank Reconciliations 

Business   Due Diligence

Financial Report
Preparation
  
General Ledger Accounting     ","a tech services company in new york city is currently seeking an experienced finance professional to join their staff as their new director  fpa  corporate finance responsibilities the director  fpa  corporate finance will
 own fpabudgeting processes including creating ongoing process beginning with monthly updates
 build concrete path to becoming ebitda positive and profitable
 run ad hoc scenario analysis
 run scenario analysis for ma exploration over different time periods and assumptions
 run all financial analytics
 perform other duties as needed qualifications
  years of strong fpa experience
 bachelors degree
 experience with  modeling budgeting forecasting and planning
 previous experience in a leadership andor supervisory role
 solid analytical mathematical and research skills
 great interpersonal skills
 excellent communication skills written and verbal
 strong attention to detail
 highly organized
associated topics accounting audit banking expense finance finance director financial fiscal kpmg tax",1
"         DIRECTOR, INFORMATION TECHNOLOGY           Professional Summary     Results-driven IT director with over 30 years of experience in diverse industries, including Port and Higher Education. Expertise includes team leadership, technical architecture, training and development, disaster recovery planning, and information protection analysis. Dynamic, resourceful, and extremely driven individual with a deep passion for creating and delivering programs and solutions that empower a team, company, and customer to meet and exceed desired expectations.       Core Qualifications          IT management  Results-oriented  Operations management  Budget administration  Change management      Problem resolution  Team leadership  Decisive leader  Cost reduction            Experience      Director, Information Technology    August 2008   to   Current     Company Name   －   City  ,   State      Manages information technology computer center for the Board of Commissioners of the Port of New Orleans (Board).  Develops, initiates, implements and monitors procedures necessary to determine the need for improvement of the system and operational activities.  Makes recommendations on the acquisition, lease or rental of equipment and computer services, the development and implementation of new data processing programs and the expansion of existing equipment and programs.  Provide information and recommendations to the Port's management relevant to the establishment of priorities for prospective system applications.  Develops and/or revises data and practices concerning plan and procedures consistent with agency goals and objectives in the information communications fields.  Formulates requests for bid and requests for proposals for major and minor I.T. professional services and hardware contracts.  Directly involved in vendor selection and final contract negotiations and approvals.  Supervises information technology and telecommunication staff and provides guidance and direction of daily activities.  Develops and supervises the work of system project consultants.  Provides consulting services to all Port departments and divisions concerning information systems, new programs and data processing.  Develops form management procedures and reviews and justifies current practices.  Evaluates existing manual and automated information-related activities including physical work environment, administrative procedures and work flows.  Represents the Board of Commissioners on national and international committees and conferences as necessary.  Prepares hardware, software and personnel budgets for the I.T. department.  Staying abreast of the new technologies, doing cost/benefit analysis of these technologies and the incorporation of these technologies into the budgeting process.  Participates in formulating Board's current and future I.T. short and long term strategic planning including PC networking, Email, IBM ISeries Support, INTERNET, Imaging, Computer Aided Software Engineering, Communication Protocols, EDI, GIS etc.  Reviews and makes recommendations to management on the use and control of mainframe data processing systems for internal operations, and for servicing the maritime community in the movement of cargo through the Port.  Assures that software utilizing the mainframe and remote computer local area, wide area network equipment are protected and secure against viruses, outside intrusion and cyber-attack.  Supervise the development of long range plans for the use of data processing equipment by the Board, related private sector firms and government agencies.  Assure the confidentiality of priority data and supervise the distribution of that data to the appropriate public and private sector recipients.  Coordinates the flow of information among in-house departments, private sector maritime interests, U.S. Customs and other agencies.  Oversees a large repertoire of sophisticated application software.  Interface with representatives of local, national and international maritime, and government agencies, offices and firms concerning the technical requirements and operation and benefits of the system.  Reviews, coordinates and makes recommendations to Board management and maritime interests on data transmission requirements.  Monitors the preparation of reports submitted to Board management, the private sector and governmental agencies on data processing and technology issues.  Keeps abreast of changes in the maritime industry as it affects the movement of bulk, general and containerized cargo and the flow of electronic communications.  In charge of all telephone services required by the Board.  This includes the main administrative phone switch and sub-switches and all cell and broadband services.  Define scope of work and specifications for Hardware and software needs for Homeland Security Grant Investment Justifications from 2008 to present.  FAS system repair and updates, Building Access Command and Control, Security Camera Projects (Portwide and Cruise Terminals),  Wireless Backbone Infrastructure Portwide, MSCO provisioning, Mobile Command Center Repair and Upgrade, Underwater inspection vehicle and equipment,  Technology Installation on the Harbor Police Patrol Boat, Integration of Command Bridge Incident Control servers, GIS server implementation.          Associate Vice-President for Information Technology and Telecommunication    April 1980   to   October 2004     Company Name   －   City  ,   State      Oversight responsibility for staff of 22 people, including 19 professionals.   Created and managed the Office of Information Technology.  Developed and implemented the Strategic Plan for the Office of Information Technology.  Awarded and directed $1.2 million grant to install the telecommunications fiber optic infrastructure for university.  Integrated the Management Information System department and the Telecommunication department into one cohesive department.   Provided data and communication services to entire university community; implemented university-wide operation of telephone, PBX, voice and data wireless communications.  Developed administrative system for all users to become proficient in these areas.  Ensured data integrity and responsibility, standardizing ways and means of data collection, thereby maintaining the integrity of inputs and outcomes.  Created a filtering process to recognize viruses before they infect systems and thus established a reliable network free of viruses and spam.  Implemented effective customer service, customized to suit individual needs, ensuring that all users were standardized for smooth communication with one another.   Created inclusive, customer-friendly, telecommunications climate, ensuring that students were respected equally with faculty.  Implemented comprehensive university system, increasing the number of telecommunication units from 324 to more than 2,000.  Increased number of computer labs from two to nine, ensuring dramatic increase in resources to students without increasing staff.          Education      Ph.D   :   Coastal Oceanography  ,   1996    State University of New York   －   City  ,   State  ,   USA     Coastal Oceanography         M.S   :   Computer Science      Marine Sciences Research Center
	School of Marine and Atmospheric Sciences          Computer Science        B.S   :   Mathematics      University of Evansville   －   City  ,   State      Mathematics        Xavier University   －   City  ,   State              Professional Affiliations     *Member of AAPA Information Technology Committee   *Represented the University President at Southern Educational Foundation   *Member of the Instructional Technology Assistance Project (ITAP) team   *Participated in Educational Leadership Council   *Served on Academic Computing Committee.       Accomplishments      MCSE (Microsoft Certified Systems Engineer)   LDCCA Certified Installer for Fiber Optic and Category 5/5E   Certified Construction Quality Management for Contractors by U.S. Army Core of Engineers  Wireless Network Auditing Training System   Forensics, Investigation & Response Training Hacker Techniques, Exploits and Incident Handling Training Accreditation        Skills    academic, administrative, agency, Basic, benefits, broadband, budgeting, budgets, Cobol, Hardware, computer applications, conferences, consulting, contract negotiations, contracts, customer service, data analysis, data collection, Data Processing, Database Management, DBase IV, direction, EDI, Email, features, Fortran, GIS, government, grants, IBM, IBM compatible, Imaging, Information Systems, Information Technology, inspection, interpretation, laser, Macintosh, mainframe, MapInfo, Mathematics, Access, MS Excel, Office, Management Information System, Monitors, natural, Naval, network, Novell Netware, Oil, Operating Systems, Pascal, PBX, PC networking, personnel, Camera, Police, Programming, proposals, Protocols, radio, real-time, reception, relational database, Research, RPG III, servers, Shell, Software Engineering, Strategic, strategic planning, SUN SPARC, switches, switch, telecommunications, Telecommunication, telephone, phone, transmission, UNIX and C, UNIX, Upgrade, Vax, VMS, voice and data, wide area network, written      Additional Information      COMMUNITY SERVICE Board of North Region Leadership Institute (NORLI) Volunteer activities at New Orleans Enhancement Center: taught senior citizens how to use the computer Board of Advocates for Science & Math Education, Inc. HONORS/AWARDS/CERTIFICATIONS Certified Port Executive Turner Fellowship, State University of New York at Stony Brook United Negro College Fund Fellowship National Consortium of Educational Access Fellowship William and Mary Simon Fellowship      ","job description
job id

job overview

the software engineer i position will be working in a fun challenging fastpaced environment using scrum methodologies to drive and deliver solutions on windstreams vast network technologies and be a driving force in our network management system team

this is an opportunity to use their knowledge of programming languages to design software programs their duties include coding and testing software to ensure functionality and updating software programs to refine components like cybersecurity measures and data storage capacities

this position demands a selfstarter who is comfortable engaging architects it sponsors business partners and peer developers to achieve goals working across functional groups within the expanse of windstream environments

job responsibilities
 analyzes requirements to meet demand and performance of products systems andor data
 may perform engineering design evaluations including costeffective utilization of materials as required may design develop test and implement all components equipment and software within the functional area of the organization
 applies commonly used concepts practices and procedures to resolve a variety of issues
 works on problems of moderate scope
 exercises judgement to plan and accomplish goals
 identifies issues and provides resolution within the workgroup or to the customer
 normally receives general instruction on routine work and detailed instruction on new projects or assignments

qualifications  external

minimum requirements
 good understanding of telecommunications industry
 good knowledge networking disciplines and vendor equipment
 computer software knowledge to include microsoft office custom planning tools databases and general itsm and cybersecurity practices
 proficiency in popular coding languages including python java and c and systems such as azure pipeline and git excellent knowledge of the software development life cycle
 strong problemsolving and communication skills oral and written
 knowledge of objectrelational mapping frameworks
 good analytical skills
 the ability to prioritize projects
 good interpersonal skills
 ability to stay current with the economic and technological developments in the industry
 excellent organization and time management skills

education and experience

college degree in a technical or a related software development field and  years professional level experience or  years professional level related software development experience or an equivalent combination of education and professional level related software development experience required

job requirements
minimum quali  degree in a technical or a related field and  years professional level experience or  years professional level related technical experience or an equivalent combination of education and professional level related technical experience required

eeo statement windstream is an equal opportunity employer at windstream we celebrate the authenticity and uniqueness of our people and their ideas all qualified applicants will receive consideration for employment without regard to race color religion sex age national origin genetic information protected veteran status current military status disability sexual orientation gender identity marital status creed citizenship status or any other status protected by law and to give full consideration to qualified disabled individuals and protected veterans the diverse voices of our employees fuel our innovation and our inclusive culture employment at windstream is subject to post offer preemployment drug testing",0
"         LECTURER, CHEF INSTRUCTOR, RESEARCHER, AND RECRUITER       Professional Profile     A goal-driven food service manager, dietitian, and culinary professional specializing in quick paced, high-volume operations, team building, and systems improvement eager to offer 15+ years experience towards maximizing productivity and profitability.         Highlights          6 years dynamic LLUH training and employment  Multi-unit manager 2,000-20,000 daily meals  National and international director to 100 employees and 500+ independent contractors      Extensive experience managing audits  Excellent communicator  Adept computer skills  Recipe modification specialist  Zero-based budget management             Accomplishments        Experienced Operations Director   :  Executive management of 500 national and international sales agent, grew portfolio from start up to 12 million monthly processing volume.    Experienced food service manager:   CBS Studios multi-unit, single-unit manager for Marriott concepts (including Bob's Big Boy and Alley's Restaurants), and Burger King.    Participation Driven:   Grew participation at CBS Studios by expanding audience services, increasing ready-made, and redesigned customer flow to increase speed of service.    Compliance Committed:   Provided menu compliance and policies for all food allergies at CHOC Hospital and Casa Colina Hospital  and drew upon best practices, as well as emerging evidence.    Recipe Modification Specialist:    Established compliant menus and recipes for kidney patients at Kaiser Hospital to include culturally relevant options.    Farmer Focused:   Connected the Cal Poly harvest through Taste of the Farm Store by providing student opportunities for nutritional education and cooking demonstrations. Supported locally grown by incorporating Rialto farmer Adams Acres to Rialto Unified School District    Dedicated Professional:   Regularly attend conferences to include Childhood Obesity Conference, California Dietetics Conference, Foods and Nutrition Conference & Expo, and Experimental Biology.    Professional Memberships   :   The Academy of Nutrition and Dietetics, California Dietetics Association, Inland District Dietetic Association, School Nutrition Services Dietetic Practice Group and School Nutrition Association         Professional Experience     01/2013   to   Current     Lecturer, Chef Instructor, Researcher, and Recruiter    Company Name   －   City  ,   State      Created sustainable clinical nutrition resources for patient care.  Provided engaging lectures integrating nutrition and foods earning the highest peer evaluation.  Integrated Affordable Health Care Act clinical impacts and resources throughout lecture series.  Provided dynamic cooking shows for LLUH audiences of 20-500 compliant to protocol         02/2012   to   Current     Professor Biology and Nutrition Department    Company Name   －   City  ,   State      Constructed a dynamic nutrition curriculum/syllabus consistent with department standards.  Tailored unique classroom activities to enhance comprehension, and participation, as well as foster communication.  Created fluid and engaging classroom instruction centered around cutting-edge presentations authored to support the assigned textbook, current evidence-based practices, and guidelines.         09/2010   to   Current     Nutrition/Chef Consultant    Company Name   －     State       Claremont USD  :    Crafted signature recipes from the edible gardens and presented the recipes at the open house to the press, parents, and children.  Provided nutritional instruction to the teachers grades 6-12 to support the wellness policies.  Authored nutrition services newsletter distributed campus wide.     Rialto USD:     Selected to teach K-12 teachers project-based learning over a 3 year continuum for the fields of nutrition, foods, and health.  Integrated leading edge science and technology, such as crowd mapping, windshield survey, and farm to table.  Resulted in five unique lesson plans and above average reviews.  Collaborating with the City of Rialto, Healthy Rialto, and RUSD staff to bring GIS mapping to the district for mutual benefit.     Fontana USD:     Created high-energy, televised food demonstration to increase salad bar participation for grand opening.  Uniquely crafted carrot smoothies resulted in nearly 100% participation of the salad bar.     San Bernardino City USD:     Partnered with SACHS Clinic to provide cooking classes at Victoria Elementary to bilingual audience.  Coordinated fluid and engaging evening of instruction, which resulted in participation of parents and students.  Created culturally relevant recipes with nutrient-rich profiles.         06/2006   to   08/2009     Chef Instructor/Nutritionist    Company Name   －   City  ,   State      Created interactive curricula uniquely tailored for children ages 4-16 to include farm-to-table cooking.  Synchronized specialty programs that accommodated all food allergies, ensuring accessibility to all.  Restructured banquet services for 300+ Performance Night visitors.          Education     2011     Master of Public Health  :   Nutrition    Loma Linda University   －   City  ,   State  ,   92354           2009     Bachelor of Science  :   Human Nutrition    California State Polytechnic University   －   City               2006     Associate of Science  :   Culinary Arts    Le Cordon Bleu   －   City  ,   State              Credentials and Certificates     Registered Dietitian #1023289  ServSafe Management  #11458213       Additional Information        Community Connector:   Founded the largest community-based public safety organization that is well regarded throughout the region and recognized by Senator Carol Liu 2014 ""Women Mean Business"" award and Chief of Police Paul Cooper and City of Claremont 2013 ""Community Hero""  LA County Fair award.     ","job description sweeps and mops floors to comply with safety and sanitation standards

washes worktables walls refrigerators meat blocks and other food prep surfaces

removes trash and places it into designated containers

steam cleans or hoses out garbage cans

transfers supplies and equipment between storage and work areas

assists with banquet table and front of the house set up

assist with loading or unloading and delivering supplies and product

distributes supplies utensils and portable equipment as needed

complies with outlined sanitation and safety requirements

performs other duties as assigned

company description bon appétit management company is an onsite restaurant company offering full foodservice management to corporations universities and specialty venues

based in redwood city ca bon appétit has more than  cafés in  states including ones for google oracle emory university the getty center and public restaurants such as stem kitchen  garden and public house in san francisco

bon appétit chefs cook from scratch including sauces stocks and soups

a pioneer in environmentally sound sourcing policies bon appétit has developed programs addressing local purchasing the overuse of antibiotics sustainable seafood the food and climate change connection humanely raised meat and eggs and farmworker welfare

were proud to have received numerous awards for our work from organizations including the international association of culinary professionals the james beard foundation chefs collaborative natural resources defense council seafood choices alliance the humane society of the united states and food alliance",0
"         EXECUTIVE CHEF       Professional Summary     A Dynamic and accomplished catering and food service professional with prior work in social and corporate markets. Notable successes in large scale event planning, food production, food preparation and menu development. Currently seeking a management position in food service.       Skills          Conflict Resolution  Leadership Skills  Staff Training  Premier Ordering  FMS(Food Management Systems)  Hospitality Suite  Payroll and scheduling  ServSafe Certification  High energy  Vendor relations Sysco/U.S Foods      Performance assessments  Menu planning  Problem-solving  Strong work ethic            Work History      Executive Chef     06/2016   to   Current      Company Name   –   City  ,   State      Inventoried food, ingredient, and supply stock to prepare and plan vendor orders.  Hired, trained and managed all kitchen staff, including employee development, issuing disciplinary action and conducting performance reviews.  Incorporated customer feedback in the experimentation and creation of new signature dishes.  Monitored linework processes to ensure consistency in quality, quantity, and presentation.  Generated employee schedules, work assignments and determined appropriate compensation rates.  Ensured personnel safety, kitchen sanitation and proper food handling or storage.  Planned promotional menu additions based on seasonal pricing and product availability.         Executive Chef     01/2015   to   03/2016      Company Name   –   City  ,   State      Consistently verified that kitchen staff followed all recipes and portioned serving guidelines correctly.  Actively participated in staff meetings and operated as an effective management team leader.  Identified opportunities to increase revenue, decrease kitchen expenses and maximize departmental productivity without compromising guest satisfaction.  Worked with nutritionist and doctors to develop proper meals for patients with special needs.  Responsible for weekly cleaning schedule and submitting cleaning reports to management.  Ensured smooth kitchen operation by overseeing daily product inventory, purchasing and receiving.         Executive Chef     08/2012   to   01/2015      Company Name   –   City  ,   State      Collaborated closely with the Food and Beverage Director to conduct staff meetings and resolve service, product and personnel issues.  Consistently kept a clean and safe environment by adhering to all federal, state and local sanitation and safety requirements.  Established and maintained open, collaborative relationships with the kitchen team.  Conducted daily inspections and maintained food sanitation and kitchen equipment safety reports.  Enforced appropriate work-flow and quality controls for food quality and temperature.  Consistently tasted, smelled and observed all dishes to ensure they were visually appealing and prepared correctly.  Responsible for managing food production for a high volume $15 million account.         Sous Chef/Interim Executive Chef     01/2009   to   08/2012      Company Name   –   City  ,   State      Inspected dining and serving area to ensure cleanliness and proper set up.  Instructed cooks and other staff in the preparation, cooking, garnishing and presentation of food.  Responsible for managing food production for a high volume $3 million account.  Responsible for managing employees in the BOH and the FOH daily.  Experience managing branded retail locations.  Responsible for keeping up with inventory levels & ordering products in compliance.  Assisted with training other accounts in the area with the new FMS system.  Developed menus, pricing, and special food offerings to increase revenue and customer satisfaction.  Effectively managed a kitchen staff for banquets, catered events.         Kitchen Supervisor     06/2005   to   06/2009      Company Name   –   City  ,   State      Delivered quality service by providing a warm and welcoming environment.  Maintained clean dining room, lobby and service areas at all times.  Ensured compliance with relevant regulatory employment rules and standards.  Updated daily logs, computer tracking systems and other relevant documentation.  Operated all kitchen equipment adeptly.  Followed proper standards for product freshness, food safety, weights and measures, refrigeration and sanitation.         Kitchen Manager     06/2005   to   08/2008      Company Name   –   City  ,   State      Responsible for the ordering of food and service products.  Created and implemented a HACCAP program for food safety.  Created and implemented an inventory program to assist restaurant with ordering organization.  Managed food production and managed kitchen staff.  Trained staff on proper cooking procedures as well as safety regulations and productivity strategies.         Security Police/E4 Senior Airman     05/2000   to   10/2005      Company Name   –   City  ,   State      Commanded operations post, including personnel, weapons and equipment.  Coordinated training schedules and filed crucial administrative paperwork.  Led military police teams in support of battlefield operations.         Certifications    ServeSafe Certified          Focus on portion and cost control Knowledge of Food Service Management          Focused and disciplined Conflict Resolution techniques          Knowledge in Premier Ordering Assisted with training & roll out of FMS 4.0 Featured in Entertaining with Sodexo Mediterranean Culinary Creations Kitchen staff training      Education      Associate of Arts  :   Culinary Arts     2005     Savannah Technical University    -
                          City  ,
                          State         Majored in Culinary Arts  Minored in Sanitation  Graduated with 3.5 GPA  Graduated in Top 10% of Class         Food Preparation, Kitchen Management, Patisserie and Confectionery, International Cuisine  :      2002     United States Air Force    -
                          City  ,
                          State        Security Police/Culinary Course work in leadership skills. Emphasis training with Military Police.        Skills    administrative, Premier, Conflict Resolution, cooking, cost control, customer satisfaction, Staff Training, Focus, food safety, Inventory, inventory levels, leadership, Leadership Skills, team leader, Director, managing, Market, meetings, weapons, personnel, Police, pricing, producing, purchasing, quality, receiving, retail, safety, work-flow      Additional Information      Accomplishments Contest Winner in the 2011 Entertaining Mediterranean with Sodexo New Recipes Contest. Catered The 2013 Kentucky Derby Two time Legendary Service Award Winner First to receive a double gold score on National Food Service Audits for two years straight.     ","gourmet

at gourmet dining  chartwells higher education people are at the core of our business together we build innovative food service concepts and serve fresh local and nutritious meals at over  college campuses across the country twice named the fastest growing brand by nations restaurant news at gourmet dining  chartwells we take pride in creating opportunities for associates to grow their careers and achieve their development goals within the company

job summary

the marketing coordinator holds duties related to sales and marketing the position entails a need for excellent communication skills ability to multitask on a variety of projects simultaneously accurate distribution of pertinent information both internally to all departments as well as to clients and related vendors excellent client skills in presentation and marketing ability

key responsibilities
 handson support at events unit set up program implementation
 database management
 coordinates content needed for marketing initiatives
 coordinates field marketing requests and activities
 works within provided budgets and guidelines
 assists with presentations and proposals
 develops and maintains strong working relationships with field managers
 works with vendors and agencies
 prepares marketing reports by collecting analyzing and summarizing data
 maintains promotional inventory fulfillment

preferred qualifications
 minimum two plus years prior experience in marketing
 background or interest in hospitalityfood
 proficient in ms office experience with adobe suite photoshop indesign and cms systems a plus
 multitask in deadlinedriven team environment adjust to changing priorities
 excellent written and verbal communications and interpersonal skills
 attention to detail
 as in marketing or business related field
 flexible schedule eveningsweekends and possible travel required

apply to gourmet dining today

gourmet dining is a member of compass group usa

click here to learn more about the compass story

compass group is an equal opportunity employer at compass we are committed to treating all applicants and associates fairly based on their abilities achievements and experience without regard to race national origin sex age disability veteran status sexual orientation gender identity or any other classification protected by law

qualified candidates must be able to perform the essential functions of this position satisfactorily with or without a reasonable accommodation disclaimer this job post is not necessarily an exhaustive list of all essential responsibilities skills tasks or requirements associated with this position while this is intended to be an accurate reflection of the position posted the company reserves the right to modify or change the essential functions of the job based on business necessity los angeles applicants compass group will consider for employment qualified applicants with criminal histories in a manner consistent with the requirements of the los angeles fair chance initiative for hiring ban the box ordinance

associates at gourmet dining are offered many fantastic benefits
 medical
 dental
 vision
 life insurance ad
 disability insurance
 retirement plan
 paid time off
 holiday time off varies by sitestate
 associate shopping program
 health and wellness programs
 discount marketplace
 identity theft protection
 pet insurance
 commuter benefits
 employee assistance program
 flexible spending accounts fsas

req id 

gourmet

kristina mccarthy",1
"             SENIOR PRODUCT DESIGNER       Professional Summary     As a proven, experienced product designer I am involved in every phase of product design cycles from initial concept to
post-production. I cost reduce products and expand existing product lines by developing numerous patentable
items. Call me if you desire a mature, dependable leader having solid, practical experience with an eye to the future and
functional marketability.       Skills          

AutoCAD proficient   Solid Works 3d Solid Modeling   Complex problem solving    Technical problem-solving    Works well in diverse team environment  

Team leadership

   Strong decision maker  Injection molded plastic mass-manufacturing techniques       Corel Draw Graphics  proficient   Technical Illustrations  Product Usage Line Art  Company Logos  Catalogue and Brochure Layout and Design   Microsoft Office proficient  Creative concept development  Website Development  Silk-screen Printing            Work History      Senior Product Designer     April 1984   to   Current      Company Name   -   City  ,   State      Conceived, developed and specified product components for new product development.  

Worked with product planners and industrial designers to conceptualize and refine product concepts.

    Developed and tested models of alternate designs and processing methods to assess cost and manufacturing feasibility.    Created solid model component and assembly files for virtual representation of designs.  Ordered rapid prototypes and supervised testing and ongoing development and performance of design.  

Supported product designs through test analysis and simulation.

   Coordinated project tooling release of injection molded components.  Evaluated pre-production mold shot samples and refined for improved assembly and performance.   Coordinated any special secondary operations,  fixturing  or manufacturing  sensitive  mandates.     

Developed internal processes and plans for mechanical verification, product development and factory processes.

    Recommended design modifications to eliminate machine and system malfunctions.   Created detailed engineering drawings, technical drawings, schematics and computer-generated reports for new product development.     Attended 

new product

pre-production pilot runs.     Created drawings for patent submittal.    Reviewed patent applications for technical accuracy.     

Created exploded view product drawings of owner manuals and compliance publications.     Drawing and design checking, including tolerance studies and moldability.   Promoted and implemented process improvements company-wide.  Interviewed and trained new engineering personnel.         Draftsman, Layout Estimating     January 1983   to   April 1984      Company Name   -   City  ,   State      Detailed shop drawings of bridge expansion systems.  Made templates from engineering drawings for shop usage.   Check drawings and shop fabrication for conformity to engineering specifications.   Layout steel for shop fabrication.   Calculate shipping weights and create bills-of-lading.         Education      Williamsport Area Community College     1979     City  ,   State     Associate of Arts  :   Advertising Art      GPA:   Dean's List GPA: 3.2    Minors     

Marketing    Graphic Design    Drafting

     Elective Emphasis in mathematics    Advanced Algebra     Geometry     Trigonometry     Statistics     Calculus           Jersey Shore Area Senior High School     1977     City  ,   State     Graduate  :           1977 Graduate -- Academic Courses    Member National Honor Society     Varsity Wrestling, Cross Country, Baseball     Rotary October Boy of the Month           Affiliations    Civic          Avis Recreation Association President Educational          Member of Keystone Central Technical Advisory Committee Little League Baseball          Former Coach (all age levels), League Safety Officer Elementary Wrestling          Former Head Coach, Board Member of Parents Auxiliary Empfield Enterprises          Graphic Design Manager and Consultant Penn. College of Technology          Part-time Teacher, Microcomputer Fundamentals Designamics          Owner / Operator Textile Silk Screen Printing Business       Outside Interests    Family   Husband, Father of Three Children with Five Grandchildren Church   Lay Leader and Administrative Council Member Civic   Avis Recreation Association President Educational   Member of Keystone Central Technical Advisory Committee Little League Baseball   Former Coach (all age levels), League Safety Officer Elementary Wrestling Former   Head Coach, Board Member of Parents Auxiliary Empfield Enterprises   Graphic Design Manager and Consultant Penn. College of Technology   Part-time Teacher, Microcomputer Fundamentals Designamics Owner / Operator   Textile Silk Screen Printing Business      Skills    Art, assembly, AutoCAD, Brochure, computer literate, databases, debugging, product design, desktop publishing, drafting, Estimating, freehand, Drawing, Layout and Design, Layout, Logos, Director, marketing, materials, mathematics, Mechanical, Works, Modeling, personnel, processes, researching, routing, sales, shipping, sketching, spreadsheets, website development, word processing      Additional Information      Member National Honor Society Varsity Wrestling, Cross Country, Baseball Rotary October Boy of the Month
Outside Interests
  Family          Husband, Father of Three Children with Five Grandchildren
  Church          Lay Leader and Administrative Council Member     "," we are seeking a senior ui designer who relishes in methodically applied color palettes and takes pride in your type of ramp
 when your work is done the mobile apps and responsive websites you create not only look amazing but act as a seamless extension of your clients brand voice and business strategy
 act as the lead or contributing designer on projects presenting work across the design ux and development teams
 create designs that are onbrand for our clients and follow a projects creative vision and business strategy while putting the user first
 collaborate with other groups like developers engagement managers and ux designers to deliver highquality creative for both internal and clientfacing projects
 provide constructive art direction alongside your fellow designers
 work on projects of varying length and complexity
 contribute to improvements in our creative process and capabilities
   years of related design experience
 experience and ability to work in a variety of digitalfocused design applications like sketch invision and illustrator
 proficiency in web optimization principles and other production methods
 crossplatform web  mobile development experience ios android etc
 proficiency in producing pixel perfect design files
 ability to use motion tools like adobe after effects principle for mac and framer to communicate interaction design and motion
 must be legally authorized to work in the united states without the need for employer sponsorship now or at any time in the future
 experience creating design systems for enterpriselevel experiences
 experience creating icons and other custom illustrations for experiences
 curiosity to learn from others and a passion for learning and pursuing your craft
 experience working in a consulting environment
 participation in the wider design community and connections with creative organizations such as aiga creative mornings etc
 ability to take feedback and use it to improve your work
 a developed personal style with the ability to scale and adapt as the project needs
 sits within our advertising marketing  commerce offering
 within our group we create content communications and experiences that engage and inspire our clients customers to act
 we implement and operate the technology platforms that enable personalized content commerce and usercentric experiences
 and in doing so we transform our clients marketing and engagement operations into modern datadriven creatively focused organizations  all built to drive growth
 from developing a stand out resume to putting your best foot forward in the interview we want you to feel prepared and confident as you explore opportunities at deloitte
 check out recruiting tips from deloitte recruiters
 at deloitte we know that great people make a great organization
 we value our people and offer employees a broad range of benefits
 learn more about what working at deloitte can mean for you
 our people and culture
 our diverse equitable and inclusive culture empowers our people to be who they are contribute their unique perspectives and make a difference individually and collectively
 it enables us to leverage different ideas and perspectives and bring more creativity and innovation to help solve our client most complex challenges
 this makes deloitte one of the most rewarding places to work
 learn more about our inclusive culture
 from entrylevel employees to senior leaders we believe theres always room to learn
 we offer opportunities to build new skills take on leadership opportunities and connect and grow through mentorship
 from onthejob learning experiences to formal development programs our professionals have a variety of opportunities to continue to grow throughout their career
 as used in this posting deloitte means deloitte consulting llp a subsidiary of deloitte llp please see 
 deloittecomusabout for a detailed description of the legal structure of deloitte llp and its subsidiaries
 all qualified applicants will receive consideration for employment without regard to race color religion sex sexual orientation gender identity national origin age disability or protected veteran status or any other legally protected basis in accordance with applicable law
 deloitte will consider for employment all qualified applicants including those with criminal histories in a manner consistent with the requirements of applicable state and local laws
 see notices of various banthebox laws where available
 requisition code ",0
"         EXECUTIVE SOUS CHEF       Summary    Dynamic, resourceful and skilled Executive Head Chef with 25 years of success in fine dining, casual dining and catering.      Skills          Staff development and training  Inventory control  ServSafe certified          Operations management  Follows propers SOP's of all organizations  Focused and disciplined            Cross-functional team management  High volume production capability   Well-tuned palette            Supervision and training  Focus on portion and cost control   Bilingual (English/Spanish)  Featured in The Carroll County Times              Core Accomplishments      Successfully managed two kitchen staffs of 40 employees during high volume dinner services for more than 250 diners each
night.        Experience      Executive Sous Chef     Dec 2016   to   Current      Company Name   －   City  ,   State        Taste all prepared dishes, and observed color, texture and garnishes.  Adhere to staffing needs and adjusted hourly schedules in accordance with demand patterns, budget and local labor laws.  Implemented and support companies SOPs.  Effectively managed and assisted kitchen staff in producing food for banquets, catered events and member dining areas.  Consistently kept a clean and safe environment by adhering to all federal, state and local sanitation and safety requirements.  Followed proper food handling methods and maintained correct temperature of all food production.  Ensured smooth kitchen operation by overseeing daily product inventory, purchasing and receiving.  Followed proper food handling methods and maintained correct temperature of all food products  Enforced appropriate work-flow and quality controls for food quality and temperature.  Provided nutritious, safe, visually appealing, innovative and properly prepared and flavored food.         Executive Chef     Jan 2012   to   Dec 2016      Company Name   －   City  ,   State     Reduced food costs by 2% by expertly estimating purchasing needs and buying through approved suppliers.  Systematically tasted and smelled all prepared dishes, and observed color, texture and garnishes.  Expertly estimated staffing needs and adjusted hourly schedules in accordance with demand patterns, budget and
      local labor laws.  Implemented and supported company initiatives and programs.  Effectively managed and assisted kitchen staff in producing food for banquets, catered events and member dining
      areas.  Consistently kept a clean and safe environment by adhering to all federal, state and local sanitation and safety
      requirements.  Ensured smooth kitchen operation by overseeing daily product inventory, purchasing and receiving.  Followed proper food handling methods and maintained correct temperature of all food products.  Consistently produced exceptional menu items that regularly garnered diners' praise.  Conducted daily inspections and maintained food sanitation and kitchen equipment safety reports.  Regularly developed new recipes in accordance with consumer tastes, nutritional needs, and budgetary
      considerations.  Enforced appropriate work-flow and quality controls for food quality and temperature.  Developed strategies to enhance catering and retail food service revenue and productivity goals.  Provided nutritious, safe, visually appealing, innovative and properly prepared and flavored food.  Consistently tasted, smelled and observed all dishes to ensure they were visually appealing and prepared correctly.  Correctly and safely operated all kitchen equipment in accordance with set guidelines.  Actively participated in staff meetings and operated as an effective management team leader.  Identified opportunities to increase revenue, decrease kitchen expenses and maximize departmental productivity
      without compromising guest satisfaction.  Built and fostered a team environment
      Expert in final plate preparation with authentic presentation.         Executive Chef     Apr 2005        Company Name   －   City  ,   State     Reduced food costs by 2% percent by expertly estimating purchasing needs and buying through approved suppliers.  Expertly estimated staffing needs and adjusted hourly schedules in accordance with demand patterns, budget and
      local labor laws.  Implemented and supported company initiatives and programs.  Effectively managed and assisted kitchen staff in producing food for banquets, catered events and member dining
      areas.  Consistently kept a clean and safe environment by adhering to all federal, state and local sanitation and safety
      requirements.  Followed proper food handling methods and maintained correct temperature of all food production.  Ensured smooth kitchen operation by overseeing daily product inventory, purchasing and receiving.  Followed proper
      food handling methods and maintained correct temperature of all food products.  Consistently produced exceptional menu items that regularly garnered diners' praise.  Prepared healthy, enjoyable breakfasts and dinners for diners.  Conducted daily inspections and maintained food sanitation and kitchen equipment safety reports.  Regularly developed new recipes in accordance with consumer tastes, nutritional needs, and budgetary
      considerations.  Developed strategies to enhance catering and retail food service revenue and productivity goals.  Enforced appropriate work-flow and quality controls for food quality and temperature.  Provided nutritious, safe, visually appealing, innovative and properly prepared and flavored food.         Education and Training      Bachelor of Arts  ,   CULINARY ARTS   2001    CULINARY ARTS       BIC        City  ,   State  ,   United States   Classes in Restaurant and Facility Operations       Coursework in Pastry Arts
      Courses in: Food Preparation, Kitchen Management, Patisserie and Confectionery, International Cuisine
      Nutrition courses            Skills    Arts, budget, color, cost control, Staff training, English, estimating, Focus, functional, Inventory management, inventory, Inventory control, team leader, meetings, negotiator, Operations management, problem solving, producing, program development, purchasing, quality, receiving, retail, safety, Spanish, Staff development, staffing, Supervision, team management, work-flow   ","at chefs warehouse we are an industry leader in food distribution
we have a distinct competitive advantage in serving our customers because of our extensive selection of distinctive and hardtofind specialty and centeroftheplate food products
whats on our menu
enticing appetizers
a culture that is full of flavor and inviting creating an environment of belonging where everyone is welcome
delivering our best in everything we do
we are committed to high quality food and dedicated to a positive team culture
divine entrees
paid vacations paid holidays
health dental and medical benefits
weekly pay
life insurance
 above cost for our highquality food products
employee discounts for travel and events

whats for dessert
the icing on the cake
the safety of our employees is our priority
we have created essential guidelines to assure we are following cdc regulations

job responsibilities
 report to work on time with a professional attitude
 receive incoming calls from customers prepare orders and expedite
 inform customer of items not ordered or out of stock per regular ordering process offering subs where available
 review accuracy of incoming orders collect and input orders submitted via fax email voicemail
 ensure accuracy of outgoing entered orders
 work with outside sales team reporting irregularities problems and requests for outside sales assistance direct phone calls to the appropriate team members
 builds and maintains customer relationships
 deal professionally on the phone and in person with customers vendors and fellow employees cooperate with other members of the sales team and departments to ensure the customer receives an excellent service level
 help with will call pickups by entering and giving customer their orders
 send nightly reports to appropriate recipients
 assist with invoice entry by entering weights and box counts into all orders shipping
 provide backup vacation coverage and assist with workload of fellow team members when absent
  of work day is spent on telephone
 other projects or tasks assigned by manager as needed
hours
sunday   
monday   
tuesday   
wednesday   
thursday   
qualifications
 minimum education high school diploma
 previous food service distribution inside salescustomer service andor call center experience preferred
 strong knowledge of food service products product categories and vendor community preferred
 must be a team player with a positive attitude
 excellent verbal telephone and written communication skills data entry and key experience required
 selfmotivated professional goal oriented and able to handle multiple tasks
 must have a sense of urgency and be able to work under pressure
 flexibility ability to work well with all departments and levels of staff both internally  externally
 follow through skills a must
 bilingual spanishenglish a plus
language ability
bilingual in englishspanish a  ability to read analyze and interpret sales data and trends ability to respond to common inquiries or complaints from customers or members of the business community
math ability
basic math skills with addition subtraction and multiplication ability to apply concepts such as fractions percentages ratios and proportions to practical situations
reasoning ability
ability to define problems collect data establish facts and draw valid conclusions ability to interpret an extensive variety of technical instructions in mathematical or diagram form and deal with several abstract and concrete variables
computer skills
to perform this job successfully an individual should have advance level of expertise with microsoft word and excel knowledge of canopy  other sales programs must be able to operate common office machines
work environment
the work environment characteristics described here are representative of those an employee encounters while performing the essential functions of this job reasonable accommodations may be made to enable individuals with disabilities to perform the essential functions the noise level in the work environment is usually moderate

the chefs warehouse is an equal opportunity employer that does not discriminate on the basis of actual or perceived race creed color religion alienage or national origin ancestry citizenship status age disability or handicap sex marital status veteran status sexual orientation arrest record or any other characteristic protected by applicable federal state or local laws our management team is dedicated to this policy with respect to recruitment hiring placement promotion transfer training compensation benefits employee activities and general treatment during employment",1
"         SENIOR VICE PRESIDENT OF GLOBAL INFORMATION TECHNOLOGY       Executive Profile     High-energy results oriented Chief Information Officer offering global professional experience in managing complex information technology environments and cross-cultural teams while effectively aligning and supporting key company initiatives.       Skill Highlights          Strategic Planning  Results-Oriented  Self-Motivated  Customer-Oriented      Project and Program Management  Change Implementation  Team Leadership  Time and Resources Optimization                          Core Accomplishments      Project Management:     Managed cross-functional teams on large implementations and development projects through out full cycles of system development and Implementation methodologies.         Project Planning:     Developed successful implementation and migration project plans, providing and controlling detailed work-plans, data conversion and integration strategies, and production cutover & contingency plans.     Solutions Modeling:     Performed business requirements gathering, gap/fit analysis, solution designs, development and deployment of application solutions.     Technology Architecture:     Designed and implemented cutting-edge 24/7 technology infrastructure solutions, providing fail-over architecture and disaster recovery plans.     Delivery Efficiency:     Delivered all assigned projects on time and within budget, realizing significant improvement of processing efficiency through in-depth performance analysis and process change.     Risk Mitigation:     Conducted periodic risk assessments and mitigated risk by preparing and executing comprehensive testing strategies, which included complex business scenarios, and systematic stressed testing.     Customer Relations:     Develop and maintain all accounts referenceable, providing mutually beneficial partnerships between employers and customers.        Professional Experience      Senior Vice President of Global Information Technology   06/2004   to   Current     Company Name   City  ,   State      Responsible for all aspects of Information Technology globally with a staff of 70 employees world wide.    During my first year tenure, eliminated high dependency on consulting firm supporting an ERP system globally by developing, hiring and mentoring adequate IT staff  resulting in the creation of self-sufficiency and the generation of about of $2.5 million dollars savings per year.   As one of the key members of the M&A team, planned, and delivered successfully in all of the acquisitions executed by the company, enabling the realization of anticipated benefits through the migration of systems and integration of technology.   Delivered a single global suite of applications with seamless integration that provided significant efficiency gains, by eliminating duplicity, and streamlining business processes.   Introduced our Engineering and New Product Development teams to the use of Project Life Cycle management system speeding up our introduction of new products to market   Enabled effective analysis and decision making through improved analytical capabilities delivered in a single repository of reporting  through one data model across all entities.   Formed the company's first IT Steering Committee which is utilized as the forum for IT strategic planning and priority recommendations regarding major IT projects.   Deployed reliable, scalable and fault tolerant technical infrastructure that has provided maximum up time and redundancy on all mission critical systems and technology   Provided high-performance, high-availability and secured networks that are leveraged to facilitate voice, data and video communications among offices across the globe while generating significant cost savings.          Director of Information Technology   01/2002   to   06/2004     Company Name   City  ,   State       Managed a large ERP implementation project and the technical infrastructure operations for a large replicator and distributor of DVD and VHS movies.  Responsible for a staff of 20 IT professionals, directly involved in the implementation of new technology and business applications.  Completed successfully and on-time the implementation of Oracle applications, after taking over a project that was significantly late and full of issues.  Restructured the technical infrastructure of the company to be able to support the new ERP system through out all US locations.  Led the analysis, design and deployment of web applications to provide customers with access to real-time information and services.  Implemented a wireless inventory control solution through the use of Radio Frequency devices.  Developed a new technical support model and implemented new policies and procedures for the processing of technical support requests.  Hired and mentored new IT personnel for the post-production support of the new ERP application system.  Trained overseas personnel on the implementation and configuration of Oracle applications.          Practice Director   01/1995   to   01/2002     Company Name   City  ,   State       Managed projects ranging from $500K to $10M, with an average budget savings of 20% under estimate and ahead of schedule.  Coordinated, directed, and managed a practice of 22 consultants.  Prepared Request for Proposals responses for large-scale implementation projects.  Performed full lifecycle project management and supervision of both permanent employees and contractors, domestic, and offshore.  During my 7-year tenure at Oracle Corporation, participated in the business development of over $24M of new contracts.  Completed successfully, on time and on budget, several large-scale implementations of Oracle's ERP suite of applications for Fortune 100 clients.  Conducted Functional and technical architecture assessments, providing customers with solution designs, implementation approach, and recommendations.  Served as subject matter expert for the Supply Chain, Manufacturing and Financial aspects of several different projects.  Managed multi-national virtual teams, operating on one large project from several different locations, achieved project benchmarks ahead of schedule/under budget.  Worked closely with the development organization on integrated testing of product releases and customer pilots of new product.          Information Systems Director   01/1993   to   01/1995     Company Name   City  ,   State       Managed business applications and technical infrastructure operations, for a 2,800-employee manufacturing and distribution company.  Negotiated contracts, directed long-range planning, prepared and monitored budgets up to $8M, and conducted ROI studies.  Responsible for the implementation of Manufacturing and Financial systems domestic and overseas.  Responsible for the planning and introduction on new business processes and technology infrastructure to support company's growth.  Successfully completed the implementation of Oracle Financials, that resulted in the decrease of past due accounts and in the increase of accuracy and timeliness of financial reporting.  Successfully concluded the implementation of manufacturing applications at facilities in Monterrey, Mex., resulting in the decrease of manufacturing cycles and the increase of supply chain performance at corporate targeted levels.          Information Systems Director   01/1990   to   01/1993     Company Name   City  ,   State       Supported corporate-wide projects in the selection, delivery and management of new technology.  Supervised traditional department management functions including fiscal responsibility, resource management, project management, and administrative detail As the Project Manager, successfully completed the implementation and integration of MAPICS, increasing company's up-sell capabilities, by enhancing Supply Chain Streamline.  Successfully deployed new hardware and software architecture through out the company and reduced significantly the need for non-integrated PC based systems.  Implemented the use of Electronic Data Interchange with preferred business partners increasing customer service levels.  Implemented the use of statistical performance measurements, allowing top management to monitor productivity, order fulfillment ratios, inventory accuracy and other productivity related targets.          Information Systems & Technology Manager   01/1985   to   01/1990     Company Name   City  ,   State       Functioned as the Information Technology Manager while orchestrating the proposal and selection of new computing technology and Enterprise Resources Planning systems application.  Successfully completed the implementation of MANMAN MRPII application.  Designed, developed and implemented a Pull Material System to improve inventory control and KANBAN replenishment of critical material items.  Designed, developed and implemented a Bar Code Labeling System to manage shipping and receiving of raw materials and finished product and to comply with customer standards.          Senior Systems Analyst   01/1984   to   01/1985     Company Name   City  ,   State       Responsible for the implementation of retail industry best practices and for the development of new distribution and replenishment systems.  Designed and implemented a multi-tier replenishment system, for a large chain of supermarkets.  Participated in the designed an implementation of pricing & promotion systems and a sales forecasting system.          Education      B.S  :   Computer Science   1983       University of Texas at El Paso   City  ,   State        Computer Science         Languages    Bilingual - Fully fluent in English and Spanish.      Skills     •Experienced in strategic planning and execution.  •Considerable knowledge of business theory, business processes, management, budgeting, and business office operations.  •Substantial exposure to data processing, hardware platforms, enterprise software applications, and outsourced systems, including cloud SaaS and IaaS  •Excellent understanding of computer systems characteristics, features, and integration capabilities.  •Experienced with systems design and development from business requirements analysis through to day-to-day management.  •Proven experience in IT planning, organization, and development.  •Excellent understanding of project management principles.  •Constant focus on organization's goals and objectives.  •Demonstrated ability to apply IT in solving business problems.  •In-depth knowledge of applicable laws and regulations as they relate to IT.  •Strong understanding of human resource management principles, practices, and procedures.  •Proven leadership ability.  •Ability to set and manage priorities judiciously.    ","systems programmer job number  eclaro is looking for a systems programmer for our client eclaros client is a major technology firm with a prominent presence in large and fastgrowing markets providing products and services that enable businesses and economies to thrive

if youre up to the challenge then take a chance at this rewarding opportunity position overview the director has established a need for analytical and administrative support for the mission assurance ma construct as set forth in the dod directive  and dod instruction  dodd  and dodi  establish policy and assign responsibilities to meet the goals of refining integrating and synchronizing aspects of dod security protection and risk management programs that directly relate to mission execution as described in the dod mission assurance strategy and mission assurance construct implementation framework the dod ma constructs intent is to protect or ensure the continued function and resilience of capabilities and assets  including personnel equipment facilities networks information and information systems infrastructure and supply chains  critical to the execution of dods mission essential functions mef in any operating environment or condition

the ma construct includes strategies plans policies and standards ma activity responsibilities include but are not limited to the planning and coordination of defense critical infrastructure client actions with all activities that own andor operate elements of the defensewide infrastructure both physical and cyber assets qualifications experience with dynamic net web application development using c  years experience with database design and management  years experience working with ms sql server database management system  year experience with integrating google maps or a similar api into a net web application  year experience with implementing web service ws or like solutions for publishing and consuming data tofrom authoritative sources  year experience with preparing and presenting findings documents and briefings  year experience with database design and management  years experience working with ms sql server database management system  year experience with implementing web service ws or like solutions for publishing and consuming data tofrom authoritative sources  year work experience related to dod mission assurance ma defense critical infrastructure client defense critical infrastructure program dcip andor critical infrastructure protection cip policies and procedures  years knowledge of client activity requirements and processes  years skilled in compiling analyzing and translating critical infrastructure risk management data into risk management decision options  years experience with briefing senior management and flag level officers andor equivalent   year dod operations experience if hired you will enjoy the following eclaro benefits  retirement savings plan administered by merrill lynch commuter check pretax commuter benefits eligibility to purchase medical dental  vision insurance through eclaro if interested you may contact eileen sares esareseclaro

com  eileen sares  linkedin equal opportunity employer eclaro values diversity and does not discriminate based on race color religion sex sexual orientation gender identity national origin age genetic information disability protected veteran status or any other legally protected group status",0
"         PARALEGAL           Summary     Licensed Paralegal demonstrating confidence and tenacity in project analysis, as well as sound business judgment.       Highlights          Working knowledge of all aspects of the discovery process  Demonstrated ability to conduct legal research using  Westlaw  Highly skilled at organizing and presenting information objectively      Hands-on experience with PracticeMaster and Tabs3 legal  Proficient in managing clerical duties pertinent to a law office              Experience      Paralegal    January 2013       Company Name   －     State      General Litigation, Commercial Litigation, Bankruptcy, Estate Planning, Worker's Compensation Researching legal issues on West Law; Digesting various legal documents and providing fact summary reports to 			attorney; Drafting issues via inter-office memorandums; Managing attorney's schedule by logging important dates and tasks on the 			company network; Reviewing and Analyzing attorney's work for grammar error; Drafting cover letters; Preparing motion packets; Corresponding with opposing counsel and Courthouse administration; Advising clients of changes in the status of their case; Scheduling depositions; Managing client files on company network through Company's practice 				management system, Practice Master; E-filing time-sensitive legal documents with various Courts; Preparing Pleadings Binders and Trial Exhibits for Court; Ardex Laboratories, 2050 Byberry Road.          Receptionist    January 2009   to   January 2013     Company Name   －   City  ,   State      Provided quality customer service to guests upon entering lobby; Answered high volumes of calls on a multi-line phone system, and 				dispatched them according to priority; Organized and managed company data in Excel spreadsheets; Reviewed and separated paperwork submitted by each salesmen daily; Reviewed invoice information entered into MAS200; Generated weekly sales reports for each salesman; Advised inquiring customers of product order shipment and status 				changes; Managed hard copy files; faxed/emailed invoices and all other requested documents; Separated and dispersed mail to the addressed department; Maintained spreadsheets of all customer payments reported by salesmen 					according to business region; Applied all payments (checks, cash, and credit cards) to customer accounts 			according to salesman, location, and remittance advice; Processed all credit card transactions over company's terminal Deposited checks directly into company account using a PNC Pinnacle 				desktop scanner; Reviewed customer accounts for open invoices with a ninety day 				outstanding balance, and was entrusted to devise payment arrangements 				on a case-by-case basis to avoid excessive late fees and penalties; Tracked salesmen's expenses; Composed inter-office memorandums and account memorandums; Over the course of my final two weeks at Ardex Laboratories I trained two			 new hires in two positions (accounts receivables department and 				receptionist.          Administrative Assistant    January 2007   to   January 2009       Provided quality customer service to people with diverse backgrounds; Answered phones on a multi-line system and dispatched them accordingly 			to priority; Scheduled and organized business/staff meetings and scheduled and 				organized appointments with clients; Drafted and typed proposals/invoices and other related documents on 				company letterhead; Made cold calls to customers that were due for maintenance; Faxed invoices; Entrusted to make managerial decisions to satisfy both the customer and 				the company's best interests; Maintained records for accounts receivable and accounts payable 				transactions; Responsible for all administrative duties as related to the Construction field such 			as filing customer orders, composing business letters, responding to legal 			matters, managing business accounts and being consulted for advertising ideas;.          Customer Service Representative    January 2005   to   January 2007     Company Name          Provided high quality customer service to Pilots and Business Aviation 				Companies; Communicated with pilots via radio to prepare lineman for estimated 				arrival and departure times; Provided and reviewed all catering and other accommodations for Pilots 				and Flight Attendants to ensure a comfortable flight; Scheduled hotel reservations and car rentals for Pilots and Crew; Permitted to use company vehicle; Scheduled aircraft preparation for departing flights; Input data and ticket information into  POS system; All aspects of Administrative work such as typing, filing, answering 				phones and record keeping; Recognized for Customer Service Excellence at Atlantic Aviation.          Education      A.S   :   Paralegal Studies  ,   2012    Manor College          Paralegal Studies        American Bar Association approved institution
Paralegal Certificate   :     2012    Manor College          American Bar Association approved institution        High School Diploma   :     2004    Nazareth Academy High School Middle States Association of Secondary Schools                  Skills    accounts payable, accounts receivable, accounts receivables, Administrative, advertising, attorney, balance, credit, client, clients, Customer Service, Drafting, filing, Law, Legal, letters, Litigation, managerial, Managing, meetings, Access, Excel spreadsheets, Excel, mail, Microsoft Office Suite, office, PowerPoint, Word, network, Paralegal, phone system, POS, proposals, quality, radio, receptionist, record keeping, Researching, sales, scanner, Scheduling, spreadsheets, phones, answering 				phones, typing, Westlaw   ",article  attorney the candidate will meet clients and arraign new cases on intake will work collaboratively with supervisors social workers paralegals and administrative staff to develop case strategy investigate facts and build trusting relationships with clients communicate regularly with clients to understand their goals and to provide them with the information they need to make decisions about their case represent clients at emergency hearings fact finding trials dispositional hearings permanency hearings and termination of parental rights trials in collaboration with our law and appeals team and paralegal team write motions memos of law and appellate papers maintain case files notes and court appearance data on our case management and document management systems additional responsibilities as assigned,0
"         CONSTRUCTION MANAGER           Summary      Energetic Construction Manager consistently involved in all facets of the project. Extremely knowledgeable in Pipe lines,  gas and oil facility's and Mining industry regulations and construction, providing expert direction in all aspects of  contract construction. Strong leadership and communication skill. I am able to recognize problems and solve them and a full understanding the important of forming a strong relationship with the owners and engineers for the good of the project and future work. I work close with the safety side of the projects with a understanding how important safety is for the crew and the company.          Highlights          MSHA Certified  OSHA Certified  Twic Certified   Safety oriented   Specifications API 6A; 5L; 15D; 1104; 653 ASTM A36; A350; A694;392; AWS D1.!                 Strong management skills  Project budgeting  Scheduling   communication skills   Able to form a strong and experienced team for all phases of the project   Work close with the contractors   Computer strong   Clear and strong Verbal skills   Very oriented and organized                   Accomplishments      Managed  $20m to 120m projects, while supervising a team of 40 to 265 workers. I have a proven record of safe job sites, I have the ability to form a safe environment for our contractors and team safety is first. All jobs have come in on time and on budget.         1. Managed safe job sites.    2. Managed shut downs at Kennecott mine, Barrick Gold strike, GSL, all mining.    3. Managed several Tank farms API 650, 653, 620, 651,652    4. Managed Pipe line projects from start to finish.    5. Managed new facilities civil, pipe, structural, Tanks                   ?    ?    ?         Experience      Construction Manager    February 2014   to   May 2016     Company Name   -   City  ,   State     Responsibilities are Manage the construction of the API tanks and facility along with the pipe line from the port to the facility including all drilling under the railway and inner coastal.    Port Hudson I managed the erecting of the API tanks and pipe line from the river to the tanks.      Managed 12 tanks being erected Port Hudson, Scenic, Port Allen          Construction manager    March 2008   to   January 2014     Company Name   -   City  ,   State     Kennecott Construction Manager for the Shut down installed solar turbine and Boiler to produce electricity.     Barrick Gold strike Construction manager of the 85 API tanks project and the structural, civil work     GSL  Managed the building of the pump stations 6 total     Denham mine A retired mine site back on line all new pipe lines and mechanics, shakers silos conveyer belts     Pacific Pipeline Fontana Ca,   ?    ?         Project manager / Construction Manager    January 2003   to   January 2008     Company Name   -   City  ,   State     Hatti - Managed the set up and all logistics to working over seas project 6 tanks and the facility pipe line and pump stations.     New Mexico- Pipe line 17 mile long into the existing facility and built new API tanks 4.    Wyoming  Douglas, Pronghorn facility $ new tanks and all the facility pipe meter skids pump station rail way.   ?         Education      High School Diploma   :     12    Jones High   -   City  ,   State  ,   usa     26 years in the industry from the ground up and the last 15 years as a Project Construction Manager.    I learned the industry from the field and today I have 15 years of Managing the projects and a real good track record.         Skills        ?  Strong Leadership, Strong Computer skills, Cost control, scheduling, managing a team, procurement, estimating, scheduling, coordinate and manage staff meetings.  Very knowledge in the Pipe line, Tanks, Facilities, Mechanical, Civil, Instrumentation.     I have a strong understanding of safety requirements.     The one thing and most important I have the ability to understand how important it is to keep a strong relations ship with the owner and the engineers of the project.       Thank you foryour consideration I look forward from hearing from you.    ","come work for ohm advisors the community advancement firm

with the singular mission of advancing communities our diverse team of professionals works collaboratively across multiple service areas including architecture engineering planning surveying and construction engineering to create better places for people

we are a team of experts with individual specialties working together driven to make a difference through peoplefocused problem solving design and ideas in everything we do we put people first we create places for communities of people that help solve a problem and drive them forwardadvancing the whole today and well into the future

what youll contribute to ohm advisors

as a project manager in the environmental and water resources group ewrg you will lead a range of water resources projects across the midwest ewrg is a diverse  person team looking for an experienced project manager with a passion for water resources the ewrg team works on a variety of water wastewater and stormwater projects including modeling of distribution and collection systems asset management stream restoration green infrastructure and a range of facility designs

a successful candidate for the water resources project manager position is teamoriented organized and has strong technical skills the candidate takes initiative and is current on software regulations and technology this position could be either fulltime or parttime with flexible working arrangements available

your responsibilities
 works directly and collaboratively with ewrg director and director of ohio engineering to meet the needs of operations and engineering for water resource project delivery in ohio
 collaborates with ohms client representatives and works directly with ohms clients to be a local technical advisor to ohiobased clients and support advancement of capital projects
 experienced in data evaluation identification of appropriate treatment technologies development of basis of design and hydraulic calculations and preparation of engineering reports
 preparing and managing scope schedule and budget for proposals and contracts
 leads a team of engineers to support the development of design drawings and specifications and obtaining construction permits from regulatory agencies projects are expected to include water distribution systems sewage collection storage facilities control vaults pumping stations booster stations water and wastewater treatment stormwater systems and green infrastructure
 project coordination during the construction phase
 implementing projects from scoping to completion including overall decisionmaking and qaqc
 familiar with local state and federal funding sources
 familiar with local state and federal permit programs
 excellent verbal and written communication skills

your team

as a trusted member of ohm advisors environmental and water resources group you will join a growing missiondriven team of innovative thinkers who collaborate daily using our combined gifts and talents to continually advance the communities we serve

what youll need to succeed
 bachelors degree in the related engineering field with a focus on water wastewater and reclaimed water engineering
 minimum of  years of progressively increasing responsibility experience in water resources including managing projects and proposal writing
 state of ohio professional engineer license required state of michigan kentucky andor tennessee professional engineer license desirable but not required
 experience with water and wastewater infrastructure design considerations
 computer skills associated with the following programs microsoft word excel bluebeam or other pdf software and scheduling software such as ms project
 demonstrated ability to take the initiative to solve challenging problems
 selfdirected and able to prioritize multitask and meet deadlines
 teamoriented mindset and strong listening and collaboration skills
 strong analytical and problemsolving skills

growth at ohm advisors

advancement isnt just for our clients were committed to moving our team forward too at ohm advisors youll enjoy challenging meaningful work at a growing company creating innovative solutions for forwardthinking clients but theres not just cool work on big projects youll be empowered to create your own career path in a culture that supports your individual professional development goals and encourages your pursuits through continued opportunities for growth read about some of our opportunities for career growth and enrichment on our website

ohm advisors is an equal opportunity employer eoe all qualified applicants will receive consideration for employment without regard to race color religion sex sexual orientation gender identity national origin disability or protected veteran status

experience

required
  years  years progressively increasing responsibility experience in water or wastewater design

education

required
 bachelors or better in civil engineering

preferred
 masters or better

equal opportunity employerprotected veteransindividuals with disabilities

the contractor will not discharge or in any other manner discriminate against employees or applicants because they have inquired about discussed or disclosed their own pay or the pay of another employee or applicant however employees who have access to the compensation information of other employees or applicants as a part of their essential job functions cannot disclose the pay of other employees or applicants to individuals who do not otherwise have access to compensation information unless the disclosure is a in response to a formal complaint or charge b in furtherance of an investigation proceeding hearing or action including an investigation conducted by the employer or c consistent with the contractors legal duty to furnish information  cfr c",1
"         WEB DESIGNER/GRAPHIC DESIGNER       Summary    To obtain a dynamic, challenging opportunity that contributes to the success of the business via eight years proposal coordination experience and 15 years' experience in graphic layout and design. Make a strong contribution by utilizing and expanding upon work experiences and capabilities, related education, oral, written and interpersonal skills. Positively impact the quality of work, acquisition of new business and client retention goals.      Highlights        Proficient in Dreamweaver, Photoshop, QuarkXPress, InDesign, Microsoft Word and PowerPoint; Foundational skills in Illustrator and Microsoft Excel
Copyediting, proofreading, HTML and CSS editing
In depth knowledge of Business Development and Proposal response and coordination process              Experience     01/2010       Web Designer/Graphic Designer    Company Name   －   City  ,   State      Manufacturer of Expansion Joints and Hose Manage front-end web site design to project a visually appealing image of company products and value added services.  Manage all assigned projects from conceptualization to implementation.  Coordinating and communicating with stakeholders in all stages of work to achieve desired message and impact.  Update existing site content through collaboration with subject matter experts to ensure industry relevancy and accuracy.  Develop and redesign company catalogs, periodic internal publications, industry advertisements and sell sheets in a manner that will project a sophisticated image and result in additional sales revenue for the company.  Overhauled the visual appeal and readability of previously developed technical and product catalogs through extensive redesigning.         01/2010   to   Current     Web, Graphics and Written Communications Consultant      Family In Distress, Inc., Augustine Monica Films, LaGrande Famille Preschool, Black Pearl, Inc.  Web site design and maintenance for a variety of clients to provide or enhance online presence, as well as promote the sale of products and services.  Provide graphic design support for non-profit, small business and individual clients to project a professional and polished print image to target audiences.  Written business communications support by gathering information and effectively translating verbal dialogue into well-written, persuasive copy.         01/2008   to   01/2012     Copy Editor and Proofreader    Company Name   －   City  ,   State      Thoroughly proofread web-based documents for The Academy of Nutrition and Dietetics Evidence Analysis Library www.eatright.org (the world's largest organization of food and nutrition professionals).  Copyedited nutritional research studies for accuracy according to ADA's guidelines including citation, terminology and specified table formatting for consistency throughout the extensive user-friendly online library.  Funneled documents to lead editors for final publication and online availability to dietetic and nutrition professionals, researchers and advocates worldwide.         01/1999   to   01/2007     Proposal Specialist    Company Name   －   City  ,   State      Provided professional proposal development support to all divisions of the ARAMARK Corporation.  Achievements Received ""2006 Top Producer"" Award for overall annual production and outstanding peer review.  Recognized as ""Quarterly Top Producer"" several quarters over the course of eight-year tenure at ARAMARK.  Recipient of above average annual merit raises as a result of outstanding performance reviews.  Key Responsibilities: Executed analysis and preparation of RFP'S/RFQ'S/RFI'S in coordination with ARAMARK business development team professionals.  Ensured responses were completed and received operating in a fast-paced, deadline-driven and time-sensitive environment.  Coordinated with ARAMARK company resources to develop business winning, quality customized responses to RFP/RFQ/RFI's including legal, compliance and finance departments as well lines of service and subject matter experts.  Applied ARAMARK corporate methodology and quality assurance procedures to ensure unified branded message and image were delivered every time.  Implemented use of standard corporate response sections based on boilerplate.  Supported customization through editing and/or writing when necessary.  Performed editing and proofreading to ensure accuracy and integrity of all proposal documentation including content flow and organization, syntax and grammar.  Created final documents utilizing QuarkXPress, Photoshop, PowerPoint and Excel.  Assisted in the development and maintenance of database/repository of past responses and supplemental documents including client references, key personnel bios, and résumés.  Supported efforts of directors of business development in procuring new business and retaining existing clients through creation of engaging, informative and well-organized marketing materials, annual client progress reports and case studies.  Regularly communicated progress status during the life cycle of an RFP; kept director of business development abreast of relevant project information concerning addenda or changes to initial response specifications.  Served as a valuable company resource by developing and maintaining a thorough knowledge of ARAMARK's extensive lines of business and services offered.  Documented valuable lessons learned to share with proposal manager and department team members.  Implemented newfound efficiencies and/or best practices into response development process.  Served as a company resource by continuously developing graphic design and layout skills to present sales material in a visually appealing and engaging format.          Education     May 1991     Bachelor of Science  :   Journalism    Boston University College of Communication          Journalism       February 2007     Graphic Design Foundation Certificate      Sessions School of Design                      Certificate in Web Development - February 2002      Illinois Institute of Art                  Skills    ADA, Photoshop, advertisements, business communications, business development, catalogs, content, Copyediting, CSS, client, clients, database, documentation, Dreamweaver, editing, fast, finance, Graphic Design, HTML, Illustrator, image, InDesign, layout, legal, director, marketing materials, Microsoft Excel, Excel, PowerPoint, Microsoft Word, performance reviews, Pearl, personnel, persuasive, Producer, profit, progress, proofreading, Proposal, proposal development, publications, publication, quality, quality assurance, QuarkXPress, research, RFI, RFP, sales, translating, Web Development, Web site design, well-organized, Written   "," we are seeking a senior ui designer who relishes in methodically applied color palettes and takes pride in your type of ramp
 when your work is done the mobile apps and responsive websites you create not only look amazing but act as a seamless extension of your clients brand voice and business strategy
 act as the lead or contributing designer on projects presenting work across the design ux and development teams
 create designs that are onbrand for our clients and follow a projects creative vision and business strategy while putting the user first
 collaborate with other groups like developers engagement managers and ux designers to deliver highquality creative for both internal and clientfacing projects
 provide constructive art direction alongside your fellow designers
 work on projects of varying length and complexity
 contribute to improvements in our creative process and capabilities
   years of related design experience
 experience and ability to work in a variety of digitalfocused design applications like sketch invision and illustrator
 proficiency in web optimization principles and other production methods
 crossplatform web  mobile development experience ios android etc
 proficiency in producing pixel perfect design files
 ability to use motion tools like adobe after effects principle for mac and framer to communicate interaction design and motion
 must be legally authorized to work in the united states without the need for employer sponsorship now or at any time in the future
 experience creating design systems for enterpriselevel experiences
 experience creating icons and other custom illustrations for experiences
 curiosity to learn from others and a passion for learning and pursuing your craft
 experience working in a consulting environment
 participation in the wider design community and connections with creative organizations such as aiga creative mornings etc
 ability to take feedback and use it to improve your work
 a developed personal style with the ability to scale and adapt as the project needs
 sits within our advertising marketing  commerce offering
 within our group we create content communications and experiences that engage and inspire our clients customers to act
 we implement and operate the technology platforms that enable personalized content commerce and usercentric experiences
 and in doing so we transform our clients marketing and engagement operations into modern datadriven creatively focused organizations  all built to drive growth
 from developing a stand out resume to putting your best foot forward in the interview we want you to feel prepared and confident as you explore opportunities at deloitte
 check out recruiting tips from deloitte recruiters
 at deloitte we know that great people make a great organization
 we value our people and offer employees a broad range of benefits
 learn more about what working at deloitte can mean for you
 our people and culture
 our diverse equitable and inclusive culture empowers our people to be who they are contribute their unique perspectives and make a difference individually and collectively
 it enables us to leverage different ideas and perspectives and bring more creativity and innovation to help solve our client most complex challenges
 this makes deloitte one of the most rewarding places to work
 learn more about our inclusive culture
 from entrylevel employees to senior leaders we believe theres always room to learn
 we offer opportunities to build new skills take on leadership opportunities and connect and grow through mentorship
 from onthejob learning experiences to formal development programs our professionals have a variety of opportunities to continue to grow throughout their career
 as used in this posting deloitte means deloitte consulting llp a subsidiary of deloitte llp please see 
 deloittecomusabout for a detailed description of the legal structure of deloitte llp and its subsidiaries
 all qualified applicants will receive consideration for employment without regard to race color religion sex sexual orientation gender identity national origin age disability or protected veteran status or any other legally protected basis in accordance with applicable law
 deloitte will consider for employment all qualified applicants including those with criminal histories in a manner consistent with the requirements of applicable state and local laws
 see notices of various banthebox laws where available
 requisition code ",1
"         PRESCHOOL TEACHER       Summary    Short term, to utilize skills as in the costumer service industry to prepare for my career in the future. Long term, to become an RN in pediatrics and prenatal care.  C ostumer service rep  committed to addressing customer concerns with speed, accuracy and professionalism.   I  am currently a Preschool teacher at  parkway children school | may 2015 to current Teaching between ages 0-4 15 months experience student practioner-clinical externship | college america phoenix | may 2013 160 hours clinical Provided a helping hand at a clinic facility      Accomplishments      Managed call flow with up to  3  calls in 5 minutes.    ​     Worked with special needs children, including those with learning disabilities, mental challenges and physical impairments.       ​       Solved severe child behavioral issues in positive and constructive ways.              Experience     May 2015   to   Current     Company Name   City  ,   State     preschool teacher        Offered detailed daily reports that outlined each child's activities.      Maintained daily records of activities, behaviors, meals and naps.      Carefully monitored children's play activities.      Created and implemented a developmentally appropriate curriculum.          January 2015   to   May 2015     Company Name   City  ,   State     warehouse        Unloaded, picked, staged and loaded products for shipping.      Worked at a rapid pace to meet tight deadlines.           November 2014   to   January 2015     Company Name   City  ,   State     Customer Service Inbond calls        Addressed customer service inquiries in a timely and accurate fashion.    ​         Education     2013     College America   City  ,   State  ,   united states     associate medical  :   Medical specalties    GPA:   GPA: 48            Certifications    First Aid & CPR
Finger print clearance card      Skills     Microsoft, excel experienced, wpm 38    ","franklin university has a fulltime position available as a field experience coordinator for our school of education the field experience coordinator role includes primary responsibility for maintaining documentation of program clinicalinternship requirements for the school of education this individual will manage clinical site agreements maintain documentation of student compliance with all school and agency requirements preceptor documentation and documentation for accreditation and regulatory needs

other major responsibilities include placing student teachers for their clinical student teaching experience overseeing the placement of clinical field experience preprofessional and postbaccalaureate students and organizing a diverse set of experiences for preprofessional and postbaccalaureate students this individual will also participate in the identification and recruitment of highquality university supervisors and will manage and assign them for clinical student teaching experience the field experience coordinator will also train them and cooperating teachers to utilize the field experience assessments in addition the selected individual will work in conjunction with the data collection and support coordinator school of education to track field placements and will foster positive relationships with local school districts and encourage professional development for schools or other partnerships

some travel may be required on a limited basis and the position may involve participation in occasional weekend events

we seek someone with experience working in or with public and private p school organizations a college degree preferably in education or education administration is required with a minimum of a bachelors degree being preferred the selected individual must have strong computer skills including the microsoft office suite of products as well as other databases and a demonstrated background in internetbased research we seek someone with

strong attention to detail demonstrated active listening skills and process orientation who is

flexible able to prioritize multitask and manage several projects simultaneously in a time sensitive environment the field experience coordinator must be able to work both independently and collaboratively with multiple university departments and operate with a high degree of confidentiality

knowledge of higher education regulations compliance and accrediting agencies and experience with clinical management systems would be pluses in this position

about franklin university

founded in  franklin university has built its reputation on removing barriers to higher education for ambitious adults who must balance their educational goals with other commitments accredited and nonprofit franklin has earned its longstanding reputation as an innovator in online education the university offers applied indemand undergraduate masters and doctorate programs that enable adult learners to achieve their educational and professional goals from entrepreneurs to ceos more than  franklin alumni can be found around the world contributing to the communities in which they live and work

franklin offers a competitive benefits package incentive program and free parking in addition franklin provides free undergraduate tuition for employees and immediate family members graduate tuition assistance for fulltime employees and immediate family members and a discount on doctoral tuition for employees

franklin university is committed to creating a respectful and inclusive educational and workplace environment franklin does not discriminate on the basis of age religion race ethnicity color national origin ancestry immigration status sex sexual orientation gender identity or expression marital or familial status disability or veteran or military status",1
"         CONSTRUCTION SAFETY OFFICER       Summary    Resourceful and extroverted safety professional with five plus years of hands on experience in safety coordination. Expert in occupational safety and emergency management. Well versed in handling employee compensation claims and supervising risk analysis. QUALIFICATIONS AND EXPERTISE Proficient in facility monitoring and implementation of OSHA employee safety guidelines Demonstrated ability to manage care operations, insurance underwriting and claim forwarding Expertise in filing, handling and processing employee claims Thorough knowledge of industrial hygiene standards Well familiar with OSHA regulatory authorities Adept at designing and implementing viable precautionary programs based on risk analysis Committed to establishment, implementation and promotion state approved occupational policies and guidelines           Experience      Construction Safety Officer     Sep 2010   to   Jul 2014      Company Name   －   City  ,   State     Responsible for doing regular work site inspections and bringing any safety issues up to field management.  Responsible for filing regular local state and federal safety reports for each project.  Responsible for creating a monthly safety briefing for project managers and executives working out of the main office.         Safety Coordinator     Nov 2008   to   Current      Company Name   －   City  ,   State     Conduct risk analysis and issue safe work method statements regularly Monitor and supervise standard operation procedures at the premises Conduct monthly employee safety audits, issue audit reports and make necessary changes in the standard procedures Carry out safety inspections and incident investigations Conceived and implemented a unique weekly risk analysis mechanism that reduced accident rate by 10% Trained 25 employees regarding implementation of OSHA regulatory authority guidelines Led the company in achieving monthly OH&S targets consistently via ensuring implementation of best employee safety practices.         Safety Intern     Jul 2008        Company Name   －   City  ,   State     Provided safety guidance for operations and personnel at the resort.  Forwarded and processed employee claims.  Anticipated safety hazards via extensive surveying and took precautionary measures accordingly.  Supervised safety management at the environmental laboratory department.         Construction Safety Officer     Aug 2005   to   Sep 2010      Company Name   －   City  ,   State     Responsible for weekly work site safety audits that were distributed to field and office management.  Worked closely with field management to maintain all local state and federal safety standards.  Responsible for developing safety policies for each project and updating policies for ongoing projects.         Construction Safety Officer     Jun 1998   to   Aug 2005      Company Name   －   City  ,   State     Responsible for weekly safety reports that were presented field and office management.  Responsible for quarterly safety audits for the local state and federal safety agencies.  Responsible for developing and updating all safety policies on all work sites.         Education      Associate degree  ,   Risk Management   2008     Barrington College   －     State     Risk Management       Associate's Degree  ,   Construction Administration   1998     Ullman Community College   －   City  ,   State     Construction Administration       Certifications    Construction Safety
* Employee Claim Processing
* Certified Fire Fighter and CPR Trained
* Forklift CertifiedTWIC OSHA 500 Authorized Construction Trainer OSHA Authorized Disaster Site TrainerHAZMAT Certified National Safety Council CP NSC First Aid Instructor Certification ITT – Baton Rouge, LA – Completed courses inBasic PipefittingBasic OperationsInstrumentation  Various Other Training Programs, includingOccupational Safety/Health Standards in Construction Industry Louisiana Building & Construction Trades Council Safety Council CourseFirefighting      Skills    audit reports, CPR, filing, Forklift, office, office management, personnel, policies, Risk Analysis, Safety, unique   ","construction project managerremote flexibility  new england summaryto support the managing and communication of information for all phases of construction projects including budgeting permitting contract documents material purchasing and procurement site services warranties and close out documents and providing as needed support to field superintendents to ensure that specifications are being strictly followed and work is proceeding on schedule and within budget project manager shall be responsible for field and office coordination contract documents and management of internal documents and recordsessential functions  major responsibilities of project manager
 communicating with project team and finding solutions to asis rfis and other questions that arise throughout the life cycle of the project
 reviewing submittal documents
 reviewing ownergc and gcsubcontractor contracts and exhibits for accuracy and relevancy
 tracking and managing project expenses material purchases and other budget items
 preparing and distributing weekly reports meeting notes agendas etc as required by project
 preparing distributing and archiving close out documents
 providing support to site superintendents to answer questions order materials etc as needed to ensure project schedule is maintained
 perform site inspections as required
 obtaining project permitssecondary functions
 assisting in project bidding and budgeting
 maintaining project documents digital and hard copy in an organized manner job scopethe project manager is responsible for understanding a projects full scope of work and providing guidance to ensure the scope of work is executed on schedule and within budget this role will require constant interaction and communication with personnel within and outside the company daily tasks will vary depending upon the project requirements but will foremost ensure that all clarifications conflicts or questions be resolved in a timely manner to support the continued construction of a project all changes or requests for monetary agreements must be approved by supervisor prior to execution however all documents related to such agreements will be prepared and distributed by project manager supervisory responsibilityproject manager shall supervise all assistant project managers this supervision shall ensure tasks are being completed in a timely manner and meet the standard practices of the company

knowledge skills and abilities
 ability to communicate both written and verbal with a variety of parties regarding possible conflicts questions or dispute
 ability to identify and execute solutions to problems
 communicate using the following tools telephone written logs email computer cell phone digital camera
 ability to coordinate and comprehend project drawings specifications and other legal documents
 customer service
 manages difficult or emotional customer situations responds promptly to customer needs solicits customer feedback to improve service responds to requests for service and assistance meets commitments
 interpersonal skills
 focuses on resolving conflict not blaming maintains confidentiality listens to others without interrupting keeps emotions under control remains open to others ideas and tries new things
 oral communication
 speaks clearly and persuasively in positive or negative situations listens and requests further clarification if needed responds well to questions demonstrates group presentation skills participates in meetings
 written communication
 writes clearly and informatively edits work for spelling and grammar varies writing style to meet needs presents numerical data effectively able to read and interpret written and drawn information
 teamwork
 balances team and individual responsibilities exhibits objectivity and openness to others views gives and welcomes feedback contributes to building a positive team spirit puts success of team above own interests able to build morale and group commitments to goals and objectives supports everyones efforts to succeed
 planningorganizing
 prioritizes and plans work activities uses time efficiently plans for additional resources organizes or schedules other people and their tasks develops realistic action plans
 professionalism
 approaches others in a tactful manner reacts well under pressure treats others with respect and consideration regardless of their status or position accepts responsibility for own actions follows through on commitments
 quality
 demonstrates accuracy and thoroughness looks for ways to improve and promote quality applies feedback to improve performance monitors own work to ensure quality
 quantity
 meets productivity standards completes work in timely manner strives to increase productivity works quickly
 safety and security
 observes safety and security procedures determines appropriate action beyond guidelines reports potentially unsafe conditions uses equipment and materials properly
 adaptability
 adapts to changes in the work environment manages competing demands able to deal with frequent change delays or unexpected events
 attendancepunctuality
 is consistently at work and on time ensures work responsibilities are covered when absent arrives at meetings and appointments on time
 dependability
 follows instructions responds to management direction takes responsibility for own actions keeps commitments commits to long hours of work when necessary to reach goals completes tasks on time or notifies appropriate person with an alternate plan
 initiative
 volunteers readily undertakes selfdevelopment activities seeks increased responsibilities takes independent actions and calculated risks looks for and takes advantage of opportunities asks for and offers help when neededother qualifications
 must be able to travel to the jobsites if required for site visitseducation andor experienceminimum of five years of verifiable experience thorough knowledge of trades and be computer literate office experience of procore google drive microsoft office excel word project  outlook is also preferred ability to read and interpret drawings specifications and documents such as safety rules operating and maintenance instructions and procedure manuals ability to write routine reports and correspondence ability to speak effectively before groups of customers or employees of organization compensation
 fulltime position
 salary commensurate with experience
 holiday paid time off
 eligible for k paid health benefits and paid vacation time after initial waiting periodreporting structure

will report directly to the director of construction job typeslocation travel to jobsites in various locations is requiredremote work",1
"         FINANCE CUSTOMER CARE REP LEAD         Summary     Property Manager with vast experience in real estate management. Strengths include sales skills, critical thinking and the ability to communicate with individuals at all levels.       Highlights          Microsoft Office 2010  Microsoft Project 2007  Sage Timberline Accounting  Yardi Voyager  Microsoft Office 2010 Suite  Sage Timberline Office  Yardi Voyager  Payroll expertise       Fair housing mandates  Knowledge of leasing and market conditions  Multi-family property management  Strong organizational skills  Sharp problem solver  Training manual contributor  Dedicated to process improvement            Accomplishments     Developed annual budgets, including determining short and long-term goals to support the overall profit and growth objectives.       Experience      Finance Customer Care Rep Lead  ,   05/2012   to   Current    Company Name   －   City  ,   State     Created new processes and systems for increasing customer service satisfaction.  Developed highly empathetic client relationships and earned reputation for exceeding customer expectations.  Cross-trained and provided back-up for other customer service representatives when needed.  Resolved customer/vendor issues timely and accurately   Worked under strict deadlines and responded to customer/vendor requests with in 24 hour SLA.  Interacted with vendor to follow-up on payment statuses and expedited resolution of payment issues.  Promptly responded to general inquiries from members, staff, and clients via mail, e-mail and fax.  Processed credit card payments for customers.  Created training materials to be used by new hires and as cross training aids for other members of the Finance team.         Payroll and AR Manager  ,   05/2010   to   01/2012    Company Name   －   City  ,   State      Manually process all time cards into the payroll system and clarify any errors for approximately 250+ employees as well as manage payroll of 40 salaried employees.  Submit certified payroll to clients verifying all federal guidelines are followed.  Executed accounts receivable reporting enhancements and reconciliation procedures.  Helped implement biometric time card system.  Prepare all monthly AIA construction billings and special clients forms based on work performed and send to client.  Make collection calls on all billings submitted and project payment dates.  Prepare and update monthly collections report and daily cash collections for Senior Management.  Attend all pre-construction meetings for verification of accounting contact information, billing forms, and tax exemption status/certificates.  Process weekly payroll, payroll taxes, 401K payments using Sage Timberline Accounting software.  Deposited third party checks.          Assistant Site Manager  ,   06/2009   to   01/2010    Company Name   －   City  ,   State      Interviewed prospective tenants and recorded information regarding certain needs and qualifications.  Executed daily operations of multiple rental properties.  Prepared lease and rental agreements for lessees and collected specified rents and other fees.  Arranged for alterations, maintenance, upkeep and reconditioning of property.  Prepared and coordinate marketing via various websites.  Managed  accounts payable and account receivable functions for multiple properties Prepared, edited and distributed letters, memos and inquiry responses.  Coordinated the completion of a federal physical inspection which obtained a 99 out of a possible 100 points.  Maintained in-depth knowledge of competition through consistent evaluation of market conditions and trends.  Collected and kept careful records of rental payments.  Handled customer complaints personally to verify they were properly handled.  Reviewed completed applications and assessed household information against file history and program regulations.  Conducted annual re-examination appointments and housekeeping inspections.          Property Manager  ,   10/2006   to   06/2009    Company Name   －   City  ,   State      Executed daily operations of a 440 unit apartment and townhouse community.  Supervised 9 employees, scheduled work hours, resolved conflicts, and determined salaries.  Handled all legal proceedings with eviction of tenants.  Maintained accounting and budgetary controls for the site.  Managed and maintained filing system, ensuring compliance with HUD and IRS.  Directed preparation of financial statements and reported on status of properties, including occupancy rates and lease expiration dates.  Worked very closely with the local housing authority.  Trained new employees on the Yardi system.          Program Specialist III  ,   10/2004   to   10/2006    Company Name   －   City  ,   State      Managed program to ensure that implementation and prescribed activities were carried out in accordance with specified objectives.  Assisted in making travel arrangements for diverse conferences and educational opportunities.  Researched, compiled, and analyzed data for several projects.  Successfully managed a 20-person team who deployed various out reach programs to a targeted community.  Created and prepared program reports, expense reports and presentations.  Structured and maintained a diverse advisory board.  Controlled expenditures in accordance with budget allocations.  Reviewed reports and records of activities to ensure progress was being accomplished toward specified program objective.  Maintained data base with confidential information.          Administrative Assistant  ,   01/2003   to   10/2004    Company Name   －   City  ,   State      Managed calendar, scheduled meetings, arranged and facilitated presentations for organizations.  Served as Administrative contact for clients and external associates.  Created and maintained data base for contacts as well as mailing lists.          Community Manager  ,   01/2000   to   01/2003    Company Name   －   City  ,   State      Coordinated the completion of a $4.3 million property renovation with a 90% occupancy rate.  Hired and trained new employees in Section 42,8 and 236 housing laws Completed critical first year files of a 176 unit section 42 program.  Worked as a floating manager on a number of section 42 properties.  Supervised 14 employees, scheduled work hours, resolved conflicts, and determined salaries.  Collected and kept careful records of rental payments.  Oversaw budgeting process for 3 assigned properties.  Monitored and documented all income, including delinquencies.  Managed all day-to-day activities involving tenants, subcontractors and property management.  Compiled and conveyed all operational and financial data to the regional manager.          Education      Bachelors  :  Business and Finance      DeVry University   －   City  ,   State       Coursework in Business Management and Finance         Skills     Accounting, Accounting software, accounts payable, Administrative, AIA, billing, billings, budget, clarify, conferences, client, clients, data base, Senior Management, filing, financial statements, forms, legal, letters, marketing, meetings, Microsoft Office, Office, Microsoft Project, payroll, presentations, progress, Sage, Structured, tax, taxes, Timberline, travel arrangements, websites    ","quadient has been helping customers since  thats right almost  years we are the driving force behind the worlds most meaningful customer experiences by focusing on four key solution areas including customer experience management business process automation mailrelated solutions and parcel locker solutions quadient helps simplify the connection between people and what matters quadient supports hundreds of thousands of customers worldwide in their quest to create relevant personalized connections and achieve customer experience excellence because connections matter

deliver with passion

quadient delivers exceptional experiences with passion we continually strive to innovate and reimage something new that inspires and motivates people to exceed expectations our business success is underpinned by the trust that our clients invest in our products and in our commitment to delivering the very best solutions this trust is earned by great people doing a great job we call it the power of you

thats nice but whats the job

this is where the magic happens

in short the quadient customer service representative is responsible for handling inbound inquiries from internalexternal customers dealers and field service offices based from our call center in carrollton tx

wait theres more these calls will vary between dispatching repair questions detailed problem resolution through troubleshooting equipment postage and supply support billing inquiries and the resolution review and explanation of contractual agreements as well as other various requests demonstrate the commitment to customer retention and teamwork our topnotch customer service reps possess the initiative to seek and embrace change remain flexible as the business needs require the ability to improve the company by establishing and achieving goals a style of communication that is open and honest and represents our organizational core values in every interaction

so what kind of folks are we looking for

do you have what it takes to be part of the quadient team
 responsible for promptly handling incoming calls for inquiry resolution and processing documentemail inquiries for district dealer and internal customers
 provide first call resolution when troubleshooting depot repair equipment models
 use various software programs while assisting customers and properly document information relative to the call
 interact professionally with internal and external areas to resolve issues accordingly
 respond to voicemails emails and faxes in a clear and concise manner that is timely based on the urgency of the request
 exercise judgment and discretion in the completion of daily tasks and interaction with customers
 partner with the managers leads and fellow team members to ensure full preparation to work efficiently and effectively
 research and resolve routine requests and customer concerns as received
 take every opportunity to exceed the expectations of both internal and external customers
 accomplish additional tasks duties or projects assigned by the management team
 be able to meet and exceed established call metrics and follow a set schedule predetermined by our workforce team

what it takes to be a successful customer service representative
 high school diploma or equivalent ged required
  years of customer service experience with  year being continuous
 must work well under pressure
 must be able to multitask in a highvolume fastpaced call center environment
 intermediate computer skills including outstanding typing  wpm and key by touch
 proficiency in windows based applications including microsoft office word excel outlook etc
 reliable high speed internet connection
 ability to work in a remote environment with minimal noise and distractions while able to consistently produce measurable results
 hands on experience of troubleshooting depot repair and other products as required preferred
 hands on knowledge of the following systems preferred salesforce crm atlas erp sfdc servicemax ols talkdesk
 leasing and billing experience utilizing multiple software systems preferred
 knowledge of order care processes and procedures preferred

our values define how we work as a team empowerment passion inspiration and community they make us epic together
 empowerment  embrace and drive change
 passion  determined to drive customer success
 inspiration  lead by example and constantly innovate
 community  collaborate like crazy

employee benefits

quadient offers comprehensive benefits packages with compensation that starts at hour

we want quadient to be a place where we are all able to bring our whole selves to work and where our differences are embraced and celebrated we operate in diverse areas cultures and communities our customers are as unique as we are

quadient is an equal opportunity employer and all qualified applications will receive consideration for employment without regard to race color religion sex national origin disability status or any other characteristic protected by law

about quadient

at quadient we exist to help organizations simplify the connection between their customers and what matters most from mortgage approvals medical results and insurance claims to accounts receivables invoices and inbound packages

every day  we help companies manage over  million connections with their customers our awardwinning solutions and best in class customer service are the reasons we have grown to become the driving force behind the worlds most meaningful customer experiences

disclaimers

quadient does not accept unsolicited resumes from headhunters recruitment agencies or feebased recruitment services please do not forward resumes to our jobs alias quadient employees or any organization location quadient is not responsible for any fees related to unsolicited resumes

us  disclaimer the above statements are intended to describe the general nature and levels of work being performed by people assigned to this classification they are not intended to be construed as an exhaustive list of all responsibilities duties and skills required of personnel so classified",0
"         CHEF       Summary    I have been in the restaurant business for 25+ years.  I have worked long
term (8+ years) for quite a few establishments. I am a hardworking chef, with a passion for food.
I have years of experience with every position in the back of the house.
Preparing soups, sauces, breaking down fish, meat and poultry are just a few things that I am very familiar with.      Experience     08/2015   to   Current     Chef    Company Name   －   City  ,   State    Line chef in high volume restaurant.  Able to cook and plate up to 90+ lunches unassisted on a daily basis.       01/2015   to   08/2015     Chef    Company Name   －   City  ,   State    Helped friends out during a quiet time by cooking on the line at this seasonal country club.       04/2004   to   01/2015     Chef/Owner    Company Name   －   City  ,   State      Managed kitchen staff by recruiting, selecting, hiring, orienting, training, assigning, scheduling, supervising, evaluating and enforcing discipline when necessary.  Prepared all foods including soups & sauces.  Strong commitment to quality, service and cost control.  Prepared food items consistently and in compliance with recipes, portioning and cooking.  Developed menus, pricing and special food offerings to increase revenue and customer satisfaction.  Actively involved in cost control, sanitation, menu development, training, recruitment, private dining and catering.  Planned lunch, dinner and bar menus, as well as special menus for in-house.  Properly labeled and stored all raw food ingredients including produce, meat, fish, poultry, dairy and dry goods in the appropriate storage room, walk-in refrigerator, freezer or cooler.         05/1995   to   03/2004     Chef/Manager    Company Name   －   City  ,   State      Managed all inventory, cost control, sanitation, menu development, training and recruitment.  Prepared all soups and sauces.  Butchering skills utilized.  Ordered all food and beverage for on premise.  Scheduled all back of house staff.  Led shifts while personally preparing and executing food items for diners.  Accepted all deliveries to the kitchen and front of the house.  Able to keep up with multiple tasks in this face paced environment.  Knowledge of Health and Safety regulations required by the state of Vermont.          Education          High School Diploma      Brentwood High School   －   City  ,   State              Skills     - Safe handling of all commercial food service equipment   - Able to follow recipes, instructions and guidelines   - Meticulously attentive to quality and detail of all food preparations   - Familiar with POS data entry   - Able to calculate food cost   - Familiar with all aspects of the back of the house   - Experienced with broiling, braising, sauté, grilling and baking   - Able to multitask in a fast paced environment   - Knowledge of state health and safety codes including labeling, dating and     rotating   - Able to keep to budget concerning labor and food cost    ","this job posting is for a position in a restaurant owned and operated by an independent franchisee and not mcdonalds usa this franchisee owns a license to use mcdonalds logos and food products for example when running the restaurant however this franchisee is a separate company and a separate employer from mcdonalds usa if you are hired for the job described in this posting the franchisee will be your employer not mcdonalds usa only the franchisee is responsible for employment matters at the restaurant including hiring firing discipline supervisions staffing and scheduling employees mcdonalds usa has no control over employment matters at the restaurant mcdonalds usa will not receive a copy of your employment application and it will have no involvement in any employment decisions including whether you receive an interview for the job or whether you are hired

we are hiring driven crew members

start moving forward safely today  mcdonalds corporateowned and franchise restaurants have over  procedures in place to help ensure the safety and wellbeing of crew members customers and the community

start building your future today  build your skills through worldclass training and pursue your education we offer college tuition assistance free high school completion programs free english language classes and even career advising to help employees achieve their goals

start a flexible schedule today  get a job that fits your life and encourages you to balance whats important to you 

start a feelgood moment and start your application today


responsibilities
whether youre looking for parttime or fulltime work to support your next step youve come to the right place team member opportunities are available practically anytime breakfast lunch late nights weekends  whenever works for you

how do crew members play a key role in the restaurant
connect with customers to ensure they have a positive experiencehelp customers order their favorite mcdonalds mealsprepare all of mcdonalds world famous foodpartner with other crew and managers to meet daily goals and have funkeep the restaurant looking phenomenal

additional info
in addition to competitive pay a crew member at a mcdonalds franchiseowned restaurant is eligible for incredible benefits including
flexible scheduling we post schedules two weeks in advance so you can plan your life and have funaccrued pto vacation and sick dayshs diploma program free to all crew membersfree money towards college education year for crew members no strings attached different colleges that work with mcdonalds employees for tuition free college educationaccess to hundreds of companies that share their employee discounts with mcdonalds crew canon apple beats by dre etcwe also love to have friendly competitions between our stores and within our stores previous stores have won pizza parties dinners out on the town gift cards galore and so much more bragging rights are always a good bonus toofree employee meals every shift  off meals on your days off

this job posting contains some information about what it is like to work in a mcdonalds restaurant but it is not a complete job description people who work in a mcdonalds restaurant perform a number of different tasks every day and this posting does not list all of the essential functions of this job
",0
"         INFORMATION TECHNOLOGY         Summary     Dedicated  Information Assurance Professional  well-versed in analyzing and mitigating risk and finding cost-effective solutions. Excels at boosting performance and productivity by establishing realistic goals and enforcing deadlines.  Versatile IT professional with 37 years of Enterprise design and engineering methodology.       Skills          Enterprise platforms  Knowledge of Product Lifecycle Management (PLM)  Project tracking  Hardware and software upgrade planning  Product requirements documentation  Self-directed  MS Visio  Decisive  Collaborative  Domain Active Directory Layout  Data storage engineering      Information Assurance  Risk Management Framework (RMF)  Active Directory design and deployment  Workstation build and deployment  Systems Accreditation Packages  Red Hat Enterprise Linux installation and hardening  Network Design & Troubleshooting   High Performance Computing            Experience      Company Name    City  ,   State    Information Technology   02/2011   to   Current        I was hired to manage accreditation
efforts for a major department modernization project involving 3
accreditation packages each leading to successful Authorization To
Operate decisions.  Responsibilities then increased to include all
departmental accreditation efforts leading to another 3 successful
ATOs.  Now, working on 4 new accreditation including
re-authorization for an existing project.  Succeeded in writing and
implementing vulnerability management for existing accredited
systems.





Success
of the accreditation hinged on coordination with ONI Enterprise in
critical design decisions and to help the program integrate smoothly
into the Enterprise thru many meetings, analyzing the Enterprise
business model to understand the best fit for the program.





The
different projects required careful management of specific STIG
compliance and hardening for the different configurations and
services required for the specific domain to be integrated.   Analyzed complex computer systems to assess vulnerability and risk.    Supervised  5  external computer consultants and vendors.    Managed application patches, data backup, security changes and network configuration.           Company Name    City  ,   State    Systems Engineer   02/2006   to   02/2011        I was Hired
to initiate processing strategies in fulfilling department analyst requirements.  Requirements were fulfilled thru i dentifying product problems and strengths and collected data on customer experience  and review of Enterprise compliance to transition to new
technology for supporting new processing needs thru proper processing
power.  The next challenge  came as storage requirements for better performance and more
controlled uses.  After careful study of local infrastructure design, a local storage with off the shelf solutions was
adopted to grow local storage to over 200TB.  In using this solution,
the department saved just over a million dollars in purchasing and
maintenance costs compared to the alternative. Next came requirements to improve processing of future big data formats fulfilled in a Red Hat Linux high compute cluster I designed, purchased and
accredited for operation in the Enterprise.  Improvement on big data analytical processing reduced time from
30 hours to 30 minutes as well as allow for more robust data thru
higher selections of sensors, frequencies and range than allowed thru
the traditional process.         Company Name    City  ,   State    Senior Systems Analyst   02/1999   to   02/2006        I was hired to improve corporate and
client communications and processing requirements which resulted in
the design, build and deployment of 3 Enterprise network solutions.  One
solution resulted in expanding capabilities to supporting Washington
Navy Yard, Norfolk Virginia and Hawaii support facilities. 






Fulfilled
requirements for detecting crucial network software/hardware
weaknesses and developing preventive strategies and solutions for
avoiding interruptions and increasing system security thru
documenting system layouts, wiring diagrams and addressing schema to
understand layouts and make informed solutions to upper management.



          Education and Training      Associate of Science  :  Electronic Engineering   1980     Florence Darlington Technical School  ,   City  ,   State       Electronic Engineering.     Dean's list for high GPA.      Class President for second year          Skills        Active Directory  Hardware Engineering  Information Technology  Red Hat Enterprise Linux Servers  MS Windows Servers  MS Windows Desktop  Network Design & Troubleshooting  Architectural Diagrams  Accreditation Boundarys  Risk Management  Enterprise Strategies  Vendor Relations   Desktop Publishing Software: Photoshop, Illustrator, HTML  Team Work  Collaboration     ","risk strategies is a top national specialty insurance brokerage and risk management firm assisting organizations and individuals to simplify the process of protecting assets offering benefits and minimizing liability as a subsidiary of risk strategies company  intermediaries and specifically our team at safeware is now one of the most recognized names in product protection at the present time we are seeking a vp business intelligence to be responsible for the execution of future strategy and direction of the organizations actuarial underwriting data reporting and risk management our innovative approach to insurance and extended warranty solutions has propelled the company into multiple industries including education corporate technology fitness furniture and appliances by allowing partners to customize coverage based on their unique needs we provide bestinclass programs allowing customers to own their products with confidence

primary responsibilities and duties
 provide leadership vision and direction to the archetecture and user interface design of business intelligence
 overall leader for budgeting and optimizing the cost risk and value of bi applications throughout their lifecycle
 oversight for dayto dayfunctions of business intelligence department including but not limited to establishing objectives and success factors performance reviews and providing handson training
 ability to influence how applications and appropriate data anlalyses can enable new sources of value
 interpret business requirements and determines optimum bi solutions to meet needs
 provide input to business requirements for the design of solutions participate in work stream planning process including inception technical design development testing and delivery of bi solutions
 create and maintain external relationships with large reselling and underwriting partners assist reselling partners through data analytics reporting and price requests
 review test plans and monitor testing process to ensure that business operations perform as desired
 provide input to standards policies and procedures for the form structure and attributes of the bi tools and systems design and deliver enduser training and training materials
requirements
 bachelors degree in actuarial science applied statisticsmathematics or related degree
  years of experience in a similar environment highly preferred with  years handson managerial experience
 designated actuary acas or asa  experience with data analytics software tableau qlik or power bi
 computer programming experience sql preferred
 experience in both ratemaking and reserving",0
"         PROCESS ENGINEERING INTERN           Profile    PhD cleanroom expert looking for an opportunity to work as a full- time module/process engineer in Lam Research Experience working in both a research cleanroom facility and a semiconductor fab. Hands on experience with fabrication methods such as plasma etching, photolithography, wet etch processing, and PVD
Well understanding of Statistical Process Control (SPC) and Design of Experiments (DOE)        Professional Experience      Process Engineering Intern    June 2014   to   August 2014     Company Name   －   City  ,   State      Worked on short-loop study for qualifying new metal etch platform Performed edge exclusion standardization for measurement tools in Etch/CMP/Wet Etch area Wrote ""Klarity ACE"" recipes to provide scheduled/automated reports for inline parameters capability, tool-tool (chamber-chamber) matching, and PT-Inline cross-correlations for plasma etch module engineers Generated internal documentation for sampling plans in Etch/CMP/ Wet Etch area Academic Cleanroom Experience Washington Nanofabrication Facility, UNIVERSITY OF WASHINGTON.          Research Assistant    January 2008   to   Current       City  ,   State      Project: ""A NEW INTEGRATED ENDOSCOPE SYSTEM"" Developed a full MEMS fabrication process of a mechanical resonance based scanning device.  Integrated with Laser and fiber optics to enable in 2D micro-displays scanning system Setup benchtop spin coater (SCS 6800) and sputter (Denton Desk V) in lab.          Graduate Researcher    January 2003   to   January 2005     Company Name   －   City              Education      Ph. D   :   Mechanical Engineering  ,   April, 2015    University of Washington   －   City  ,   State      GPA:   GPA: 3.52 / 4.0    Mechanical Engineering GPA: 3.52 / 4.0 Dissertation: ""Design and Fabrication of Mechanical Resonance Based Scanning Endoscope""        M. S   :   Bio-Industrial Mechatronics Engineering  ,   2006    National Taiwan University   －   City  ,     Taiwan    GPA:   GPA: 3.9 / 4.0    Bio-Industrial Mechatronics Engineering GPA: 3.9 / 4.0 Thesis: ""Integration and Fabrication of 2D Phononic Crystals and Surface Acoustic Wave Micro Device""        B. S   :   Mechanical Engineering  ,   2003    National Central University      Taiwan    Mechanical Engineering        Affiliations     National Society of Professional Engineers (NSPE)       Accomplishments      Design, Experimental, and Analysis Investigation of Novel Micromachined Phononic Crystals- Development of High-Frequency Surface Acoustic Waveguides"" Micro-fabricated MEMS phononic crystals, integrated with surface acoustic wave (SAW) micro devices on silicon wafers Related Class Projects Process Flow and Device Mask Design foran N-MOS Transistor"" EE527 ""Solid-State Lab Techniques"" final project Designed both CAD layout and a completed fabrication flow of an n-MOS transistor Cross-Sectional In*uence on FinFET Characteristics"" EE539A ""Semiconductor Devices"" final project Discussed basic device physics of FinFETs, compared FinFETs and competing UTB-SOI technology Simulated cross-sectional influences on the characteristics of FinFETs using SILVACO Atlas Experiment Study on Internal Stress in SU-8 Photoresist Cantilever Structure"" ME561 ""Thin Films"" final project Calculate the value of the residual stress in SU-8 Photoresist due to the difference of coefficient of thermal expansion (CTE) mismatch between film and substrate Optimized process recipes (PEB temperature/duration) to reduce photoresist cracking/delamination/buckling due to residue stress Tool Proficiency Photolithography: mask writer (Heidelberg µPG 101), Aligner (Karl Suss MA6, ABM, & EVG 620), Spin coater (SCS SCS 6800 series, & Headway PWM32), HMDS oven (Yield Engineering Systems), wet bench Dry Etch: RIE (Trion Phantom RIE & Advanced Vacuum Vision RIE), Deep RIE (STS Multiplex & Oxford Instruments Plasmalab 100 ICP-380) PVD: Sputter (Kurt J.  Lesker Lab 18, & Denton Desk V), e-beam evaporator, thermal evaporator Metrology: SEM (FEI Sirion & JEOL JSM-7400F), Optical profiler (Veeco Wyko NT Series), profilometer (KLA Tencor P-15 & Alphasteps), nanospec (Nanometrics) Others: Wet process (Piranha, RCA Clean, HF/BOE), Cu platting, CMP, furnace (annealing/sintering/oxidation).        Publications    Gu, Kebin, Chi-June Lee, Chun-Wei Wu, Chih-Hsuan Chien, and Wei-Chih Wang. ""A 2D piezoelectric actuated scanning image acquisition."" In SPIE Smart Structures and Materials+ Nondestructive Evaluation and Health Monitoring, pp. 86952F-86952F. International Society for Optics and Photonics, 2013. Wang, Wei-Chih, William Soetanto, and Kebin Gu. ""Fiberoptic microphone using a polymeric cavity."" In SPIE Smart Structures and Materials+ Nondestructive Evaluation and Health Monitoring, pp. 79842B-79842B. International Society for Optics and Photonics, 2011. Gu, Kebin, C-C. Lee, W. Cui, M. Wu, and W-C. Wang. ""Design and fabrication of mechanical resonance based scanning endoscope."" In Solid-State Sensors, Actuators and Microsystems Conference (TRANSDUCERS), 2011 16th International, pp. 1574-1577. IEEE, 2011. Gu, Kebin, C-L. Chang, J-C. Shieh, and W-P. Shih. ""Design and fabrication of 2d phononic crystals in surface acoustic wave micro devices."" In Micro Electro Mechanical Systems, 2006. MEMS 2006 Istanbul. 19th IEEE International Conference on, pp. 686-689. IEEE, 2006. Thesis: Design And Fabrication of 2D Phononic Crystals in Surface Acoustic Wave Micro Device Thesis: Design And Fabrication of 2D Phononic Crystals in Surface Acoustic Wave Micro Device Dissertation: Design and Fabrication of Mechanical Resonance Based Scanning Endoscope Dissertation: Design and Fabrication of Mechanical Resonance Based Scanning Endoscope       Skills    Academic, documentation, edge, fiber optics, Laser, Mechanical, Scanning   ","job number 

cleveland ohio  cleveland ohio

travel yes   of the time

schedule fulltime

posted 

description

here we believe theres not one path to success we believe in careers that grow with you whoever you are or wherever you come from in the world theres a place for you at sherwin williams we provide you with the opportunity to explore your curiosity and drive us forward well give you the space to share your strengths and we want you to show us what you can do you can innovate grow and discover in a place where you can thrive and let your colors show sherwinwilliams values the unique talents and abilities from all backgrounds and characteristics all qualified individuals are encouraged to apply including individuals with disabilities and protected veterans

the sr devops engineer is responsible for configuration implementation and support of web solutions and headless commerce in a global containerized cloud environment including web servers hcl application servers search servers aem servers agent servers mq servers and other servers this role helps maintain current or near current levels of software patches features and configurations for the it systems using automation and infrastructureascode and other best practices this position focuses on cicd processes leveraging infrastructure and operations as code concepts the sr devops engineer provides documentation across the multiple environments and crosstrains team members on supported technologies

essential functions

strategy  planning
 participate in creating quarterly work plan of activities in support of customervendor goals andor strategies provide input to creation of rolling maintenance plan of activities  months in advance
 contribute to capacity and scalability planning efforts
 develops and implements standards and guidelines to guide infrastructure strategy
 plans and migrates legacy software and systems to leverage current web technologies

acquisition  deployment
 participate at the task level in the transition of support for new it solutions that have been implemented for customer by internal teams or other implementation partners
 define and implement plans to upgrademigrate technology versions and to standard platforms
 plan coordinate and implement security measures to safeguard information against accidental or unauthorized damage modification or disclosure
 participate in applicationserverplatform lifecycle management
 define and deploy servers and applications leveraging automation and source control

operational management
 participate in the design engineering configuration operation and maintenance of secure and scalable internetcloud hardware and software infrastructure that serves up web pages and web applications
 automates installation and configuration standards of applications and software packages implemented
 troubleshoot and resolve issues affecting the hardware and software infrastructure
 perform automated controlled deployments of digital assets between development quality assurance and production environments
 tune infrastructure web and application server performance
 ability to plan and complete projects based on highlevel requirements with minimal or no guidance
 mentor and coach junior engineers
 work closely with lead engineers to understand and implement team standard platforms and technologies
 perform activities in support of a  global support model for critical production environments
 track daily work in project management software
 define and implement monitoring of business transactions servers application website and infrastructure

incidental functions
 monitor servers applications and websites leveraging enterprise platform
 plan and implement disaster recovery plans
 evaluate product proof of concepts
 assist with various projects as may be required to contribute to the efficiency and effectiveness of the work
 participate in hiring activities and fulfilling affirmative action obligations and ensuring compliance with the equal employment opportunity policy
 minimal travel is required
 work outside the standard office  hour workday may be required

position requirements

formal education  certification
 bachelors degree or foreign equivalent in related field or equivalent experience

knowledge  experience
  years it experience
  years experience working with hcl commerce andor sterling order management
  years experience with websphere application server or similar installation and performance tuning
 excellent understanding of weblogic or websphere admin servernode managermanaged server components and architecture and concepts including pkitls ldapoud multiple domains
  years experience with automation and deployment tools eg ruby puppet chef jenkins
 strong knowledge of container deployment and analysis of log files
 understanding of the key underlying enterprise java technologies eg jms jdbc jndi including how they are configured and administered
 working knowledge of nginx or apachebased webserver
 understanding of dns tcpip load balancing and network concepts
 very good working knowledge of linux
 good understanding of  technologies eg servlets jsps ejbs web services etc
 familiar with infrastructureascode principles and development workflow to provide automation and repeatable processes for environment creation maintenance and enhancement

preferred qualifications and skills
 automation and deployment tools jenkins git
 container management and deployment docker
 configuration management tools puppet chef
 cloud hosting experience
 infrastructure as code cloudformation
 application performance monitoring dynatrace or similar
 ibm websphere commerce
 good knowledge of ldap concepts and experience working with a ldap directory
 adobe experience manager cms or similar
 ibm mq experience
 search platforms like solr
 ibm sterling order management experience

personal attributes
 strong analytical conceptual and problemsolving abilities
 strong written and oral communication skills
 strong presentation and interpersonal skills
 ability to conduct research into database issues standards and products
 ability to present ideas in userfriendly language
 able to prioritize and execute tasks in a highpressure environment
 ability to work in a teamoriented collaborative environment
 ability to understand automation and leverage it to do most work
 strong commitment to inclusion and diversity

the annual salary for this position is between  depending on the experience and other qualifications of the successful candidate

a general description of the benefits can be found here

this position is also eligible for longterm incentive compensation awards based on performance and subject to the terms of the companys applicable plans

the salary other compensation and benefits information are accurate as of the date of this posting the company reserves the right to modify this information at any time with or without notice subject to applicable law

must be legally authorized to work in country of employment without sponsorship for employment visa status now or in the future

sherwinwilliams is proud to be an equal employment opportunityaffirmative action employer committed to an inclusive and diverse workplace all qualified candidates will receive consideration for employment and will not be discriminated against based on race color religion sex sexual orientation gender identity national origin protected veteran status disability age pregnancy genetic information creed marital status or any other consideration prohibited by law or by contract

as a vevraa federal contractor sherwinwilliams requests state and local employment services delivery systems to provide priority referral of protected veterans",0
"         TEACHER       Summary     Child care professional with background as a Family Support  Specialist and a Teacher looking to join a growing  and service-driven organization.       Highlights          Detail oriented  Skilled multi-tasker  Deadline- driven     Fast Learner   Culturally sensitive  Effective communicator           Accomplishments      Received a Certificate of Appreciation  for dedication of service and  outstanding performance in August 2004.   Received a Certificate of Completion at Los Angeles Southwest College.        Experience      Teacher   08/2014   to   Current     Company Name   City  ,   State       Provide children ages 3 to 5 years old with a learning environment and experiences which help them develop socially, physically, and emotionally in a manner appropriate to their age and stage of development.  Promote family engagement in the child's education and well being.  Provide training and guidance for parent and other classroom volunteers.  Make a minimum of two home visits with each child's family and hold a minimum of two parent conferences each year.   Assist parents to organize and implement parent activities;  encourage, facilitate, and support parental involvement in all aspects of the Head Start Program Assist with transition to kindergarten or other child care or school placement.  Prepare and maintain accurate records, including child observation, individualization, lesson plans, attendance, lunch count, parent participation, in-kind contributions, and others as directed, using proper spelling and accurate calculations.  Attend parent conferences, home visits, center meetings, case reviews, IEP/IFSP meetings, staff meetings, parent meetings, in-service and pre-service meetings, and other meetings as directed.  Carry out authorized emergency and safety procedures and administer first aid.  Comply with State of California Health and Welfare Codes including Title 22; Head Start Performance Standards; Children's Institute  policies and procedures, and other applicable state and federal regulations.          Home Visitor   09/2008   to   06/2014     Company Name   City  ,   State       Identified, recruited and enrolled families for participation in the HS Program.  Worked with a caseload of ten (10) to twelve (12) families by going to the family home every week for at least ninety (90) minutes per family per week.  Consulted with families and staff in identifying a family's or child's challenges/needs; explores solutions; Worked with parents to develop weekly home visits and weekly activity plans based on each child's assessment and identified family needs; Planned, participated and implemented socializations twice a month.  Worked with parents to establish a Family Partnership Agreement and assists them in attaining established goals.  Fostered the view and practice in parents that they are their child's first teacher and reinforced this concept with practical suggestions, Acted as a liaison and advocate between community resources and HS families; Helped families as necessary to arrange and keep medical and dental appointments as required by HS; Performed other duties as assigned.          Youth Counselor/ Family Support Specialist   06/2004   to   09/2008     Company Name   City  ,   State        Recruit and enroll families into the program.  Developed and maintained meaningful, productive relationships with providers and families.  Secure informed consent for family participation in program evaluation.  Conduct periodic home visits to assess family resources and needs.  Refer and link children and parents to needed services.  Maintain enrollment throughout the program year through various recruitment strategies.  Work in collaboration with other program staff and specialists to monitor, track, and coordinate services for children and families.  Assist parents with understanding and implementing the Family Partnership Agreement in order to encourage and promote their overall development, including achievement of self-sufficiency, as well as positive developmental outcomes for their children.  Collaborate with staff to facilitate children's transitions.  Assist with outreach to families and recruitment of infants and children with disabilities into the program.  Collaborate with Mental Health Specialist (MHS) or refer to specific resource agencies to ensure the health and nutrition needs of infants, children, and families are addressed.  Participating with Early Education Expert to lead teams of education, family support, and other support staff (i.e., mental health, disabilities) to plan and implement targeted and intensive interventions for children displaying challenging behaviors Communicate with education and care staff regarding infant/child's progress in the classroom.  In collaboration with the classroom teacher, implement protocols to follow up on.          Program worker   06/2002   to   09/2004     Company Name     State       Assist the program director in supervising and instructing youths at the  program.  Ensure that health information are up to date.  Maintain proper control in a suitable and safe environment in assigned areas.  Participates in staff development and trainings.   Maintain records and document services in a timely manner.  Enter service data into management information system.  Participate in the local and statewide evaluation, and ensure compliance  with the state policies.  Attend family support team meetings, staff meetings, staff trainings, collaborations, and planning meetings.  Prepare periodic progress reports (weekly, monthly as required.          Education      Child Development Site Supervisor's Permit.  :   Child Development   2012       South West College   City  ,   State  ,   United States Of America             Bachelor of Arts  :   English Language   1999       University of Jos    City  ,   State  ,   Nigeria             Skills     Child care, Family servicing, conferences, first aid, instructing, lesson plans, directing, meetings, Mental Health, management information system, policies, program evaluation, progress, protocols, Maintain records, recruitment, safety, staff development, supervising, teaching and Computing.    ","i realize the salary is less than desired you may be able to negotiate i still wanted to share it with you due to your education background

qualifications
microsoft excel  year preferredmicrosoft powerpoint  year preferredus work authorization preferred
benefits
pulled from the full job description
b
dental insurance
flexible spending account
health insurance
health savings account
retirement plan
show  more benefit
full job description
job posting executive assistant
position fulltime mostly remote
reports to executive director
history
morningside center was founded in  by educators who saw that young people were the key to a future without war and hatred the organization then called educators for social responsibility metro began working in collaboration with new york city public schools using engaging and interactive techniques to help both students and educators learn skills ranging from active listening to respecting differences to peer mediation we developed new approaches and curricula aimed at fostering a supportive and equitable classroom and school community where these skills could be both learned and practiced
since then morningside center has become a national leader in the fields of social and emotional learning sel and restorative practices weve partnered with hundreds of schools throughout nyc and nationally to develop and research innovative and engaging prek programs including the  c squad building belonging  and our paz afterschool program
through the years weve worked closely with researchers to evaluate the impact of our work two major studies found that our programs have a positive effect on students social and emotional competency and behavior their academic performance and the classroom climate
vision  mission
morningside center envisions a society where people are active participants in creating a culture of liberation healing and deep connection to their communities natural environments and the world our mission is to facilitate transformative experiences for members of the school community to cocreate joyful equitable and rigorous learning environments values are very important at morningside center within our organization we try to create the same joyful equitable and kind community that we work to foster in schools
for more information visit 
description
the executive assistant supports the work of the executive director including the eds work with morningsides staff and board of directors a successful executive assistant will have strong written verbal and virtual communication skills administrative and organizational skills comfort in maintaining a realistic balance among competing priorities eagerness and skill in developing relationships across the organization and an ability to exercise good judgment in a wide range of situations and audiences the executive assistant will have the ability to handle confidential matters with discretion
responsibilities
provides strong administrative and organizational support to the executive director including managing an active schedule of appointments deadlines and obligations preparing materials for board and staff meetings and moving forward communications initiated by the executive directorserves as main liaison between the executive director and the board of directors plans and coordinates all meetings of the board and its committees prepares and executes board communications attends board meetings takes and distributes board meeting minutes and maintains board recordssupports the executive directors engagement across the organization aided by a clear understanding of all aspects of morningsides work gained over timesupports the executive director in following up with potential schooldistrict partners and projectssupports the executive director in managing and organizing email correspondence and documentsserves as an active participant in the staff community by taking part in regular and ad hoc staffwide and team meetings gathering and sharing information to support the team scheduling meetings of the full staff and staff teams and enriching our community with their presencequalifications
experience preferred in supporting an executive directorstrong organizational skills that reflect an ability to respond promptly and accurately to multiple tasks with professionalismstrong written and verbal communication skillsproficient in ms office outlook word excel powerpoint zoom and capacity to learn new programs and systemsstrong interpersonal skills and ability to build relationships outside and within the organizationproblemsolver who seeks new opportunities and proposes solutions to problems that ariseselfawareness and emotional intelligencecommitment to social and racial justice and alignment with morningside centers missionsalary  benefits
 commensurate with experience health dental and vision benefits generous vacation policy and  retirement plan the position is flsa nonexempt meaning that overtime will be provided per the fair labor standards act
morningside center is an equal opportunity employer we value diversity equity and inclusion in our hiring practices and workplace environment historically excluded people are encouraged to apply for the position
how to apply
please email a resume and thoughtful cover letter outlining how your skills experience and outlook meet the qualifications of the position and stating how you heard about this opportunity
job type fulltime
pay    per year
benefits
dental insuranceflexible spending accounthealth insurancehealth savings accountretirement planvision insuranceschedule
 hour shiftexperience
microsoft excel  year preferredmicrosoft powerpoint  year preferredwork location remote
",1
"         IT CONSULTANT         Professional Summary     Highly qualified Electronics Engineering Technician with training and experience in electrical and mechanical systems. Demonstrated ability to read schematic diagrams and use appropriate test equipment to troubleshoot equipment and manufactured products. Excellent at contributing to team and project success by sharing acquired knowledge and using strong interpersonal communication skills to encourage high-level performance. Proficient in installing, maintaining, calibrating, configuring and troubleshooting. A stellar work ethic with the ability to excel in a fast-paced environment.       Skills          Preventive and reparative maintenance  Troubleshooting  Mechanical systems  Testing  Soldering and wiring  Installation  Hardware diagnostics  Time management      Cost estimation  Operation system software  Microsoft Office  Project Management  Staff management  Advanced critical thinking  Technical support            Work History      IT Consultant  ,     04/2016   to   Current     Company Name   –   City  ,   State      Discussed project progress with customers, collected feedback on different stages and directly addressed concerns.  Coordinated with Owner to evaluate and improve software and hardware interfaces.  Documented all software development methodologies in technical manuals to be used by  c ompany employees in future projects.  Inspected equipment and assessed functionality and optimized controls.  Supported Chief Operating Officer with daily operational functions.  Adjusted software parameters to boost performance and incorporate new features for meeting customer needs.  Responded to customer requests via telephone and email and effectively answered questions and inquiries.         Master Technician  ,     11/2017   to   03/2019     Company Name   –   City  ,   State      Perform Maintenance and Operating System Checks on Mac and PC Platforms.  Track each repair service performed by maintaining accurate and detailed records using Lightspeed POS System.  Effect repairs to assigned equipment by following established Electrostatic Discharge (ESD) and safety standards and procedures while conducting quality assurance checks on electronic devices.  Services customer product, including receiving/shipping of devices.  Protect company equipment by utilizing proper testing and repair procedures.  Maintain software by installing, configuring and troubleshooting various applications.  Maintain and Diagnose component level repair of various generations of Cellular Devices, Tablets, Mac Computers, Video Game Consoles, PC's, Laptops, and other related peripheral equipment.  Tested various types of Cellular Devices, Tablets, Mac Computers, Video Game Consoles, PC's, Laptops and other related peripheral equipment using microscopes, oscilloscopes, multi-meters, voltage calibrators, spectrum analyzers and other laboratory instruments.  Supported technicians in equipment maintenance and repair.  Requisitioned new supplies and equipment.  Performed acceptance testing and measurements on electronic components and assemblies to verify system compliance.  Reviewed and interpreted technical documents, including service manuals, specifications, wiring diagrams and blueprints.   Used diagnostic and testing processes in collaboration with technicians to identify, define and solve development issues.  Monitored installation and operations to consistently meet rigorous customer requirements.  Coordinated with vendors to identify and procure appropriate equipment necessary for the project.  Monitored the manufacture of electrical devices and operations to ensure compliance with safety protocols.  Initiated a project management knowledge study and subsequently standardized project management practices.  Continually improved methods and procedures for processes, measurement, documenting and work flow techniques.  Set up PC and Apple desktops and laptops and all types of mobile devices.  Trained and supported end-users with software, hardware and network standards and use processes.  Provided Tier 1 IT support to non-technical internal users personnel through desk side support services.  Documented all transactions and support interactions in system for future reference and addition to knowledge base.  Remained up-to-date on latest technologies and solutions applicable to company products in order to provide best support to end-users.  Evaluated and responded to incoming sales leads and requests for technical support assistance.  Built and provided basic end-user troubleshooting and desktop support on Windows and Mac systems.  Managed customers' expectations of support and technology functionality in order to provide positive user experience.  Provided excellent customer service through communication and interpersonal skills.  Exercised creativity and flexibility to respond quickly and positively to shifting demands, tight deadlines and simultaneous handling of multiple detailed tasks.         General Manager  ,     07/2011   to   11/2017     Company Name          To manage operations of a Papa John's.  Responsible for overall operations
    of the restaurant, which include overseeing the staff, monitoring inventory,
    purchasing equipment and supplies, and ensuring quality customer service
    and compliance with all food and beverage regulations.  Trains, hires, and
    schedules other employees.  Requires a high school diploma or its equivalent
    and 4-6 years of related experience.  Familiar with a variety of the field's
    concepts, practices, and procedures.  Relies on extensive experience and
    judgment to plan and accomplish goals.  Performs a variety of tasks.  Leads
    and directs the work of others.  A wide degree of creativity and spontaneity is
    expected.  Typically reports to top management (District Operator).         Education      Bachelor of Business Administration (B.B.A  :   Business Administration and
    Management, General      University of Mary Hardin-Baylor   -   City  ,   State           Bachelor of Business Administration (B.B.A  :   Business Administration and
    Management      University of Houston   -   City  ,   State           Certifications     Technical Support Fundamentals       Skills      Preventive and reparative maintenance  Troubleshooting  Mechanical systems  Testing  Soldering and wiring  Installation  Hardware diagnostics  Time management    Cost estimation  Power systems  Operation system software  Microsoft PowerPoint  Project Management  Staff management  Advanced critical thinking  Technical support        Work History      Master Technician  ,   11/2017   to   03/2019     Company Name   –   City  ,   State      Perform Maintenance and Operating System Checks on Mac and PC Platforms.  Track each repair service performed by maintaining accurate and detailed records using Lightspeed POS System.  Effect repairs to assigned equipment by following established Electrostatic Discharge (ESD) and safety standards and procedures while conducting quality assurance checks on electronic devices.  Services customer product, including receiving/shipping of devices.  Protect company equipment by utilizing proper testing and repair procedures.  Maintain software by installing, configuring and troubleshooting various applications.  Maintain and Diagnose component level repair of various generations of Cellular Devices, Tablets, Mac Computers, Video Game Consoles, PC's, Laptops, and other related peripheral equipment.  Tested various types of Cellular Devices, Tablets, Mac Computers, Video Game Consoles, PC's, Laptops and other related peripheral equipment using microscopes, oscilloscopes, multi-meters, voltage calibrators, spectrum analyzers and other laboratory instruments.  Supported technicians in equipment maintenance and repair.  Requisitioned new supplies and equipment.  Performed acceptance testing and measurements on electronic components and assemblies to verify system compliance.  Reviewed and interpreted technical documents, including service manuals, specifications, wiring diagrams and blueprints.   Used diagnostic and testing processes in collaboration with technicians to identify, define and solve development issues.  Monitored installation and operations to consistently meet rigorous customer requirements.  Coordinated with vendors to identify and procure appropriate equipment necessary for the project.  Monitored the manufacture of electrical devices and operations to ensure compliance with safety protocols.  Initiated a project management knowledge study and subsequently standardized project management practices.  Continually improved methods and procedures for processes, measurement, documenting and work flow techniques.  Set up PC and Apple desktops and laptops and all types of mobile devices.  Trained and supported end-users with software, hardware and network standards and use processes.  Provided Tier 1 IT support to non-technical internal users personnel through desk side support services.  Documented all transactions and support interactions in system for future reference and addition to knowledge base.  Remained up-to-date on latest technologies and solutions applicable to company products in order to provide best support to end-users.  Evaluated and responded to incoming sales leads and requests for technical support assistance.  Built and provided basic end-user troubleshooting and desktop support on Windows and Mac systems.  Managed customers' expectations of support and technology functionality in order to provide positive user experience.  Provided excellent customer service through communication and interpersonal skills.  Exercised creativity and flexibility to respond quickly and positively to shifting demands, tight deadlines and simultaneous handling of multiple detailed tasks.         General Manager  ,   07/2011   to   11/2017     Company Name          To manage operations of a Papa John's.  Responsible for overall operations
    of the restaurant, which include overseeing the staff, monitoring inventory,
    purchasing equipment and supplies, and ensuring quality customer service
    and compliance with all food and beverage regulations.  Trains, hires, and
    schedules other employees.  Requires a high school diploma or its equivalent
    and 4-6 years of related experience.  Familiar with a variety of the field's
    concepts, practices, and procedures.  Relies on extensive experience and
    judgment to plan and accomplish goals.  Performs a variety of tasks.  Leads
    and directs the work of others.  A wide degree of creativity and spontaneity is
    expected.  Typically reports to top management (District Operator).      ","please send me your details resume work authorization status current location availability and compensation compensation expectations directly to denispotapenkosystemonecom for an immediate consideration make sure to include both the job title and location of the job if you email me directly

it systems administrator
 support and define proof of concepts for it security projects as per best known industrial standards
 support the different stakeholders in the business unit to accelerate the results of the proof of concept and rollout
 ensure the confidentiality integrity and availability of information being processed stored accessed or transmitted on the network
 develop automate and support dashboards and database creation for reliability
 documents system problems and resolutions for future reference
 produce the required reports and use maximo platform to streamline the process for preventative and corrective maintenance
 participates in audits of the companys information technology infrastructure by external organizations
 participates in and contributes to the planning and execution of business continuity and backup disaster recovery capabilities
 provides technical support in researching identifying evaluating recommending andor developing information security systems controls methods techniques and models
 install configure maintain and manage networking devices servers storage and operating systems
 evaluate andor recommend procurement of networkrelated devices servers storage systems peripheral equipment and software
 investigate problems identify their source determine possible solutions test and implement solutions
 support with system problems from identification to resolution across different departments employees andor systems
 maintaining site critical communication system and working closely with the service provider to keep the system up to date

skills experience education
 previous experience in such roles as it system administrator os administrator network engineer computer security engineer network security engineer devops it support specialist etc
 ms windows or linux operating systems experience
 experience with systems monitoring and management in a highavailability data center environment
 experience with network enterprise devices ie cisco switches routers firewalls wireless controllers and servers
 information technology standards guidelines requirements and programs such as nist
 a net  security certifications ccnaccnp certification is a big plus

please send me your details resume work authorization status current location availability and compensation compensation expectations directly to denispotapenkosystemonecom for an immediate consideration make sure to include both the job title and location of the job if you email me directly",1
"         HR SPECIALIST       Summary    Possess 15+ years of experience as an HR Classification/Compensation Lead and as an HR Specialist, Recruitment. Managed recruitment efforts that included qualifying candidates based on documented knowledge, skills, and abilities to match organizational resource needs. Ensured candidate fulfillment of the preemployment process; i.e., background checks, drug screens, and reference checks. Developed and implemented competency and skill-based pay programs for a variety of occupations including medical (nurses), mechanical (machine operators), and civil engineers. Led a statewide review of jobs (18,000 employees) toward determining appropriate FLSA designations (e.g., executive, administrative, computer-related, creative). Provided executive and middle management consultation toward acquiring class/levels and roles necessary to accomplish departmental goals and objectives that resulted in mission successes. Training and Development: Eight years of experience in training and development that included development and delivery of leadership and management/supervisory skills acquisition. Additionally, developed policy and procedural training including performance management, interaction management, ADA, and prevention of workplace violence and sexual harassment.      Skills          Management consultation  Negotiation  Outlook  E-Recruitment      HR policies/procedures  Provision of excellent customer service  Micro-soft applications: Word, Excel, PowerPoint            Skills    Problem-solve and serve as change agent to ensure that HR functions are included in organizational missions. Negotiate budget revisions to include HR initiatives. Ensure excellent customer service delivery, provide state/federal and soft-skills management/employee training. Conduct job analyses, as well as conduct compensation/job market analysis, and deliver and measure leadership training. Develop, implement, and monitor performance management. Develop, implement, and monitor personnel policies and procedures, and manage full-cycle recruitment.      Experience     03/2016   to   08/2017     HR Specialist    Company Name   －   City  ,   State      Managed full-cycle recruitment efforts for multi-state needs.  Ensured candidate job qualifications matched minimum KSAs.  Completed pre-employment processes (background checks, drug screens, reference checks).  Conducted on-boarding/ orientation.  Conducted initial phone screens and recommended applicants for on-site interviews.  Contacted candidates with salary/hourly wage offers.  Negotiated start dates.         08/2014   to   06/2015     HR Analyst    Company Name   －   City  ,   State      Conducted analysis of 50+ roles (250+ positions) within a 10-month period.  Recommended, developed, and implemented a new classification and level-based on the evolution of roles (IT, Security, and Radiation classes).  Conducted labor-market studies and recommended, implemented, and monitored compensation practices.  Recruitment: reviewed, approved, and referred candidates for management's selection based on documented KSAs and required education and experience requirements.  Budget: daily contact with the budget manager to ensure or to request additional salary needs to be included in budgetary revisions/and legislative special requests.   Salary administration: reviewed, justified, and approved management requests for salary adjustments based on expanded variety and scope of responsibilities. Determined appropriate percentage increase and status (temp/perm).         03/2013   to   06/2013     Manager, Classification/Compensation    Company Name   －   City  ,   State      Reduced the established timeframe for individual job analysis from an average of four months to 11 calendar days.   Established a requirement and template for project management and communication plans.  Prioritized and assigned classification and compensation studies and reviews.  Established and coordinated the recruitment of referrals from Cabinet and Council of State members.   Conducted statewide FLSA evaluations that resulted in appropriate designations.  Ensured legal/justified salary administration practices.         10/2012   to   02/2013     Manager, Recruitment/Classification/Compensation    Company Name   －   City  ,   State      Reduced the backlog of management-requested classification/compensation studies and individual job reviews by 100% w/in a four-month period.   Supervised recruitment efforts for all occupational needs of the hospital. Well-versed in NeoGov (e-recruitment).   Reviewed management requests for occupational and individual position studies toward upgrades, reallocations, downgrades, salary adjustments, and competency and skill-based pay programs for nurses, mechanical trades, and institutional services personnel.         06/2004   to   01/2013     Senior HR Analyst    Company Name   －   City  ,   State      Oversight of HR classification/compensation activities of 12 field HR managers and analysts.  Project manager for a variety of occupational competency and skill-based pay programs.  Managed the statewide competency-based-pay program for nurses.  Qualified applicants for jobs.  Reviewed and approved requests for salary exceptions career progressions, and in-range salary adjustments.  Led statewide FLSA designation analysis (18,000 employees).   Processed reduction-in-force activities.  Developed and delivered training to department-wide employees regarding a variety of regulations, laws, rules, policies, and procedures.  Ensured that field HR managers fulfilled performance management initiatives.          06/2000   to   05/2004     Senior HR Analyst    Company Name   －   City  ,   State      Facilitated the development of statewide policies and procedures for competency and skill-based pay programs.   Partnered with managers and agency leaders to create CBPs (technical and soft-skills).  Managed the statewide skill-based pay program for machine operators.          06/1996   to   05/2000     Training And Development Specialist    Company Name   －   City  ,   State      Assessed educational/training needs.  Developed, delivered and evaluated leadership, technical, administrative, and state/federal-mandated employee training based on ASTD principles.   Served as team lead for the development and delivery of statewide initiatives such as performance-based pay and performance evaluations.   Major contributor toward the research and development of internal  Ethical Practice of Trainers/Educational Leaders.           Education and Training     2007     Bachelor of Arts  :   English Lit/Language    NC State University   －   City  ,   State  ,   US           ","myusa credit union  million in assets located in middletown ohio has engaged angott search group to conduct the search for its next director of human resources

reporting to the president and coo the director of hr is responsible for the administration of all human resources activities including but not limited to recruitment onboarding training and development performance coaching and management employee engagement benefits employee relations and compensation
this position monitors and ensures the organizations compliance with federal state and local employment laws and regulations
the director of human resources strives to integrate the myusa values in all daily interactions

a bachelors degree preferably in human resources is required with at least three years of human resource experience andor training
experience working in a financial institution is also preferred
for immediate consideration please send your resume to lisa burroughs at angott search group

asgteamcom

associated topics
benefit compensation employee hr human resource hunter interview recruiter talent management train",1
"         SOUS CHEF       Summary     I am a highly skilled Sous Chef . I started at the Hilton Barbados as a commis 1 and has been promoted to Demi Chef de Partie, Chef de partie and Senior Chef de Partie. I am now at the rank of Sous Chef .I have a passion for the Culinary Arts and believe in team engagement . I am a hard working pro active Sous Chef who is very dependable . I am quality focused ,resourceful and I am seeking to use my skills and talent to add to the operation . I am ready and qualified for the next challenge . I keep up to date with Culinary trends to help improve the dining experience for the guests . I have experience working in fast pace kitchens and producing results.       Highlights          Strong Management Skills   Focused and disciplined   Focused on cost control and working within budget  Supervisor of the year 2010,2011  Trainer of the year 2012  Team leader managing 65 chefs and stewards  Menu Writing and costing  Skills trainer  Create opportunities to increase revenue , decrease Kitchen expenses and Maximize productivity with out compromising guest satisfaction       Past Chairman of the Blue Energy Committee  Manage  monthly budgets especially payroll   Teaches sushi class   Mentor and conduct all job skills checklist for new hires  Capable of high volume production worked banquets up to 1800  Perfect attendance 2005,2006,2007,2009,2010,2011,2012,2013,2014  Nominated employee of the month on 2 occasions at Hilton Barbados            Experience      Sous Chef     10/2013   to   Current      Company Name            I am the opening chef and closing chef.  The hotel consists of 350 rooms and 3 restaurants.  My goal is to add to the operation and maintain all standards in a sanitary environment.  I ensure that the breakfast- doing up to 511covers when in two locations, lunch doing up to 113 in the Ala Carte and 250 with special buffets, beach bar doing up to 385 covers, dinner Buffets - Specialty nights e.g.  Pasta Night, Seafood Night, Beach Barbeque     fine dining restaurant doing up to 80 and any banquets  and room service during this time are done according to the Hilton standard when on either the morning or evening shift.  I do the Expediting on the range and ensure food is sent to the guest according to Hilton Standard.  I am a skills trainer and train all new team members with a job skills check list.  I prepare all Temperature logs, fridge temperatures, HR Audit etc.  for Quality & Assurance audit.  I conduct all daily briefings and also do refresher training with team members.  I write the rosters for approximately 65 chefs including casuals where the budget must be kept for the payroll.  I help facilitate any off property functions and also assist in menu writing.  I do the costings once the menus are written.  I have worked and facilitated many banquet events with numbers ranging to 1800persons.  I facilitate  food Airline orders   I am responsible for nominating an employee of the month.  I am well rounded in any area of the Kitchen Department.  I love to be hands on and assist my team at all times which creates team engagement.            09/2003   to   02/2005      Company Name            Fairmont Royal Pavilion - General cook - nominated employee of the month - 2003-2005 - Responsible for Breakfast ,lunch , dinner A La Carte Service , interacted with guest on the Action stations            12/2002   to   09/2003      Company Name           Perfect attendance.  General Cook - responsible for breakfast , lunch ,dinner and room service A la Carte . Assisting with Buffets          Education      Certificate  :   Management Techniques for Senior  Chefs   2011     University of Birmingham       Barbados     Course was done through the Barbados Hospitality Institute         Certificate  :   Counseling  Skills for Managers   2010     Enlightening Achievement CEO Particia Healy        Barbados           Certificate  :   Baking and Hot Breads   2010     Culinary Institute of America   City  ,   State  ,   United States of America            Certificate  :   Asian Cuisine    2009     Culinary Institute of America      State  ,   United States of America           Certificate  :   Soups, Stocks and Sauces    2008     Culinary Instiute Of America      State  ,   United States of America            Certificate   :   Small Dishes , Big Flavors from the Gardemanger    2007     Culinary Institute of America      State  ,   United States of America           Certificate  :   Sushi   2007     Hilton Barbados Resort       Barbados     Beginners ,Intermediate and advanced Sushi - Chef John Amayo - Venezuela         Distinction in Supervisory mangement     2005     Caribbean Training Institute            Diploma -Supervisory Management with a Distinction         Associate of Applied Science  :   Applied Science- Culinary Arts   2002     Barbados Hospitality Institute       Barbados      Associate Degree of Applied Science- Culinary Arts        High School Diploma     2000     Barbados Hospitality Institute - Barbados Alexandra Secondary School       Barbados      Caribbean examination council - 7 certificates at grades 1 and 2 - All General   Art - Grade 1  Food & Nutrition - Grade 1  Home management- Grade 1  Principles of Business - Grade 2  Office Procedures - Grade 2  English language - Grade 2  English Literature - Grade 2         Personal Information     Marital Status: Married - (Uses Maiden Name)   Date of Birth: 15th September, 1983   Sex: Female   Children: Nil         Additional Information       Scholarship Winner 2007-Caribbean Hotel  & Tourism Association Education Foundation,  Caribbean Hotel  & Tourism Association Education Foundation-2008 Scholarship winner   2009-Caribbean Hotel  & Tourism Association Education Foundation    Acting Junior Sous Chef for the months of October - November 2009    Scholarship winner 2010-Caribbean Hotel  & Tourism Association Education Foundation          Skills      Advanced Sushi skills   Very Organized  Creating Team Engagement   Understanding Client Needs  Controlling the Bottom Line  Can multi task well       ","job number 
job category sales  marketing
location renaissance columbus downtown hotel  north third st columbus ohio united states view on map
schedule fulltime
located remotely n
relocation n
position type management

job summary

handles more complex social and local corporate catering opportunities that are above sales office parameters eg  covers provides day to day supervision to catering sales associates that are onproperty contracts and closes local catering and social business and verifies that business is turned over properly and in a timely fashion for quality service delivery achieves catering revenue goals by actively upselling each business opportunity to maximize revenue implements the brands service strategy and applicable brand initiatives in all aspects of the sales process and drives customer loyalty by delivering service excellence throughout each customer experience

candidate profile

education and experience

required

high school diploma or ged  years experience in the sales and marketing guest services front desk or related professional

or

year degree from an accredited university in business administration marketing hotel and restaurant management or related major no work experience required

preferred

 years of catering sales experience

core work activities

managing sales activities

manages the sales efforts for the property including local corporate and social catering

responds to incoming catering opportunities for the property

identifies qualifies and solicits new catering business to achieve personal and property revenue goals

solicits affiliate business associated with citywide events from approved affiliate list provided by citywide sales executive

understands the overall market  competitors strengths and weaknesses economic trends supply and demand etc and knows how to sell against them

closes the best opportunities for the property based on market conditions and property needs

uses negotiating skills and creative selling abilities to close on business and negotiate contracts

works with the management team to create and implement a catering sales plan addressing revenue customers and market

designs develops and sells creative catered events

maximizes revenue by upselling packages and creative food and beverage

develops and manages catering sales revenue and operation budgets and provides forecasting reports

develops menus that drive sales

assists with selling implementation and followthrough of catering promotions

executes and supports marriotts customer service standards and hotels brand standards

executes and supports the operational aspects of business booked eg generating proposal writing contract customer correspondence

participates in and practices daily service basics of the brand eg marriott hotels and resorts mhr spirit to serve daily basics renaissance hotels and resorts rhr savvy service basics courtyard springhill suites fairfield inn basics of the day residence inn daily huddle or towneplace suites morning meeting

establishes that the property implements a seamless turnover from sales to operations and back to sales while consistently delivering high level of service

monitors the effective resolution of guest issues that arise as a result of the sales process by creating mechanisms to channel issues to property leadership andor other appropriate stakeholders

maintains successful performance by increasing revenues controlling expenses and providing a return on investment for the owner and marriott international

handles more complex social and local corporate catering opportunities that are above sales office parameters eg  covers

provides day to day supervision to catering sales associates that are onproperty

contracts and closes local catering and social business and confirms that business is turned over properly and in a timely fashion for quality service delivery

achieves catering revenue goals by actively upselling each business opportunity to maximize revenue

implements the brands service strategy and applicable brand initiatives in all aspects of the sales process and drives customer loyalty by delivering service excellence throughout each customer experience

performs other duties as assigned to meet business needs

building successful relationships

works collaboratively with offproperty sales channels eg sales office area salesenterprise sales team est to establish coordinated sales efforts that are complementary and not duplicative

interacts effectively with sales kitchen vendors competitors local community catering associations and other hotel departments in order to monitor guest satisfaction

executes exemplary customer service to drive customer satisfaction and loyalty by assisting the customer and monitoring their satisfaction before and during their programevent

serves the customer by understanding their needs and recommending the appropriate features and services that best meet their needs and exceed their expectations while building a relationship and loyalty to marriott

gains understanding of the propertys primary target customer and service expectations serves the customer by understanding their business business issues and concerns to offer better business solution both prior to and during the programevent

develops a close working relationship with operations to execute strategies at the property level

marriott international is an equal opportunity employer we believe in hiring a diverse workforce and sustaining an inclusive peoplefirst culture we are committed to nondiscrimination on any protected basis such as disability and veteran status or any other basis covered under applicable law

you were always one of those curious kids who opened every cabinet peeked behind every door and never ceased to ask why when given an explanation today you bring your personal style to every experience you live life to discover you are passionate about your neighborhood always looking to explore the places one wouldnt find in a travel guide if this sounds like you youre in the right place youve got authentic style natural curiosity and a warm way with people renaissance is not just a place to spend the night its a place to discover a place in the world with style like yours thats why were not just looking for anyone were looking for someone like you",0
"         MANAGEMENT CONSULTANT       Summary     Human capital manager and operations strategist who works with cross-functional teams to translate organizational values and objectives into actions that drive impacts in local and cross-cultural contexts.       Highlights          Training and development  Personnel records maintenance  New hire orientation  Exceptional interpersonal skills  Innovative  Cross-Cultural Mediation expertise  Consensus building techniques  Process improvement strategies  Multi-site operations  Systems implementation  Flexible  Self-motivated  Market research and analysis  Customer-oriented  Strategic thinker  Schedule management  Problem resolution  Deadline-oriented      Interviewing expertise  Performance management strategies  Manager coaching and training  Event management  Strategic planning  Global and strategic sourcProject management  Leadership/communication skills  Product development  Business operations organization  ing  NegotiationsProcedure development  Analytical  Team building  Cost reduction and containment  Staff motivation  Group behavior and dynamics  Outreach programming specialist  Exceptional problem solver  Articulate and well-spoken  Time management  Meticulous attention to detail  Works well under pressure            Accomplishments      Process Improvement     Oversaw implementation of new phone system which resulted in more cost-effective service.    Data Organization     Improved office organization by compiling quarterly budget reports, financial spreadsheets, organizational charts and company data reports using advanced Microsoft Excel functions.    Training     Successfully trained staff in all office systems and databases, policies and procedures while focusing on minimizing errors and generating superior results.     Project Management:     Initiated [project] which resulted in [positive outcome].     Human Resources:     Spearheaded new [program] program which increased retention.    Operations Management:     Managed [operation].   Handled all functions related to [program].    Staff Development:     Launched well-received program of professional development courses for all staff.    Mentored and coached employees resulting in a 12% increase in productivity.   Spearheaded an employee engagement program, resulting in a [ ]% decrease in annual employee turnover.Streamlined the branch operations, resulting in a [ ]% reduction in operating budget.Boosted customer satisfaction ratings by [ ]% in under [ ] months.             Experience      Management Consultant   06/2014   to   09/2014     Company Name   City  ,   State      Developed growth plans by identifying key clients, key targets and priority service lines.Generated business development awareness by implementing in-depth sales and marketing training programs.Identified key growth opportunities for the business through [ ].Offered feedback to executive-level management on the effectiveness of strategies, selling programs and initiatives.Directed strategic initiatives to achieve [organizational objective].Developed organizational change management strategies.     Identified process boundaries and determined opportunities to automate processes and functions.Boosted company efficiency and customer satisfaction by streamlining processes deemed inefficient.Conducted activity-based analysis of business processes and made recommendations based on the findings.Documented process flows and developed requirements for functional improvements and enhancements.Tracked, analyzed and interpreted trends in [ ] data.Developed metrics used to determine inefficiencies and areas for improvement.Developed organizational change management strategies.            Engagement and Operations Coordinator   05/2014   to   Current     Company Name   City  ,   State      Directly managed multi-million co-operative budgets supporting global GTM strategy.Identified strategic partnerships and gathered market information to gain a competitive advantage.Generated over $2 million per year in revenues resulting from large-scale direct marketing campaign.Managed projects and served as primary liaison between client and multiple internal groups to ensure clarity of goals and quality and adherence to deadlines.Identified ""bottlenecks"" and implemented new and improved processes and policies.Led cross-functional teams to analyze and understand the operational impacts and opportunities of technology changes.Developed metrics used to determine inefficiencies and areas for improvement.Tracked, analyzed and interpreted trends in [ ] data.Documented process flows and developed requirements for functional improvements and enhancements.Conducted activity-based analysis of business processes and made recommendations based on the findings.Boosted company efficiency and customer satisfaction by streamlining processes deemed inefficient.Elicited stakeholder feedback and input through interviews and surveys.Defined the scope and goal of new projects, including [ ].Coordinated all department functions for team of [ ] employees.Maintained detailed administrative and procedural processes to improve accuracy and efficiency.Accountable for [business area] including overall customer satisfaction.Managed team of [number] of professionals.Spearheaded cross-functional initiative to achieve [objective].Strengthened company's business by leading implementation of [project].Created organizational flow charts and career path reports to evaluate employee compensation information.Designed the employee performance evaluation process and merit program.Created and implemented the exit and interview program process.Created and modified job descriptions within all departments.Worked with senior-level management to create fair and consistent HR policies and procedures.Monitored [ ] project budgets each [ ].Monitored project schedules for [ ] projects at a time.Developed and shared best practices across the company, including [ ].Oversaw the development and launch of [ ].Identified inefficiencies and made recommendations for process improvements.Optimized the overall customer experience through [ ].                    President     Current     Company Name   City  ,   State      Accountable for [business area] including overall customer satisfaction.Captured 55%+ market share with new product quickly brought to market.Managed team of [number] of professionals.Spearheaded cross-functional initiative to achieve [objective].Strengthened company's business by leading implementation of [project].Built innovative production processes from scratch for a cutting-edge [ ] product.Formulated a comprehensive business plan complete with clear and actionable sales goals and targets.Hired and trained [ ] new employees, which increased the size of the staff by [ ]%.Tracked and evaluated staff performance, and handled all promotions and terminations.Analyzed client requirements, created a business plan and drove strategy development.Identified key growth opportunities for the business through [ ].Managed the day-to-day tactical and long-term strategic activities within the business.Presented company goals and objectives to new principals.Established knowledge-sharing processes for [ ] associates throughout the organization.Coached and mentored [ ] staff members by offering constructive feedback and taking interest in their long-term career growth.                 Resident Advisor   03/2011   to   05/2012     Company Name   City  ,   State      Facilitated a weekly discussion group about relationship issues for men and women.Pursued ongoing education and training opportunities to further develop professional skills.Cultivated positive relationships with other mental health professionals, programs and associations.Planned and ran [ ], an outreach event targeted at [ ].Communicated with local agencies, schools, churches, courts and employers regarding client involvement and attendance in programs.             Education      Bachelor of Arts  :   Psychology   2014       Biola University   City  ,   State  ,   United States of America      Minor in International Development  Coursework in Business Management         Affiliations     Gates Millennium Scholarship Alumni Network  Biola Provost Advisory Committee      ","senior project manager  education
job locations
us
posted date

 days ago
  pm
job id   of openings  category operation support type regular fulltime practice area education services

overview
about public consulting group
public consulting group inc pcg is a leading public sector solutions implementation and operations improvement firm that partners with health education and human services agencies to improve lives founded in  and headquartered in boston massachusetts pcg has over  professionals in more than  offices worldwideall committed to delivering solutions that change lives for the better the firm has four designated practice areas with extensive experience in all  states clients in six canadian provinces and a growing practice in europe often combining resources from two or more practice areas pcg offers clients a multidisciplinary approach to solve their challenges or pursue opportunities to learn more visit 
 
responsibilities
serve as a project manager across multiple special education professional development and consulting projects with local and state clientsdevelops mechanisms for monitoring project progress and problem solving with content leads and client representativesoversees and coordinates multiple projects across the team to ensure each clients deliverables are met in a timely mannerreviews status of projects and budgets manages schedules and prepares status reportsinvestigates and analyzes clients processes recommends solutions to meet the clients needsmanages team client training schedule to optimize capacity and timelines and collaborates with team to plan and execute new projectsassigns tasks to project team members in collaboration with supervisor monitors progress and completion and reports any delays in deliveryoversees operational aspects of ongoing projects including monitoring the teams business development strategies maintenance of website and marketing materials and serves as liaison between management and delivery teamcoordinates and monitors multiple responses to current and prospective clients bids and requests for proposals lead all levels of staff to inform response and ensure ontime and complete delivery of proposalsassists in demonstrations of relevant products and services to current and prospective clients as expertise is requiredorganizes team business development strategy sessions and works closely with team supervisor to project manage development plans adjust strategy as needed and track team progressactively seeks understanding of other products and offerings organizes product learning sessions to familiarize full teameffectively engages colleagues and peers in the development and execution of strategies and work plans and effectively coachesleads other colleagues to do the same 
qualifications
required skills
deep understanding of the individuals with disabilities education act idea and knowledge of best practices for implementing supports and servicesexperience managing multiple partners to implement state and federal grantsstrong analytical skills and ability to organize and plan work efficiently within set time limitsexcellent ability to effectively communicate project status issues and information to the client and project teamexperience managing social media platforms and websitesstrong microsoft office applications skills preferably with excel word powerpoint and access",1
"         SALES ASSOCIATE           Experience     04/2016   to   Current     Sales Associate    Company Name   －   City  ,   State      Help customers with their pet problems and assist them in choosing the right products for their pets.         06/2014   to   08/2014     Office Secretary    Company Name   －   City  ,   State      Organized a storage area
full of papers and transferred them into the computer for easier access.   Helped
run errands for my co-workers and my boss.         02/2014   to   04/2014     Waitress    Company Name   －   City  ,   State      Waited on customers and cleaned necessary thing as instructed.  Assisted in the preparation of some dishes.          Education and Training     2017     High School Diploma  :   Communication Arts, Graphic/Advertising Design    Edward R. Murrow High School   －   City  ,   State        Took various media classes such as graphic design and multimedia design  Am looking into majoring in advertising or graphic design           Languages    I am fluent in two languages; English, Russian. I know basic lines in French and can read some works in French.      Skills      Can use Photoshop and Illustrator.  I can use a computer very well.      "," we are seeking a senior ui designer who relishes in methodically applied color palettes and takes pride in your type of ramp
 when your work is done the mobile apps and responsive websites you create not only look amazing but act as a seamless extension of your clients brand voice and business strategy
 act as the lead or contributing designer on projects presenting work across the design ux and development teams
 create designs that are onbrand for our clients and follow a projects creative vision and business strategy while putting the user first
 collaborate with other groups like developers engagement managers and ux designers to deliver highquality creative for both internal and clientfacing projects
 provide constructive art direction alongside your fellow designers
 work on projects of varying length and complexity
 contribute to improvements in our creative process and capabilities
   years of related design experience
 experience and ability to work in a variety of digitalfocused design applications like sketch invision and illustrator
 proficiency in web optimization principles and other production methods
 crossplatform web  mobile development experience ios android etc
 proficiency in producing pixel perfect design files
 ability to use motion tools like adobe after effects principle for mac and framer to communicate interaction design and motion
 must be legally authorized to work in the united states without the need for employer sponsorship now or at any time in the future
 experience creating design systems for enterpriselevel experiences
 experience creating icons and other custom illustrations for experiences
 curiosity to learn from others and a passion for learning and pursuing your craft
 experience working in a consulting environment
 participation in the wider design community and connections with creative organizations such as aiga creative mornings etc
 ability to take feedback and use it to improve your work
 a developed personal style with the ability to scale and adapt as the project needs
 sits within our advertising marketing  commerce offering
 within our group we create content communications and experiences that engage and inspire our clients customers to act
 we implement and operate the technology platforms that enable personalized content commerce and usercentric experiences
 and in doing so we transform our clients marketing and engagement operations into modern datadriven creatively focused organizations  all built to drive growth
 from developing a stand out resume to putting your best foot forward in the interview we want you to feel prepared and confident as you explore opportunities at deloitte
 check out recruiting tips from deloitte recruiters
 at deloitte we know that great people make a great organization
 we value our people and offer employees a broad range of benefits
 learn more about what working at deloitte can mean for you
 our people and culture
 our diverse equitable and inclusive culture empowers our people to be who they are contribute their unique perspectives and make a difference individually and collectively
 it enables us to leverage different ideas and perspectives and bring more creativity and innovation to help solve our client most complex challenges
 this makes deloitte one of the most rewarding places to work
 learn more about our inclusive culture
 from entrylevel employees to senior leaders we believe theres always room to learn
 we offer opportunities to build new skills take on leadership opportunities and connect and grow through mentorship
 from onthejob learning experiences to formal development programs our professionals have a variety of opportunities to continue to grow throughout their career
 as used in this posting deloitte means deloitte consulting llp a subsidiary of deloitte llp please see 
 deloittecomusabout for a detailed description of the legal structure of deloitte llp and its subsidiaries
 all qualified applicants will receive consideration for employment without regard to race color religion sex sexual orientation gender identity national origin age disability or protected veteran status or any other legally protected basis in accordance with applicable law
 deloitte will consider for employment all qualified applicants including those with criminal histories in a manner consistent with the requirements of applicable state and local laws
 see notices of various banthebox laws where available
 requisition code ",0
"         DESIGNER       Summary     Designer with more than 15 years in product design, manufacturing, exhibit design and visual merchandising,  with comprehensive management and logistics experience who thrives in dynamically changing environments.             Highlights          Design processing expertise  Proficient in AutoCAD  Adobe Photoshop  Concept development  Product specifications  Color and material application  Strong leader  Proficient with furniture systems  Vendor sourcing      Knowledgeable of quality control standards  Procurement specialist  Dedication to product quality  Compliance with GMPs            Accomplishments     Planned, directed, coordinated and assigned manpower to efficiently meet production requirements.       Experience     03/2014   to   11/2015     Designer    Company Name   -   City  ,   State       Design and built custom furniture from client's initial conceptual idea.  Create CAD drawings for approval  Create estimate of pricing  Provide finish samples and fabrics cuttings for approval, Creates, reviews, and modifies all specification documentation including approval drawings, supplier drawings, and all specifications.  Responsible for correct building and finishing of product designed  Completed key projects on time, on budget and with a high level of accuracy.  Reviewed production orders, schedules, delivery dates and inventory levels to determine product availability.  Established and adjusted work procedures to meet production schedules.  Supervised production schedules, production quality and on time delivery.         02/2006   to   03/2014     Senior Production Manager    Company Name   -   City  ,   State      Management of Production team  Responsible for price quotations of all custom quotes in the Formations product line.  Also responsible for accurate generation of Order Acknowledgment and related approval drawings when necessary, and review and launch of ""Standard"" product line.  Worked closely with R&D department, assisting as necessary in the development of new products.  Created, reviewed, and modified all specification documentation including approval drawings, supplier drawings, and all specifications in the MAS 200 system, and E2 ShopTec System.  Reviewed and maintained pricing for all Formations product line, meeting directly with owners to evaluate value-engineering concepts and options.  Developed, evaluated, and maintained the quality of our vendors and products.  Prepared analysis of new designs for overall feasibility and possible incorporation into the standard line of products.  Responsible to oversee and supervise the team in production of all products verifying proper assembly techniques, finishes, upholstery, and development of necessary implementation.  Communicated and instructed sales to assure a smooth flow of information throughout the production process.  Maintained average turn-around on all custom quotes and estimates.  Assisted in the daily questions and issues related to ""Custom"" work and/or engineering of orders to the respective department supervisors, when necessary.  Authorized the fulfillment of requests for repairs, orders returns/cancellation and discounts.  Interacted with all managers to solve/discuss issues, concerns, updates, projects, and deadlines for all demands.         06/2004   to   11/2005     Project Manager    Company Name   -   City  ,   State      Space and furniture planning  Design capabilities along with strong organizational and communication skills, creation of  FF&E, color & materials.  Coordination of drawings and information with other disciplines while providing design support for completion and execution of design projects (space planning, details, specifications, material palettes).  Served as the single point of contact for project scheduling and changes.  Monitored team progress and enforced deadlines.  Drafted action plans and led meetings with department executives to review project status and proposed changes.  Defined project deliverables and monitored status of tasks.  Responsible for small maintenance projects as the Viceroy Hotel in Santa Monica.          Education          Associate of Arts  :   Interior and Furniture Design    Santa Monica College   -   City  ,   State       Certified Interior Designer             Bachelor of Laws (LLB)  :   Contract     Universidade Candido Mendes   -   City  ,   State  ,   Brazil            Languages     Fluent in Portuguese and English Intermediate Spanish       Skills     AutoCad drafting  3D Rendering  Material Board   Communication skills  conceptual design  material organizational     ","job title

project manager construction manager remote project  development services

job description summary

the project manager is responsible for the successful management of the design planning and construction of real estate facilities projects with accountability for accomplishing all project goals and objectives project aspects may include mechanical electrical civil industrial and architectural applications the associated administrative and budgetary control responsibilities the planning organizing coordination of resources and full control and execution of the project to the fulfillment of client expectations this is a remote position

job description
 management of project deliverables including developing scope of work scheduling project reports managing the development of drawings for clients and propertyfacility management team designing and development and constructions phases for assigned project
 proactively manages projectrelated issues on an account or assigned project as necessary
 ensure success in initiation planning execution and completion of all projects against agreed upon targets
 maintain high qualitative and quantitative standards for work performance along with maintaining accurate and consistent electronic files
 prepare agendas and meeting materials lead meetings develop and maintain master project budgets and timelines as required for each project and project phase to ensure overall project objectives and client needs are met
 advise and obtain necessary approvals from management of potential organizational changes actions requiring additional commitments and the need for expenditures in excess of approved budget
 coordinate and track all vendor rfqs and rfps
 review all change orders and other invoices associated with the project and confer with client all project financial information and management of services to clients as requested
 responsible for keeping building management apprised of progress at all times

cushman  wakefield provides equal employment opportunity discrimination of any type will not be tolerated cushman  wakefield is an equal opportunity  affirmative action employer all qualified applicants will receive consideration for employment without regard to race color religion sex national origin sexual orientation gender identity disability protected veteran status or any other characteristic protected by state federal or local law

in compliance with the americans with disabilities act amendments act adaaa if you have a disability and would like to request an accommodation in order to apply for a position at cushman  wakefield email hrservicescushwakecom or hrservicescwservicescom all inquiries not related to accommodations will go unanswered",0
"         COMMUNICABLE DISEASE SPECIALIST           Summary     Bachelors of Health Science with 7+ years experience in social services and medical health settings, working with diverse populations in the military, and public health care fields. Creative and resourceful social service professional talented at quickly mastering new skills and processing new information.        Highlights          Knowledge in the principles and practices of epidemiology as it relates to communicable disease surveillance, investigative techniques, conduct of outbreak investigations, and data management  Knowledge of emergency preferred and Incident Command Systems (ICS)   Skill in demonstrating a cooperative, professional attitude to cultivate relationships both within and outside the organization  Skill in prioritizing and organizing multiple tasks and the ability to complete projects in a timely manner  Experience /Knowledge of HIV and STD       Experience with Electronic Medical Record (EMR)Management Information System (MIS) Sendss Case Management, VHN   Experience Disease Intervention Specialist (DIS)  Experience/knowledge to interpret test result for HIV rapid test in clinic and field setting   Respond to inquiries and provide detailed and technical information concerning related principles, practices, issues, measures, techniques and procedures             Experience      Communicable Disease Specialist    January 2014   to   December 2015     Company Name   -   City  ,   State      Assists in the implementation of timely disease intervention strategies to decrease the prevalence of communicable diseases.   Performs investigations, data collection, analysis, and interpretation.  Performs reporting and surveillance activities.  Prepares documentation of all communicable disease case investigations occurring within the district.  Provides case management to clients with various communicable diseases such as sexually transmitted diseases and HIV/AIDS.  Provides direct diagnostic and therapeutic services for public health clients both in the clinic and field setting.  Provides educational programs, outreach events sessions to enhance public understanding of sexually transmitted diseases and HIV/AIDS.          Placement Specialist    February 2013   to   December 2013     Company Name   -   City  ,   State      Assessed the level of risk to children by conducting face-to-face interviews with the alleged child victims and their caretakers.  Collaborated with law enforcement when children were physically removed from caretakers.  Testified in court as to the level of risk to children placed in the agency's legal custody.  Ensured that the children were placed in permanent stable families within as short a time frame as possible.  Supervised visits between children and parents and testified regarding the status of the agency and/or parent's progress towards the court approved placement.  Provided support to the families by providing early intervention and referrals to community services as well as providing resources for  family counseling, mental health, food banks, and substance abuse programs in order for families to become self sufficient.          Sexual Assault Response Coordinator    August 2010   to   May 2011     Company Name   -   City  ,   State      Ensured that victims of sexual assault received appropriate and responsive care.  Tracked the services provided from the initial report through the final disposition.  Advocated to ensure the views of the victim were considered in the decision-making process.  Provided commanders with broader understanding of sexual assault through annual sexual assault prevention and response training.  Conducted sexual assault case management to ensure all services offered or received were documented.  Chaired the monthly case management meeting to improve reporting effectiveness.  Provided tracking and reporting sexual assault numbers and dispositions of all military sexual assault cases monthly, quarterly, and annually.          Administrative Assistant    November 2009   to   August 2010     Company Name   -   City  ,   State      Performed administrative support including word processing, mail preparation, copying, distribution, telephone calls, and travel orders for child youth personnel.  Prepared a variety of correspondence, memorandums, and other reports in a timely manner required for day-to-day operation.  Assisted in the maintenance of leave records, and time and attendance records on a weekly basis.  Electronically sent and retrieved messages and ensured risk management procedures (i.e., abuse prevention, identification, and reporting procedures; accident prevention) were followed.  Demonstrated the ability to communicate effectively, orally and in writing.          Healthcare Finder    October 2007   to   August 2008     Company Name   -   City  ,   State      Triaged all incoming specialty health care referrals/authorizations in order of priority for processing.  Electronically entered TRICARE beneficiaries' medical information into a government database.  Coordinated authorizations with physicians/or case managers according to established Humana contract and guidelines to include timely data entry.  Monitored outstanding pended authorization referrals for timely completion.  Communicated with all disciplines of the medical and military community.  Identified and directed military family members to the most appropriate, cost effective medical care.  Connected with customers to deliver an optimal customer experience.          Education      Certification   :   Six Sigma Lean Professional (SSLP)  ,   2014    Management and Strategy Institute LLC                  Certification   :   HIPAA Certified Professional (HCP)  ,   2013    Management and Strategy Institute LLC                  Bachelor's   :   Health Science      Columbus State University   -   City  ,   State      Health Science        Skills      Effective and strong communicator (written and oral) skills  Organizational ability and multi-tasking skills  Problem solver – Creativity and forethought in anticipating and solving complex project issues  Ability to respond in a flexible manner and reprioritize work as situations change  Ability to demonstrate sound judgment by taking appropriate actions regarding questionable findings or concerns  Ability to work independently and as part of an effective team environment  Ability to maintain the security of sensitive and confidential information     ","this position will cover womens health and clinical accounts throughout columbus oh remote

schedule monday  friday  to  some nights and weekends required some occasional overnight travel required sales meetings

position summary

the account executive will be responsible for maintaining existing accounts as well as closing new business in the womens health and primary care call points aes will drive key tests products and services in the aforementioned specialties and will call on physician offices

position responsibilities

duties include but are not necessarily limited to the following

drive sales in assigned districts through up selling of existing accounts new lead generation referrals and establishing relationships with prospective customers
target and close new business opportunities
partner with and notify manager of complex issues or when fulltouch service is required in an associated institution
provide problem resolution for client concernsquestions including but not limited to requisition review to determine tests orderedmissed ask at order entry discrepancy transportation concerns technical services inquiries and test codespecimen collection inquiries missingincorrect billing information and other billing inquiries
provide subject matter expertise
maintain and pursue knowledge in associated specialist testing area
maintain a breadth of knowledge of all connectivity products ie careevolve storm
prepare and present proposals and bids
ensure compliance with company polices and government regulations
complete all administrative tasks thoroughly and promptly

minimum qualifications

bachelors degree in a business or science major
 years of businesstobusiness outside sales experience
 years of combined sales experience within womens health or clinical diagnostics
must have a clean valid driver license and a vehicle to use for work on a daily basis
ability to travel within the assigned territory and occasional overnight travel for meetings

preferred qualifications

knowledge of healthcare industry and general economics of business
existing relationships within the medical community in the covered territory
ability to develop and sustain strong customer relationships strong planning and organizational skills
excellent oral and written communication and presentation skills
solid pc skills including word excel powerpoint

competencies

influence customer focus negotiating skills problem solving confidence drive for results

bioreference laboratories is an equal opportunity employer

equal opportunity employer minoritieswomenprotected veteransdisabled",0
