row_id,job_id,resume_id,pool_source,pred_prob,embedding_similarity,skill_overlap,weighted_skill_score,title_similarity,resume_category,job_position_title,resume_text,job_description
1001,136,541,B_xcat,0.45522672157257427,0.5767188,0.0,0.0,0.3157945,ADVOCATE,Registered Nurse (RN),"HUMAN RESOURCES PROFESSIONAL       Professional Summary     Experienced working in fast-paced environments demanding strong organizational, technical, and interpersonal skills. Highly trustworthy, ethical, and discreet; committed to superior customer service. Confident and poised in interactions with individuals at all levels. Detail-oriented and resourceful in completing projects; able to multitask effectively.       Skills          Networking and Partnership Development  Decision Making  Report Preparation  Human Resources Management Systems  Procedure Compliance  In-Person and Telephone Interviewing  Employment Data Tracking  New Hire Onboarding & Orientation      Termination Documentation  Conflict Resolution  Documentation and Recordkeeping  Willingness to Learn  Remote Conferencing and Communication  Microsoft Office  Employee and Applicant Assessment            Work History     07/2018   to   01/2021     Human Resources professional      Company Name    –    City  ,   State        With hands on experience in distribution environment.  Employee Relations/Conflict Resolution and Policy/Process guidance.  Initial workforce hiring, pre-acquisition due diligence and post-acquisition HR integration.  Completed 2 days of onboarding process every week. Ranging from initial presentation on companies' policies and overview, to revising e-verify process, making badges, and assuring system certifications (FDU) were completed upon starting in their new role.  Managed and updated personnel files for old and new hires in the Human Resources Information System database (Lawson).  Assessed and streamlined training coach program to drive consistency of company's processes.  Fostered a teamwork environment conducive to positive dialogue across the organization.  Personal efforts were cited as a great driving force behind DC employee-retention rate within an industry where high turnover is the norm.  Saved company thousands of dollars every month by reducing reliance on employme [...]","registered nurse contract fulltime

are you looking for an exciting  professional career in occupational health do you enjoy learning new roles and having a variety of job functions within the workplace then this dynamic role is for you please apply at medika north inc fort mcmurrays professional occupational health service company our modern clinic is conveniently located in the heart of taiganova industrial park we have positions for  registered nurses

job title registered nurse positions 

we are seeking registered nurses to become part of the health team in a treatment room setting this position will be onsite for an oil  gas client near fort mcmurray alberta this position plays an important role in the overall success of one of our clients and requires professionalism and high practice standards  competency

the registered nurse will be primarily responsible for first aid care within a treatment room setting working with emergency response personnel in a collaborative environment acps firefighters rns pcps performing workplace health screenings and health promotion disease prevention efforts in response to covid other duties include covid screening both antigen and pcr health screening activities such as hearing conservation program silica medical surveillance and respiratory health program drug and alcohol testing will train the right individuals

roles and responsibilities
 maintaining medika norths privacyconfidentiality policies and procedures under each program and [...]"
1002,1,1352,A_mid,0.48547090054558567,0.46674523,1.0,1.0,0.4898538,AUTOMOBILE,Apple Solutions Consultant,"SOFTWARE SUPPORT SPECIALIST           Professional Summary     Dedicated Customer Service Representative motivated to maintain customer satisfaction and contribute to company success.       Skill Highlights          Strong organizational skills  Energetic work attitude  Telephone inquiries specialist  Customer service expert      Telecommunication skills  Adaptive team player  Active listening skills  Sharp problem solver            Work Experience      Software Support Specialist     Company Name   －   City  ,   State      Evaluated system potential by testing compatibility of new programs with existing programs.  Maximized use of software by training users; interpreting instructions; answering questions.  Maintained system capability by testing computer components.  Assisted customer with installation of software and hardware.          Financial Foundations Associate     Company Name   －   City  ,   State      Acquired and applies developing knowledge of products, services, and processes.  Recognized life events, understands member's needs and provides advice in order to deliver appropriate solutions to the member.  Handled basic billing inquiries focusing on ""One & Done"" philosophy.  Specific product knowledge includes Auto, Home, Renters, and Valuable Personal Property.  Assisted members with their online account.          Admission Representative     Company Name   －   City  ,   State      Execute high volume of outbound phone calls.  Contacted students with computer issues.  Completed interview process with each prospective.  Follow-up regularly with student until start of classes.          Associate     Company Name   －   City  ,   State      Handled inbound telephone inquiries from retirement plan participants.  Responded to client's requested for account maintenance and balance information.  Processed financial transactions.  Offered appropriate products and services.  Provided appropriate education regarding a participant's retirement plan.  Wells Fargo Eq [...]","description
as an asc you will be highly influential in growing mind and market share of apple products while building longterm relationships with those who share your passion 
customer experiences are driven through you and your partner team growing in an ever changing and challenging environment you strive for perfection whether its maintaining visual merchandising or helping to grow and develop your partner team

qualifications
a passion to help people understand how apple products can enrich their livesexcellent communication skills allowing you to be as comfortable in front of a small group as you are speaking with individuals years preferred working in a dynamic sales andor results driven environment as well as proven success developing customer loyaltyability to encourage a partner team and grow apple business"
1003,155,909,A_mid,0.4437107449991353,0.43920723,0.6666667,0.60296285,0.40497744,AGRICULTURE,College and Career Advisor - Cuyahoga County,"AGRICULTURE ADVISOR AND LANGUAGE OFFICER       Professional Summary    I successfully completed the 4-years course in Agriculture from Nangarhar Agriculture Faculty in 2002 and have studied English and computer software program for 15 months, at Oxford English and Computer Center Jalalabad City. I worked as Agriculture Advisor - Language officer with provincial Reconstruction Team U.S.A for Afghanistan/ Agriculture development team U.S.A For Afghanistan (PRT/ADT) office and as part of work mandate have gained: Familiarity and good relationship with local authorities, Members, of provincial Assembly and directorates of line Ministries. Participated in different meetings i.e.  (Provincial Development Council, Private sector development, Technical working Group) meetings held at Provincial level to improve life standards of our community and bring prosperity through implementation of developmental programs. Filed visit, Collection of Agriculture data, Monitoring of Agriculture Projects. In addition, I have a valuable experience of working as an Agriculture Coordinator which gave me an opportunity as part of Management body to: Establish adequate support at the community level for the project policies and activities to ensure community participation at all levels. Traveled to different districts and provinces of the country. Identify weaknesses and problems during the implementation process and propose appropriate solutions to avoid conflicts (Social, Political, and Cultural). Attended 3 months training on Agriculture New technology in U.S Kansas State. Furthermore, I have participated in several trainings and Seminars inside and outside the country including projects planning Cycle, Projects implementation, Logical framework Analysis. Conducted numerous capacity building and training workshops on various subjects for Nangarhar Agriculture University Students including, Business Development, Marketing, Field hands on trainings, Communication skill, and many other Food s [...]","job details

job location
college now  cleveland oh

position type
full time

education level
bachelors degree preferred

college now greater cleveland

position description

position title college and career advisor full time  months

status nonexempt

standard hours  hours per day hours vary depending on school schedule and school needs

salary starting at  and increases with relevant experience

reports to manager advising programs and services

assigned to advising programs and services

position summary

the advisor helps students aspire to prepare for enroll in and find resources to pay for postsecondary education based on specific school assignments this is mainly accomplished via classroom workshops group sessions individual student meetings and parent meetings the advisor will work with students in grades that can range between   

essential functions
 work within each schools unique environment in order to best serve students while meeting college now expectations attend faculty meetings school open house college information night and financial aid night and other meetings as necessary in order to meet key school personnel promote college now services and integrate into the schools system
 provide group and individual services to students in all assigned schools these services may include
 assisting students with discerning career and college goals by providing information regarding educational options beyond high school including institutional choice career options [...]"
1004,802,784,topK,0.5517238466303923,0.6913462,0.2,0.2,0.28742975,HEALTHCARE,"Vice President, Operations","OWNER       Summary     Results-oriented individual with diverse background in management and customer service. Dedicated to providing excellent customer service and Strong work ethic, professional demeanor and great initiative.         Highlights          Microsoft Office proficiency  Employee training and development  Schedule management  Results-oriented  Dedicated team player  Resourceful  Bilingual in [Language]  Arts and crafts aptitude  Meeting planning  Scheduling  Concierge duties  Operations management  Marketing and sales specialist  Excellent interpersonal and coaching skills  Recruiting and selection techniques  Interviewing  Staff development/training  Internet savvy  Able to work independently and as a member of a team  Comfortable with diverse populations  Excellent relationship building skills  Excellent writing and critical thinking skills  Interpersonal, oral, and written communication skills  Clear public speaking skills       Strong organizational skills  Seasoned in conflict resolution  Customer-oriented  Social media marketing  Event planning  Strong planning skills  Supervision and training  Client relations specialist  Exceptional writing skills  Event planning  Microsoft Office Suite  Dedicated team player  Certified in Early Childhood Education  Classroom management  Parent/teacher conferences  Behavioral/cognitive skills development  Teaching, tutoring and counseling  Effectively work with parents  Motivating students  Interactive teaching/learning  Innovative lesson planning  Conflict resolution techniques  Calm and patient  Curriculum development  Excellent classroom management  Excellent reading comprehension              Accomplishments      Customer Service     Handled customers effectively by identifying needs, quickly gaining trust, approaching complex situations and resolving problems to maximize efficiency.    Administration     Performed administration tasks such as filing, developing spreadsheets, faxing reports, photocopying c [...]","vice president operations

new albany ohio

brightview enterprise solutions

looking for an opportunity where success comes naturally then you may have found your crew were looking for a vice president operations to join our team

heres what youd do

the vice president operations will work with the senior leadership team to ensure daytoday operations function efficiently to achieve short and long term objectives the vice president operations will need to understand the business structure and culture have a working knowledge of all work processes and systems envision company goals as well as play a key role in defining the strategy ensure that systems are operating efficiently and deliver high quality services while reducing operating overhead as a member of the bes leadership team the vice president operations will work with each department to accomplish company goals and objectives

youd be responsible for
 work with senior leadership team within the bes business unit to develop and implement operating plans to achieve strategic business initiatives and deliver results
 develop implement and direct execution of operating processes policies and service delivery to improve our ability to service our clients to maximize retention and grow the business
 directs company field operations to achieve service delivery goals budget and other objectives in a dynamic seasonal business
 directs shortterm and longrange planning and budget development to support strategic business goals
 e [...]"
1005,364,1057,C_rand,0.478645688100331,0.5658656,0.0,0.0,0.49803016,SALES,"Sales Associate Totally Pagoda,Providence Place Mall","SALES ASSOCIATE       Career Focus    I am a dedicated, hardworking woman. I am trying to provide for a growing family. I am great with people, and handle myself well in difficult situations. I am looking to eventually go back to school and better my own life as well. As for now I am seeking any type of employment to be able to provide for the daily needs of myself and my children.      Skills      Speaking   Sales and Marketing  Customer and personal Service  Active Listening  Critical Thinking  Reading Comprehension  English Language  Judgement and Decision Making  Social Perceptiveness  Persuasion  Clerical  Coordination  Monitoring  Time Management  Negotiation  Mathematics  Service Oriented  Food Production  Active Learning  Learning Strategies  Instructing  Production and Processing        Education and Training      June 2011    Stanhope Elmore High School   －   City  ,   State      GED              Work Experience      Sales Associate  ,   11/2015   －   12/2015    Company Name   －   City  ,   State      Greet customers and ascertain what each customer wants or needs.  Recommend, select, and help locate or obtain merchandise based on customer needs and desires.  Answer questions regarding the store and its merchandise.  Maintain knowledge of current sales and promotions, policies regarding payment and exchanges, and security practices.  Place special orders or call other stores to find desired items.  Open and close cash registers, performing tasks such as counting money, separating charge slips, coupons, and vouchers, balancing cash drawers, and making deposits.  Watch for and recognize security risks and thefts, and know how to prevent or handle these situations.  Inventory stock and requisition new stock.  Ticket, arrange and display merchandise to promote sales.  Exchange merchandise for customers and accept returns.  Bag or package purchases, and wrap gifts.  Clean shelves, counters, and tables.          Server/Server Assistant  ,   08/2011   －   01/2012 [...]","working with guests helping them find jewelry that suits their needs and piercing also excellent customer service skills needed we are a division of zales jewelers part time flexible hours available hourly pay plus bonus potential

covid precautions
 plastic shield at work stations
 temperature screenings
 social distancing guidelines in place
 sanitizing disinfecting or cleaning procedures in place

paid training
 yes

management
 store manager
 assistant manager

work remotely
 no

this job is ideal for someone who is
 dependable  more reliable than spontaneous
 peopleoriented  enjoys interacting with people and working on group projects
 achievementoriented  enjoys taking on challenges even if they might fail
 innovative  prefers working in unconventional ways or on tasks that require creativity

job type parttime

pay from  per hour

benefits
 paid time off

schedule
  hour shift
 night shift
 weekend availability

supplemental pay
 bonus pay

covid considerations


ability to commuterelocate
 providence ri  reliably commute or planning to relocate before starting work required

work location one location"
1006,616,1247,C_rand,0.5807530811461342,0.6203433,0.125,0.1311423,0.38718426,DIGITAL-MEDIA,Program Coordinator - Adult And Community Education,"25LIVE FUNCTIONAL ADMINISTRATOR/SUPERVISOR OF I.T. HELP DESK         Professional Summary    Experienced R25/ 25Live  Administrator  committed to maintaining cutting edge technical skills and up-to-date industry knowledge.      Skills          Excellent communication skills  System upgrades  Excellent problem-solving abilities  Microsoft MSCA/MCSE Certified  Excellent problem-solving abilities  Excellent diagnostic skills  Enterprise technologies              Work History      25Live Functional Administrator/Supervisor of I.T. Help Desk    ,     10/2007  
                            to   Current     Company Name   –   City  ,
                          State    Communicate with
and identify the needs of Resource 25 usage for staff members within
the University. Set boundaries for Web
Viewers and Users. Respond to space
requests. As the
University's appointed Resource 25
Administrator, all information
on Resource 25 must be kept current by deleting
space/creating new space  .  Run
weekly reports giving key information as to the events occurring on campus and the Sports Complex. E-mail to members of the events Committee. Take leadership role
at the Events meeting
which precedes  the events meeting.  Run weekly reports  on Sports
Complex activities
and e-mail to Village of  Lisle.   Develop, review and implement policies and procedures for the Resource 25 space
reservation process.     Other
Functions:   Keep
current and communicate with IT on the need for Resource 25 upgrades and research and identify the need for
efficiencies such as the Resource 25 and
PeopleSoft interface.  Train authorized Benedictine staff members
to use Resource 25 at the User level.  Maintain/update Resource
25 web site.   Assist areas within
the Office
of
Operations during summer/vacation period.  Handle/answer inbound requests from customers.  Answer phones professionally. Answer Service
Desk requests and tickets in a timely manner. 
Use questioning and listening skills that support effective [...]",program coordinator  adult and community education columbus city schools  columbus oh sign in for commute time apply now job details parttime  contract  minutes ago qualifications communication skills adult education curriculum development bachelors degree full job description  applications must be filed online at  at columbus city schools we strive to make sure each student is highlyeducated prepared for leadership and service and empowered for success as a citizen in a global community  but we cant do it without you as an awardwinning school district in the awardwinning city of columbus ohio we are proud of the work our more than  employees including teachers coaches and administrators do every day to change the lives of our students established in  the district is under the leadership of superintendent dr talisa dixon and a sevenmember board of education with more than  students located in over  different schools around the city of columbus we know theres a position thats right for you rise up and apply to our exciting and impactful position detailed below position summary responsible for the coordination of workforce development programs for adult and community education students following the programcourse goals and objectives that are supportive of the departments mission to serve its customers responsibilities include monitoring collecting and evaluating performance and progress toward the implementation of programcourse goals and objectives essential duties the statem [...]
1007,183,896,B_xcat,0.4473660398392464,0.5008416,0.2,0.20833333,0.1770784,FITNESS,Financial Professional – Financial / Insurance – Entry Level,"WELLNESS DIRECTOR         Professional Summary          Skills          SKILLS  Body composition evaluations  Telehealth experience  Group Instruction  One-on-one coaching  Health education  Data management  Supervision  Planning and Coordination  Training & Development  Leadership  Compassion  Conflict resolution  CERTIFICATIONS  Group Fitness Instructor, NIFS Certified  Certified Therapeutic Exercise Specialist, ACE Certified  Yoga, Tai Chi, Spin, TRX, Behavior Modification, Parkinson's, Health and  Wellness, Aquatics NETA, Aquatic Exercise and Science and ACE  Certified,  Mixed Martial Arts and Boxing certified Inspector, Association of Boxing  Commissioners.      Accounting, HR, Promotion  Administrative, Instructor, Public relations  Arts, Instruction, Quality  Budgets, Leadership, Quality control  Business operations, Managing, Relationship-building  Coaching, Marketing, Safety  Chi, Market, Sales  Interpersonal, Access, Statistics  Excellent, NETA, Supervision  Communication, Organizational, Team player  Conflict resolution, Personnel, Trainer  Clients, Camera, Video  Data management, Policies, Composition  Delivery, Presentations  Educator, Pricing  Finance, Processes  Financial, Profit  Forms, Program development  Functional, Progress            Work History      WELLNESS DIRECTOR  ,     09/2015   to    Current      Company Name    –    City  ,   State        Helped clients set and achieve health and wellness goals.  Conducted group wellness presentations for classes up to 80+ participants.  Demonstrated safe and correct forms for each exercise and piece of
equipment.  Conducted needs assessments or surveys to determine interest in or
satisfaction with wellness and fitness programs, events or services.  Met or exceeded monthly revenue and training goals.  Performed screenings every month for markers such as blood pressure,
weight and BMI.  Conducted needs assessments or surveys to determine interest in or
satisfaction with wellness and fitness programs, eve [...]",financial professional  financial  insurance  entry level description entry level or new college graduate opportunities rarely give you a financial professional agent opportunity that allows you to manage your own book of business as a new york life insurance company financial professional agent you will not only manage your own book of clients but provide clients with insurance options and customer service you will help your clients prepare for longterm financial stability and security new york life is currently seeking selfmotivated driven individuals with a passion for making a positive impact on peoples lives your collegiate experience as a student a member of student organizations a leader or a student athlete have given you the skills you need to launch a career in a company with a wellknown reputation and resources your entrepreneurial spirit and desire for personal growth can take you wherever you want to go and new york life can help as a financial professional agent you will have the freedom to build your network of insurance clients and business associates who are looking for insurance and financial solutions many of our agents started their careers with new york life right out of college entry level candidates are encouraged to apply responsibilities of financial professional  financial  insurance  entry level  schedule appointments and meet with potential clients  make product recommendations to help clients meet their financial goals  provide ongoing service and [...]
1008,258,81,topK,0.546655808073292,0.5624306,0.6666667,0.7692308,0.30549824,HR,Customer Service Representative,"FIELD HR ASSOCIATE           Summary    Reliable HR Field Associate with a Master's of science in Human Resource management emphasis as a Generalist. Passionate and motivated with a drive for excellence.  Handles tasks with accuracy and efficiency. 
______________________________________________________________________________
Skills
*Verbal and written communication skills 
*Time management and organization skills
*Powerpoint presentations
*Flexible 
*Recruiting
*Investigation training
*Employee engagement
*Ability to develop and execute recruitment strategies
*Analyze data and recommend opportunities for improvement 
*Experience in preparing for audits
*Assisted in the hiring process by screening resumes-Select interview process certified via FedEx Ground
* Demonstrated ability to interact effectively with employees. 
* Ability to anticipate and identify problems and use sound judgment and fact based analysis to develop effective and efficient solutions. 
* Software skills, including use of Microsoft Office software and web-based applications. 
* Ability to work day, evening and overnight hours as business needs dictate. I am sending my resume to apply for the position of HR Generalist at AccruePartners, which was posted on LinkedIn by Mr. Luther Hardings.
As you can see in my resume, I possess over 6 years of experience working as an HR professional at two renowned companies in the US, which according to your job requirements, are two most important points.
My qualifications are the exact match to your job descripton:
* Capable of carrying out the recruitment process efficiently while maintaining quality standard.
Evidence: Screened 1500 resumes, Interviewed 500 candidates and hired 150 from this pool for the new call center setup at ABC Company in only 25 days.
* Able to consistently draft new and improve HR policies and procedures to boost staff motivation.
Evidence: With new and improved policies and procedures and resolving all staff related issues, increased [...]","if you are really interested in this job read the entire post its all about the details for us

we are looking for a team player who wants to help us close more deals youll be responsible for answering the phone when customers call as well as doing some outbound sales calls texts and emails we sell vacant land across the us and have an excellent website that gets a lot of leads
 please provide a voice sample when you apply or you will not be considered there if you read that and include a voice sample you just made it to the top  of applicants if you dont include a voice sample dont bother applying as your application will be disregarded

youll be part of a highenergy team of aplayers who love to have fun while being productive

must speak perfect english both verbal and written youll be speaking with people in the us regularly so you should be friendly and professional but have a sense of urgency being nice is key

base compensation is  per hour depending on experience you should expect to make an average of  to  per hour during your first months on the job after that your commissions will increase because youve built your pipeline and can make between  and  per hour

must be willing to work  to  mountain standard time denver colorado

we look forward to hearing from you if this sounds like a good fit"
1009,170,2467,topK,0.47383873422142514,0.4065474,0.0,0.0,0.5852626,AVIATION,Inventory Clerk,"SUPPLY CHAIN MANAGER           Summary    Operations Manager FIU College of Business MBA Programs          Experience         November 2013   to   July 2014     Supply Chain Manager   City        Achieved corporate goals through the development and execution of strategy, policy, and leadership.  Primarily, but not limited to activities relating to master planning, tactical purchasing, receiving, warehousing, and shipping, and general materials Management.  Created and implemented Supply Chain Operational Excellence plan and Business Process Improvement plan to increase inventory turns (from 4 average turns per year to 7 average annual turns per year) within a high mix, low volume global business environment.  Controlled inventory assets to include expendable aircraft parts, Rotable and exchange pool assets, chemicals, miscellaneous shop supplies and consumable items valued at 6.8 million dollars.  Achieved and maintained  KPI's related to inventory turns, purchase price variances, material availability, on-time delivery, past due backlog, customer lead time, and overtime premium expenses.  Through both strategic initiatives and tactical response, ensured material availability for fulfilling customer orders on time, meeting target customer lead times, and fulfilling revenue commitments.  Responsible for weekly cycle count program and annual physical inventory processes.  Maintained a key role in the execution of monthly Sales, Inventory, and Operations (SIOP) goals.  Implemented lean principles, change management process, and best practices, for all purchasing/procurement, material handling/storage, and logistics activities.  Developed direct reports to support departmental and organizational continuous improvement goals.  Created and managed departmental expense budgets.  Negotiated and executed supplier agreements/contracts by working with cross-functional stakeholders and suppliers to reach agreement on contract terms and conditions.  Worked closely with departmen [...]",central business park  melrose ave ste  southfield michigan  united states of america this position is responsible for maintenance storage and utilization of the dialysis facility inventory and inventory system in accordance witinventory clerk inventory clerk healthcare retail
1010,545,2048,A_mid,0.5105871730766127,0.47872478,0.6363636,0.6603774,0.22711983,PUBLIC-RELATIONS,Digital Marketing Internship at EdTech Start-up,"PUBLIC RELATIONS SPECIALIST           Summary     Dedicated Communication Specialist with extensive experience in media relations and special event planning. Areas of expertise include writing for many audiences, public policy analysis and managing multiple priorities.        Highlights         Superb writer and editor  Trained in media relations and crisis communication  Print and electronic media  Deadline-driven  Exceptional problem solver  Compelling public speaker  Exceptional writing skills  Event planning  SEO knowledge  Microsoft Office Suite  WordPress  Adobe Photoshop  Quark XPress   InDesign  Final Cut Pro       Skilled multi-tasker  Focused and driven  Dedicated team player  Positive attitudeExcellent communicator   Firm grasp of Associated Press Stylebook  Social media communication (ie: Facebook, Twitter, LinkedIn, Ello, Women.com, Instagram, tsu, MySpace, Google+)            Accomplishments     Communicated with the public, elected officials, media and employees.  Ran communications and public relations efforts on hundreds of projects with minimal budgets.  Developed and implemented an innovative internal communications strategy to improve employee engagement through strategic messaging.       Experience      Public Relations Specialist    March 2012   to   January 2014     Company Name   －   City  ,   State      Created position - took over duties from PR agency  Promoted the plan to media, Health Plan members and the public  Updated and monitored social media communication and website  Wrote and implemented yearly Public Relations and Social Media plans  Arranged sponsorships of area events, promotion and event planning  Coordinated and implemented community relations programs and charitable events   Tracked negative communication about the organization on websites and blogs and developed strategies for addressing it.   Devised optimal communications strategies to reach target audiences.  Planned and publicized events, including negotiating vendor c [...]","this internship is an opportunity to
 grow your knowledge of digital marketing
 work with the closeknit team of the goodreads for kids
 gain experience in a startup environment
 increase childrens enthusiasm about reading

at biblionasium our mission and passion is to encourage excite and engage kids to read founded in  this multiple awardwinning education technology company has over a million registered students and over a hundred thousand educators we are known as the goodreads for kids where students share book ratings reviews and recommendations with their friends and members of their school community in addition we provide a host of tools for educators to monitor measure and manage student independent reading to learn more about us please visit our website

to keep in contact with our user base and to grow our network of educators and parents biblionasium is looking for a social media marketing intern who will manage part of our communication channels and our social media presence this is a great opportunity for college students who are working toward a future career in the social media marketing andor publishing fields to gain handson experience

we are looking for business marketing or communications students who also have an interest in education literacy andor the childrens publishing industry any previous experience with digital marketing or social media or completed relevant coursework will be considered a plus
this is a remote position and you can work on your own [...]"
1011,537,299,B_xcat,0.4706473156681312,0.5746159,0.125,0.14401004,0.08815546,INFORMATION-TECHNOLOGY,Full-Cycle Recruiter (Remote),"VICE PRESIDENT INFORMATION TECHNOLOGY - SOFTWARE ENGINEERING         Professional Summary     A results-driven and business minded technology leader with 20+ years of experience in technology and software development.  A professional who is passionate about developing people and teams to reach their greatest potential. A thought leader that partners with business to drive strategy from conception to execution. A team player that places a priority on networking, relationship building and diversity to achieve the greatest possible outcome. A progressive technology leader with an innovative and growth mindset.       Skills          People Centered Leadership  Strategic & Tactical Planning  Software Engineering  Designing & Architecting Systems      Coaching and Talent Development  Building a Culture of Innovation and Engagement  Transformation and Change Advocate            Work History      Vice President Information Technology - Software Engineering  ,     03/2018   to   Current     Company Name   –   City  ,   State      Leading all aspects of IT Application Development and Corporate Systems teams encompassing 100+ IT associates plus consultants, $20 m budget, key capital trans-formative projects for the full life-cycle of delivering world class business solutions.  Supporting company-wide Fit for Growth initiative which focuses on improving customer and associate experience by transforming business processes and leveraging modern technology solutions replacing antiquated systems.  Leading technology transformation focused on re-platforming legacy core systems to a cloud and microservices/containers-based architecture running on the AWS platform.  This allows Safelite IT to deliver business value faster (improved speed to market by ~20%).   Leading implementation of robotic process automation (RPA) by automating manual/repetitive business processes. Anticipated savings of $2-$3 M per year.         Assistant Vice President - Solutions Delivery  ,     07/2015   to   0 [...]","oomnitza offers enterprise it a compelling solution to manage the entirety of its technology investment unlike conventional siloed and complex solutions oomnitza offers unprecedented visibility control and automation to unify lifecycle management across endpoints devices applications networks and cloud our enterprise technology management solutions enable some of the largest popular and most innovative companies in the world to address critical requirements for security compliance employee experience and financial efficiencywith greater productivity and accelerated time to value oomnitza is headquartered in san francisco

oomnitza is looking for an exceptional fullcycle recruiter to join our growing company and team the right individual will be passionate about recruiting and someone that will enjoy being an integral part of a hypergrowth phase at a startup this person will have the opportunity to work on challenging projects and initiatives and be instrumental to our continued growth in 

responsibilities
 support fullcycle recruiting for sales marketing professional services customer success customer support and more
 provide an exceptional and consistent candidate and hiring manager experience with a growth mindset and integrity
 proactively source qualified candidates review resumes and prescreen candidates while moving the interview process forward in a timely manner
 become a trusted advisor to our hiring managers by providing datadriven metrics and analysis to define s [...]"
1012,606,2152,topK,0.47775476305921805,0.6254634,0.25,0.22542784,0.4232896,BANKING,Equity Research Associate - Biotechnology,"ASSOCIATE, INVESTMENT BANKING OPERATIONS         Highlights          Proficient
in Microsoft Office (Excel, PowerPoint, Word, Access), Minitab, Maple, Lingo,
and HTML Applications  Experience
in SAP programs as well as Six Sigma      Detail-oriented  Analytical​  Troubleshooting and problem solving  Superior
communication, group dynamic, time management, organizational and leadership
skills            Experience      Associate, Investment Banking Operations   07/2013       Company Name     City  ,   State             Intern, Syndicated Loan Operations   06/2012   －   12/2012     Company Name     City  ,   State     Responsible
for performing maintenance on over 150 deals with over 1000 loans, including
processing notices of loan activity, managing cash flows, and monitoring past
dues and exceptions. Identified issues and partnered with the agent banks to
define the root cause and implement a remediation plan. Prepared and distributed
weekly status updates to the agent banks for several deals. Responsible for
monthly checklist process, ensuring the integrity of month-end data.        Intern, Derivatives Operations   12/2011   －   05/2012     Company Name     City  ,   State     

Responsible for updating and
creating backend client contact details database to ensure efficient
communication with clients for successful compliance with federal regulations.
Prepared bi-monthly critical executive scorecard reports for senior management to
ensure the corporation complied with federal confirmed-trade regulations.
Improved efficiency of reporting through developing system enhancements,
including macros generating business critical compliance reports for both
equity and credit derivatives.

        Education       2013   Bachelor of Science  :  University of Delaware   -   Operations Management    City  ,   State       Minor in Economics  GPA: 3.978/4.0  

Awards/Distinctions: Distinguished Operations Management
Junior, 

Alpha Lambda Delta Honor Society, National
Society of [...]","address
 w  street

job family group
customer solutions

bmo capital markets is a leading fullservice financial services provider we offer corporate and investment banking treasury management as well as research and advisory services to clients around the world bmocapitalmarkets

bmo capital markets is a leading fullservice north americandomiciled financial services provider offering equity and debt underwriting corporate lending and project financing merger and acquisitions advisory services securitization treasury management market risk management debt and equity research and institutional sales and trading bmo capital markets has approximately  professionals in  locations around the world bmo in total has approximately  employees

the equity research department covers over  stocks across diverse sectors and provides equity strategy quantitative analysis and portfolio management services to our clients within this we are currently searching for an associate for our internet  media research team in our new york office

description

bmo capital markets is seeking an equity research associate to support one of our biotechnology analysts candidates should have strong familiarity with the biotechnology industry preferably gained through experience in equity research investment banking  consulting or work as a scientist in the biopharma industry an advanced scientific degree md or phd or mbacfa is desired but not required

as a research associate you will perform extensive fundam [...]"
1013,661,1292,topK,0.5323195148772252,0.7171855,0.16666667,0.1724138,0.26806724,DIGITAL-MEDIA,Admin/Clerical Recruiter,"PAID MEDIA SPECIALIST       Summary    Enthusiastic employee with a record of high quality work, excellent interpersonal skills, and a strong work ethic. I am seeking a career with a company that values hard work, open communication, and offers opportunities for growth   and personal improvement.        Accomplishments      Angie's List Developing Professionals Network    March 2014-Present.  Promote career development and employee culture through educational and social events.        Experience     08/2016   to   Current     Paid Media Specialist    Company Name   －   City  ,   State      Collaborate with agency partners and marketing leadership to execute Angie's List offline advertising strategy.  Responsible for planning and implementing 2017 offline media plan of ~$14M, which accounts for 57% of marketing's membership sales goals.  Manage relationship with radio partners, TV media agency of record, and other offline media contacts.  Work closely with online marketing team and digital agency partner to align media plans between online and offline tactics, focusing on advanced TV and OLV.         04/2015   to   07/2016     Coordinator    Company Name   －   City  ,   State      Supported the marketing leadership team, acting as a liaison across seven marketing channels and among several agency partnerships.  Coordinated and executed formal RFP process for digital, creative, and media agency searches that resulted in media buys greater than $50M.  Organized quarterly marketing summits with marketing leadership and agency partner teams.  Managed monthly marketing department wide meetings for 11 teams, consisting of ~65 employees.  Point person for contract management process, and implemented any new software and processes for marketing department, including SharePoint and Procure-to-Pay system.  Angie's List top 20% performer Q3 & Q4 2015.         06/2013   to   04/2015     Member Care Trainer    Company Name   －   City  ,   State      Constructed training plan to r [...]","knowledge services is seeking an administrativehealthcare recruiter to join our team in our brand new indianapolis office hybrid schedule offered in this role you will be part of a high performing recruiting team where you will have the support collaboration and tools necessary for success this role offers high earning potential including a strong base salary with uncapped commission and full corporate benefit package we offer the resources you will need to ensure success such as industry leading technology sourcing platforms job board access linkedin recruiter seat internal resources community networking opportunities and more if you are driven and hungry for success but also value teamwork and a positive working environment lets talk

join the nations largest government managed services provider and see why knowledge services has been voted one of indys best places to work in indiana for the past five years
 analyze candidate information to determine match between candidates and job openings
 screen and identify administrativemedical talent through passive and active sources including postings social networking job boards and internet research
 submit qualified candidates and manage them through the full recruitment process utilizing ats for documentation
 deliver a positive candidate experience while overcoming objections negotiating rates closing candidates and monitoring onboarding
 follow organization and customer processes  policies to ensure contact compliance and cus [...]"
1014,386,1224,B_xcat,0.466748621554963,0.6259534,0.22222222,0.2431521,0.2356756,CONSULTANT,Medical Case Manager - (Remote),"MARKETING CONSULTANT           Summary     Value Creator, Marketing Executive:  Versatile strategic leader with over 15 years in corporate marketing, business development, and account management for Fortune 1000, niche, and start-up companies. Success in healthcare, technology, automotive, retail, and consumer-packaged goods. Proven ability to grow revenues and brand loyalty in B2C and B2B markets with innovative campaigns and targeted marketing programs.  Contributor to team leader with experience over million-dollar budgets. Entrepreneur mindset creative and analytical skills for measurable impact. BBA in Marketing and MBA in Management.      Skills          Strategic Planning  Forecasting, Budgets, & P & L  Brand & Product Management  Channel Strategies  Lead Generation  Account Management  Complex Selling  Software & Technology  Manufacturing   Sourcing  Sales Enablement      Business Competitive Analysis  Market Research  New Product Development  Packaging  Creative/Design  Content & Communications  Social Media & Digital   Events   Project Management, Vendor Management  CRM & Automation Apps  Call Center & Telemarketing            Experience      Marketing Consultant    May 2011   to   Current     Company Name   －   City  ,   State      Marketing services and consulting working with diverse companies in healthcare and technology.  Client roles 
vary as Consultant, Contractor, and Employee in marketing leadership and managing all areas of the marketing function and 
resources.  Experience focuses in corporate, startups and individuals seeking to thrive including:.          Marketing Director/Consultant    April 2015   to   December 2016     Company Name   －   City  ,   State      Increased profits by 60% in one year through restructure of business line.  A B2B technology & healthcare solutions provider and VAR for GE Imaging reporting to matrix executive leadership Oversaw marketing for three divisions to support revenue pipeline across diverse vertical markets [...]","company  highmark wholecare job description 

job summary

this job assures that members with complex medical andor psychosocial needs have access to high quality costeffective health care assists in the holistic assessment planning arranging coordinating monitoring evaluation of outcomes and activities necessary to facilitate member access to healthcare services advocates for the most appropriate care plan using sound clinical judgment accurate planning and collaboration with internal andor external customers and contacts follows established regulatory guidelines policies and procedures in relation to member interventions and documentation of activities related to the members care and progress across the continuum of care facilitates andor participates in interdisciplinary andor interagency meetings when necessary to facilitate coordination of servicesresources for members

essential responsibilities
 communicate effectively while performing customer telephonic interviewing and communication with external contacts
 communicate effectively while interacting with case management specialists management team physician advisors and other interdepartmental contacts
 maintain knowledge of medical terminology and medical diagnostic categoriesdisease states
 educate members in order to enhance member understanding of illnessdisease impact and to positively impact member care plan adherence pharmacy regimen maintenance and health outcomes
 collaborate with primary care physicians medi [...]"
1015,296,9,topK,0.5799740133507076,0.5169796,0.0,0.0,0.5886626,HR,Data Entry Clerk,"HR CLERK       Summary    Translates business vision into HR initiatives that improve performance, profitability, growth, and employee engagement. Developing, improving and managing HR strategies in benefits and compensation, employee recruitment and development, ethics and corporate social responsibility, diversity, safety and security, and business strategy.  Worked with continuous improvement programs in connection to development of Lean and Six Sigma strategy programs.       Highlights          New Employee Orientation  Applicant Tracking System  Onboarding  Payroll Management includes timekeeper for Kronos Timekeeping System  Compensation and Benefits   Performance Management      Workers Compensation  General Ledger Accounting   Database Management  Continuous Improvement  Six Sigma  Lean Manufacturing  Business Strategy            Experience     02/2016   to   Current     HR Clerk    Company Name   －   City  ,   State      Coordinate and oversea recruitment and orientation program support for other HR assigned special projects.  Coordinates and support for hiring of temporary hourly employees.         01/2012   to   01/2015     Administrative Coordinator    Company Name   －   City  ,   State      Coordinates, oversees, and performs a wide variety of administrative, secretarial, and program support activities.  Serves as primary point of operational and administrative contact for internal and external constituencies, often on complex and confidential issues.  Participates in the coordination, supervision, and completion of special projects and/or events.  One project included setup up of IT Service provider contract.  HR duties included maintenance of employee records, recruitment, employee orientation and onboarding.         01/2010   to   01/2012     Administrative Assistant/Bookkeeper    Company Name   －   City  ,   State      Provides high-level administrative support for human resources, accounts payable, and purchasing departments.  Primary duties includ [...]",anywhere in us   per hour   annual bonus  company paid insurance medicaldentalvisionlife  as a data entry associate youll review prepare and submit customer applications to insurance carriers for approval review and compile necessary information ensuring application packet completeness and accuracy verifying proper formatting and submitting the application using the carrierspecified channel conduct administrative tasks that support the submissions processhiring fast
1016,832,952,topK,0.5097348296608334,0.6641113,0.0,0.0,0.37747005,AGRICULTURE,"Equity Research Associate, Biotech","SENIOR FIELD APPLICATION SPECIALIST       Summary    Senior Field Application Specialist with extensive customer training experience for a large, international, biotech company. An expert on multiple In Vitro Diagnostic systems and microbial methodologies, all utilized by laboratories in the pursuit of, food science, environmental testing, pharmaceutical development, pharmaceutical research, veterinary care, blood banking, clinical research and clinical diagnostics.        Education and Training       2007   Bachelor of Science  :  Metropolitan State University of Denver   -   Microbiology and Molecular Biology    City  ,   State  ,   USA    Microbiology and Molecular Biology          Experience      Senior Field Application Specialist   06/2014   －   06/2016     Company Name     City  ,   State       Responsible for first line of customer support and troubleshooting both onsite and remotely.  Provided proficient and timely instrument training, validation and implementation for bio health care customers on the use of all Biomerieux platforms and assays; Immunoassay, microbial Identification, microbial resistance, mass spectrometry MALDI-TOF, sterility, microbial enumeration, DNA/RNA extraction, DNA strain typing, media management, and blood banking.  Strictly adhered to government guidelines and regulations.  Aided the marketing, engineering and sales groups to increase offerings and solutions.  Remained the technical expert on all products.  Organized and managed a large territory through proper reporting and proof of accountability.          Field Application Specialist   01/2008   －   06/2014     Company Name     City  ,   State       Responsible for first line of customer support and troubleshooting both onsite and remotely.  Provided proficient and timely instrument training, validation and implementation for industrial micro customers on the use of all Biomerieux platforms and assays; Immunoassay, microbial Identification, microbial resistance, mass spectromet [...]","equity research associate biotech


apply
location  avenew york nyreq number research associate biotech
locations      ave  fl new york ny  
role type      full time 
summary
ladenburg thalmann is seeking an exceptional candidate to join as a sellside equity research associate to help cover the smallcap cap biotech sector our chosen candidate will be responsible for following the progress of covered public companies as well as researching other public and private biotech companies the chosen candidate will support the research team in the efforts to analyze companies and make stock recommendations to institutional investor clients the candidate will have an undergraduate degree in life sciences ideally with a second major in finance additionally the chosen candidate will have an interest in equity research and financial modeling as it relates to the biopharma sector this position will be based in midtown manhattan new york
in addition to the resume please provide a cover letter explaining your interest in this position
responsibilities  job requirements
provide support to the senior analyst through fundamental analysis and investment research in equity markets with an emphasis on the biopharma sectoranalyze individual biotech companies to build and routinely update threestatement financial modelsbuild and maintain sales models for a variety of medicineswrite comprehensive initiation research reports and commentaryconduct primary research through expert interviews and due dili [...]"
1017,23,1178,B_xcat,0.5442573158053996,0.5829628,0.0,0.0,0.3449636,CONSULTANT,Chief Executive Officer - Healthcare - Columbus,"CONSULTANT       Summary    Business focused professional with a passion for healthcare and patients. Leverage experience and expertise to help
 businesses execute on their strategic initiatives. Experience in managing experience design and human-centered focused
 projects, strategy planning, logistical planning and execution, strategic change management, corporate communications,
 project management, and learning design. Known for an innate ability to diagnose problems and develop creative
 solutions tailored for each organization. Extensive experience leading teams and developing team members at varying
 levels in their career, as well as being able to work in complex organizations.        Experience     09/2015   to   Current     Consultant    Company Name   －   City  ,   State      Most significant projects
     § National Audit Firm - Led an experience design initiative to understand what people do, how they work
         and the systems they use.  Showed leadership where gaps existed and how to close those gaps to increase
         productivity and foster positive working relationships across the organization.  Managed an innovative and
         creative team as we used a user-centric design approach to gain a greater understanding of the major
         audiences represented, and developed a plan to effectively roll out a new service desk to the organization.  Managed client relationship and responsible for final deliverable delivery.  National Healthcare Insurer - Led the corporate communications workstream.  Executed strategic
         communications activities to support of awareness and adoption of the upcoming implementation.  Created
         dynamic communications, thinking outside the box to promote the benefits of the new system in addition
         to the impact to the organization and its customers.  Conducted pulse checks and executive interviews to
         understand level of involvement and stakeholder engagement, making adjustments along the wa [...]","chief executive officer  healthcare

columbus ohio

columbus ohios state capital is known for the scioto mile which is a string of parks on both sides of the scioto river with a huge interactive fountain and trails columbus is home to one of the nations most competitive intercollegiate programs the ohio state buckeyes of ohio state university whether you are looking to relocate or are a current resident job opportunities in columbus are abundant

the chief executive officer ceo is accountable for operational oversight of hospital systems and services ideal candidates will have prior leadership experience in a healthcare system and have a passion for improving patient outcomes

chief executive officer ceo responsibilities
 adopts an approach to hospital wide performance improvement to ensure important processes and activities are measured assessed and improved systematically
 promotes quality outcomes through effective planning and efficient utilization of healthcare resources
 directs the financial and budgetary performance of the hospital
 sets the business strategy and promotes the mission vision and values of the organization
 builds a senior management team
 successfully meets strategic operational and programmatic goals approved by the governing board
 creates and promotes a desired culture for the organization
 supports employee and patient education to enhance knowledge skills and necessary behaviors to facilitate health
 participates in systemwide policy decisions aff [...]"
1018,846,2081,topK,0.5902868274161399,0.54871744,0.0,0.0,0.36352313,PUBLIC-RELATIONS,Marketing Intern,"PROGRAM MANAGER       Professional Summary    Highly-motivated community service professional skilled at networking, media outreach and relationship development. Flexible and versatile team player who maintains a sense of humor under pressure.      Core Qualifications          Citizen engagement  Employee relations  Media relations  Inter-governmental and legislative affairs  Social media  Event planning and logistics  Public speaking  Copywriting and copyediting  Microsoft Word and Excel expertise  Strong communication skills              Experience     10/2015   to   08/2016     Program Manager    Company Name   －   City  ,   State      Contributed to relevant blogs, conferences and events both off-line and online to increase brand awareness.       Managed the complete redesign and launch of the company's website in  [Number]  months.       Created an official company page on Facebook to facilitate interaction with customers.       Managed all social media programs, including Internet forums, blogs, social networking applications and message boards.      Presented on current promotions to the public at events and tradeshows.      Wrote newsletter marketing copy and presentation materials for special projects.     Established effective working relationships with clients, government officials and media representatives.     Developed and implemented communication strategies and information programs.     Gathered and analyzed data on community needs and interests.     Developed and published a monthly citizen newsletter.       Organized public appearances, lectures, contests and exhibits to increase product awareness.     Designed web and other content, including monthly newsletters and promotional calendars.         Managed the editorial content, design and distribution of the external company newsletter.       Conferred with production, graphic design and web-design personnel to coordinate production of corporate communications materials.         Developed corporate [...]","our team is growing were offering several different internship opportunities for innovative candidates these interns will gain experience with social media management video production client relations branding and creative marketing campaigns

since we are a growing company our interns will get to work hands on with projects that will directly impact local and national companies our work has been used as tv commercials website headers has garnered millions of impressions on social media and has been featured on accounts such as mercedes benz usa nissan jaguar usa and roush performance"
1019,574,281,B_xcat,0.5413949694153576,0.55544275,0.33333334,0.3409838,0.4171254,INFORMATION-TECHNOLOGY, Construction Project Manager,"INFORMATION TECHNOLOGY CONSULTANT           Career Overview     Accomplished information technology professional with over 18 years of diverse technology, process analysis, project management, and information management experience.  Proven ability to successfully implement technology solutions, stay within time and budget constraints, and improve efficiency through proper risk management, task coordination, and resource utilization. Core Competencies Project Management Systems / Network Reporting Proposal Development Web Design & Development SOP & Policy Writing Systems & Process Consulting Document Management Technically-advanced information technology specialist successful in software administration and data communications.Experienced Computer Systems Analyst with diverse industry experience in banking, healthcare, insurance and government. Professional expertise includes systems applications, disaster recovery planning and information protection analysis.       Qualifications         Microsoft Windows (7, 8, 2012), Apple Mac (OS 7 - X, OS X Server, iOS), Unix/Linux (Ubuntu, Red Hat, CentOS, FreeBSD, SmoothWall Express)   Server/Web Software: 	MS Exchange, MS SharePoint, MS IIS, MS Hyper-V, Apache, WordPress, CloudFlare, Documentum, CoreDossier, Oracle Workflow, DavMail HTML5, CSS, PHP, JavaScript, Java, XML, C++, Microsoft Visual Basic   Applications:	Adobe CS6 (Acrobat, Photoshop, Illustrator, InDesign, Dreamweaver, Premiere, Flash, After Effects, Fireworks), MS Office, MS Project, Office 365 MySQL, MS SQL, MS Access, Oracle 11i, Sage ACT!     Web content management  Information security  Content management systems      Hardware:	Dell, HP, IBM, Cisco, SonicWall, NetGear, FortiGateProgramming and design skills  Optimizing and performance tuning  Document management  Web content management              Accomplishments      Print Graphic Support     Collaborated with marketing and business development groups for collateral needs by creating page layout designs for [...]","overview
location of construction pm currently seeking construction project managers currently located in the northeast market near a major airport
 
travel extensive travel typically overnight tuesdaythursday weekly with potentially more travel as needed based on business needs
 
this manager of construction projects is responsible for visiting budgeting developing plans conducting formal bidding managing construction activities and conducting all contract administration including contract modifications and pay applications for new relocated and construction projects at existing stores 

responsibilities
direct general contractors architects and vendors to complete construction projects while meeting contract requirements and tractor supply company tsc required timelinesreview construction contracts and pay requests per the detailed and dynamic contract checklists and pay application checklistsreview and monitor projects by developers and landlord contractors for compliance with tsc building requirements and schedules conduct a thorough review of all hard copy documents and well as the electronic information such as the weekly project reportsnegotiate review and approve change orders for both prototype and retrofit projects as well as special projects per the change order processperform a thorough review of all new store plans including civil architecture engineering ae mechanical electrical and plumbing mpe etcupdate the standard criteria plans scp quarterly to ensure tsc s [...]"
1020,733,178,B_xcat,0.5226424577243393,0.6342072,0.0,0.0,0.5970299,DESIGNER,Sales Associate / Design Consultant - Full Time,"FREELANCE GRAPHIC DESIGNER           Highlights          Summary:	Marketing and design professional with nearly eight years experience supporting effective development and implementation of company marketing plan and goals. Areas of expertise include:  Development of brand identity  Layout and copy of promotional materials  Copy, editing and proofreading  Execution and design of promotional campaigns  Print production preparation  Computers: Experienced and trained in CS5: Adobe Photoshop, Illustrator, In Design, and Acrobat.  Also trained in Microsoft Windows, Word, Excel, Dreamweaver, and Quark.                Experience      Freelance Graphic Designer  ,   01/2011   to   Current    Company Name          Magazine Layout Design.  Brochure Design.  Web Design.  Web Maintenance.          Owner  ,   01/2004   to   Current    Company Name          Creative design and layout of wedding invitations.  Preparation of art files and print specifications for various clients.  Creative design of marketing materials for various clients.  Website maintenance for various clients.  E-mail marketing.          Accounts Receivable Manager  ,   01/1998   to   01/2001    Company Name          Responsible for collections of all accounts.  Maintained daily cash balance.          Event Coordinator  ,   01/2004   to   01/2010      Creative design and layout of event posters, fliers and banners.  Coordinator of five major community events.            Personal Information    Ability to work hard and accomplish duties without direct supervision.      Additional Information      Self motivated & disciplined: Ability to work hard and accomplish duties without direct supervision.        Skills    Acrobat, Dreamweaver, Adobe Photoshop, art, balance, banners, brand identity, Brochure Design, Creative design, clients, editing, E-mail, Illustrator, Layout Design, Layout, marketing plan, marketing, marketing materials, Excel, Microsoft Windows, Word, posters, Print production, promotional materials, [...]","job details

description

the sales associate  design consultant is responsible for maximizing sales and delivering an exceptional guest experience in this exciting role you are creating lasting relationships while assisting clients with the selection customization and purchase of merchandise in this retail sales role the design consultant will have the ability to read each clients need for assistance and match their requirements to the benefits of the merchandise

as a sales associate  design consultant you will be providing customer service and space planning assistance as well as maintaining a sales driven focus

if this sounds like the type of environment in which you would flourish we invite you to apply for our opening at the freehold raceway mall

essential duties  responsibilities
 meets required monthly sales and productivity standards
 demonstrates strong product knowledge furniture accessories fabrics etc
 maintains a guest book to organize generate and cultivate business
 performs proactive and consistent followup with all guests before and after the sale and at delivery
 works to improve performance based on feedback provided by store management
 promptly solves guest concerns
 performs all opening and closing duties as directed
 accurately performs all systems functions and maintain operational standards
 works in collaboration with all team members

minimum qualifications
 high school diploma required college preferred
 some work experience in a retail environm [...]"
1021,777,900,C_rand,0.5009156121569783,0.64913625,0.33333334,0.30388921,0.2926184,FITNESS,Senior Accountant (Remote),"MEMBERSHIP COORDINATOR       Career Focus    I would like the opportunity to share more about my work experience and how my skill set could contribute to the
successful day-to-day running of your company. I'd be happy to supply strong references at your request.
I am currently in pursuit of a career and believe my skills could greatly contribute to your company.
Gainful employment in a well structured cooperative environment in which my skills and hard work can be optimally
utilized. Frankly stated I am looking for a career as opposed to a ""job"".      Summary of Skills          Reliable and dependable          High customer service standards  Active listening skills          Flexible scheduling  Top sales performer          Superior organization skills  Customer service expert          Excellent multi-tasker  Opening/closing procedures          Superb sales professional  Sharp problem solver          Bar management      Time management ability  Excellent communication skills  Strong lead development skills  Goal-oriented   Focused on customer satisfaction   Customer service expert    Employee training  Clean and professional  Cold calling  Self-motivated            Professional Experience     05/2014   to   Current     Membership Coordinator    Company Name   －   City  ,   State      As Membership Coordinators I am responsible for selling memberships at the health club.  The position requires that
     the membership coordinator generate at least 60% of my own prospects through normal prospecting channels.  The other 40% may originate from club advertising and promotions.  A strong working relationship with club staff
     is expected of the membership coordinator.  Paperwork and administrative follow-up on personal sales, along with
     personal follow-up on new memberships are essential tasks.  Responsibilities and Approximate Time Distribution
     15% - Telephone solicitation, prospecting and other follow up.  4% - Sending mailings to prospects.            60% [...]","in the minute it takes you to read this job description bluecore has launched over  individually personalized marketing campaigns for our retail ecommerce customers

bluecore is expanding our finance team and is looking for a senior accountant with a positive attitude who is highly motivated to learn and grow within a fastpaced organization this role will be responsible for supporting the monthly close processes as well as supporting and initiating general accounting and reporting process improvements to gain efficiencies and strengthen the overall control environment

this position requires a driven selfstarter who is able to work comfortably with stakeholders across the organization takes tasks from start to finish and someone who enjoys working in a fastpaced challenging environment this is a great opportunity to become a member of the finance team for a breakthrough company that is disrupting the retail market

the role
 perform monthend close activities including preparation of journal entries and reconciliations for various balance sheet and income statement accounts
 perform financial statement analysis and document meaningful explanations for fluctuations
 review revenue contracts and transactions to ensure compliance with the companys revenue recognition policies under 
 prepare memos and analyses surrounding revenue recognition under asc  for more complicated billing arrangements
 responsible for creating and maintaining commission calculation files for variable com [...]"
1022,397,848,A_mid,0.5168572047140727,0.4888855,0.25,0.25,0.5408678,FITNESS,Human Resources Manager,"OPERATIONS MANAGER       Executive Summary     A highly accomplished, versatile and respected professional with over 12 years in Terminal Operations at the Port of Los Angeles. Terminal Operations is a time sensitive, high pressure, and diverse environment which you collaboratively work with customers, the union work force, and internal management along with federal, state and local agencies to navigate a myriad of contract rules, regulations, lease agreements  and  laws.  As an Operations Manager, I have advanced knowledge in working with all facets of terminal operations; Customer Service, Rail, Vessel, Terminal planning and yard functions. Initiated cost reductions, stream-lined dock work functions and similar to an industrial designer reconfigured and maximized the use of terminal space to accommodate the growth in volume. Consistently achieves outstanding results in complex situations while building and maintaining strong, loyal relations with clients, colleagues and staff.  Being a leader in this environment challenges you to think beyond the simple choice and reach for the impossible answers while maintaining the integrity of all the moving parts.       Core Qualifications          Extensive knowledge of all operating aspects of Vessel, Rails, Yard and Terminal Operations.  Dynamic Leadership-Team Building  and Staff Training  Strategic planning  Cross Departmental Communications      Service Quality Improvement  Customers Relations  Budgeting Analysis, Forecasting and Cost Reductions  Productivity Reporting  Contract Compliance            Professional Experience      Operations Manager   01/2002   to   Current     Company Name   City  ,   State       Managed Yard and Terminal Operations Center  SuperIndendent of RailRoad Department, Vessel Operations and Customer Service   Solicited operational feedback from Union and implemented those recommendations, improved by 23%  Improvements in productivity thus reduced operating budget from $52M to $48M a year  U.S. [...]","about the role

as a human resources manager for tql you will be the hr pointofcontact for a designated group of teams across the country our hr team is obsessed with the wellbeing of our people and thrive on building trusting relationships with their internal customers we can promise no day will be the same here and youll have the opportunity to be a strategic partner for employees and leadership while contributing to the continued growth of tql

whats in it for you
 competitive compensation benefits and bonus package
 biannual bonus opportunity
 paid relocation to tql headquarters cincinnati oh
 join a growing team within a robust and innovative hr department
 lead all things hr for a select region of a  organization
 we win wherever we go  voted a top workplaces usa   and forbes americas best employers 

what youll be doing
 partner with sales marketing and support leadership to assist with organizational policies employeerelations issues and compliance with federal state and local laws
 serve as a resource to employees handling questions and helping to resolve workrelated matters and escalating issues or questions as necessary
 maintain confidentiality establish trust and credibility be approachable and fair and balance business needs with employee needs
 create and maintain documentation relating to personnel
 monitor employment law postings in office to ensure compliance with state and federal requirements
 assist the onboarding team with dayone activities including pre [...]"
1023,389,576,C_rand,0.4300088440000592,0.56031144,0.0,0.0,0.32855523,BUSINESS-DEVELOPMENT,Retail Sales Associate,"BUSINESS DEVELOPMENT CONSULTANT         Executive Summary     Dynamic financial services and business development leader with 17+ years of combined experience across diverse banking and sales platforms. Dedicated to delivering services excellence while surpassing revenue objectives, working closely with teams and clients to address needs. Enforces adherence to organizational policies, procedures, and standards as well as industry regulations. Blends strong analytical and communications acumen to generate comprehensive research and reports - supporting planning and decision-making. Senior loan operations specialists skilled in collaborating with multidisciplinary teams throughout application and financing processes.        Core Qualifications          Loan operations & documentation   Compliance guidelines  Risk mitigation  Team leadership & support  Investments management  Home & commercial mortgages   Microsoft Office      Business development  Negotiations  Stakeholder relations  Customer service  Sales life-cycle  Underwriting requirements   Financial & credit data analysis  Prospecting & referrals            Professional Experience      Company Name    City  ,   State    Business Development Consultant   02/2019   to   04/2020        Delivered expert consulting services in financing, operations, sales, and marketing.      Fueled revenues and achieved top client satisfaction / referrals, maintaining top producer ranking by securing up to 50 new clients monthly.    Forged and cultivated productive relationships with customers and team members, facilitating full sales process by identifying and addressing individual needs.    Developed and implemented process improvement plans based on client feedback and operational monitoring.    Served as key expert in products and services, skillfully representing brand and overall offerings.            Company Name    City  ,   State    Business Development Manager   03/2017   to   02/2019       Spearheaded new business develo [...]","are you a high energy outgoing person who loves to help others and work as part of a team are you interested in starting a career in retail do you thrive in fast paced environments

then you may be the perfect addition to our team

guest service associates provide an exceptional guest shopping experience by greeting our guests and keeping our stores instock clean and organized as a guest service associate you will support the manager in day to day operations you will be crosstrained in all areas of the store gaining valuable operations experience looking for growth opportunities our parent company eg america operates nearly  locations across the united states

here are some of the tasks you will complete here
 we like to make sure all guests are greeted with a warm welcome and a smile after all we are known for delivering exceptional guest service
 operating the cash register in an efficient manner
 ability to adjust to whatevers thrown your way the environment here is fast paced no  days are alike thats what keeps it fun
 brewing coffee stocking shelves coolers and freezers
 juggling various tasks
 we love to keep a clean store we work as a team and do our part to maintain impeccable standards

we take great pride in the important role we play in the communities we serve our doors are always open to our guests rain or shine and on weekends  holidays each team member contributes to delivering the best experience to our guests by participating in all parts of the job

if you h [...]"
1024,392,887,B_xcat,0.5123471089300373,0.66083497,0.5,0.5,0.14609043,FITNESS,Part-Time Retail Sales Associate,"ACCOMMODATION SERVICE EXECUTIVE LL       Professional Summary    Customer service and sales expert who identifies customer needs and delivers
solutions to problems. Driven to exceed sales and customer satisfaction goals and build long term
relationships with the clients. Creates a positive experience through high quality
customer care.
Bilingual manager able to build, lead and train efficient and friendly service teams.      Core Qualifications          Client-focused  Results-oriented  Quick learner  Superior communication skills  Cheerful and energetic  Effective team player              Experience      ACCOMMODATION SERVICE EXECUTIVE ll   12/2016   to   Current     Company Name   City  ,   State       Communicate with Partners by telephone or by e mail to provide guidance and assistance regarding Booking.com platform Extranet.   ​   Provide commercial advise and orientation to  partners based on Booking.com business model.      Gather information to solve partner and guests issues regarding reservations in order to coordinate assistance with Customer Service department.      Review and process new partnership registrations and set them ready to open on Booking.com webpage.      Keep partners and guests as center of all our operations to guarantee maximum satisfaction.     ​         CUSTOMER SERVICE EXECUTIVE   02/2016   to   11/2016     Company Name   City  ,   State       Communicate with customers by telephone or by e mail to provide information
    about hotel reservations, take or enter information, cancel reservations,  gather complaints details .  Keep records of customer interactions or transactions, recording details of
    inquiries, complaints, or comments, as well as actions taken.  Check and ensure that appropriate changes were made to resolve customers'
    problems.  Contact customers to respond to inquiries or to notify them of claim
    investigation results or any planned adjustments.  Refer unresolved customer grievances to designated department [...]","at kohls our strategy is to become the most trusted retailer of choice for the active and casual lifestyle be part of a team culture that values diversity and inclusion works hard to help each other succeed and celebrates each others wins to deliver a bestinclass experience for our customers

about the role
in this role you will engage and connect with our customers by providing excellent customer service through our hospitality mentality approach you will offer information to the customer on current merchandise assortment store promotions and events and execute operational processes effectively and efficiently to drive sales

key accountabilities
support sales hospitality operations people and conversion through our shop  program

drive sales
 drive sales by providing an inspiring environment that motivates customers to add to their basket

build trust to solve the customer shopping needs
 leverage omni channel offerings to deliver a frictionless customer experience
 accurately deliver on our operational processes bopus boss mls sfs

build rapport and make a genuine connection with the customer
 acknowledge and assist customers through our company programs
 complete transactions accurately and efficiently while engaging customers
 courteous and responsive to requests and questions
 answer questions quickly and accurately

be a savings consultant to help customers save with a kohls card
 converts opens and activates kohls card applications
 promote our loyalty programs by edu [...]"
1025,779,2287,B_xcat,0.5011722702789063,0.58701336,0.16666667,0.18120354,0.4855498,ARTS,Staff Accountant,"ACCOUNT SERVICE REPRESENTATIVE II/TECH           Summary    Professional Account Manager trained in building strategic network ties and increasing salesrevenues. Cultivates and maintains strong customer relationships.        Accomplishments      Prospecting and cold callingExcellent communicatorStrong interpersonal skillsCustomer service-focusedTeam building expertiseTech-savvySkilled in MS OfficeProject managementProven sales track recordPromotional campaignsPowerPoint expertLeadership/communication skillsSkilled multi-taskerStrong organizational skillsStrong communicatorActive listening skillsExceptional customer service skillsSelf-motivated.  Accomplishments.  Named ""Employee of the Month"" in 02/2014 at C Spire.Winner of the ""C Spire Employee of the Quarter"" Award, 1st Quarter 2014.Maintained 100% Survey Rating entire tenure at Foshee Residential.Top 5 in New Accounts at Foshee Residential (2012)1st Place Southeast Regionals American Kickboxing Academy Tournament (3x) for ShogunMMA.        Experience      Account Service Representative II/Tech    January 2012   to   May 2014     Company Name   －     State      Project Design & Development LeadMay 2014.  Henderson-Thomas * Birmingham, Alabama.  Discover, design and build new user experiences to drive the next generation of portals,applications and Web properties, including mobile.  Design visually stunning, cutting-edgegraphics, animations and interactions for Web sites, portals and applications.  Produce visualassets needed by development team.  Contribute to building the Company brand on portals,applications, mobile apps and Web sites by executing user interface design consistently on alldeliverables.  Refine low to high-fidelity wireframes into designs for the informationarchitecture, navigational models, process flows, page layout, information displays andinteractional components based on user research and in partnership with user experienceinteraction designers.  Research and communicate trends and best-pract [...]","greenlight is a fintech company that makes a debit card for kids and companion apps for the family we proudly serve more than  million parents and kids with inapp tools for sending money setting savings goals monitoring balances managing chores automating allowance and investing
last year greenlight was valued at  backed by leading venture capitalists and institutional investors now it takes a special kind of person to join a neverbeendonebefore mission like ours we need people who love working with each other because they know it makes us stronger people who look to others and ask how can i help and then how can we make this even better if youre ready to roll up your sleeves and help parents raise a generation of financially smart kids apply to join our team today
we are seeking a staff accountant who will work with other greenlight accounting  finance team members and other greenlight employees on various challenging assignments the successful accountant will be passionate about helping support greenlights fullcycle accounting process and willing to grow into new areas of the accounting operation to support our rapid growthwhat youll be doing
 perform bookkeeping function on cash and expenses including keeping track of daily accounts payable and treasury transactions ensuring accurate entries in the accounting system and following up on invoice and expense report approvals
 perform reconciliations of cash accounts payable accrual payroll and other balance sheet accounts as [...]"
1026,0,782,B_xcat,0.4941932216715819,0.551737,0.25,0.28419942,0.45346215,HEALTHCARE,Sales Specialist,"AUDIT AND RECOVERY SPECIALIST         Summary    Proficient and highly skilled Customer support specialist with years of experience seeking to use my extensive background in customer relations, collections and sales into an intermediate-level position with future advancement.      Experience      Company Name    City  ,   State    Audit and Recovery Specialist   01/2016   to   Current       Review, investigate, analyze, and resolve key issues at the provider and client level.  Manage outstanding inventory as assigned by maintaining daily call volume and inventory turnover rate expectations.  Adhere to all escalation timeframes and re-status inventory according to department guidelines.  Interface and collaborate with various levels at the provider level to communicate outstanding inventory issues and attempt continuous follow-up throughout the order to cash revenue cycle.  Utilize and contribute to refining department policy and procedures.  Identify and communicate process improvements which result in operational efficiencies.  Ensure systematic data oriented efforts to improve consumer and/or client services.  Serve as resource and subject matter expert to less experienced staff.  Collaborate, coordinate, and communicate across disciplines and departments.  Ensure compliance with HIPAA regulations and requirements.  Demonstrate commitment to the Company's core values.  The position responsibilities outlined above are in no way to be construed as all encompassing.  Other duties, responsibilities, and qualifications may be required and/or assigned as necessary.          Company Name    City  ,   State    Healthcare Collections Specialist   06/2015   to   01/2016       The handling of inbound and outbound calls from client customers.  Conduct account research and general analysis in order to assist customers.  Interacting with customers in order to resolve outstanding account balances and assist with payment plan set-ups.            Following up with customers on pay [...]","minimum qualifications
bachelors degree or equivalent practical experience years of experience in saas or productivity tools businessexperience managing enterprise accounts with sales cycles
preferred qualifications
 years of experience building strategic business partnerships with enterprise customersability to work through and with a reseller ecosystem to scale the businessability to plan pitch and execute a territory business strategyability to build relationships and to deliver results in a crossfunctionalmatrixed environmentability to identify crosspromoting and uppromoting opportunities within the existing account baseexcellent account management writtenverbal communication strategic and analyticalthinking skills
about the job
as a member of the google cloud team you inspire leading companies schools and government agencies to work smarter with google tools like google workspace search and chrome you advocate the innovative power of our products to make organizations more productive collaborative and mobile your guiding light is doing whats right for the customer you will meet customers exactly where they are at and provide them the best solutions for innovation using your passion for google products you help spread the magic of google to organizations around the world
the google workspace team helps customers transform and evolve their business through the use of googles productivity collaboration and content management suite of applications as part of an entrepreneuri [...]"
1027,310,316,B_xcat,0.46737397106218376,0.57679003,0.25,0.26600498,0.36374986,INFORMATION-TECHNOLOGY,Senior Sales Marketing Specialist (Programmatic),"BUSINESS SYSTEMS ANALYST I           Qualifications        TECHNICAL SKILLS: Business Applications: SAP Web Intelligence, Informatica Data Explorer, MS Visio, MS Project, Rational Rose, Business Objects Languages: SQL, UML,C, C++ , Core Java , Perl Web Development: HTML, XML, PHP Operating Systems: Windows XP/Vista/7, Linux Databases: Netezza, MS SQL Server 2005/2008, Oracle 9i/10g              Accomplishments      Organized workshops for SQL Server 2005 during the technical fest at Mumbai University Active member of Student Council of Asian Students at University of Maryland. Interface with the client and multi-disciplinary teams within Merkle (Business Intelligence, Information Technology, Database and Data Warehouse Developers) to support the solution delivery process  Work closely with clients to understand their marketing goals, design their marketing databases, facilitate optimum segmentation and provide platforms and reports to measure their marketing ROI.  Involved in designing and rolling out global marketing databases (North America, Europe and Middle East, Latin America) and thus well versed with Customer Data Integration and international data hygiene and standardization concepts. Enable the client to generate reports for Measuring ROI, effective channels , successful campaigns and optimum segments , trend analysis etc using tools like Business Objects Sound understanding of a projects life cycle, from demand generation to understanding the customer requirement and converting it into technical specifications and finally implementing the project. Jusitn: - Served as subject matter expert on marketing data and database design for European and Asia Pacific regions Involved the support of client requests such as adhoc reporting and campaign execution. Also responsible for identifying gaps in deployed functionality and building necessary new functionality alongwith correcting issues with current solution -data integration,data hygiene, cleansing CDI -created [...]","the trade desk is changing the way global brands and their agencies advertise to audiences around the world how with a mediabuying platform that helps brands deliver a more insightful and relevant ad experience for consumers  and sets a new standard for global reach accuracy and transparency

so if youre talented driven creative and hungry to bring something entirely new and wildly ambitious into the world and have some fun doing it then we want to talk

what youll do

the trade desks commercial activation team is the sales strategy and enablement arm of the global commercial team our strategists are internal consultants working to help identify and scale opportunities to drive revenue developing expertise in building solutions for brands around our proprietary technology the commercial activation team partners with business developmentsales and client services at the trade desk to provide highquality narratives for the products and services we offer our clients this team responds to and develops rfps and rfis for business across the globe collaborating crossfunctionally with product marketing business intelligence legal and other teams to ensure alignment with sales collateral and the trade desks clientfacing materials these cover capabilities product features roadmaps advertising solutions and positioning within the broader ad tech ecosystem

what youll do

as a senior sales marketing specialist programmatic you will
 learn the business inside and out you become very famili [...]"
1028,628,2447,B_xcat,0.5709631092185384,0.5275859,0.4,0.4,0.43730092,AVIATION,Sales Associate Full Time - Market Mall,"PURCHASER / PRODUCTION COORDINATOR       Professional Profile    Productive, quality oriented professional eager to contribute     comprehensive skills toward actively supporting a     progressive organization as a key team member.
Featured Skills    x  Expedite / AOG / Logistics
          x  Customer Service
          x  Finance / Accounting
          x  Sales
          x  Purchasing
          x  Inventory Control
          x  Stores / Warehouse
          x  Management
          x  Shipping
          x  Receiving
          x  Bookkeeping Ability to act independently to determine methods and procedures on new assignments.
* Ability to respond consistently with a high degree of initiative to resolve issues or complex problems that may arise.
* Ability to maintain positive company image and brand.
* Ability to perform work accurately and thoroughly.
* Efficient organization and time-management skills.
* Ability to prioritize tasks and meet deadlines.
* A courteous and professional demeanor.
* Strong negotiation skills
* Ability to work well under pressure
* Intermediate to advanced computer skills. Proficient with MS Office suite and other work-related software.
Additional
Comments    I have been working in the Aviation industry for 12 years now and bring with me a total on 15 years of experience that makes me a well-seasoned professional. I bring with me experience of working with commercial, military, charter, and prototype aircraft. I am experienced and knowledgeable with Boeing, Airbus, Bombardier, Dornier, and Lockheed and have proven myself to be both versatile when working with various aircraft makes & customers.          Experience     January 2011   to   Current     Company Name   City  ,   State     Purchaser / Production Coordinator        My journey at Flightstar began with production coordinating, where I was responsible for interfacing with leads, project managers, and customer representatives regarding aircraft documentation, parts status, and any probl [...]","sales associate

want to be a part of something big now is an amazing time to join our growing family

wow mobile boutique is looking for people who love people and are passionate about helping everyday shoppers connect with the perfect mobile solution through unbiased advice and meaningful conversations

customer experience is what we do as advocates for a better wireless journey our whole team is passionate about retail  focusing on the customers needs and helping them make the right call when selecting a solution for their lifestyle it helps that we are supported by canadas best wireless carriers telus rogers koodo fido and chatr and carry the coolest lineup of accessories

dont have wireless experience dont sweat it we will provide you with all the necessary training and support to help make you successful our focus is on talented individuals who have been successful and continue to have a desire to deliver an exceptional customer experience
 enjoy working in a fun dynamic and results driven team culture
 actively engage mall shoppers and follow the  nonnegotiable selling standards
 generate hype and awareness within a mall environment by being a brand ambassador
 identify customers needs and present a customized wireless solution
 deliver on our brand promise by offering customers a unique unbiased professional fun friendly and thoroughly enjoyable retail shopping experience that will consistently generate a response of wow
 achieve all key business metrics including sal [...]"
1029,340,287,C_rand,0.40360719274573276,0.60854,0.0,0.0,0.28130716,INFORMATION-TECHNOLOGY,Remote Education Advocate,"SENIOR VP - INFORMATION TECHNOLOGY       Executive Profile      CORE SKILLS      Demonstrates ability to be a strong leader in a fast paced environment with strong interpersonal skills, both written and oral, and a positive attitude toward sharing expertise and assisting others to learn. Exceptional ability to manage a group of individuals, and coordinate and distribute daily tasks and unexpected issues that may arise An organized, detail-oriented, and conscientious self-starter, able to strategize and prioritize effectively to accomplish multiple tasks and stay calm under pressure Creative, resourceful and flexible, able to adapt to changing priorities and maintain a positive attitude and strong work ethic        Skill Highlights          Expertise  Technology Optimization  Budgeting & Operational Cost  Team-Building, Training, & Leadership  Goal-Setting & Business Planning  Policy & Procedure Creation  Conflict Resolution & Management  Productivity, Efficiency, & Performance Improvements  IT Security  Project Management  Vendor Relations  Data Center Operations      Operating Systems: Windows 7, XP, Server 2013, 2008, 2003, Microsoft 
Active Directory, SharePoint, Exchange Server: 2003, 2007, 2013, VM 
Ware, Trend Micro, Cisco Infrastructure Routers and Switches, Palo Alto,
 EMC storage solutions, Data Center Management Market Data & Trading
 Systems: Open Bloomberg and Server API, FactSet, Fidessa, Tethys, Lava,
 LEK, ICE, Tradeware, Reuters Eikon, Thomson One, Reuters Station, 
Instinet, NASDAQ Trader, Advent            Professional Experience      Senior VP - Information Technology   08/2014   to   09/2015     Company Name   City  ,   State       Experienced technology leader with expertise in managing all aspects of front and back office systems in the Financial Services Industry.  A solid leader who can utilize his diverse background of information technology and business management skills to create winning teams to support mission-critical infrastructure SVP [...]","social media advocate

grassroots education marketing

employment type

parttime

about us

our mission is to improve lives by offering a literacy empowerment achievement delivery system combining the powers of government corporate america and educators with that of local employers employees and financial professionals we can dramatically improve the lives of our communities

we are seeking professionals with creativity and social media knowledge of posting and generating engagement this position plays a key role in generating leads of employers who would need benefits for their employees for little to no cost

responsibilities

work from home remote ability to furnish your own computer and internet

social media knowledge utilize all social media platforms with gem static or video content to drive lead generation

social media content creation creating developing and managing compelling social media content to build and increase client engagement

social media campaigns execute social media advocate marketing campaigns when asked by management

qualifications

ability to work remote efficiently

experience in social media posting

graphicvideo design is a plus

internet

show initiatives coupled with accuracy and attention to detail

a strong work ethic

why work for gem

grassroots education marketing offers a unique opportunity to join a fastpaced innovative organization that is passionate about thinking differently to generate leads while taking care of american employees [...]"
1030,66,583,C_rand,0.45874381297874384,0.44946757,0.0,0.0,0.42523602,BUSINESS-DEVELOPMENT,Software Engineer (Web),"BUSINESS DEVELOPMENT MANAGER           Summary    With 11 years of diverse managerial and marketing experience penetrating in domestic and international markets including Manufacturing, Engineering, Food and IT, I have honed my communication and marketing research abilities to gauge demand for products and explore new clients. Having managed several big projects, I have learnt to maintain equanimity under pressure and achieve goals both as a cross functional team member and individual contributor.      Skills          Determined team player.  Versatile sales techniques.  Team Building  Time management skills with ability to prioritize results.  Proficient in PowerPoint, Word, Excel and online survey tools. MS Access, Oracle basic  Operating Systems: Windows 95/98/2000/XP/Vista/NT servers, MS DOS, Linux, Mac OS X  ERP: Basic SAP R/3, SAP PP, SAP MM knowledge  Software/ Applications: Internet Explorer, Outlook, Outlook Express, QuickBooks  Editing Tools: Adobe Photoshop, Corel Draw  General Productivity: MS Office  Project Management Tools: Microsoft Word, Excel, PowerPoint              Experience      Business Development Manager    February 2015   to   May 2017     Company Name   －   City        Responsibilities in Project 1:.  Closed $200 million deal for fabrication and welding work of burners with Reliance Industries (India) in Partnership with Precision Industries Inc.  LA, USA).  Oversaw all aspects of new plant development and after work at Rajkot (India).  Saved $20 million for Reliance Industries in burner designs.  Supervised a team of 18 including Direct and Indirect People.  Negotiated and saved 15% on purchase cost of new welding machineries valuing $7.5 million.  Responsibilities in Project 2:.  Introduced and represented Genie, a Terex Co.  world leader of Material Lifts and Aerial Work Platforms in India.  Oversaw advertisement, promotions and sales & services from launch.  Sales grew by $10 million within a year and saw an increase of 5% next year. [...]","responsibilities

produce clean efficient code based on specifications
develop test and implement new or existing software products and continuously looking for improvements
maintain and improve the performance of existing software
integrate software components and thirdparty applications
troubleshoot debug and upgrade existing software
provide software support for existing applications and systems
create and maintain technical documentation for reference and reporting"
1031,625,2138,A_mid,0.4840486890204941,0.45054188,0.0,0.0,0.33882153,PUBLIC-RELATIONS,Sales Associate - Dalhousie,"SENIOR ACCOUNT MANAGER         Professional Summary          Skills          Administrative  Administrative support  Budget  Business operations  Clients  Customer service  Senior management  Fashion  Inventory  Logistics      Managing  Marketing  Meetings  Office  Negotiating  PR  Pricing  Reporting  Sales  Supervision  Unique            Work History      SENIOR ACCOUNT MANAGER  ,     03/2015   to   11/2020       City  ,   State        Dynamic professional with experience enhancing executive productivity and improving
business operations.  Results-driven and operates well with minimal supervision to meet
demanding objectives.  Seeking to apply unique abilities as an Executive Assistant or related
position at Drunk Elephant where professional experience will be effectively utilized with the
opportunity for advancement.  Managed daily business operations for the QVC account including allocations, inventory,
purchase orders, sales reporting, analysis, QVC digital business, and on-air show
production.         PUBLIC RELATIONS COORDINATOR  ,     09/2012   to   03/2015     Company Name    –    City  ,   State        Identified and implemented the company's PR, marketing and special event activities at
store-level by collaborating with management and vendors to maximize event strategies.  Created detailed run-of-show for seamless flow of events and executed all logistics.  Actively managed the PR budget and cut cost by negotiating pricing with vendors while
maintaining relationships.         MARKETING ASSISTANT  ,     07/2006   to   08/2012     Company Name    –    City  ,   State        Planned and executed all store-level events including fashion productions, sales
promotions, charity partnerships, and new customer acquisition.  Liaised between all impacted departments and vendors to ensure proper
communications and reporting practices for a successful event outcome.         EXECUTIVE ASSISTANT     Provided highly diverse administrative support to the CEO and executive [...]","job description

welcome to plantlife cannabis were so excited to lead canada with one of the fastestgrowing cannabis retail companies we currently have  retail operations opened andor in development and the growth doesnt stop there we are currently hiring for our calgary  dalhousie location

our plans for vast expansion necessitates a team of allstars to help us achieve our goals our retail locations demand a lot out of our team and therefore we are seeking the best of the best to keep our stores and customers satisfied

question  do you
 have experience and enjoy working with a team or individually
 have a passion for the cannabis industry
 have the drive to educate and guide new and current customers with exceptional service
 have determination and are ready to set goals for yourself and your team
 want to be involved in a fastgrowing company that gives you the potential to advance

if the answer is yes we want you

requirements
 proven experience as a sales advisor or another customer servicesales role
 experience in handling cash and utilizing pos system
 able to balance a customeroriented and a resultsdriven approach
 patient and comfortable dealing with customer complaints

why work for us

good question there are a few reasons why we think youd love to be a part of our team
 find some likeminded people who may even become your best buds
 advancement opportunities that open up everyday
 training and education of the industry will always be there for you to utilize and [...]"
1032,658,1592,A_mid,0.4422083889675231,0.42571107,1.0,1.0,0.27602798,FINANCE,Registrar,"MANAGER OF FINANCE         Professional Summary    Highly motivated individual with demonstrated proficiency in listening to clients needs, and formulating the tactical plan to achieve the best results for all parties involved. Constantly explores new and challenging opportunities to further elevate client loyalty and boost revenues.  Known for honesty, integrity and a genuine passion for setting and achieving goals for self, while helping others attain theirs. Superior interpersonal dynamics interface seamlessly with others from all levels, backgrounds and cultures. Respected for maintaining a professional and positive demeanor. Career Achievements Quickly recognized financial instability within the company. Immediately identified the cause and formulated a plan that successfully resulted in the avoidance of bankruptcy which showed the stability needed to acquire an additional million dollars from investors. Finance and Operations Director for a multi million dollar premium finance company as well as agent within the parent company, simultaneously. Developed professional partnerships through interpersonal skills, integrity and honesty. Successfully obtained licenses through the state of North Carolina allowing me to become an Insurance agent for Property and Casualty for home and auto. Developed and streamlined a system of ""checks and balances"" to ensure proper resolution of financial situations, resulting in a 95% return of premium after cancellation. Trained 27 agents on standard operations and ethical practices to ensure professional service that proved successful in the overall growth and financial stability of the company. Qualification Highlights Intermediate level profiency with Microsoft Office, Advanced with FinanceMaster and Jenesis software, both Financial and Client support databases. Outstanding ability to multi-task while working two separate software programs, provide technical support for both programs and maintain a website with ease, still providi [...]","registrar


hca florida memorial hospital
location_on jacksonville fl united states
schedule fulltime  days rotating weekends
business_center admitting registration clerical and scheduling      job id 

description
shift days rotating weekends
schedule fulltime


are you looking for a work environment where diversity and inclusion thrive submit your application with hca healthcare today and find out what it truly means to be a part of a team

we are committed to providing our colleagues with the support they need we offer an array of medical dental and vision packages as well as several addon perks to make your benefits package truly customizable to you some of our unique benefits we offer include
tuition reimbursementassistance programsstudent loan  matching k based on years of serviceidentity theft protection discountsauto home and life insurance optionsadoption assistanceemployee stock purchase program esppwe value your contributions our employee recognition programs encourage our teams to raise the bar come be a part of the change

as a registrar you will work directly in the facility to ensure the highest quality of care is provided to our community our team is dedicated to helping others in their time of need

in this role you will
welcome patients and family members in a professional manner providing exemplary customer servicecontact the nursing staff for emergency medical needs and answer patient and visitor questionsinterview patients at workstation or at bedside to [...]"
1033,820,1949,B_xcat,0.43575703761685847,0.6337092,0.33333334,0.29566354,0.31381685,CONSTRUCTION,Sales Associate,"CONSTRUCTION BOOKKEEPER         Summary     Accounting Professional offering 13 years experience in bookkeeping and an effective, analytical approach to identifying and solving complex problems.       Highlights          Intuit QuickBooks specialist  General ledger accounting skills  Ethical approach to finance  Strong communication skills  Complex problem solving  Accounting operations professional  Fiscal budgeting knowledge  Managerial aptitude  Manufacturing and job costing experience      Proficient in outlook, excel, word  Broad knowledge of office equipment   Excellent computer skills  Web Savvy  Benefits and 401 k administration  HR experience  Pa Notary Public            Accomplishments      Increased efficiency and alleviated work loads by creating a new Excel financial recording system.  Increased profit by working with vendors to reduce cost of goods Established new credit criteria for new accounts.  Customize reports for individual businesses  Track expenses and accounts receivable  Reduce paper clutter, organize files  Successfully worked through accounting system change over. Trained staff on Quickbooks   Implemented on line services to improve efficiency        Experience      Construction Bookkeeper  ,   09/2016   to   12/2016    Company Name   －   City  ,   State    Completed a temporary roll for a construction company located in Southern New Jersey. In this roll I cleaned up and organized the data that was and was not entered into Quickbooks, worked with Builder Trend to map information correctly in to Quickbooks. Entered all vendor bills and expenses and invoices   into Builder Trend for job costing, paid high volume of accounts payable. Balanced monthly bank statements and credit card accounts. Ran monthly reports in Builder's Trend and Quickbooks. Provided accountant with end of year information as requested.        Bookkeeper  ,   01/2015   to   08/2016    Company Name   －   City  ,   State      AR/ AP  Payroll Administration  Sales Tax Filing [...]","sales representative

at cpf we pride ourselves on being a leading distributor in the wholesale flower industry by providing beautiful and unique flowers to many of the country s top wedding and event florists and offering exceptional customer service cpf is a dynamic and growing company

position summary

responsible for building strong customer relations through knowledge and exemplary customer service plan and carry out all sales activities on assigned accounts responsible for ensuring customer satisfaction managing the quality of products and services

essential functions

establish new accounts by planning and organizing a daily work schedule

service existing accounts

obtain orders

develop sales proposals

participate in sales events

generate and qualify leads

source and develop client referrals

develop and maintain a customer database

collaborate with sales manager to strategize sales action plan for new and existing business

comprehension of all sales programs

communicate needs to buyer

develop and maintain sales and promotional materials

monitor competitors market conditions and product development

understand and aid in transportation solutions

ensure customer service satisfaction and good client relationships follow up on sales activity

perform quality checks on product and service delivery

resolve customer complaints by investigating problems developing solutions

other functions as required

minimum qualifications

knowledge of customer service princ [...]"
1034,362,1261,B_xcat,0.4041747014167454,0.58180577,0.0,0.0,0.45221907,DIGITAL-MEDIA,Sales Representative / Sales Associate,"EXEC DIRECTOR OF SALES, CONSULTANT, STRATEGIST           Executive Profile     10+ year proven track record in Digital, Mobile, and Social, Business Development & Sales Leadership experience, working with top tier clients and agencies in revenue generation, sales team management, across Retail, CPG, QSR, Electronics, Entertainment, among other verticals, leading sales teams to exceeding quota and new market expansion       Skill Highlights          Business development leader  Sales team management  Revenue and market expansion  Self-motivated      Leadership/communication skills  Negotiations expert  Market research and analysis  Customer-oriented            Core Accomplishments      Sales    Management and Leadership  :     Built and managed sales teams to over $25MM in annual quota achievement  Business Development leadership in     Business Development Expertise  :     Spearheaded programs which increased revenues 150% YoY and successfully expanded into new markets and territories         Professional Experience      Exec Director of Sales, Consultant, Strategist      Current     Company Name   －   City  ,   State      Work with clients and agencies to build and implement in-market strategies and extend revenue streams across digital, mobile, and social messaging channels   Drive revenue across Retail, CPG, e-Commerce, Technology, and Entertainment clients   Manage and Develop go-to-market strategies and positioning to achieve optimal goals   Build Mobile + Social Planning, Marketing & Messaging Strategies via Multi-Platform and Omni-Channel execution, also to be executed digitally via live on-the-ground events   Develop and Strengthen Strategic Partnerships across disciplines and tech partner organizations.          Advisor, Strategy, Business Development, & Sales and Media / Marketing Strategist.      Current     Company Name   －   City  ,   State      Drive Business Development and Strategy through sourcing new client relationships.  Develop holistic digital [...]","symmetry financial group is seeking motivated careerminded individuals to join our team helping american families protect their families we are currently looking for representatives ranging from entry level to experienced professionals seeking a different more rewarding career and lifestyle

symmetry was named by as a top  place to work has an average rating of  stars on  and has been named one of inc magazines fastest growing companies  years in a row mentoring and back office support are provided flexible hours  work as much or as little as youd like uncapped commissions simple and straightforward advancement track to gain raises every  months with leadershipmanagement advancement opportunities

start parttime or fulltime and build your own empire within our fast growing company
 no cap on income average agents make  per year good agents make  per year and superstars make 
 we hire performers not backgrounds
 meet with clients only two days per week all leads provided no cold calling or prospecting
 one of americas fastest growing companies inc   for 
 luxury all expense paid vacations free worldclass travel to reward you for your production
 passive income eventually youll have the ability to replace your personal production
 decreasing agent population according to limra  average age of agent is  years
 clear blueprint to reach  or  figure goals there is no limit to your income potential
 untapped market potential demand nationwide has not been sufficiently met by our pro [...]"
1035,479,964,topK,0.5815356071650274,0.579969,0.33333334,0.30148143,0.42269713,AGRICULTURE,Administrative Assistant,"CUSTOMER SERVICE SPECIALIST III       Summary    To attain a position in public and/or legal administration or similar field.      Highlights          Notary Public 2002 - presentl
NYS Division of Budget; NYS Contract Mgmt. System; NYS Grants Gateway and SFS Financial System
Software Proficiency Intermediate in Microsoft Office Suites, Outlook, Excel, Access, PowerPoint; Adobe, Acrobat; SiteFinity, 4.7; WordPerfect 5 - 10; DOS, SFS Financial Management System/Oracle, Lotus Notes and Heavy Dictaphone/transcription skills; Dual Monitor experience.
 Able to work with a diverse group of people and all levels of management and staff; both independently and as a team; adapts quickly to new work environments.      Computer Applications  Citrix Applications, Internet Explorer, familiar with multiple office copy machines/scanners, able to learn new software programs quickly and efficiently.  Managed cash and daily summary reports              Accomplishments    Acquired 2 Master's degrees within three and a half years, graduating Summa Cum Laude.  It shows I can get things done that I put my mind to, no matter the difficulty.  I excel well in a challenging work environment. Able to work well with a diverse group of individuals.      Experience      Customer Service Specialist III     Mar 2016   to   Aug 2016      Company Name   －   City  ,   State     Provided great customer service to consumers who call the Health Marketplace for insurance Properly validated and authenticated consumers seeking assistance with their marketplace accounts Assisted consumers with enrollment into various types of health insurance through the Marketplace Informed consumers about their Marketplace accounts and make any updates as needed Assisted consumers in applying and renewing their coverage as well as walking them through the process Set up and validated family members as authorized representatives to speak on behalf of account holder.         Mgmt. Specialist & MWBE Liaison     Sep 2015   to [...]","this position is located on rikers islandphysician affiliate group of new york pagnyis comprised of nearly  physicians and healthcare professionals who provide services to nyc health hospitals hh the largest public health system in the united states

our practitioners are highly skilled professionals with outstanding credentials who deliver the highest level of quality healthcare to patients throughout new york city

eoe mfdvbesides providing administrative and human resources services pagny also fosters an environment in its partner hospitals that allows healthcare professionals to identify and implement best practices across institutions promote training academic and research opportunities develop multidisciplinary integrated clinical service lines build new systems of care and address the impact of anticipated major changes in the nations healthcare systemwith approximately  admissions per year and  average daily population the nyc jail system is among the largest in the nationthe division of correctional health services chsof new york city health hospitals hh is responsible for the delivery of medical care mental health care and discharge planning in the jail system

approximately  of new admissions per year to the nyc jail system will receive care on the mental health service

this service strives to provide safe holistic and evidencebased therapeutic interventions for the diverse range of mental health issues that face the population from serious mental illness to the n [...]"
1036,194,1833,C_rand,0.4466138115066902,0.4927618,0.125,0.1441343,0.52322537,ACCOUNTANT,Fraud Investigator,"ACCOUNTANT       Professional Profile      Certified Accountant with more than 10 years experience working with company financial statements.   Vast experience in preparing tax returns.   Ability to critically review financial statements   Highly motivated manager with excellent administrative, organizational and communication skills.  Reliable person with more than 20 years work experience.        Highlights          Professional Accountant   Tax Auditing  Proficient in Microsoft office      Management expert  General and tax accounting  Expert in taxation             Skills      Good Communication  Customer Service   Problem Solver  Team work  IT Skill  Proficient in Quickbooks        Accomplishments      Setup a large taxpayer unit which collected over 70% of domestic taxes revenue.  Increased revenue collection by 20% over a period of two years.  Lead team that introduced the Tax Identification Number (TIN).  Developed a new process for employee evaluation which resulted in marked performance improvement.  Developed an enforcement process that improved revenue collection.  Improved customer relations.        Experience      Accountant     Jun 2013   to   Nov 2013      Company Name   －   City  ,   State     Performed debit, credit and total accounts on computer using specialized accounting software.   Managed accounting operations, accounting close, account reporting and reconciliations.   Received, recorded, and banked cash, checks, and vouchers as well as reconciled records of bank transactions.   Assisted the Managing Director with the production of the monthly financial and management reports.   Prepared financial and regulatory reports required by boards of directors.          Commissioner of Taxes     Apr 2011   to   Apr 2012      Company Name   －   City  ,   State     Managed over 80 staff responsible for the collection of domestic revenue   Managed the formulation and implementation of the annual operational plan and budget of the domestic taxes departmen [...]","description fraud investigator  remote

our client is seeking financial crim sar filing investigators to join their team for an excellent remote contract opportunity this person will assist with researching check and electronic fraudrelated activities and will be responsible for endtoend management of assigned cases ideal candidates will have previous experience as a financial crimes investigator in a similar position individuals must have their own equipment dual computer monitors required and strongreliable internet access to perform the role

the fraud investigator will be tasked with analyzing check and electronic fraud related activities by leveraging an internally built tool the tool will extract the information requested by the investigator from various systems and compile datatransactions to allow for actionanalysis to be taken and specific findings reported

 conduct investigations  investigate more complex fraud cases including multichannel and third party related to check electronic identity theft elder financial exploitation and loan fraud

 interviewing and sar prepfiling  deliver consistent high quality with maintaining case data and supporting documentation for each case ensure accurate and detailed record keeping when updating case document clear and concise reports and case summaries

 loss and risk mitigation  work with business partners to appropriately mitigate risk to the bank

required skills  qualifications

 minimum  years previous experience in riskco [...]"
1037,743,96,C_rand,0.5000969453242644,0.5620559,0.0,0.0,0.40955102,HR,RN Supervisor,"HR SENIOR SPECIALIST       Career Overview      Dedicated Service Representative Professional motivated to maintain customer satisfaction and contribute to company success.       Core Strengths         Excel, Data entry systems, Outlook, Microsoft systems   Amisys, Access.     Able to master, process and apply new skills and concepts quickly.      Customer service expert  Telephone inquiries specialist  Courteous demeanor            Accomplishments      Customer Assistance     Worked with company systems such as Live Support and diligently completed all assigned tasks, working overtime as needed.     Customer Service     Researched, calmed and rapidly resolved client conflicts to prevent loss of key accounts.         Work Experience      HR Senior Specialist   09/2006   to   Current     Company Name   City  ,   State       Health insurance/Benefit Specialist Administrative Xerox Corporation - Xerox is a leader in BPO and IT Outsourcing across a variety of industries and the public sector.  Thousands of companies rely on Xerox to help improve their processes, manage client operations, and focus on their core business.  Duties: Provide administrative support functions relating to personnel, retirement benefits and special projects.  Specific Responsibilities: Assist participants with questions regarding Medicare/Medicaid questions, eligibility and their specific state's guidelines to qualify for the Medicare/Medicaid Explain Health and Insurance coverage, primary doctors and specialists, hospitals and treatments covered by their medical insurance and what the Medicare/Medicaid covers.  Explain the changes in their insurance of choice.  Keep up to date with the changes in the health and insurance coverage, processes and changes.  Responsible for processing and calculating retirees' pension.  Educate participants on their retirement plan benefits.  Handle inbound and outbound calls for the team and handle the administrative tasks associated with these calls.  Work speci [...]","position purpose assesses plans implements and evaluates the nursing care of residents within the skilled nursing setting responsible for ensuring continuity of care of the residents between shifts by providing direct care as well as supervising the care given by cnas lpns and supportive staff members participates in resident and family teaching maintains role as resident advocate with a focus on the facilitys mission

educational requirements graduation from an accredited program in nursing

experience required minimum of year long term care rn supervision experience strong leadership and excellent clinical skills required

professional licensure and certification required current unencumbered rn license in ny state current cpr and iv certifications

physical requirements while preforming the duties of this job the employee is regularly required to stand walk talk and hear and use hands and arms to handle items lift feel and reach the employee is frequently required to sit stoop kneel or crouch

interpersonal relationships communicates effectively with residents families visitors coworkers physicians and other employees

essential functions
 coordinates the administration and clinical activities for the nursing department on a designated shift in accordance with current regulations that govern long term care facilities
 ensures that new admissions are completed in a thorough manner and that all pertinent assessments are completed
 addresses any emergent resident needs antici [...]"
1038,227,521,C_rand,0.41257106122642884,0.4569863,0.2,0.20833333,0.61050636,ADVOCATE,Special Agent,"CUSTOMER SERVICE AGENT           Professional Summary     To obtain a position that will provide me with the necessary tools in order for me to provide excellent customer service. One that will allow room for advancement and continued educational training.       Skill Highlights          Medical terminology	  Close attention to detail  ICD-9 (International Classification of Disease		  Adept multi-tasker	  Office support (phones, faxing, filing)  Records maintenance professional	  Excellent verbal communication  Familiar with commercial & private insurance	  Resourceful and reliable worker  Excellent problem solver  Insurance and collections procedures	      Composed and professional demeanor   10 key (11000kpm)   Administrative Assistant   Billing   CPR certified   CPT  Data entry   NexGen    EHR  Dispatching   Documentation filing   Goldmine  Scanning & indexing  Lawson    Medisoft   Microsoft Excel    Typing 45wpm,  Workflow Onbase   Heat   Fast Track  Allegra  Artiva            Professional Experience      Customer Service Agent    February 2015   to   Current     Company Name   －   City  ,   State     Answering phones   Discussing patient accounts with the patients  Providing assistance to patients with their bills  Reading EOB's to provide information  Collecting payments  Scheduling payment plans for large balance accounts  Updating patient information in Allegra  Changing the strategy on accounts   Update insurance information  Schedule claims to be sent  Print and mail documents (Financial Assistance Forms, Itemized Bills, Statements, & Receipts)   Fax documents  All other duties as assigned by management         File Clerk    July 2014   to   February 2015     Company Name   －   City  ,   State      Sorting & prepping paper termed Employee Files Accurately removing any confidential patient information from all Employee files prior to scanning and indexing them.  Working a daily report in Onbase Workflow to ensure all applications and background check inform [...]","please read this job posting in its entirety
who may apply
this special agent sa posting is open to all qualified candidates within the united states us and its territories the fbi will use this to fill multiple vacancies around the country
job summary
the mission of the federal bureau of investigation fbi is to protect the american people and uphold the constitution of the united states
about us
were looking for people with unique skills experiences and backgrounds to become special agents the one thing every sa shares is a belief in the mission of the fbi they have the drive to help keep our nation safe become part of something bigger than themselves and take pride in making a difference in the communities they serve
special agents are
driven to find solutions to all types of problemscompassionate and respectful to everyone they meetadaptable to a variety of situations and able to keep a calm demeanor in the face of challengeswellspoken wellwritten and enjoy meeting speaking and collaborating with people from different backgroundsphysically fit and able to pass the physical fitness test pftkey requirements
you must meet the following requirements at the time of application
please click on the link and go to the listed page number if applicable for further explanation
be a us citizenbe between  and  years of age exceptions have a bachelors degree or masters degree  from a usaccredited college or university you should not apply if you have not received your bachelors degreeha [...]"
1039,723,747,topK,0.48498710556515495,0.66672707,0.0,0.0,0.11078507,HEALTHCARE,Patient Engagement Liaison,"DIRECTOR OF APPLICATIONS         Profile    Accomplished Healthcare Professional with an exemplary background in Healthcare IT.
Progressive leadership experience in Healthcare IT.
Proven ability in strategic planning, business requirements gathering, creating roadmap with short term and long term goals, budget estimation and management, negotiation, return on investment and return on value analysis. 
Proactive leader with an excellent work ethic and commitment to exceptional customer service.      Skills          Graduate Assistant - Team Lead  Lead implementation of Optical Character Recognition (OCR) system in Registrar Office.  Technical Proficiencies  HCIS/EHR:	     Meditech Magic, CS 5.6x and 6.x; Athena.  PM Tools:	     MS Word, Excel, Power point, Quick Base, SharePoint, Project, Visio.                Professional Experience      Company Name     July 2013   to   Current     Director of Applications   City  ,   State      400+ licensed bed non-profit faith based Hospital with Residency Program, two Nursing Homes and ten outpatient Physician Practices Report to the VP/CIO of IT.  Management of all IT Applications (Administrative, Clinical, Revenue Cycle, Ambulatory, Ancillary).  Manage $5M budget.  Evaluate organizations IT needs, create strategic plan and implement new projects.  Negotiation: Saved over $250,000 when purchasing new products.  Manage staff: 7 Application Analysts, 2 Team Leads and 2 Consultants.  EHR workflow re-design and optimization: Integrating standalone applications and systems to automate the workflow.  Consolidating and eliminating redundant applications.  Initially there were over 125 applications and systems, so far eliminated 25 redundant applications.  ARRA Meaningful Use: Gathered documentation for Meaningful Use Stage 1 CMS Audit, submitted audit documentation and passed the Audit.  Lead Team to prepare for MU stage 2 attestation.  Currently leading Team to prepare for MU Stage 3 attestation.  ICD 10: Working collaboratively with [...]","fern

this is a fulltime remote position that requires much travel i understand that you want minimal travel outside of your home and parttime i still wanted to share this position to receive feedback on the role would you be interested in this type of role you would like if it was available as parttime andor flexible hours and involved less traveling i know you desire to advocate for patients caregivers and family members

locations
remote united states

time type
full time

posted on
posted  days ago

job requisition id

job description summary 
the patient engagement pe liaison is responsible for creating partnerships and establishing relationships with patient advocacy organizations paos and patient families within their identified therapeutic area they will serve as a representative of the patient voice during each phase of the drug development process they are responsible to support the patient advocacy strategy and execution for therapeutic areas being studied in our pipeline they will provide oversight for patient recruitment retention and engagement and in addition this person will assist in ensuring a smooth transition of relationships from clinical to commercial teams

job description
responsibilities
identify patient advocacy organizations pao within the targeted disease states and collaborate with global patient engagement pe clinical development and commercial development teams to identify appropriate strategies for each organizationensure adherence to best prac [...]"
1040,755,2394,B_xcat,0.43719532072547956,0.60164213,0.2857143,0.3030303,0.20283091,AVIATION,"VP, Marketing - Advertising Revenue","SENIOR MANAGER OF CUSTOMER SUPPORT       Summary     Charismatic business professional successful at managing business ventures and profit positions. Effectively guides new products and services from concept to market acceptance. E  xperienced in sales management, marketing, technical presentation creation and service training. Devoted to   building strategic partnerships through persuasion, negotiation and personal presence.        Highlights          Driven to succeed   Organization assessment   Leadership/Management Skills   Dependable   Time Management   Flexible   Friendly   Personable  Persuasive  Enthusiastic team player         New program and promotion implementation    Marketing savvy    Meticulous attention to detail    Focused on customer satisfaction    Excellent written and verbal communicator    Trade shows    Presentations            Accomplishments      Spearheaded all company-wide prospecting, marketing and closing endeavors.   Brought on  NASA and Southwest Airlines  as clients.     Collaborated with prospective clients to prepare efficient product marketing strategies and drive business development.  Consistently generated additional revenue through skilled sales techniques.       Experience     02/2016   to   Current     Senior Manager of Customer Support    Company Name   －   City  ,   State      Perform all Manager of Customer Support duties in addition to the following:.  Meet with major airlines domestically and internationally to secure future business contracts.  Reserve travel including airline and hotel accommodations for my department.  Utilize company leads to expand current customer base and follow up on all leads promptly via phone, email
and customer visits.         06/2013   to   01/2016     Manager of Customer Support    Company Name   －   City  ,   State      Develop maximum sales potential out of major airline customers with excellent customer service techniques
and knowledge of products and services, as well as competition's st [...]","insider inc is looking for an experienced creative and passionate marketer to lead marketing for the advertising revenue organization as our vp of marketing this role will be responsible for growing preference and consideration among trade marketing leaders and agency partners and will drive revenue by partnering closely with sales and planning teams in delivering innovative highimpact strategic and creative proposals both proactive and rfirfp the role will manage marketing activations marketing operations integrated marketing and marketing research functions

primary responsibilities include
 becoming an active partner on the executive team and leading the development of insiders voice in the market
 focusing on defining the product suite the gotomarket strategy to build energy and structure around driving significant growth
 redefining what insider advertising means to clients the market and to our team acting as a key advocate and driving force
 leading the teams responsible for building collateral media campaigns and activations along with the creation of general presentations sizzle reels inhouse and paid media for sales support purposes additionally leads teams responsible for external communications including corporate websites and social accounts and organizationdevelopment of thought leadership industry povs and category insights to feed into lead generation for marketing and new content ideas
 defining and directing research to inform and support insiders gtm narrat [...]"
1041,433,303,B_xcat,0.5339470529207568,0.5319174,0.33333334,0.3965276,0.23365355,INFORMATION-TECHNOLOGY,Sr Manager - Business Development,"INFORMATION TECHNOLOGY PROJECT MANAGER SYSTEM ANALYSIS (SYSANALSYS) [GS-2210-12]       Professional Overview      Highly-qualified Department of Defense (DoD) Program Manager (PM) professional, driven to maximize Mission Partner (MP) operational efficiency through  planning, project management and Infrastructure Technology (IT) expertise. Excels at building dynamic team relationships and achieves project management process improvements. Looking to continue federal career as a strategic planner possessing exceptional knowledge understanding support agreements, basis of estimates, fiscal analysis, financial reporting, cost projections, business proposals and increased overall responsibilities within federal service.          Relevant Professional Experience     January 2010   to   Current     Company Name    City  ,   State    Information Technology Project Manager System Analysis (SYSANALSYS) [GS-2210-12]            *Holds Active Security Clearance*      Member of the Development and Business Center for Defense Logistics Agency (DLA), Defense Finance and Accounting Service (DFAS) Program Management Office (PMO), as well as the Mission Partner Engagement Office (MPEO)/Engagement Executive (EE) team (BDM11).      Principle Job Duties:    Engage with various DISA mission partners to provide critical IT requirement proficiency and Project Management support leveraging the DISA End-to-End (E-2-E) Business Flow Process   Positioned as the DISA Program Manager for DLA's dynamic and complex Enterprise Business Systems (EBS) Test and Development (TD) environment which generates $39 million in annual revenue for the agency   Also serving as the primary DISA Subject Matter Expert (SME) government Program Lead (PL) for the DoD mandated Federal Data Center Consolidation Initiative (FDCCI) providing IT and project support for Defense Contract Management Agency (DCMA), Defense Manpower Data Center (DMDC), Office of Personnel Management (OPM) and DFAS      DISA Project Manager suppo [...]","senior manager business development

at directv we re connecting the world through the latest tech topoftheline communications and the best in entertainment
innovation powers all that we do and our groundbreaking solutions deliver compelling communication and entertainment experiences to millions of customers worldwide
as part of our team your next big idea could be our newest innovation
here s your opportunity to combine your passions for entertainment media and technology to transform our company and your career

directv advertising connects brands and agencies with consumers across directv and directv stream through smart and effective advertising solutions
as leaders in addressable and advanced tv we continue to innovate within the advertising space pushing the boundaries of how clients can address engage and measure
at directv advertising we don t do anything on autopilot
as a part of our team share our love for tv and the loyalty we hold for consumers and advertisers

the significant growth of the directv audience  addressable tv and video advertising business drives continued growth opportunities for the right individuals
as part of the directv business development team the successful candidate will develop issue and manage requests for informationrequests for proposals for a variety of products services and information with prospective customers and vendors lead the negotiation of customer licensing agreements as well as vendor contracts manage contract documentation [...]"
1042,139,925,topK,0.4834665031415114,0.6095584,0.5,0.5,0.20220466,AGRICULTURE,Registered Nurse Casual Mount Royal,"SECURITY AIDE I         Professional Summary     A Compassionate Security Aide that has strong experience working with developmentally disabled adults and creating individualized recreational plans to assist them with community integration.       Skills           Strong verbal communication    Data management    Extremely organized    Project management    Client assessment and analysis    Powerful negotiator    Self-motivated    Staff development    Conflict resolution    Team leadership    Risk management processes and analysis    Process implementation       •	Huge experience with therapeutic recreational services, activities and programs •	Outstanding knowledge of psychiatric patient care techniques •	Thorough knowledge of working in acute care, assisted living and other healthcare setting •	Good understanding of abuse reporting protocols •	Familiarity with recreational therapy and therapeutic recreation programs. •	Amazing ability to develop recreational therapy plans •	Ability to design, implement, and coordinate therapeutic programming •	Immense ability to build positive working relations with patients and colleagues •	Remarkable ability to provide therapies independently or in groups            Work History      Security Aide I  ,     2017   to   Current     Company Name   –   City  ,   State       Obtained documents, clearances, certificates and approvals from local, state and federal agencies.    Performed initial client assessment and analysis to begin research process.    Analyzed departmental documents for appropriate distribution and filing.    Worked directly with department, clients, management to achieve result..    Developed new process for employee evaluation which resulted in marked performance improvements.    Responsible for creative design for prominent project.    Supported Chief Operating Officer with daily operational functions.          Student Worker  ,     01/2016   to   01/2017     Company Name   –   City  ,   State       Complete cleri [...]","registered nurse casual mount royal  agecare mount royal  calgary

the opportunity

the rn is responsible to the director of care collaborating on the delivery of resident care to meet individual needs within hisher level of competency heshe integrates and applies the knowledge skills judgment and interpersonal attributes required to provide safe and ethical professional nursing services to residents

the rn provides quality and safe resident care the rn promotes teamwork and a culture that supports agecare mission vision and guiding principles of respect teamwork quality and encourages practices that respect resident family and staff rights individuality and diversity the rn promotes health and safety awareness in the workplace

within the scope of this position the rn takes on a key role to continually provide an environment promoting a culture of resident safety and freedom from harm and injury

key responsibilities

 work to your full scope of practice

 ensure all care needs are coordinated

 become a part of a resident  familycentered environment

 join an interdisciplinary team involved in best practice programs

 make a difference every day by enriching the quality of life for albertas aging population

qualifications
 bachelors degree in nursing

 registration and membership in good standing with carna

 minimum two years of experience in a continuing caregerontology environment preferred

 knowledge of supportive living long term care  dementia care

 certified in c [...]"
1043,844,438,A_mid,0.403725901081857,0.4761294,0.0,0.0,0.40022936,TEACHER,Project Intern,"ENGINEERING TEACHER       Professional Summary    To obtain a challenging position in the field of Engineering and to work within a team environment, where I can contribute my skills and experience to a client focused, dynamic organization.      Core Qualifications          Proficiency in  AutoCAD    Computer proficient      Microsoft Office    Autodesk Civil 3D    GIS    Construction cost estimating    HVAC Design    Autodesk Inventor Pro    Autodesk Revit                    Experience      Engineering Teacher   09/2014   to   Current     Company Name   City  ,   State       Update lesson plans each semester to stay relevant in the field of engineering and technology.  Utilize variety of teaching styles, such as group discussions, lectures and simulations to maximize student interest, participation, and comprehension.  Integrate creative learning strategies for students who are learning engineering design project presentations.  Provide students with hands-on CAD software activities and an overall concept of engineering and technology.  Assist in two robotic clubs for students who wish to excel in science, technology, engineering, and mathematics projects.  Attend a variety of ongoing professional development workshops centered on learning goals.  Sponsor in multiple seminar field trips for students who are interested in pursuing an engineering career path.          Civil CAD Supervisor   10/2013   to   09/2014     Company Name   City  ,   State       Provided hands on software training for each CAD drafter to utilize the latest version of Autodesk Civil 3D.  Supervised the CAD drafting department with design projects to ensure quality control and manage production.  Coordinated with professional engineers, surveyors, inspectors, consultants and construction managers concerning active projects.  Ensured all assign work to be completed in a timely manner and attended project management meetings to focus proactively on the scope or work for each project.          Adj [...]","summary

this position will provide technical and laboratory support to dr
rui chen within the hgsc
the position will work within the lab under the guidance of dr
rui chen

job purpose

internships are a temporary professional learning experience in which participants gain practical work experience related to a studentâ  s field of study or career interest
interns must be a part of an established baylor college of medicine internship program or receiving course credit at their college of university

job duties

responsible for one or more of the following duties
 provides office administrative support
 provides research administrative or technical support

minimum qualifications
 must be a high school or college student undergraduate or graduate
 no experience required

baylor college of medicine is an equal opportunityaffirmative actionequal access employer




estimated salary  to  per hour based on qualifications"
1044,578,1829,A_mid,0.41251286579156105,0.3996895,0.0,0.0,0.5009508,ACCOUNTANT,Real Estate Agent,"ACCOUNTANT       Summary    To achieve a job as an Accountant that utilizes my accounting, communication, analytical & leadership skills.      Highlights          MS Office (Excel, Word, PowerPoint), SAP R/3, Adobe Reader, QuickBooks, Lacerte, Prosystems & Tax base  Accounts Payable Processes & Management  Invoices/Expense Reports/Payment Transactions  Corporate Accounting & Bookkeeping  Finalization of Trial Balance & Balance Sheet/Income Statement.  Spreadsheets & Accounting Reports  Tax Reporting, Planning & Filing of returns.  Handle Customer Relations.  Journal Entries & General Ledger  Bank Reconciliation & General Ledger.  Teambuilding & Staff Supervision                Experience     09/2014   to   Current     Accountant    Company Name          Working for all Clients in USA Implemented Quickbooks Accounting v.  2013 and 2016 for all the Companies including but not limited to chart of accounts.  Implemented Quicbooks payroll v.2016 from scratch Working on processing of journal entries, accounts  payable & receivables using Prosystems software.  Bookkeeping of small and midsized companies Worked on bank reconciliation, cash management and financial statements analysis.  Preparation and finalization of federal and multi state tax returns for Individuals & Corporate using Lacerte software.  Worked on preparing and processing payroll returns and sales and use tax returns Worked on preparation of W2's and 1099.  Lead  in finalizing monthly and yearly accounting closing entries.  Perform MS Office Excel spreadsheets and databases for financial reporting for financial reporting.  In process of learning VLookup and Pivot table.  LeadForus, Nonprofit Organization							   Apr'14- Nov'14 Working on processing of accounting entries.         06/2013   to   11/2013     SAP Consultant    Company Name          Configured G/L Masters, Accounts Payable, Accounts Receivable, Cash Journals, House banks, Chart of Accounts, Posting Keys, Customer/Vendor Accounts Groups, & Custo [...]","job description

my newest agent will earn over six figures this year with no previous real estate experience my second most recent agent who made no income for six months with one of the large national brokerages has a sale a pending sale and two listings with our proven lead generating system she has only been with us for six weeks

red diamond realty has by far the highest commission split in the industry at  to you day one deal one no franchise fee no office fee no tech fee we tell you this commission up front because it is by far the highest in the industry

we personally train you and we offer you leads good leads sometimes homes already listed

we take the fear and the cost out of being a new agent or an agent willing to earn contact tom diamond today to learn more

company description
we are a team concept real estate brokerage basically this means we are still a family no stolen leads from a corporate office no pressure and no added fees from the broker rdr was built and created to provide the agent with the opportunity to succeed in fact you are the client in the eyes of management other real estate brokerages think of you as a number in a journal we train you give you leads offer from day one the highest pay in the industry and we help you succeed with equipment and support at no extra cost"
1045,670,2357,C_rand,0.40880900669052317,0.5605094,0.0,0.0,0.25665787,ARTS,Work From Home - BEGIN IMMEDIATELY - Data Entry Clerk,"ADMINISTRATIVE ASSISTANT         Summary    To acquire a challenging position with a reputable agency that will allow me the opportunity to showcase and further develop my skills and gain experience.       Highlights          Bilingual- Fluent in both English and Spanish  Active U.S. Security Clearance granted on March 2013  JPAS access  Experience living abroad in Quito, Ecuador  Ability to plan, organize, coordinate and direct Technical Proficiency  Macintosh & Windows Software  Microsoft Office: Word, PowerPoint, Excel, Outlook  Adobe Creative Suite 5: InDesign and Photoshop  SharePoint  Social Media                Experience      Company Name    City  ,   State    Administrative Assistant   08/2013   to   Current     I directly support the Hospitality sector and attend weekly conference calls in which I record and draft the meeting minutes for later distribution amongst the team. I create and edit monthly reports for current hospitality projects on InDesign and review for proper accuracy. I receive invoices from multiple projects and I am responsible for compiling the information and forwarding to the Project Manager for their approval before distributing the invoice packages. I schedule and coordinate appointments and sector meetings as needed. I assist the office by setting up conference calls and transferring calls to the appropriate person. I have developed various correspondences, spreadsheets and have drafted RFPs, RFIs and project contracts. I have successfully managed to coordinate and direct group conferences. I send out Courier/ FedEx/Mail as needed for Project Managers and update the internal vendor contact list.        Company Name    Consular Visa Clerk   05/2013   to   07/2013     (Bureau of International Narcotics and Law Enforcement Affairs Section, previously known as NAS). I assisted the INL Officer by coordinating and managing their meetings and travel arrangements. I provided travel support to several agencies by assisting them with inquiries [...]","part time jobs work from home  data entry clerk  customer service representatives  entry level  no experience  part time work from home folks needed

thank you for your interest come check out various ways to work from home online either full time or part time and gigs too  work when you want from home were actively seeking people who are unable to work due to circumstances or are looking for either a new line of work looking to supplement current job or gig those looking for work from home opportunities to be connected with companies who are hiring employees directly to work from their homes or recruiting people for short terms gigs

were a company that connects people who want to work from home to work from home jobs gigs and opportunity

were looking for a variety of folks from industries such as administrative assistant customer service representative truck driver warehouse data entry clerk social media influencer health care works seeking part time gigs to make extra money and more get started today

job requirements

requirements
 computer  laptop  tablet or smart phone is required to perform work
 internet connection required any connection is fine as long as it is secure
 you should be okay working on your own from home without immediate in person supervision who doesnt want that
 read and follow written instructions
 typing is essential  data entry of at least  words per minute
 what youll be doing ability to give feedback on various company services product testing [...]"
1046,26,673,topK,0.48885055542620953,0.5941206,0.0,0.0,0.48432177,BUSINESS-DEVELOPMENT,Digital Marketing Specialist,"DIRECTOR, BUSINESS DEVELOPMENT           Executive Profile     Passionate sales executive and recognized, respected leader.  Forward and creative thinker producing bottom line results.  Cultivates, nurtures and maintains long-term customer relationships to boost sales and grow brand visibility.  Consistently exceeds revenue goals, opens new accounts and generates new business opportunities.  Extensive experience in account and customer management.  Proven track record of success.       Skill Highlights          National account management  Business development  Powerful negotiator  Revenue production  Sales forecasting and analytics  Relationship cultivation        New opportunity prospecting  Strategic planning  Category management  Enthusiastic, professional demeanor  Market analysis  Project Management            Core Accomplishments       Launched CPG division of a 23 year old sales and marketing firm 90 days after employment began  Top sales person nationally two months into plan at NCR  Grew territory by 53% in the first year at NCR; Top 8% of sales representatives nationwide  Increased revenue with Walmart by an additional $3.3M during first quarter at Azteca Milling  Grew the business with Sam's Club at Glazer's by 15.98% in first year  Increased item distribution by nearly 100% in one high-profile Sam's Club while at Glazer's        Professional Experience      Director, Business Development    October 2014   to   Current     Company Name   -   City  ,   State      Solely built and launched  the CPG division of 2020 Companies within 90 days of hire  Created strategic alliance with similar company that expanded our reach into Canada  Closed business with 3 new CPG clients within first 6 months of employment  Oversees projects from conception to completion to ensure flawless execution for clients  Consistently arranges client meetings locally and domestically to attain new or additional business  Designed and implemented supporting sales reporting systems; de [...]","this is a unique opportunity to launch a national brand exercises your creativity and have a direct impact on outcomes flexible work schedule and the opportunity to earn equity in a fast growing startup

responsibilities
 create a series of email newsletters
 manage social media channels
 coordinate work and collaborate with outside marketing and ad teams
 design landing pages and site marketing content

qualifications
  years of direct digital marketing experience preferred
 willingness to take on a wide range of responsibilities
 two years of email campaign management preferred
 experience with wordpress canva elementor and email marketing programs

company

owner actions was founded in  with the mission to create more successful small business through their owner actions portal business owners receive free stepbystep guidance for each stage of their lifecycle along their path business owners are connected with services to help them accomplish their goals

we have partnerships with over  services providers ranging from boutiques to fortune  companies our owner actions portal is the most complete resource for business owners available today

hybrid work schedule

up to three days per week in the office primarily work from home columbus oh"
1047,744,91,A_mid,0.5907101851379752,0.46855348,0.0,0.0,0.31749868,HR,Correctional Officer,"VOLUNTEER HR -IVOLUNTEER       Summary    Sponsorship not required to work in the US A successful Human Resources Professional, with a Masters qualification in Human Resources and experience in a challenging environment Key skill sets include Recruitment - Recruitment efforts, scheduling, posting positions, follow up and offer letters. Seasoned executive with 10 + years Staffing, Technology Recruiting and Staffing experience with a highly successful track record at big firms such as Nokia and also Small-Midsized & Start-up IT services firms. Extensive hands-on experience in recruiting IT talent in the US and India marketplace and driving talent acquisition with sourcing teams. Besides corporate sector, have also been engaged with Non-profit sector in the same role for a while. Key Strength/ Experience include: Extensive experience with high-volume recruiting responsibilities within start-ups and corporate environments. Partnering with hiring managers to understand the skills and background requirements for each opportunity and provide expert advice and coaching to hiring managers throughout the recruitment process. Conduct employment advertising campaigns and programs by developing and managing a network of recruitment and referral resources including but not limited to networking with schools, colleges, minority organizations, state employment services, other employers and professional associations. Participate in recruitment, interview and selection of candidates for all levels of position openings and promote a work environment that openly embraces individuals with diverse backgrounds and experiences. Source, screen, evaluate and select candidates through a structured recruitment process designed to obtain the best candidates. Inform applicants of job duties and responsibilities, compensation and benefits, work schedules and working conditions, company policies, promotional opportunities and other related information. Utilize knowledge of multiple recruiting sour [...]","at corecivic we do more than manage inmates we care for people corecivic is currently seeking a correctional officer who has a passion for providing the highest quality care in an institutional secure setting

who we are

corecivic is the leading national provider of highquality security corrections and detention management services providing effective programs that enhance public safety and prepare individuals for success after release headquartered in nashville tennessee with more than  secured facilities nationwide corecivic security employees are driven by a deep sense of service high standards of professionalism and a responsibility to better the public good

what we have
 paid training  comprehensive training to start a successful career
 a supportive environment where employee growth is promoted
 comprehensive benefits package  competitive wages
 pto  paid holidays
 other great incentives

what you get to do
 change the lives of those in your care
 perform routine duties of a correctional officer in accordance with established policies regulations and procedures to maintain order and provide for the safety security care and direct supervision of those in your care during all phases of activity in the facility
 responsible for maintaining order and security of inmates in a correctional facility
 able to work any shift as you may be assigned to a variety of posts including but not limited to armorykey control housing units kitchen medical visitation etc
 corecivic recogn [...]"
1048,308,1879,A_mid,0.40184719768083726,0.46862242,0.5,0.5555556,0.4681558,ACCOUNTANT,Sales & Marketing Specialist,"SUPERVISOR, ACCOUNTANT       Professional Summary    Motivated sales professional with 10+ years sales representative experience. Customer service and sales expert. Qualified with 10 plus years in fast-paced customer service and call center environments. Warehouse Worker with 1 year. Machine Operator with 5 years experience reviewing work orders and running several different machines simultaneously in a 5S environment. Experience in a warehouse pick/pack fulfillment and distribution environment. Machine Operator with positive attitude and a commitment to safety, quality, customer service and lean manufacturing. Skilled in exceeding sales goals and company expectations by expanding client base and maintaining high standards of customer service. Year Experience in running a Aftermarket Radiator Company which duties included bookkeeping, working with excel, supervising a sales team to make quality sales for our business and keeping a inventory on our parts. Very outgoing, friendly, hard worker and works well with others with a very positive attitude.       Core Qualifications        Initiative to work independently          Customer service Quality inspection          Team building Excel spreadsheet          Strong initiative Energetic work attitude          Outstanding customer service Active listening skills          Strong communication skills Call center experience          Strong organizational skills Strong Organizational Skills          Telecommunication skills Proper phone etiquette          Opening/closing procedures Knowledgeable of quality          Excellent communication skills control standards          Strong interpersonal skills            Experience     01/2002       Supervisor, Accountant    Company Name   －   City  ,   State      Supervised and trained sales team.  Kept track of product inventory.  Filed documents for business.  Managed incoming and outgoing calls.  Scheduled and confirmed appointments.  Communicated with other business and customers [...]","description prodigy acquisitions has recently expanded with a new client and are looking for a sales marketing specialist to help support the sales and management teams we are focused on developing and enhancing the competitive nature and willingness to lead within every potential candidate this is a valuable opportunity for those who want experience in team leadership sales entrepreneurship and anybody with a competitive mindset

our team enjoys
 an excellent work environment where fun meets success
 guaranteed base pay and weekly bonuses
 oneonone mentorship
 paid training bonuses and weekly leadership development meetings
 travel opportunities

responsibilities include
 utilizing strong leadership skills to build a high performance crossfunctional team environment
 assisting in the daily operations with client and keeping up to date with client promotions
 managing customer acquisition and retention by driving sales with a high level of customer service

job requirements
 competitive individuals with a winning mentality
 team captains ready to lead and train
 candidates who are serious about a longterm career with a growing industry"
1049,187,11,C_rand,0.5744703592229322,0.640305,0.25,0.25,0.3703797,HR,Vice President/Practice Leader of Tax,"HR MANAGER         Summary      Human Resources Manager with practical understanding of business needs. Areas of expertise include conflict management and employee training.  Human Resources Generalist who promotes a team-oriented and open-door environment that is conducive to a successful staff. Offering  [Number]  years of experience and knowledge in training, orientation and incentive program creation.   [level of management] -level ma Human Resource executive who works with other executives to translate business strategies into HR actions that drive business results.  nager with  [years of experience]  years of managerial experience. Strong strategic-planning and people-management skills.         Highlights          Compensation/payroll  Regulatory compliance  Staff development  Compensation/benefits administration  Policy/program development  Salary structure/compensation analysis      Performance management strategies  Interviewing expertise  Staffing and recruiting professional  Hiring and retention  Training and development  Employee relations            Experience      Company Name    City  ,   State    HR Manager   04/2016   to   Current       Sunningdale Tech (Thailand) Co.,Ltd. .   Type of business	: 	Tooling and Plastic Injection.          Company Name    City  ,   State    HR & Admin.Manager   09/2013   to   04/2015       Responsibility	:	Report directly to CEO Transformed HR from administrative role to strategic business partner, including working with management level to drive key business and implement performance initiative, conducted extensive analysis of existing HR Organization and Development business plan to up dated all policies, procedure, service, program and operation.  Direct HR function including recruiting, hiring practice, benefit and Compensation.  Develop standardized organizational model to clarify authority and responsibilities.  Learning and development as providing guidance on learning and development for manager and their team a [...]","come join legalzoom asthe vp  practice leader for lz tax legalzoom is building the next frontier of services for our customers business tax advisory and preparationwere proud that more than smbs have trusted legalzoom to help them form their business entity and we recognize that a key part of their immediate and ongoing success is also having the right tax and accounting expertise and guidance thats why weve launched lz tax

in this role youlllead the team of experts who deliver tax preparation advisory and accounting services to smb customers who launch their businesses with legalzoom youll be responsible for ensuring quality work meeting efficiency targets and scaling the team as we continue to grow you will report to the coo and be a critical part of the leadership team for this highimportance highvisibility business

responsibilities 

manage the team of experts to deliver all tax services to lz tax clients  this role is responsible for meeting expert productivity targets and quality measures

be accountable to scale the practice  enable margin expansion  define where the practice is going and how to get there

build and execute a strategy that enables the team to optimize their work including

identify efficiency opportunities and work with crossfunctional stakeholders to unlock them product operations

identify quality improvement opportunities and unlock them with crossfunctional partners where needed

ensure experts have the tools they need to be successful training t [...]"
1050,518,697,B_xcat,0.5049416057365433,0.5938046,0.25,0.29500043,0.2141905,HEALTHCARE,Vice President/Sr. Director Business Development - CME,"HEALTHCARE DOCUMENTATION SERVICES DELIVERY MANAGER       Professional Summary     A dependable and motivated professional experienced in managing multiple projects in a fast paced deadline driven environment. Posses strong organizational and communication skills. Strong technical proficiency that includes: working knowledge of Microsoft Office Word, Excel, Access and Outlook with the ability to quickly learn new technology and software applications. Works well independently with the ability to prioritize and multi-task efficiently with minimal  supervision       Skill Highlights          New employee orientations  Staff training and development  Microsoft Office Suite expert  Maintains confidentiality  HR policies and procedures expertise  People-oriented  Organized  Exceptional communicator       Schedule management  Problem resolution  Deadline-oriented  Report analysis  Results-oriented  Self-directed  Time management  Professional and mature  Dedicated team player  Strong interpersonal skills            Education and Training          Rowland High School   City  ,   State        High School Diploma                East San Gabriel Valley Occupational Program    City  ,   State      Microsoft Office Specialist Course                 Skills     Human Resources, Scheduling and Payroll  Interviews, New Hire Training and Orientation  Microsoft Word, Excel, Access, PowerPoint and Outlook  Electronic Time Card and Scheduling Applications   Multitasking in a fast paced environment  Extremely Organized, Communication Proficiency  Team Oriented with the ability to build strong relationships with Individuals at various levels   Dead-line results driven, Time Management   Works well with little or no supervision        Professional Experience     January 2009   to   January 2014     Company Name    City  ,   State    Healthcare Documentation Services Delivery Manager         Directly responsible for customer satisfaction in clinical document turnaround time and quality  Dire [...]","spire learning united states remote

spire is dedicated to the design development and implementation of clinically relevant innovative highquality cmece activities
this is primarily a business development position that offers the flexibility of working remotely from anywhere in the continental us

are you a dynamic and experienced cme professional looking for your next opportunity are you a healthcare or communication industry business development professional who thrives on overcoming challenges to achieve success is energized when working in a fastpaced environment and is comfortable learning about pharmacotherapy advances in a number of therapeutic areas if so this role might be a match for you

at spire we believe that healthcare education has the power to transform lives
our passion and empathy drive our enduring commitment
come join our team

responsibilities

lead the creation and execution of therapeutic areaspecific grants and education strategies including identification cultivation and successful securement of cmece grant opportunities

establishment of compliant relationships with potential grant supporters

development of collaborative partnerships that advance the delivery of quality accredited healthcare professional education

alignment of instructional design elements with educational needs

oversight of outcomes reporting for funded projects

collaboration with accreditation bodies to ensure compliance with all accme standards

maintenance and expansion of c [...]"
1051,21,768,C_rand,0.5588874145815834,0.57244825,0.5,0.5,0.45390245,HEALTHCARE,Chief Executive Officer - CEO Consultant,"OPERATIONS MANAGER       Professional Summary    Excellent time management abilities with sound relationship and building skills.  Able to manage effectively at all levels, strong leadership skills and strong financial/analytical understandings. Developed and managed monthly and yearly budgets Implemented Total Quality Management (TQM) and empowered staff to maximize their growth potentials. Profit/loss statements (graphs) to show supervisors (CEO, President) month to month statements on how each department and/or company was doing, along with recommendations on what should be done to continue or improve on previous months and trends. Managed multiple sites Program development Hire and terminations of all employees Highlights of Accomplishments Increase profits by increasing both billing revenue and productivity of employees. Improve customer satisfaction through education and decreasing scheduling conflicts. Decrease loss revenue through billing department Working with customers and payments Educating customers on their responsibilities to pay Improve employee production Decrease the amount of employee sick time through incentive programs Highly analytical healthcare management professional combining more than   28 years    of work in healthcare with proficiency in financial management, leadership and positive clinical outcomes.      Skills          Budgeting proficiency  Strategic planning capability  Analytical thinker  Quality improvement competency  Promotes positive behavior      Accomplished leader  Independent judgment and decision making            Work History     03/2004   to   02/2008     Operations Manager      Company Name   –   City  ,   State      Performed all business responsibilities for the Rehab Department of a Physician group practice.  Program development, business growth, and customer service.  Skillfully developed departmental goals, objectives, standards of performance, policies and procedures.  Led the planning and achievement of goals and [...]","company overview

exechq is a consulting firm comprised of executives with extensive csuite eg cfo coo cmo ceo etc experience delivering ondemand and costeffective solutions for complex business problems faced by ceos and business owners

we offer fractional interim or projectbased services to clients that need a higher level of expertise or experience than they currently have or have the ability to retain on a fulltime basis we believe that every company deserves the right executive we believe that many ceos andor business owners can better focus on their core responsibilities and reach maximum effectiveness when they are able to take off some of their multiple hats delegating these areas of responsibility to trusted business advisors

job summary

consulting ceo to work with the other principals in our firm to provide the best solutions to our clients across the globe apply your knowledge and expertise gained from your experience as a fulltime or consulting ceo to help business owners andor ceos help their organizations as they need we are looking for ceos with an entrepreneurial spirit who want to work with a firm who treats their consultants as its  priority and clients a close second

responsibilities and duties
 apply your skills and knowledge as a chief executive officer to assist your clients as needed with leadership turnarounds taking them to the next level executive coaching building effective teams etc
 employ our training and coaching to expand your business netw [...]"
1052,557,79,topK,0.4902990913376783,0.68401694,0.14285715,0.15340586,0.40934718,HR,Executive Assistant to CEO at Chartis Federal (Hybrid: Remote ...,"HR ASSOCIATE MOBILIZATION COORDINATOR       Summary    Professional with extensive experience in Human Resources in Oil & Gas Company.  Want to be part of an organization that allows me to utilize my strongest skills to achieve the goals for the company, as well as my own personal goals.      Accomplishments      MVP Award, Houston, 2009.  Meeting Project Client set goal of mobilizations to Escravos GTL project year end 2008.  Training Focus The basicc of Expatriate and Foreign Nationla Taxation, Houston, 2007 Death Notification Training, KBR Employee Assistance Program, Houston, 2008.        Skills        MS Office (Word, Excel, Outlook and powerpoint) SAP database, Applicant tracking system. * Strong organizational and Adminstrative skills * Develop and implement creative solutions with cost, efficiencey and deadlines. * Articulate and effective communicator and trainer * Committed to achieving company and personal goals and high quality performance standards.            Experience     01/2009   to   Current     Company Name   －   City  ,   State      HR Generalist Mobilized high volume exployees overseas on short/long term in accompanied /unaccompanied status.  Point of contact form the beginning till the end of expats/Inpat assignment.  Directed and implemented human resource policies and procedures and provided guidance to field human resources managers.  Created assignment offers compensation packages to include uplifts and base pay, per diem allocation, additional payments and benefits.  Directed employee to employee relations, policy development, training, recruitment, payroll and benefits administration.  Attended corporate planning meetings and assisted in re-writing international assginment policies and procedures.  Sit in interviewes and trained new employees.  Administer the Good and Services review program twice a year.  Evaluated new hire documents and employee evaluations, and provided extensive training to staff members.  Prepared and presented trai [...]","chatterboss is recruiting for a directhire role at chartis federal

about chartis federal

chartis federal is a systems engineering and integration firm that specializes in missioncritical it and communications for public safety law enforcement homeland security and defense we have more than  staff in  states providing services and solutions across the globe with yearoveryear growth chartis has been a member of the washington technology fast  two times and ranked on the inc  five consecutive years

notably chartis is among the highest awarded prime contractors on the  department of homeland security dhs tactical communications strategic sourcing vehicle taccom i and taccom ii

our mission is to keep americas heroes safe and connected  on the battlefield on the border and in our backyards

learn more about chartis federal here

the opportunity

this is an exciting opportunity for an executive assistant hybrid role with  days remote and  day in the office at the dc metro location this person will be the right hand of the ceo this individual excels at organization project management and research this role is the glue that keeps the ceo running while working closely with internal teams for strategic objective compliance

responsibilities
 managing ceo schedule coordinating meetings events providing necessary prep items documenting and managing followup items
 managing ceo email reviewing and drafting responses adding to task management  email accounts
 creating competitive resear [...]"
1053,317,2357,A_mid,0.46752059693511283,0.4993033,1.0,1.0,0.31529865,ARTS,Pharmacy Marketing Representative,"ADMINISTRATIVE ASSISTANT         Summary    To acquire a challenging position with a reputable agency that will allow me the opportunity to showcase and further develop my skills and gain experience.       Highlights          Bilingual- Fluent in both English and Spanish  Active U.S. Security Clearance granted on March 2013  JPAS access  Experience living abroad in Quito, Ecuador  Ability to plan, organize, coordinate and direct Technical Proficiency  Macintosh & Windows Software  Microsoft Office: Word, PowerPoint, Excel, Outlook  Adobe Creative Suite 5: InDesign and Photoshop  SharePoint  Social Media                Experience      Company Name    City  ,   State    Administrative Assistant   08/2013   to   Current     I directly support the Hospitality sector and attend weekly conference calls in which I record and draft the meeting minutes for later distribution amongst the team. I create and edit monthly reports for current hospitality projects on InDesign and review for proper accuracy. I receive invoices from multiple projects and I am responsible for compiling the information and forwarding to the Project Manager for their approval before distributing the invoice packages. I schedule and coordinate appointments and sector meetings as needed. I assist the office by setting up conference calls and transferring calls to the appropriate person. I have developed various correspondences, spreadsheets and have drafted RFPs, RFIs and project contracts. I have successfully managed to coordinate and direct group conferences. I send out Courier/ FedEx/Mail as needed for Project Managers and update the internal vendor contact list.        Company Name    Consular Visa Clerk   05/2013   to   07/2013     (Bureau of International Narcotics and Law Enforcement Affairs Section, previously known as NAS). I assisted the INL Officer by coordinating and managing their meetings and travel arrangements. I provided travel support to several agencies by assisting them with inquiries [...]","pharmacy marketing representative

description

looking for a pharmacy marketing representative to continue to enhance our sales

the company

amr pharmacy is a statewide home care pharmacy looking for a client sales representative to join our fast growing team the representative will follow up on existing leads create and manage relationships and assist customers with any issues or concerns base hourly salary plus commission with a great opportunity for growth possibility for a hybrid work model

job details
 pharmacy  sales  customer relation experience
 new referrals for pharmacy services
 friendly and persistent
 able to generate leads and land new accounts
 maintain accounts and work on referrals
 excellent verbal and written communication skills
 basic computer knowledge
 outgoing and personable
 organizational skills
 ability to multitask prioritize and manage time effectively
 pharmacy experience a plus

salary

   a year commission opportunity

job type

fulltime

qualifications
 marketing  year preferred

job type fulltime

schedule
  hour shift
 day shift
 monday to friday

experience
 marketing  year preferred
 marketing  advertising occupations  year preferred

work location on the road"
1054,451,1554,C_rand,0.4499994999816545,0.5847723,0.25,0.2732742,0.33679658,FINANCE,Licensed Insurance Agent Remote Executive Sales Manager,"VP OF FINANCE       Executive Profile     Ambitious Chief Executive Officer who creates strategic alliances with organization leaders to effectively align with and support key business initiatives. Builds and retains high performance teams by hiring, developing and motivating skilled professionals.       Skill Highlights          Small business development  Project management  Leadership/communication skills  Self-motivated      Product development  Product line expansion  Business operations organization  Business operations organization            Core Accomplishments      Increased sales by [Number]% by rolling out a revamped social media marketing initiative.  Increased annual revenue from $[Amount] to $[Amount] in just [Number] years.  Grew business from [Number] employees to [Number] employees in [Number] years.  Garnered more than [Number] excellent performance reviews and testimonials from clients.        Professional Experience      VP of Finance   01/2014   to   Current     Company Name   City  ,   State       Direct the accounting, finance and administrative functions of this newly formed hospitality management company currently overseeing 8 hotels.  Delegate with all aspect of monthly forecasting and budget planning for $16M in annual revenues Facilitate Tax Credits & other related incentives for new hotel development with mixed-use developers Assist President of the company to build a experienced hospitality executive team to further relationship with exclusive brands such as Hilton, Marriott and Starwood Hotels Establish new relationships with experienced personnel for efficiency, to increase revenue by 20% per hotel Propose feasibility report to alter strategic initiatives to assist newly acquire assets and distressed assets Reduce average payable liability by $1.2M annually by analyzing exceptions in the procure-to-pay payment process.          Managing Partner   06/2012   to   12/2013     Company Name   City  ,   State       Managed all departments [...]","job description
commission only

licensed insurance agent remote executive sales manager

organization description

come join the hill agency and excel with the cuttingedge technology and proprietary lead generation system use our directtoconsumer link for immediate customer satisfaction utilize our digital dialer virtual assistant to help you find the right product for the client and take advantage of our expansive training platforms on a daily basis and enjoy an amazing team culture various insurance markets available such as mortgage protection participating whole life and burial and wealth management products

job details

this position is commission only all income is commensurate with your activity and based on your placed sales as a remote agent you must have the ability to reach out to each client by telephone and book appointments to go over their insurance needs connecting with clients is done by zoom remotely or alternatively in the field which is the choice of the independent agent each agent must be skilled on the computer and follow up with the insurance carriers for issued placed business

additionally each producer will have the unique opportunity to become an agency owner through team building mentorship is provided to assist you in building your own organization to earn a passive income our business model is duplicatable

your benefits include but are not limited to exclusive leads system discounted health insurance plans free life insurance for the  year fa [...]"
1055,711,2159,C_rand,0.428482639047714,0.52602476,0.0,0.0,0.26333022,BANKING,Windows System Administrator,"BANKING CENTER MANAGER           Summary     Professional/Manager skilled at informing clients about products and services and recommending the best options to meet their needs. Excellent interpersonal skills.   *Versatile Sales Professional with background in banking and finance. Consistently meets bank and customer service standards.   *Results-oriented professional with over 7 years in sales and branch management.   *Highly detail-oriented professional successful at meeting and exceeding branch goals. Expertise in customer service relations and sales management. Seeking a fulfilling position that offers growth opportunities and allows me to utilize my leadership skills and experience.       Highlights          Exceptional customer service  Sales expertise  Reliable  Excellent communication skills  Strong work ethic      Friendly  Energetic  Approachable  Flexible  Team player  Organized            Accomplishments      Consistently achieved a quarterly goals   Consistently helped associates development for new roles(promotions)   Selected to Market leadership team for Financial Center Managers         Experience      Banking Center Manager    August 2012   to   Current     Company Name   －   City  ,   State      Banking Center Manager is responsible for managing a consumer banking center.  BCM is responsible for leading, managing and coaching a team of sales and service professionals to meet and exceed sales targets, ensure the operational excellence of the banking center and create an excellent customer experience.  BCM acts as 'general manager' and is responsible for executing the One Team model by ensuring collaboration between banking center teammates and on-site specialists.  BCM demonstrates key behaviors to drive banking center success.  BCM ensures customer's needs are met by executing lobby leadership.  Observe banking center team in action through the eyes of the customer.  Supervise and coach teams on proper execution of key banking center plays.  Commu [...]","grow with us
hudson is north americas leading travel retailer for over  years hudson has met the needs and wants of travelers in more than  dutyfree dutypaid and food  beverage stores we couldnt serve our customers landlords and partners in airports commuter terminals hotels and casinos without the continued support of our greatest assets our team members were dedicated to hiring and training exceptional team members who are committed to serving the customer as the travelers best friend we strive to ensure were fulfilling our team members career potentials through training skillsdevelopment and career pathways  as our team members grow and succeed both personally and professionally so does hudson

the windows system administrator position is for you if you would enjoy
coordinating with various groups and troubleshooting critical incidents
monitoring incidents and service requests and providing appropriate and timely resolution

key accountabilities  your team is counting on you as a windows systems administrator to
proactive monitoring maintenance and configuration of various it infrastructure
coordinating with various groups troubleshooting critical incidents and to increase availabilityreduce downtime of affected systems
monitoring incidents and service requests and providing appropriate and timely resolution
performing research on system technology and providing resolution to sophisticated challenges
administering and completing various activities as guided by management
c [...]"
1056,672,649,B_xcat,0.40609429180565204,0.5878593,0.0,0.0,0.35828012,BUSINESS-DEVELOPMENT,Software Developer- Entry Level,"GLOBAL BUSINESS DEVELOPMENT MANAGER/MARKETING       Summary     Professional Account Manager trained in building strategic network ties and increasing sales revenues. Cultivates and maintains strong customer relationships.        Skills          Prospecting and cold calling  Strategic account development  Team building expertise  Proven sales track record   Strong communicator         Skilled in MS Office  Strong interpersonal skills  Relationship selling  Product training and placement  Strong deal closer  Exceptional customer service skills            Accomplishments      Established thirty new accounts in a single year through successful business development/management skills. A company record. (GigaSpaces Technologies)  ​​  ​    Turned a one thousand dollar a year territory into a one million dollar territory in just a little under 2 years. (Buzz Food Service)​    Earned the 2012  ""Spirit Of Generosity Award ."" Given once a year to a salesperson who demonstrated an outstanding commitment to customer service in a way that improved both company reputation and work environment. (Buzz Food Service)    Master of Brand Advantage/Master's level meat course. (Buzz Food Service)         2006 Employee of the Year, Education, Employment and Training Department. (Goodwill of the Kanawha Valley)         Experience      Global Business Development Manager/Marketing   09/2015   －   Current     Company Name     City  ,   State        Grew customer base from  10  accounts to  35  accounts in  a year's time .     Established over 30 new international sales relationships.  Closed deals with several Fortune 500 companies.  Recognized for aggressive lead generation and work ethic.  Trained sales teams on educational products at seminars and special events.    Worked closely with company executives to identify new business opportunities.       Gathered all relevant materials for bid processes and coordinated bidding and contract approval.              Sales Rep.   09/2012   －   08/20 [...]","apprentice now has an excellent tech job opportunity for individuals looking to start and build a new career in technology as a software developer our client is an industry leader in technology services and consulting providing you a great job opportunity in the tech field to get your foot in the door

you will have the opportunity to work alongside a team of professionals to solve reallife problems and learn how to make an impact they will equip you with everything you need to know to make a meaningful impact as a professional within their organization and start your new career off right this is a fulltime salaried opportunity with benefits and no prior technical experience required

software development job duties may include but not limited to

responsible for developing solutions for clients using appropriate software

involves daytoday configuration build test support and maintenance

build and test interfaces for application development assignments test all code developed as per the defined quality process standard

develop userfacing applications that address the functional requirements while providing a superior user experience to the endusers

develop software and integration flows for clients

design execute and automate scenarios scripts and procedures

document software defects using a bug tracking system

participate in trouble shooting existing software issues and implement as per the change management process

design and configure interfaces needed to transfer [...]"
1057,275,1842,C_rand,0.4884699296546512,0.62516767,0.5,0.44832218,0.32336405,ACCOUNTANT,COORDINATOR - MARKETING,"ACCOUNTANT         Skills        Timberline, MRI, YARDI, Peachtree, Peoplesoft, OneSite, QuickBooks
Microsoft Word and Excel            Experience     07/2014   to   Current     ACCOUNTANT    Company Name   －   City  ,   State      I am an experienced and goal-oriented Accountant with a demonstrated track record in preparation and analysis of financial reports to summarize and forecast financial position.  Independent contributor committed to superior quality, teamwork and proficient internal and external customer service.  An Accountant experienced in driving efficiency, productivity, and implementation of process improvements to support achievement of overall corporate goals and objectives.  Core competencies include:.  Accounting Management.  Cash Management FDH Velocitel provides all the services needed to design, build, optimize, upgrade and maintain broadcast and wireless infrastructure.  FDH Velocitel develops innovative solutions for evaluating the condition of heavy civil structures, such as bridges, dams and levees.         04/2010   to   07/2014     Accounting Manager    Company Name   －   City  ,   State      Responsible for financial management functions including preparation and delivery of monthly/quarterly financial statements, and variance analysis for several cost centers.  Responsible for processing of general accounting functions, balance sheet account reconciliation, time and material and AIA billing for Government work, inventory, and job costing.  Responsible for coordination of annual audit and government auditing.  Implemented an inventory system.  Assisted in implementation of percentage of completion reporting for revenue.  Assisted in Accounting system upgrade Northwood Ravin is a leading multifamily development, construction and property management firm serving the Southeast.         05/2005   to   06/2009     Senior Accountant    Company Name   －   City  ,   State      Responsible for property and development accounting for several enti [...]","job summary

the team member in this position is responsible for providing superior service to both internal and external guests the marketing coordinator is responsible for assisting the director  manager of marketing in executing the propertys marketing plan and daytoday operations

essential duties  responsibilities
 guest relations as it involves interacting with guests during deployment of special events and promotions
 deployment and coordination of property contests including ordering selection of materials setup décor and selection of prizewinners
 management and maintenance promotional materials such as décor promotional merchandising and other promotional tools
 working as event staff to setup events administer contesting issue prizing and ensure proper procedures or rules are followed
 coordination of property activation events with players club personnel and or any promotional agencies
 uploading and managing photo galleries for contest winners and communicating relevant information to the companys digital agency for social media
 special projects as assigned by the lead for marketing operations
 assist with and participate in activities related to audio visual and digital media
 coordinate maintain and assist with group sales
 comply with our drug  alcohol free workplace subject to post offer for cause and postaccident drug tests
 be a customer experience owner act in ways that will surprise and delight our guests leave guests with positive feelings about our pro [...]"
1058,27,740,B_xcat,0.4294280896107904,0.6586937,0.125,0.14168912,0.28723714,HEALTHCARE,Senior Marketing Specialist,"REGISTERED NURSE       Professional Summary    To provide safe, efficient, and quality care to patients and their families while adhering to policies and procedures.      Licenses    Completed coursework in Anatomy and Physiology, Anatomy Lab, English Composition, Cardiopulmonary Resuscitation, Microbiology and Microbiology Lab, and Medical Terminology      Skill Highlights        Microsoft Office, Word, Excel, PowerPoint, and Outlook            Professional Experience     06/2016       Registered Nurse    Company Name   －   City  ,   State      Self-motivated leader with over 8 years of experience in emergency medicine and health care.  Self-starter who is able to maneuver through tasks and make sure the job is done in a timely and proficient manner.  Trainer and teacher who can effectively break down tasks so they can be understood and executed without flaws.  Facilitator of group projects to help others understand the objective and how to produce an effective outcome of the job being presented.  Creative mindset that can present an outcome in more than one way with many options being available.  Able to communicate with other team members from diverse backgrounds and incorporate the needs of every individual to create a positive atmosphere.  Able to recognize abnormalities and report them in a timely and efficient manner.  Flexible by being able to quickly adapt to change at the last minute and complete the project without delays.  Mentored those in the health care field to understand the emergency medical system and reporting standards, while having the knowledge to formulate and present reports to the next echelon of care.  Knowledgeable of regulatory requirements in order to adhere to healthcare standards and protocols.  Completion of over 120 clinical hours of Medical Surgical, Pediatric, and Psychiatric health services.         11/2010   to   05/2013     Medical Technician/ Healthcare Specialist    Company Name   －   City  ,   State      Supervisor: SSG Stov [...]","we are more than a health system we are a belief system we believe wellness and sickness are both part of a lifelong partnership and that everyone could use an expert guide we work hard care deeply and reach further to help people uncover their own power to be healthy we inspire hope we learn grow and achieve more  in our careers and in our communities

job description summary

this marketing sr specialist supports the ohiohealth strategic imperative of growth by supporting marketing activities for the ohiohealth system the position is accountable for developing and executing integrated marketing plans that align and fulfill ohiohealths mission vision values and strategic priorities the marketing sr specialist supports coordinates and helps execute strategic integrated marketing and communications activities for internal and external audiences contributes to marketing plan development implements marketing projects and events and develops webbased marketing content and manages project timelines etc this position collaborates with other marketing  communications team members on matrixed workgroups to support activities across various service lines and care sites and participates as an active member of integrated teams throughout the organization the marketing sr specialists must be able to effectively manage multiple projects with extreme attention to detail and deliver results on tight timelines strong writing and editing skills and good prioritization and time management skil [...]"
1059,783,644,topK,0.47141803540653965,0.58693933,0.25,0.25,0.24701911,BUSINESS-DEVELOPMENT,Real Estate Attorney (4+ yrs),"BUSINESS DEVELOPMENT MANAGER       Professional Summary    Experienced, driven and successful Sales Professional recognized for consistently growing sales revenues and profitability. Frequently selected by management to open new territories and rapidly develop sales pipelines through the use of innovative and imaginative sales and marketing programs that achieve maximum market exposure and penetration. Parlays commitment to community and passionate for causes supported into strong networking and business alliances. Proficiencies: Solution Based Sales  Key Relationship Management  Business Development  Project Management  Product Knowledge Territory Management  Customer Education & Training  Marketing & Brand Positioning  Stakeholder Engagement      Skills                    Work History     09/2013   to   08/2014     Business Development Manager      Company Name   –   City  ,   State      Provided leadership and drove sales for organization providing workforce solutions to Aerospace & Defense, Engineering,.  Government, Health Care, Life Sciences, Information Technology and Telecommunications industries.  Accomplishments: Consistently grew sales revenues and profitability Extend coverage of Indianapolis office to cover Midwest region Rapidly developed the sales pipelines with innovative and imaginative sales and marketing programs.        01/2012   to   01/2013     Network Solutions Consultant      Company Name   –   City  ,   State      Provided sales and leadership expertise to various departments including mentoring junior sales staff enhancing organizational sales for organization catering to Information Technology industry in providing staffing solutions.  Accomplishments        01/2011   to   01/2012     Relocation Consultant      Company Name   –   City  ,   State      Served as recognized expert and solutions partner to clients of leader in the relocation industry in National Account and Commercial Relocations while managing contract administration and comp [...]","phillips lytle is looking to expand our talent within our real estate practice team phillips lytle has an excellent reputation and a roster of high profile clients including fortune  and fortune  companies in industries such as telecommunications technology energy nanotechnology manufacturing healthcare and life sciences

the real estate practice team seeks to hire an attorney with at least  years of experience handling sales and acquisitions of commercial properties commercial leasing financing transactions and related areas of commercial real estate

we offer a flexible workplace a commitment to advancement and significant client contact and responsibility we value community engagement and an entrepreneurial spirit we are focused on growing our firm across our entire footprint and welcome associates who are looking for an inclusive and equitable environment where mentoring feedback and training are emphasized

to apply submit a cover letter resume writing sample and an official transcript to sandra e langs esq

apply here

note phillips lytle is not working with any search firms
in connection with filling this position"
1060,15,1305,B_xcat,0.46887097822913215,0.63022596,0.0,0.0,0.31134474,DIGITAL-MEDIA,Senior Web Designer (REMOTE),"DIGITAL MARKETING ASSOCIATE       Summary    Dynamic and highly enthusiastic individual with keen business acumen seeking a position in Marketing and Advertising to apply advanced customer service skills and uncommon creative mindset to bring a positive initiative to your business operations and an upward curve to your company revenue growth Skilled marketing professional focused on exceeding revenue goals, driving high-volume new user acquisition, and growing subscription-based businesses Well versed in all aspects of marketing campaigns from concept development to execution and launch Highly organized individual with strong knowledge of business organization and processes as well as management techniques who constantly strives for self-development and education welcoming every opportunity to expand intellectual, cultural, and professional horizons Highly competitive team player and multitasker seeking to positively contribute to overall team performance and the achievement of all established corporate objectives Efficient communicator with an uncommon ability to relate to people and provide excellent customer service Responsible professional with strong analytical skills and a proven ability to produce a range of solutions as well as work under stress still delivering good results Account Management Brand Development Sales Promotion	Multi-Media Marketing Campaign Planning & Execution CRM & Profit Maximization	Strategic Media Placement Market Analysis Customer Service	Advertising       Experience     05/2016   to   11/2016     Digital Marketing Associate    Company Name   －   City  ,   State      PatientPop is one of the top 20 fastest growing startups in Los Angeles and is the first growth-focused platform that accelerates new patients growth by automating practice marketing and eliminating the need for dedicated marketing resources.  Optimize web presence and visibility of healthcare professionals.  Create, oversee and audit social media pages, health directory p [...]",the apply with seek option will be utilized for international applicants mainly australia if this does not apply to you please use the apply optionsenior web designer remoteif you care theres a place for you herefor a career path that is both challenging and rewarding join sedgwicks talented team of  colleagues around the globe sedgwick is a leading provider of technologyenabled risk benefits and integrated business solutions taking care of people is at the heart of everything we do millions of people and organizations count on sedgwick each year to take care of their needs when they face a major life event or something unexpected happens whether they have a workplace injury suffer property or financial loss or damage from a natural or manmade disaster are involved in an auto or other type of accident or need time away from work for the birth of a child or another medical situation we are here to provide compassionate care and expert guidance our clients depend on our talented colleagues to take care of their most valuable assetstheir employees their customers and their property at sedgwick caring counts join our team of creative and caring people of all backgrounds and help us make a difference in the lives of othersopen to remote work all locations within the usprimary purpose  conceptualize and design user experience projects and initiatives and oversee designers to ensure highquality work throughout the entirety of the projectessential functions and responsibilities creat [...]
1061,516,614,topK,0.4965945154976804,0.48735523,0.25,0.22317128,0.3046564,BUSINESS-DEVELOPMENT,"Vice President, Head of Global Medical Affairs","DIRECTOR OF BUSINESS DEVELOPMENT       Professional Summary     Extensive experience in LTAC Marketing in a hospital setting. Ability to build strong rapport with physicians, patient's families, case managers and health care community. Managed and lead team of clinical, admissions and marketing liaisons and efficiently communicated patients' needs to clinical staff. Expert in planning and executing marketing strategies to build relationships in new territories and increased referral sources. Track record of consistent growth in census of hospital through demonstrating strong professional relationships with referral sources and turn potential referrals into admissions. Self driven and innovative with a strong desire to compete with other LTACHs to increase hospital census. High recommendations by leading physicians based on performance and work ethics.       Highlights          Excellent interpersonal communication skills with the ability to keep professionalism.  Confident public speaker.  Highly motivated marketer.  Patient care oriented, increasing and securing walk-in tours for patients' families and catering to their needs.  Cultural awareness and sensitivity towards patients and physicians.   Trained by physicians and nurses to evaluate patients' charts and make recommendations for LTAC based on diagnoses.      Proven ability to manage marketing team and yielding results.  Strategically develops marketing plans.  Track record of financial management by efficiently using budgets to organize networking events, company functions and annual galas.  Effectively influences team members by showing motivation and drive to perform.  Understands and explains the continuum of care model to patient families.   Clinical knowledge in identifying LTAC patients with proper diagnoses and treatments.            Experience     04/2013   to   10/2014     Director of Business Development    Company Name   －   City  ,   State     Managed and lead by example a team of qualified marke [...]","work at rocket pharma and help cure rare diseases

rocket pharma is a fully integrated clinicalstage company advancing gene therapies with curative potential for multiple rare childhood diseases rocket places enormous value on people and considers team member progress and wellbeing to be as important as the progress of its pipeline we are looking for handson team players who enjoy collaborating with colleagues we share a passion for seeking gene therapy cures for devastating diseases and making a difference for patients this is an opportunity to become an integral part of a small highly productive team and to help grow an entrepreneurial scientifically driven organization that is increasingly recognized as a leading biotechnology innovator in addition to a competitive compensation package featuring a generous  match and stock options the position includes excellent health benefits

we are seeking a vice presidenthead of global medical affairs to oversee development of a global organization supporting rockets development and launch of innovative and transformative gene therapies for lifethreatening blood cardiovascular and immunologic disorders reporting to the chief medical officer the vp medical affairs will be responsible for development of a medical affairs team that will partner with rockets clinical development and commercial teams to enable successful latestage development launch and lifecycle management across rockets multiple clinical and registrationalstage gene ther [...]"
1062,672,881,B_xcat,0.49646911077047523,0.6285569,0.33333334,0.33333334,0.107314475,FITNESS,Software Developer- Entry Level,"O        SITE LEAD/PROCESS ANALYST         Summary     I am seeking a position that challenges my current experience and grants the opportunity to make a measurable impact. Much of my experience is transferable, specifically in the areas of business strategic planning, process development, problem resolution, customer service, attention to detail. I also look forward to further developing my skills and talents within the contest of the organization. I am a strong planner and problem solver, who readily and easily adapts to change. I work well individually or within the context of a team, and consistently exceeds expectations. Able to manage multiple priorities and meet tight deadlines without compromising quality.       Skills           Leadership development training     Process development      Bank reconciliations     Office Management   Conflict resolution      Complex problem resolution        Strategic planning      Records Management  performance tracking   Business recovery and sustainability    Interpersonal Customer Service  Spreadsheets/Reports  All forms of communication including verbal, written and digital          Computer skills   Microsoft office Suite  workday program  kronos  Regloginc   Arrow and CPI  Fidelity   QuickBooks               Accomplishments       Multiple awards for performance.     Cut operating expenses by 45  % year over year by   created new workflow process that enhanced efficiency      Reduced office expenses by finding smarter solutions for vendors, suppliers and services.       Five years of training on leadership development and mentorship      Completed over 50 books on leadership, people skills and business management.       ​         Experience      site lead/process analyst   City  ,   State    Company Name  /   Sep 2013   to   Current         Developed organizational change management strategies.  Reduced organizational operating costs by  45 % by streamlining processes.          Conducted activity-based analysis of busi [...]","apprentice now has an excellent tech job opportunity for individuals looking to start and build a new career in technology as a software developer our client is an industry leader in technology services and consulting providing you a great job opportunity in the tech field to get your foot in the door

you will have the opportunity to work alongside a team of professionals to solve reallife problems and learn how to make an impact they will equip you with everything you need to know to make a meaningful impact as a professional within their organization and start your new career off right this is a fulltime salaried opportunity with benefits and no prior technical experience required

software development job duties may include but not limited to

responsible for developing solutions for clients using appropriate software

involves daytoday configuration build test support and maintenance

build and test interfaces for application development assignments test all code developed as per the defined quality process standard

develop userfacing applications that address the functional requirements while providing a superior user experience to the endusers

develop software and integration flows for clients

design execute and automate scenarios scripts and procedures

document software defects using a bug tracking system

participate in trouble shooting existing software issues and implement as per the change management process

design and configure interfaces needed to transfer [...]"
1063,780,1393,A_mid,0.46732666088614033,0.421396,0.0,0.0,0.3857125,CHEF,Vice President Marketing,"EXECUTIVE CHEF       Executive Profile     More than twenty years of progressively responsible experience as a dynamic, resourceful and skilled Executive Chef with a proven success record in both fine dining and catering. Associate of Occupational Studies in Culinary Arts from The Culinary Institute of America. Supervised a staff of 40 to prepare as many as 5,000 meals per day. Highly organized; initiated and coordinated all pastry production for four restaurants and a catering company. Very professional; experienced in developing new food concepts and applications        Skill Highlights          Multi-operation hospitality management  High degree of drive and determination  Proven leadership skills       Special dietary needs expert  Adaptable  Staff development talent             Core Accomplishments     Directed the operation and organization of kitchens and all food-related activities, including the presentation and serving of food.Created and explored new cuisines. Milwaukee Journal Sentinel Carol Deptolla's Top 30 Restaurants of 2011.       Professional Experience      Executive Chef   11/2014   to   Current     Company Name   City  ,   State       Effectively plan and develop menus for the club considering factors such as product availability, food and service cost, marketing conditions and business volume.  Ensure the correct preparation and presentation of a consistent level for all food items prepared through production and demonstration.  Full accountability and responsibility for all Café/Kitchen operational functions. Additional roles in Ordering, Receiving, Inventory and Loss Prevention.   Developed Scratch Pastry Program to produce and distribute from Bristlecones's kitchen to sister clubs.          Premium Club Chef   01/2014   to   11/2014     Company Name   City  ,   State       Directly responsible for food and labor costs, menu development, recipe creation and standardization of recipe production to ensure consistency.  Promote positive public r [...]","about the company

webbmason is a fullservice marketing firm with offices coast to coast  from our corporate headquarters in hunt valley maryland to los angeles and just about every major metropolitan area in between for over  years weve been focused on helping activate brands at the local level through engaging content material and merchandise  providing upstream strategy creative services and technology connected to downstream production and distribution both physical and digital

effective july  webbmason marketing has merged with supplylogic combining two brands that together  provide an unmatched portfolio of techenabled marketing services for print branded merchandise point of sale and digital solutions

job summary

were looking for a creative and passionate vice president of marketing who will work directly for our chief strategy officer helping define support activate and optimize the combined companies aggregate gotomarket strategy this is a remote role based out of new york with planned travel to key office locations including the corporate office located in hunt valley maryland

ideal candidates will be able to do the following
 thrive in a fastpaced environment with the ability to manage multiple priorities
 proactively identify businessmarketing opportunities and create action plans
 manage and plan at both the strategic and operational levels
 lead creativedesign strategy everything you hear see and touch
 infuse passion creativity and innovation into our busin [...]"
1064,630,1098,A_mid,0.5479797941283219,0.4072131,0.0,0.0,0.7882453,SALES,Retail Sales Assistant,"SALES ASSOCIATE         Core Qualifications        Working knowledge of Microsoft Office (Word, PowerPoint, Excel, Outlook, Publisher            Education and Training     May 2016     Bachelor of Science  :   Communications Public Relations Political Science    SALEM STATE UNIVERSITY   －   City  ,   State      Communications Public Relations Political Science          Work Experience     12/2016   to   Current     Sales Associate    Company Name   －   City  ,   State      Respond to member inquires via email or phone.  Establish referral programs using OTF sales system.  Sell memberships or upgrades.         08/2016   to   11/2016     Marketing Coordinator    Company Name   －   City  ,   State      Promote ridesharing programs by hosting events at client locations.  Develop marketing flyers using Publisher.  Manage all aspects of event production.  Support Field Directors in project management.  Manage social media accounts (Facebook, Twitter).          Intern    Company Name   －   City  ,   State      Helped film the Malden holiday parade using editing skills.  Designed brochures for upcoming events.  Collaborated with members of the Malden neighborhood.          Staff Writer    Company Name   －   City  ,   State      Student -run campus newspaper.  Researched information for news articles using library and web sources.  Composed and edited informational articles as well as conduct interviews.  Gained knowledge in taking photographs and writing captions and sidebars.         11/2013   to   06/2016     Customer Service/Sales Representative    Company Name   －   City  ,   State      Help customers resolve billing questions, collect payments, and renew oil contracts.  Answer inbound calls and make outbound calls.  Promote oil as a safer choice.  Train new hires.          Skills    billing, brochures,  client, editing, email, event production, film, marketing, Excel, Microsoft Office, Outlook, PowerPoint, Publisher, Word,sales,salesforce","retail sales assistant job at eg  calgary ab
 our shop is looking to hire a full time retail sales associate

job responsibilities

receive customers in a welcoming manner

help them to select products

pack the purchases and process the payments

alert the team of potential security issues

stock merchandise

clean and organize the store

about  hours per week   per hour  fixed schedule that involve weekends 

no retail experience needed will train the right person 

ideal for those on the food sector that want to move to the retail sector

occasional heavy lift 

job types fulltime permanent

salary  per hour

schedule

shift availability

about the company

company eg 

company location calgary ab

estimated salary"
1065,788,904,A_mid,0.5649609366816131,0.44236037,1.0,1.0,0.2036892,FITNESS,Administrative assistant,"SERVER         Professional Summary    Ambitious student looking for an opportunity to use my knowledge and experience to learn about the mental health
field.      Skill Highlights          Superior communication skills  Solution-focused counseling  Exceptional problem solver  Positive attitude                Professional Experience      Company Name    City  ,   State    Server   01/2017   to   Current       Spoke with patrons to ensure satisfaction with food and service
     Displayed enthusiasm and knowledge about the restaurant's menu and products.  Communicated with other kitchen team members to ensure food was prepared on time and correctly.          Company Name    City  ,   State    Server   08/2016   to   12/2016       Provided friendly and attentive service and exceptional hospitality.  Set dining tables according to type of event and service standards.  Consistently offered professional, friendly and engaging service.  Stocked service stations with items such as ice, napkins, and straws.          Company Name    City  ,   State    Front Desk   01/2014   to   05/2015        Promoted club programs, products and services to participants     Trained all new sales employees on effective techniques.       Listened to customer needs and preferences to provide accurate advice.         Corrected dangerous movements and suggested alternate exercises.             Education and Training      High School Diploma     2012     Jackson Liberty High School  ,   City  ,   State              Associate of Science  :  Psychology    University of South Florida          Psychology        Associate of Science  :  Psychology    Temple University  ,   City  ,   State      Psychology","greets visitors prospective candidates and other visitors answers telephones and directs the caller to the appropriate associate

maintains and manages calendars for conference rooms receives sorts and forwards incoming mail coordinates the pickup and delivery of express mail services fedex ups etc

assisting in the payroll process for facility workers requirements  prior front desk administrative and office experience

flexible schedule is a must high school diploma excellent communication skills solid computer and basic mathematical skills

very positive attitude with an ability to work in a fastpaced environment location  bronx nyadministrative assistant administrative assistant healthcare

last updated"
1066,731,83,C_rand,0.4878247585715879,0.514461,0.75,0.75,0.30651373,HR,"Furniture Sales Associates - Bridgewater, N.J.","TERRITORY HR MANAGER       Executive Profile     Territory Human Resource Manager offering outstanding presentation, communication and cross-cultural team management skills. High-energy, results-oriented leader who ensures a fair, diverse, and engaged workforce.        Skill Highlights          Human Resources Leadership  Employee Relations  Certified Strategic Workforce Planner  Employee Development  Performance Analysis, Coaching, Counseling       Leadership/communication skills  Advising and navigating crucial conversations  Employee Engagement  Wage Analysis  Legal Compliance            Core Accomplishments      Successfully leads all Human Resource/Employee Relations functions for a 14 state Territory, with 250 stores, 25,000 Non-Exempt Employees (peak), and 750 Exempt Employees.  Improved Employee engagement for the Territory from 77% in 2013 to 85% in 2016.  Significantly reduced risk, liability, and loss to the company through business partnerships and  providing internal solutions to Employee relations issues.    Lead the industry in lowest EEOC charges along with being the lowest Territory in the company.   Effectively trained and developed leaders at all levels to effectively navigate through difficult Employee Relations Issues.  Leads the company in the highest training compliance.              Professional Experience      Territory HR Manager     Oct 2010   to   Current      Company Name   －   City  ,   State     Serves as an advisor for managers on issues related to all discipline.  Assists in analyzing barriers to performance and devises a strategy to meet challenges regarding performance expectations.   Counsels staff and management to consistently and efficiently apply policies to people-based issues in compliance with state/federal law.    Plans, organizes and controls all human capital activities for the territory and participates in the development of workforce plans, succession plans, talent management, and strategic direction.    Advocates dire [...]","are you enthusiastic and passionate about helping people do you love to provide excellent customer service are you ready for career advancement we want to hear from you fortunoff backyard store has a passion for people and our commitment to our employees allow us to offer an environment that is conducive to both professional and personal success we are a highly successful organization as a result of our commitment to hire and retain highly energetic and motivated sales professionals who perform

our company is seeking energetic goaldriven sales professionals who appreciate working in a fun friendly and dynamic furniture retail environment while earning a generous income

fortunoff backyard store is  years old and we look better than ever the fortunoff backyard store has a worldclass company culture that you can experience with us our compensation and benefits are exemplary as well as our outlook on worklife balance additionally we provide performancebased promotions we are strong and continue to grow fortunoff backyard store is the largest outdoor furniture specialty furniture retailer in the united states with some of the strongest buying power in the industry

a guaranteed annual salarywage plus commissionbased sales are more lucrative than just getting paid one way we pay you three different ways every two weeks you get paid a solid guaranteed salarywage all year long plus commissions plus incentives every two weeks youre getting all three every two weeks no waiting for mo [...]"
1067,297,2365,A_mid,0.41768803185878145,0.4975418,1.0,1.0,0.14740965,ARTS,Data Entry - Brecksville,"COORDINATOR, DONOR RELATIONS       Summary     Highly organized Communications Specialist with [Number] years in the communications field. Areas of expertise include web and print content development, public speaking and project management.   Highly qualified, detail-oriented and hardworking [Job Title] with more than [Number] years of experience. Proficient in research, writing, case management and client relations. Expert computing and technology skills including competence in multiple software applications, website design (HTML), CMS and hosting, networking issues and social media.       Highlights         Dedicated team player  SharePoint  Microsoft Office Suite  Event planning  Exceptional writing skills      Exceptional problem solver  Print and electronic media  Budgeting and forecasting  Project development and lifecycle            Accomplishments     Developed and implemented an innovative internal communications strategy to improve employee engagement through strategic messaging.   Formulated an inclusive design manual reference guide with more than [Number] design templates.       Experience     01/2013   to   Current     Coordinator, Donor Relations    Company Name   －   City  ,   State      Track and analyze donor data received from volunteer projects to effectively cultivate relationships   Research, identify, and analyze past campaign activities to develop effective campaign growth strategies and forecasts   Identify strategies to strengthen social media presence and increase engagement   Produce internal and external communications collateral (digital and print)   Generate ideas to develop communication strategies, for donor cultivation, solicitation, and stewardship   Maintain and utilize email marketing platforms to distribute email campaigns   Design and create presentations that effectively communicate complex data and information   Assist with the development and implementation of changes to volunteer programs, policies and procedures   Monitore [...]","kelly is looking for a data entry operator for the brecksville oh area
 this is a temporary assignment for approximately  months
 pay rate  an hour shift  if you have the below qualifications i would love to hear from you
 please call debbie at  ill take information from tax forms and enter into predefined fields via data entry
 the job is  data entrykeystroke input of the documents
 required qualifications  kph data entry with  accuracyyou should know your safety matters
 vaccination against covid may be a requirement for this job in compliance with current client and governmental policies
 a kelly recruiter will confirm and share more details with you during the interview process
 why kelly as a worker today its up to you to take charge of your career and look for opportunities to learn grow and achieve your potential
 helping you find whats next is what were all about
 we know whats going on in the evolving world of workjust ask the  people we employ each year
 connecting with us means getting the support guidance and opportunities needed to take your career where you may have never imagined
 about kelly at kelly were always thinking about whats next and advising job seekers on new ways of working to reach their full potential
 in fact were a leading advocate for temporarynontraditional workstyles because we believe they allow flexibility and tremendous growth opportunities that enable a better way to work and live plus did we mention we provide a ton of benefits
 connecti [...]"
1068,100,1763,topK,0.45722851273217735,0.5991223,0.33333334,0.33333334,0.23188482,ENGINEERING,Vice President Operations,"REGIONAL ENGINEERING MANAGER       Engineering Director      Innovative, solution-driven engineering director with over 25 years' experience delivering   high-profile ITS/SCADA projects for the Transportation and Water/Waste Water industries.  Expertise includes; technical solution architecting and cost estimating, mission critical ITS/SCADA system design and delivery, disaster recovery planning, technical program management, and cross-team leadership.    ​    ​  Execution and results oriented individual with a passion for
solving business problems with innovative, cutting edge technology solutions that enable clients to achieve and exceed
desired business outcomes.           Accomplishments      Technical manager with 90%+ success rate delivering projects on time and under budget.   Proposed innovative solution that would allow client to consolidate mutliple operations centers and provide for seamless migration without service interruption, which resulted in the company being designation as the ‘highly
preferred supplier'.   Maximized efficiency and ability to scale by industrializing sales and engineering delivery
methodology and deliverables.   Originated and spear-headed product innovation ideas,
enabling the company to differentiate itself in the ITS/SCADA market.         Expertise     Architecting best practice technical solutions   Technical program management   QA/QM   Client management     Vendor management  Testing and commissioning planning and execution  Team leadership / c ross-team collaboration    Engineering cost estimating    Engineering resource management and forecasting   Process improvement  ​​       Professional Experience      Regional Engineering Manager   01/2014   to   Current     Company Name   City  ,   State       Currently directing ITS solution deliveries in Texas, Australia, New Zealand, and Chile.  ​    Lead systems solution architect responsible for technical proposal write-ups, presentations, and engineering cost estimates, which h [...]","do you want to work on some of the most interesting commercial roofing projects in the columbus area we are now hiring for a vp of operations when you join our team you wont be given impossible deadlines or unrealistic performance quotas we believe in creating a work environment that allows you to enjoy the projects you work on and giving you the resources you need to be a leader in our industry we have been setting the standards for commercial roofing in columbus for over  years and look forward to continued growth

what we offer

paid holidays

regular mf schedule

pretax benefits like fuel health dental vision and life insurance

no overnight or outoftown travel

companypaid phone and computer

great worklife balance

what youll be doing

manage and coordinate job details between the field and office

participate in the transition of the job from estimating to project management

measure  organize jobs

communicate with customers and subcontractors

hybrid role  field  office

what we look for

minimum of  years of commercial roofing experience

familiar with major commercial roofing systems such as singleply and bur

reroof in epdm pvc tpo and kee

carpentry metal and shingles experience preferred

valid drivers license

osha  year preferred

attention to detail and ability to recognize discrepancies"
1069,532,43,B_xcat,0.5043043064977931,0.65889406,0.0,0.0,0.2908514,HR,Commercial Construction Manager,"HR ASSISTANT       Professional Profile     Skilled Program Coordinator bringing extensive background in technology and business process. Organized, resourceful and detail-oriented with exceptional planning and decision-making abilities.       Qualifications          Human resources understanding  Scheduling proficiency  Market research proficiency  Report generation  Critical thinking  Eye for detail      Self-directed nature  Analytical problem solving  Contracts  Social media and networks  Microsoft Office Suite  PowerPoint  Exceptional telephone etiquette  Patient and diligent            Relevant Experience     Coordinated all department functions for team of 120+ employees.  Planned and executed all aspects of a major office headquarter move.  Increased office organization by developing more efficient filing system and customer database protocols.Successfully planned and executed corporate meetings, lunches and special events for groups of 100+ employees.       Experience     01/2014   to   09/2015     HR Assistant    Company Name   -   City  ,   State      Pay for registration and conference fees with purchasing card  Reconcile purchasing card every 2 weeks to assure there are no taxes or additional charges   Fill out Verification of Employment paperwork as it comes in  Assess needs of the office and order any supplies that may be needed   Assist Office Manager with monthly budget   Onboarding/organizing training of new employees   Trained on all AV equipment in 9 conference rooms   Back up Office Manager when she's out of office   Train new employees/students on front desk and mail room procedures   Off boarding for terminated or retired employees  Organizing/verifying all technology purchases through DoIT   Take meeting minutes for Managers weekly meetings   Assist with setting up/participating in phone and in person interviews- 5 to 30 at a time   Coordinate and organize ETF/Finance meetings in house   Create external recruitments and post on websites   Cre [...]","full job description 

commercial construction manager 
johnson creek development is actively seeking a commercial construction manager the selected candidate will manage the overall construction of commercial projects and will supervise a team of subordinates subcontractors and suppliers johnson creek development embraces those with entrepreneurial instincts and forwardthinking views we reward our employees who acquire new clients propose new forms of revenue recruit new high performing team members and explore cutting edge business ventures within the commercial realestate construction market our working environment is fast paced and performance expectations are high however we recognize the importance of family and a healthy balance between our employees personal and professional life 

mandatory requirements
bs in engineering construction management or related discipline preferredhs diplomaged  plus years of experience requiredosha  certifiedexperience managing and estimating commercial projects from  to  with managing union personnelavailability to travel to jobsites in the champaignurbana areaexperience in preconstruction tasks post construction tasks managing change orders and building schedulesability to write and comprehend rfis potential change orders project schedules week outlooks and other project documentsability to utilize microsoft office suite and adobeability to clearly communicate to office owner and subcontractors
primary responsibilities
provide leadershi [...]"
1070,625,2034,C_rand,0.501568492536621,0.3884769,0.0,0.0,0.48283744,CONSTRUCTION,Sales Associate - Dalhousie,"ADMINISTRATIVE ASSISTANT       Professional Summary     Highly motivated and enthusiastic individual with multiple years experience in both fast-paced office settings and on-site construction settings. Resourceful, professional, hardworking team player offering expertise in various fields such as customer service, sales, clerical support, office management, data entry, project management, inventory allocation, general construction labor, painting, residential cleaning, general landscaping, customer relations, communications, and technical support. Self-motivated work ethic with the ability to perform effectively in independent or team environments. Responsible, punctual, and productive professional with high attention to detail and strong organizational skills. Ability to handle multiple projects simultaneously with a high degree of accuracy as well as anticipate professional needs and proactively identify and resolve problems while boosting operational efficiency. Attentive and personable worker eager to learn and take on new challenges while maintaining efficient and accurate operations.       Skills          Spreadsheet Management  Program Files Maintenance  Advanced MS Office Suite Knowledge  Customer & Client Relations  Multi-line Telephone Systems  Office & Team Management  AVImark Veterinary Software Knowledge  AutoCAD Software Knowledge  FoxitPDF Software Knowledge  Sales & Marketing  File Conversion & Sharing  Expense Reporting  Invoice Processing  Transcription & Dictation  90 WPM Typing Speed  Residential Painting & Preparation      Heavy Equipment Operations  Flooring Removal & Installation  Data Entry  Telemarketing  Billing & Collections  Cloud Database Management  Cash Register Operations  Inventory Management & Support  Contract Negotiations  Project Management  Business Correspondence  Contract Preparation  Recordkeeping  Purchase Order Preparation  Conference Planning            Work History      Administrative Assistant     04/2019   to   11/2020 [...]","job description

welcome to plantlife cannabis were so excited to lead canada with one of the fastestgrowing cannabis retail companies we currently have  retail operations opened andor in development and the growth doesnt stop there we are currently hiring for our calgary  dalhousie location

our plans for vast expansion necessitates a team of allstars to help us achieve our goals our retail locations demand a lot out of our team and therefore we are seeking the best of the best to keep our stores and customers satisfied

question  do you
 have experience and enjoy working with a team or individually
 have a passion for the cannabis industry
 have the drive to educate and guide new and current customers with exceptional service
 have determination and are ready to set goals for yourself and your team
 want to be involved in a fastgrowing company that gives you the potential to advance

if the answer is yes we want you

requirements
 proven experience as a sales advisor or another customer servicesales role
 experience in handling cash and utilizing pos system
 able to balance a customeroriented and a resultsdriven approach
 patient and comfortable dealing with customer complaints

why work for us

good question there are a few reasons why we think youd love to be a part of our team
 find some likeminded people who may even become your best buds
 advancement opportunities that open up everyday
 training and education of the industry will always be there for you to utilize and [...]"
1071,98,2294,B_xcat,0.4146918877686241,0.536797,0.25,0.18066591,0.43572482,ARTS,Software Developer,"LANDSCAPE TECHNICIAN       Professional Profile    Diligent and driven banking professional who has achieved success in a variety of roles with increasing levels of responsibility. An effective communicator and team-builder with strong analytical, management and organizational skills.       Highlights          Analytical  Detail-oriented   Excellent communication skills   Strong work ethic        Risk management expertise  Excellent time management skills  Exceptional customer service  MS Office proficient            Experience     07/2015   -   Current     Company Name   －   City  ,   State    Loss Prevention/ BSA Analyst        

Evaluate current fraud
situations and formulate recommendations to reduce in the future   Use anti-money laundering
(AML) software to review members' activity for money laundering and other
suspicious activity.    Review structuring
reports if software is not functional. Work cases and alerts
generated by software, documenting conclusions reached and actions taken.  Review member accounts to
determine those posing higher risk. 
Obtain and evaluate EDD forms and information. File Suspicious Activity
Reports (SARs) as necessary.  Provide effective written
and oral communication with members concerning extended holds, or possible
fraudulent transactions, or other security measures taken. Document all actions
accurately and timely.  Work with Fraud and
Security Managers in investigations and recoveries; with Operations (when
necessary) to ensure fraud is limited/prevented; with other financial
institutions and merchants to process fraud claims















         04/2014   -   07/2015     Company Name   －   City  ,   State    Branch Representative        Provided superior member service in the Retail branch, answering/ resolving member questions, and discrepancies; performed and processed transactions on sales side of branch- i.e. membership/ loan applications; resolving account related issues; and all cash-related responsibilities relate [...]","rtp north carolina or remote est only

biofidelitys mission is to improve and extend the lives of patients with cancer by enabling better targeting of therapies early detection of treatment resistance and routine monitoring of treatment response our unique technology is designed to allow rapid broad adoption of our assays in testing labs around the world enabling a step change in patient care

at biofidelity we are proud to have built a culture of humanity openness and high expectations we work towards welldefined goals with a strong belief that we can bring real benefits to patients our people are keen to take responsibility for their work and share both their successes and challenges

alongside a competitive salary and opportunities for career development we offer a comprehensive benefits package including medical dental and vision coverage k bonus stock options  days per year pto allowance and  floating holidays in addition to company observed holidays

the role

biofidelity is seeking an experienced software developer to help lead development of the software used to run biofidelitys clinical laboratory the candidate will have a key role in architecting and implementing a maintainable and secure system

key responsibilities
 architect workflows and interfaces between thirdparty and internally developed software components to support laboratory operations
 implementing components of the system in clean testable code
 implementing highquality testing of the system as a whole [...]"
1072,789,2437,C_rand,0.49493545358780455,0.5079584,0.0,0.0,0.15699033,AVIATION,Administrative Assistant - Remote / Online / Work From Home (PT/FT),"BANK TELLER       Professional Summary    Personable, high-energy nursing professional. An ambitious individual who has a demonstrated ability to address patient's needs in a timely manner. Proven success in dealing with patients and families from different backgrounds. Eager to work in a busy environment to achieve the highest level of patients' satisfaction.      Licenses     CPR certified through American Heart Association        Skills     Medical Terminology  Vital Signs & Patient Monitoring   Electronic Health Record  HIPPA Regulations/ Privacy  Patient Safety & Care  Patient Advocacy and Support  Medication Administration   ​       Professional Experience     09/2015   to   Current     Bank Teller    Company Name   －   City  ,   State       Professional tellers are responsible for providing a positive customer experience that leads to improved satisfaction and sales.  Professional tellers process transactions accurately and efficiently in a fast-paced environment while simultaneously introducing products and services that meet the customer's needs and encouraging customers to expand their relationship with Bank of America.  Your duties may include, but are not limited to the following: Create a connection and develop rapport with customers to provide outstanding, personalized service Listen carefully and connect with customers to understand their top financial priorities and to uncover products and solutions that will benefit them Ensure customers/clients are quickly connected to the appropriate teammate with the expertise to meet their needs Meet or exceed sales goals by influencing customers to learn about products/services that will benefit them Build, develop and maintain partnerships with teammates and specialists to maximize effectiveness and serve customers.         09/2014   to   05/2015     Retail Sales Consultant    Company Name   －   City  ,   State      Interacting among clients with a primary focus on business retention and new business roll outs [...]","our assistants are our frontline employees and a very important they work diligently to sort and make sure packages are in the correct route to ensure proper delivery timelines they work closely as a team to make sure all the behind the scenes work is done safely and successfully no day is the same we are looking to expand our team with people that care about safety quality and work at a fast pace

work when you want and get paid daily immediate openings

   per hour

flexible hours available

duties  essential job functions

 monitor the employees shipping dashboard for incoming orders and packages

 stay available to receive shipments at the designated address

 inspect product boxes for damage and take and upload photos

 consolidate or process outbound shipments according to customer wishes and instructions provided

 deliver packages to local postal locations and ship them using provided shipping labels

 working at your own at home or home office

benefits

 highly competitive compensation depending on your experience with an annual increase based on performance

  program

 health insurance

 paid time off

 medical and other employee benefits

 opportunity for longterm employment and advancement

qualifications

 no hs diploma or ged required

 prior work experience in a wholesaleretail environment preferred but not required

 the company will provide training during the probationary period

we are an equal opportunity employer in compliance with federal and state emp [...]"
1073,301,2248,topK,0.553214315062188,0.59305215,0.36363637,0.3870403,0.41234976,BANKING,Program Director / Supervising Attorney,"TRAINING ASSISTANT       Summary    Project Management and special events
Training, curriculum development, needs assessments
Outside sales, recruitment and marketing
Non-profit management and office administration          Experience      Training Assistant     Jan 2008   to   Current      Company Name   －   City  ,   State     Develop and implement projects which create a positive presentation of ProEquities.  Analyze and develop solutions for internal processes Coordinate and implement logistics for training events Coordinate the BDU Scholarship program Provide duties such as the maintenance of databases, preparation of PowerPoint presentations, spreadsheets, editing, mail merge and special project reports Field all incoming phone calls for ProEquities; greet guests.         Market Game Coordinator/Office Manager     Jan 2005   to   Jan 2007      Company Name   －   City  ,   State     Organized and maintained Alabama Stock Market Game activities Coordinated teacher recruitment and workshops  -  Provide technical support and communication to teachers Coordinated stockbroker mentor program Promoted programs through correspondence, workshops and public speaking Coordinated day-to day  office activity Provide support to fund development, client service, marketing, financial reporting and special projects Assist in bookkeeping activities.         Advertising Administrator     Jan 2003   to   Jan 2004      Company Name   －   City  ,   State     Ensured compliance of company policy for Yellow Page and White Page directory advertising Addressed and resolved company wide directory listing issues Coordinated acquisition, distribution and billing of inventory of financial center merchandising hardware and graphics for over 700 financial centers throughout eight-state area Provided accounts receivable and payable tasks and general ledger account reconcilement for directory advertising, merchandising hardware, graphics and holiday signs Coordinated design, job biding and dist [...]","company overview since  brooklyn a has provided free legal services for lowincome residents of brooklyn pursuing neighborhoodbased mission of justice empowerment and community development
 for over half a century we have utilized an array of legal and advocacy strategiesâ community organizing affirmative civil rights litigation and eviction defense to defend the rights of individuals and families
 collaboration with the city state and federal officials to enforce housing laws and develop legislative solutions is also an integral part of our strategy
 brooklyn a has three core programsâ preserving affordable housing pah program consumer  economic advocacy cea program and community  economic development ced programâ each of which has unique initiatives and plays a vital community role to ensure basic needs are met and fundamental rights affirmed
 the program director is responsible for the overall management and supervision of the ced program and in coordination with the executive director and the rest of the senior leadership team will represent ced to its funders community partners the media and the public
 the director will work with train and supervise ced staff to ensure that clients receive highquality legal representation
 they will identify program priorities and develop the ced capacity to holistically and responsively address the needs of its clients and the communities brooklyn a serves
 the director will supervise data collection and management general reporting and [...]"
1074,496,1241,A_mid,0.46667417472958045,0.43030602,1.0,1.0,0.39189857,DIGITAL-MEDIA,Realtor,"OWNER/PRESIDENT           Professional Profile    A seasoned marketing professional who delivers results in alignment with strategic business plans by developing and executing marketing campaigns as well as managing external agencies.      Qualifications             Strategic marketing planning  Results measurement  Strategic development  Experiential customer events  Plan execution  NASCAR sponsorship  Video production      Execution of Webinars  Product positioning  Brand developmentIntegrated marketing communications  Account relations  Tactical planning            Relevant Experience     Oversaw campaign that exceeded annual goals and increased brand relevance with consumers/       Experience      Owner/President    January 2013   to   Current     Company Name          Freelance communications and digital content creation for corporate and independent businesses.  Development and production of video content for internet and social media.          Strategic Marketing Manager    January 2010   to   January 2012       Formulated, directed and coordinated marketing activities to promote products and services Maximized marketing budget and coordinated media buys.  Provided oversight of PR and trade show activity.  Created strategies to stretch marketing and promotional budgets while improving brand impact in the marketplace.  Adjusted marketing mix and implemented an improved integrated strategy.  Took ownership of and executed an experiential NASCAR marketing program that raised awareness for one of our brands and increased pull-through rate for the product resulting in a 15% increase in production volume and sales and $3 million of total branded TV exposure as estimated by Joyce Julius.  This program also resulted in strengthening a relationship with a major customer.  Reduced shipping and set-up costs for trade show properties by $3000 per event by refreshing tradeshow properties and displays.  Developed impactful displays designed and engineered to be lighter and [...]","full job description

bh properties is looking for a hungry individual to join a unique real estate brokerage primarily focusing on residential rental showings in brooklyn ny

we have developed relationships and technologies over  years that allow for great monetizable opportunities with the right mentality and training we are now accepting applications for both entrylevel and experienced sales agents as well

who we are

we are a tech infused brooklyn brokerage focused on residential rentals we offer a fresh solution to finding the perfect home in brooklyn

bh properties tries to marry the needs of all the partners involved in a transaction and make everyones lives easier and increase monetizable opportunities for our agents time  

our team is comprised of licensed experienced agents and an international full time operation that have seen just about it all

what we are looking for

fulltime sales agent

professional and personable with great communication skills

techsavvy

what we offer

 qualified leads

 our proprietary automated solutions that can be accessed anywhere anytime

 free branding and smm assistance awareness

 personalized website

 stream of hot new leads directly to you on a daily basis

 a team in the field and on discord available full time focused on you making money

 personalized intensive training sessions

 crm software  text marketing tools  online application automation along with a set of tools to accomplish most things virtually

pleasant atmosp [...]"
1075,364,2170,C_rand,0.47915593279930546,0.5284506,1.0,1.0,0.22633657,BANKING,"Sales Associate Totally Pagoda,Providence Place Mall","CONSUMER BANKING DEFAULT MANAGEMENT SUPERVISOR           Summary     Innovative Customer Service Manager who effectively executes process changes to improve operational efficiency.  Dedicated to providing excellent customer service and making operational and procedural improvements.            Highlights          Microsoft Word, Microsoft Excel, Microsoft  Access, Microsoft Power Point, Management, Payroll,  Staffing/Scheduling    Strategic Management,   Lotus Notes, Hogan, Lease Master, ALS, CPI, CACS, HIS, 10-key,         Client relations specialist  Conflict resolution techniques  Team management  Management of remote employees  Focused on customer satisfaction  Skilled multi-tasker  Training and development  Scheduling            Accomplishments     Developing Leaders - Management Training Program.     Reduced staff turnover by  20 % in one year by implementing several well-received team and morale-building programs.         Experience      CONSUMER BANKING DEFAULT MANAGEMENT SUPERVISOR    October 2007   to   Current     Company Name   －   City  ,   State      Supervising a team of up to 7 - 10 collectors in a proactive and caring way to achieve the delinquency targets provided by upper management.  Managed daily operations, dealt with customers and supported and worked with the management to motivate growth.  Working with the CBDM team to understand and proactively supervise the daily and weekly performance data that is provided to me.  Work closely with upper management to implement efficiency improvement ideas and process improvement initiatives.  Assist the Auto Dialer Team in managing and measuring call handling within collections to ensure efficiency of call volume and maintenance if queues.  Manage the incentive plan with my team and provide spot incentives as a motivational tool.  Listen, document and disperse call recordings for Quality Assurance & training purposes.  Monitored progress against strategic objectives Daily coaching of employees in custome [...]","working with guests helping them find jewelry that suits their needs and piercing also excellent customer service skills needed we are a division of zales jewelers part time flexible hours available hourly pay plus bonus potential

covid precautions
 plastic shield at work stations
 temperature screenings
 social distancing guidelines in place
 sanitizing disinfecting or cleaning procedures in place

paid training
 yes

management
 store manager
 assistant manager

work remotely
 no

this job is ideal for someone who is
 dependable  more reliable than spontaneous
 peopleoriented  enjoys interacting with people and working on group projects
 achievementoriented  enjoys taking on challenges even if they might fail
 innovative  prefers working in unconventional ways or on tasks that require creativity

job type parttime

pay from  per hour

benefits
 paid time off

schedule
  hour shift
 night shift
 weekend availability

supplemental pay
 bonus pay

covid considerations


ability to commuterelocate
 providence ri  reliably commute or planning to relocate before starting work required

work location one location"
1076,644,2195,C_rand,0.4064910817106902,0.47748166,0.0,0.0,0.27696937,BANKING,Large Law Real Estate Associate Attorney,"PLACEMENT AGENT / DORADO BEACH RESORT               Accomplishments      GPA: 3.6 / 4.0 - NCAA / ITA Varsity Scholar-Athlete Award Winner  Yale University Varsity Tennis Team / Division 1 NCAA - Recipient of Stuart B. Ludlum Award '69  Skills & Licenses  Proficient in DBC Finance (Municipal Bonds), Argus Real Estate, SNL Financial, Bloomberg, Capital IQ, Thomson One  Banker, Factset and all Microsoft Office products (expert in Excel); FINRA Series 7 License  Athletics & Interests  Marathon Running, Tennis, N.Y. Yankees, N.Y. Giants, Military History, Politics and Traveling        Professional Experience         May 2014   to   Current     Company Name   －   City  ,   State      Organized and structured the Platinum Banking team of FirstBank Puerto Rico (NYSE: FBP). Led the development of a private banking group dedicated strictly to Act 20 and Act 22 (Tax Exemption Laws of 2012) clients that moved to Puerto Rico.  Led a team of experienced and motivated private banking professionals dedicated to serving Act 20/22 clients on all suitable financial needs  Provide a broad range of services including business and individual deposit accounts, commercial loans, cash management services, high-yield accounts, credit cards, mortgages, leasing, OREOs and other resources available at the Bank          Placement Agent / Dorado Beach Resort    January 2007   to   January 2012     Company Name   －   City  ,   State      Representative Highlights: ◦ Achieved 45% market share with over 200 clients in less than 1 year - aggregate deposits of over $30 mm ◦ Achieved highest rank among officers in deposits, accounts and cash management sales (Platinum and Business Banking) UBS Financial Services Incorporated of Puerto Rico Investment Banking - Corporate and Public Finance Group / San Juan, P.R. (Associate Director 2007 - 2012 / Director 2013 - 2014)  Created dynamic financial models, including DCF, tax credit analysis, investment return analysis, capitalization rate-based and multiple- [...]","essential qualifications 
 candidate should be well versed in handling a wide variety of real estate transactions including financing acquisition and development transactions
 experience drafting and negotiating sophisticated loan and transaction documents including purchase  sale agreements loan agreements notes mortgages assignments and related documents
 understanding of all aspects of real estate due diligence review including title  survey review corporate governance and authority review opinion review and negation
 familiarity and comfortably in speaking to clients and opposing counsel on real estate related transactions
mpi does not discriminate on the basis of race color religion sex sexual orientation gender identity or expression national origin age disability veteran status marital status or based on an individuals status in any group or class protected by applicable federal state or local law mpi encourages applications from minorities women the disabled protected veterans and all other qualified applicants
 juris doctor degree jd
 new york state bar admission
 commercial real estate experience
 transactional legal background
 effective and persuasive writing and oral communication skills including experience speaking directly with clients and opposing counsel
 ability to manage multiple priorities and assume a high degree of responsibility
one of the nations largest law firms founded in ohio who prides themselves on their midwestern collegial spirit is looking to [...]"
1077,394,313,A_mid,0.5402792021266588,0.49634445,0.0,0.0,0.25144577,INFORMATION-TECHNOLOGY,Therapeutic Coach Team Lead,"PRODUCTION ASSOCIATE       Summary    Conclude your application letter by thanking the employer for considering you for the position. Include information on how you will follow-up. Complimentary Close Sincerely, Signature The following application letter template lists the information you need to include in the letter you submit with your resume when applying for a job. Use the application template as a guideline to create customized letters to send to employers with your resume. Then review letter samples to get ideas on writing your own application letters. The first paragraph of your job application letter should include information on why you are writing. Mention the job you are applying for and where you found the position. If you have a contact at the company, include it. Middle Paragraphs: The next section of your cover letter should describe what you have to offer the company. Make strong connections between your abilities and the requirements listed in the job posting. Mention specifically how your skills and experience match the job. Expand on the information in your resume, don't just repeat it. Try to support each statement you make with a piece of evidence. Use several shorter paragraphs or bullets rather than one large block of text. Conclude your application letter by thanking the employer for considering you for the position. Include information on how you will follow-up. State that you will do so and indicate when (one week's time is typical). You may want to reduce the time between sending out your resume and follow up if you fax or email it. View More Free Email Newsletter Top of Form Let About.com send you the latest from our Job Searching Expert. You can opt-out at any time. Please refer to our privacy policy for contact information. Bottom of Form Copyright Alison Doyle This cover letter takes the position requirements and matches the applicant's skills to those requirements. This way, the resume reviewer can see the candidate's relevant qualif [...]","if you are a current yai employee please click this link to apply through your workday account
 the start systemic therapeutic assessment resources and treatment model serves people diagnosed with intellectualdevelopmental disabilities and cooccurring behavioral health conditions
 this comprehensive model of service supports and optimizes independence treatment and community living for individuals with idd and behavioral health needs mission statement yai yai is a network of agencies offering people with intellectual and developmental disabilities a comprehensive range of services across all ages
 yai empowers people with disabilities to reach their goals every day
 our enthusiastic staff of over  professionals believes that everyone has a fundamental right to live love work and learn
 if you share our vision and want to help support people to live the fullest lives possible apply to this position
 key responsibilities  provide oversight and supervision of the start ihtc coaches and track training requirements are current for ihtc coaches
 work with the coordinators and clinical director in all scheduling related to ihtc utilization including assuring availability of emergency ihtc services when deemed necessary by the team
 yai is an equal opportunity employer
 all qualified applicants will receive consideration for employment without regard to race color religion sex sexual orientation gender identity national origin age disability or status as a vietnam or disabled veteran"
1078,575,2107,C_rand,0.4302359540283159,0.6613498,0.0,0.0,0.536909,PUBLIC-RELATIONS,Construction Project Manager,"MANAGER         Professional Summary    Talented individual with a educational background in Economics from the University of California Irvine, seeks a career in the financial sector. Extensive knowledge in management, Microsoft applications, and economic theory. Always committed to approach tasks with tenacity and attention to detail. Very dependable and willing to take on added responsibility to learn and grow with every employment opportunity.
SKILLS l   Critical thinking          l   Customer service-oriented l   Strategic sales knowledge          l Articulateandwell -spoken l   Training development aptitude          l   A cc u rate and de tai le d l   Quick learner          l   Excellent planner and coordinator      Skills                    Work History      Manager  ,     04/2012   to   03/2014     Company Name   –   City  ,   State      l Trained staff and administered performance evaluations to track employee development.  l Analyzed budgets, financial reports and projections for accurate reporting of financial standing.  l Implemented innovative programs to increase employee loyalty and reduce turnover.  l Prepared payroll.  l Oversaw inventory and office supply purchases.  l Screened applicant resumes and coordinated both phone and in-person interviews.  l Provided an elevated customer experience to generate a loyal clientèle.  lConductedweeklywalk -throughs with the store owner to discuss interior visual displays, including store window presentation.         Public Relations Manager  ,     05/2010   to   04/2012     Company Name   –   City  ,   State      l Cultivated and managed relationships with key clients, vendors and community partners.  l Coordinated and participated in promotional activities and trade shows.  l Directed the hiring, training and performance evaluations for marketing and sales staff and supervised their daily activities.  l Ordered and distributed office supplies while adhering to a fixed office budget.  l Answered and managed inc [...]","job details
description
the purpose of your role as a project manager 
as a project manager you will will provide project management support during all phases of hvac construction to ensure project standards budget deadlines and communications are maintained
manage safety compliance and foster a culture of safetydocument control and reviewmanage scope of workbasic schedule management and field resourcesprocurement management  coordinationestimationfinancial managementdevelop build  maintain relationshipssupport sales processtravel or temporarily relocate to project sites until project is completedwhat were looking for in you
bachelor degree preferred or equivalent years experience  years knowledge or experience in the building and construction industry strong understanding of mechanical systems design techniques tools and principlesproven ability to read and comprehend construction documentsproficient knowledge of microsoft office suite and estimating softwarepmp certification and osha  a plusleed accreditedknowledge a plusability to travel and relocate to different project sites as neededyour life at harris
as one of the countrys leading mechanical contractors harris offers you the best of both worlds the stability resources and opportunities of a national company and the team culture creative spirit and customer loyalty of a local business if you thrive on variety and new challenges we want to meet you
from stadiums to manufacturing facilities power plants to hospitals conc [...]"
1079,620,236,C_rand,0.4784096898536462,0.61714923,0.1,0.1223038,0.43067828,INFORMATION-TECHNOLOGY,Executive Administrator,"DIRECTOR OF INFORMATION TECHNOLOGY       Executive Profile    Director of Information Technology
Project Manager * Business Analyst * Technical Support Analyst
Visionary and highly accomplished Information Technology executive with success spanning 20+ years in high-performance, multi-faceted environments.  Innovative and quality-driven professional to oversee enterprise resource planning, data and voice networking, software development, performance analysis and other critical business processes.  Expertise establishing strategies and spearheading long-term initiatives to devise deploy and support IT infrastructures in alignment with business objectives.  Adept administrator of enterprise projects and organizational budgets.      Skill Highlights          Innovative Leadership  Change Management  Infrastructure Design  Strategic Planning  Technology Development  Collaboration and Liaison  P & L Oversight  Organizational Development  Mentoring and Coaching                Professional Experience      Director of Information Technology     08/2005   to   Current      Company Name   City  ,   State      Manage software development and infrastructure projects.  Direct daily operations and oversee vendor relationships.  Define project requirements and aligning efforts with clients and corporate needs and assess outcomes.  Develop and see change management processes, release control, maintenance and support activities and employee training programs.  Determine needs analysis for infrastructure and software requirements.  Establish corporate policies pertaining to staff and employee usage of technology.  Provides 24 x 7 technical support, Service Level Agreements (SLA's) and root cause analysis reporting.  Directed staff of 7 IT professionals comprising of an IT Manager, Network Administrator, Programmer,  IT Trainer and 3 Helpdesk Analysts supporting approximately 675 employees in 18 branches within the state of Florida.  Interact with various departments in Corporate to d [...]","job details

level
experienced

job location
neptune ny  brooklyn ny

position type
full time

education level
 year degree

description

were passionate innovators and problem solvers with entrepreneurship in our dna were driven by a shared commitment to empowering each other through collaboration and pushing ourselves to exceed our customers expectationsand our own

minicircuits is a global leader in the design manufacture and distribution of rf and microwave components and integrated assemblies with design manufacturing and sales locations in over  countries minicircuits offers  product lines comprising over  active models minicircuits products are used widely in commercial industrial and military applications including cellular wireless aerospace satellite milspec catvbroadband rfid test instrumentation diagnostic imaging and many more

job brief

the executive assistant will provide highlevel administrative support to the president reporting directly to the president the executive assistant provides executive support in a oneonone working relationship the executive assistant also serves as a liaison to the board of directors and senior management teams organizes and coordinates executive outreach and external relations efforts and oversees special projects the executive assistant must be creative and enjoy working within an entrepreneurial environment the ideal individual will have the ability to exercise good judgment in a diversity of situations with strong written and [...]"
1080,732,1601,C_rand,0.5029961458143206,0.4730573,0.0,0.0,0.438658,APPAREL,Furniture Sales Associate,"CASHIER           Professional Summary     Results-oriented, strategic sales professional with two years in the Retail industry. Cashier who is highly energetic, outgoing and detail-oriented. Handles multiple responsibilities simultaneously while providing exceptional customer service. Reliable and friendly team member who quickly learns and masters new concepts and skills. Passionate about helping customers and creating a satisfying shopping experience.       Core Qualifications         Cash handling accuracy  Mathematical aptitude  Organized  Time management  Detail-oriented      Excellent multi-tasker  Strong communication skills  Flexible schedule  Proficient in MS Office            Experience      Cashier    October 2014   to   Current     Company Name   －   City  ,   State      Receive payment by cash, check, credit cards, vouchers, or automatic debits.  Issue receipts, refunds, credits, or change due to customers.  Assist customers by providing information and resolving their complaints.  Establish or identify prices of goods, services or admission, and tabulate bills using 	calculators, cash registers, or optical price scanners.  Greet customers entering establishments.  Answer customers' questions, and provide information on procedures or policies.  Process merchandise returns and exchanges.  Maintain clean and orderly checkout areas and complete other general cleaning duties, 	such as mopping floors and emptying trash cans.  Stock shelves, and mark prices on shelves and items.  Count money in cash drawers at the beginning of shifts to ensure that amounts are 	correct and that there is adequate change.  Calculate total payments received during a time period, and reconcile this with total sales.  Monitor checkout stations to ensure that they have adequate cash available and that they 	are staffed appropriately.  Assist with duties in other areas of the store, such as monitoring fitting rooms or bagging 	and carrying out customers' items.  Sort, count, and wr [...]",crate and barrel furniture sales associates have a passion for helping customers see what is possible with the latest ontrend merchandise they do this by building meaningful and longterm relationships with their customers and use their comprehensive knowledge to guide and advise customers looking to furnish an entire room or simply add an accent piece our furniture sales associates are uptodate on the latest trends and are trained to work with a range of design styles from classic to contemporary if you enjoy working with customers in a competitive team environment have a passion for helping customers with their home interiors and have a proven ability to drive sales this position has the potential to offer you a creative and rewarding career
1081,624,2341,A_mid,0.5235784330840187,0.49174085,0.25,0.25,0.60769194,ARTS,Sales Associate,"NATIONAL SALES MANAGER           Summary     It is my desire to advance my professional development through marrying the management, purchasing, and guest-oriented skills honed over a 20 year professional career in educational musical sales with a teaching passion that began with 6 plus years as an educator.        Highlights          Innovative teaching methods  Leadership/communication skills  IMEA member  Board of Education member  Client account management  Midwest Band and Orchestra Annual Clinic  Exhibitor         Employee relations  Vendor relations            Self-motivated   Committed to cultivating a successful team            Customer-oriented            Accomplishments     As the National Sales Manager at Universal Melody Distribution I increased sales from 2013 to 2014 by 53%. I've worked hard to develop a successful team and profitable relationships with many well known manufacturers in the music industry.       Experience      National Sales Manager    January 2009   to   Current     Company Name   －   City  ,   State      Oversee the daily operations of United Musical Distribution.  Oversee the daily operations of the online sales division, including competitive presence on Amazon and Ebay among other internet forums.  Complete and submit institutional bids to schools throughout the nation.  Responsible for creating sales opportunities and driving them to success as leader of a sales team.  Develop quarterly sales goals and implement plans to reach our goals.  Oversee the daily operations of the retail sales division.  Oversee the daily operations of our warehousing staff.  Analyze sales history for merchandise and submit purchase orders to vendors.  Attend the annual winter NAMM show as a buyer.  Negotiate special pricing for high volume items with vendors.  Develop and maintain strong working relationships with vendors.  Observe sales trends for new merchandise and incorporate new items into our quarterly sales goals.          Director of Education [...]","overview

you are a natural at putting customers at ease and enjoy starting up natural friendly conversations its just as easy for you to connect with kids as it is with their parents you enjoy sharing your enthusiasm for kids athletic sneakers and apparel its easy for you to adapt to different types of customers and you resolve issues with a smile you like to work as part of a team as you improve your individual skills on the sales floor your success in this role will be measured through personal and productivity goals plus your ability to provide a great instore experience to every customer

our global houseofbrands inspires and empowers youth culture relentlessly committed to fuel a shared passion for selfexpression we create unrivaled experiences at the heart of the sport and sneaker communities through the power of our people if you want to be a part of something bigger than you can imagine youve come to the right place to learn more about the incredible impact were making on both our local and global communities click here

responsibilities
 ensuring high levels of customer satisfaction by being knowledgeable on all products offered and teaming up with coworkers to provide excellent sales service
 delivering sales outstanding customer experience and operational expectations
 maintaining personal and productivity goals
 connects with every customer by asking openended questions to assess needs
 ability to learn and share expertise of products and trends to fit customers [...]"
1082,849,281,B_xcat,0.4013248025347066,0.55105215,0.25,0.26600498,0.31549597,INFORMATION-TECHNOLOGY,Human Resources Internship - Corporate  (Year-Round),"INFORMATION TECHNOLOGY CONSULTANT           Career Overview     Accomplished information technology professional with over 18 years of diverse technology, process analysis, project management, and information management experience.  Proven ability to successfully implement technology solutions, stay within time and budget constraints, and improve efficiency through proper risk management, task coordination, and resource utilization. Core Competencies Project Management Systems / Network Reporting Proposal Development Web Design & Development SOP & Policy Writing Systems & Process Consulting Document Management Technically-advanced information technology specialist successful in software administration and data communications.Experienced Computer Systems Analyst with diverse industry experience in banking, healthcare, insurance and government. Professional expertise includes systems applications, disaster recovery planning and information protection analysis.       Qualifications         Microsoft Windows (7, 8, 2012), Apple Mac (OS 7 - X, OS X Server, iOS), Unix/Linux (Ubuntu, Red Hat, CentOS, FreeBSD, SmoothWall Express)   Server/Web Software: 	MS Exchange, MS SharePoint, MS IIS, MS Hyper-V, Apache, WordPress, CloudFlare, Documentum, CoreDossier, Oracle Workflow, DavMail HTML5, CSS, PHP, JavaScript, Java, XML, C++, Microsoft Visual Basic   Applications:	Adobe CS6 (Acrobat, Photoshop, Illustrator, InDesign, Dreamweaver, Premiere, Flash, After Effects, Fireworks), MS Office, MS Project, Office 365 MySQL, MS SQL, MS Access, Oracle 11i, Sage ACT!     Web content management  Information security  Content management systems      Hardware:	Dell, HP, IBM, Cisco, SonicWall, NetGear, FortiGateProgramming and design skills  Optimizing and performance tuning  Document management  Web content management              Accomplishments      Print Graphic Support     Collaborated with marketing and business development groups for collateral needs by creating page layout designs for [...]","responsibilities
parkers internship program was established in  to identify and help develop promising college students by providing realworld experience in disciplines critical to parkers business as an intern you will gain experience while supporting the hr departments function

provides specialized expertise in one or more human resources functional areas and assists in generalist responsibilities for the location aids with projects and programs of diverse scope relating to hr functions assists in organizational development and change that supports key business objectives observes and promotes adherence to all ethical standards applies continuous improvement measures and methods for creating efficient hr administrative processes

responsibilities

depending on candidate experience and departmental needs the hr internship may provide exposure to
 hr generalist responsibilities  onboarding processes record keeping and retention auditing
 social responsibilityevent planning  team member recognition programs community outreachphilanthropy and other events
 hris administration
 sort and process incoming resumes
 schedule interviews
 maintain the college recruiting microsoft teams site
 update career pages of 
 schedule info sessions and provide resources needed to execute events
 market employment opportunities to target audiences
 assist in planning and executing summer internship workshopsevents
 complete assigned research related to college recruiting and generate reports
 t [...]"
1083,273,258,A_mid,0.4270772820467712,0.4797376,0.6,0.6,0.39345926,INFORMATION-TECHNOLOGY,Marketing Visionary,"INFORMATION TECHNOLOGY SPECIALIST           Career Overview    Permanent            Certifications    ITNW 1458 CompTIA Network+ ITMT 1350 MS 70-270 Managing and Maintaining an MS Windows 2003 Environment ITMT 1355 Server 2003 Network Infrastructure ITMT 1400 MS 70-270 Implementing and Supporting MS Windows XP Professional Job Related   Microsoft Certified IT Professional (MCITP) Apr 2012 Training:     CompTIA Security+ Certified Professional (Mar 2010) Microsoft Certified Professional (MCP) Oct 2008 CompTIA Network+ Certified Professional (May 2008) CompTIA A+ Certified Professional (Apr 2008) Language      Language          Spoken          Written          Read Skills:       Spanish          Advanced          Advanced          Advanced References:   Name        Employer          Title        Phone        Email William     407th AFSB        Supervisor   254-287-7798 william.cook2@conus.army.mil Cook (*) Mr. John    First Army        Chief,      254-553-5006 Ciesiolka   Division West     Information (*)          Systems
8 of 9          9/2/2015 7:58 AM
USAJOBS - Resumes          https://my.usajobs.gov/Applicant/Resume/ListResumes Name        Employer          Title      Phone        Email Division Leonard     DEFENSE          IT Manager 714-385-4605 Flemons     CONTRACT (*)         MANAGEMENT          leonard.flemons@dcma.mil      Work Experience      Company Name     May 2012   to   Current     Information Technology Specialist   City  ,   State      Indicates professional reference.             October 2009   to   May 2012       Salary: 65,150.00 USD Per Year Hours per week: 40 G6, IT Specialist (CUSTSPT) (This is a federal job Served as a systems administrator for First Army Division West Command and Staff.  Administered over 800 NIPR workstations, 300 SIPR workstations and 100 ARNET workstations.  This includes hardware, software, and Local Area Network (LAN)and Wide Area Network (WAN) infrastructures.  Monitored system resources, the installation and integratio [...]","platform partners is a forward thinking development and operating company of behavioral health hospitals substance abuse rehabilitation centers and behavioral health providers serving the population

we are now seeking to fill the key position of chief executive officer ceo for rivervista the chief executive officer is responsible for providing strategic leadership for all operational and financial affairs of the facility

responsibilities
 develops and executes strategic initiatives to achieve goals related to the successful operation of the overall strategic plan of the sud center
 provides for communication and interface with all newvista divisions to insure integration and compliance with all relevant federal state and local standards guidelines and regulations
 implements controls for the effective and efficient utilization of physical and financial resources and monitors a system of accountability for the budget of the facility
 develops and maintains sound business relationships with key people in the community so as to promote the center as a quality professional sud services organization

project management
 responsible for supervision of program directors and marketing directors
 negotiate contracts with medical directors thirdparty payors community mental health centers and other agencies on behalf of various projects
 provide overview and supervision of jcaho survey preparedness medicare surveys state licensure surveys as necessary
 develop new program specialties [...]"
1084,799,1260,topK,0.49539461136853036,0.6572801,0.25,0.2631579,0.33898938,DIGITAL-MEDIA,Administrative Assistant to Global Real Estate Institutional...,"CONTRACT SENIOR ASSOCIATE MEDIA PLANNER AT SAPIENTNITRO       Summary    To obtain a mid-level leadership position in media that will utilize my strong analytical, negotiation and creative- thinking skills.      Experience      Contract Senior Associate Media Planner at SapientNitro   07/2014   -   Current     Company Name     City  ,   State       Clients: KPMG, Citizens Bank, The Institutes, Moven     Involved in all aspects media planning and buying process, from client briefing to post buy reporting Provide POVs for new vendors and opportunities Compile RFPs for potential partners and negotiate media costs.  Secure media placements and issue approved vendors IOs Create strategic and tactical media recommendations with traditional and online components Analyze campaign reporting and provide clients with optimizations Assist media finance team in vendor payment and client billing Lead status updates calls with clients, present media recommendations and POVs.          Freelance Sales Planner   04/2014   -   05/2014     Company Name     City  ,   State       Served as primary POC for Major Projects brought in by Ad Sales Team.  Created media plans and PPT decks for incoming RFPs and meetings for Ad Sales Team.  Coordinated with multiple departments within the Ziff Davis Organization; ensuring programs have all necessary requirements to launch timely and effectively.  Managed client and agency expectations, creative approvals, project timelines, and asset allotment for Ziff Davis programs and projects.  Managed the expectations of Ad Sales, Operations, Sales Development, Tech, Finance, and Editorial, to guarantee internal protocols and workflows are met with each program.  Worked with Editorial staff to coordinate Ad Sales and Editorial Programs.  Brainstormed with Marketing team to create innovative ideas for the Ziff Davis organization and prospective advertisers.          Freelance Associate Media Planner, Digital   01/2014   -   02/2014     Company Name     City [...]","wellknown global investment firm is seeking a new fulltimepermanent executive administrative assistant to support one managing director and one principal within its global real estate institutional client solutions division one executive is super easy to work withdoesnt need a lot and the other needs to be reined in  both are super nice candidates should have a minimum of  years of applicable highlevel executive administrative experience preferably in financial services or real estate and a bachelors degree is requiredstrongly preferred experience with investor meetings and handling roadshows is a huge plus as both executives are very clientfacing ideal candidate should be extremely polished and professional organized and detailoriented with strong interpersonal and communication skills both verbal and written and the ability to interact with all levels of executives in a fastpaced environment heshe should be a dynamic gogetter who is enthusiastic driven proactive and able to prioritize and take initiative sound judgement is key in this role this is a fantastic opportunity for someone to join a growing and extremely successful team that is a huge revenuedriver for the company

salary depends on experience  base plus paid overtime and generous discretionary bonus eligibility

hours are 

responsibilities
 provide highlevel executive administrative support to managing director and principal
 schedule and organize extensive externalinternal meetings conferencevideo calls and app [...]"
1085,217,443,topK,0.5183746822547426,0.65704685,0.5,0.47501862,0.19307458,ADVOCATE,Chief of Staff,"HEALTH ADVOCATE         Professional Summary     I am an empowered health advocate with excellent communication and active listening skills with a strong motivation to succeed. I am seen as reliable and approachable employee who quickly learns and masters new concepts and skills. I am motivated and enthusiastic about helping patients and the community navigate rights and responsibilities during treatment. Personable demeanor with priority on care and service. Seen as a friendly team player with talent for operating in fast-paced, dynamic environments.       Skills          Public Safety  Administrative Support  Proficient in Lytec  Proficient in GSuite  Patient rights  Data entry      Time management  Problem-solving skills  Decision-making abilities  Crisis intervention  Crisis communication            Work History      Health Advocate  ,     03/2017   to   Current     Company Name   –   City  ,   State      Assisted patients in understanding individual rights and responsibilities in regards to care, coverage and payment  Reviewed all patient paperwork for accuracy, including claims, bills and medico-legal documents  Responded to 15 or more patient concerns and questions with compassionate and knowledgeable service in a day  Entered continuing medical documentation into computer systems and managed database of information  Compiled and reviewed medical charts  Manages approximately 30 incoming calls, emails, faxes per day from patients, pharmacies, and doctor offices  Used Lytec to schedule and manage patient appointments  Balanced cash deposits, credit card payments each day  Took co-payments, compiled daily financial records  Worked effectively with staff from all departments to coordinate resolutions  Helped vulnerable individuals navigate complex healthcare system  Developed and implemented training classes to educate team members and community residents  Resolved patient flow problems, improved operations and provided exceptional client support         Securit [...]","your future evolves here

evolent health has a bold mission to change the health of the nation by changing the way health care is delivered evolenteers make a difference wherever they are whether it is at a medical center in the office or while working from home across  states we empower you to work from where you work best which makes juggling careers families and social lives so much easier through our recognition programs we also highlight employees who live our values give back to our communities each year and are champions for bringing their whole selves to work each day if youre looking for a place where your work can be personally and professionally rewarding dont just join a company with a mission join a mission with a company behind it

why were worth the application
 we continue to grow year over year
 recognized as a leader in driving important diversity equity and inclusion dei efforts  
 achieved a  score two years in a row on the human rights campaigns corporate equality index making us a best place to work for lgbtq equality
 named to parityorgs  list of the best companies for women to advance  
 continued to prioritize the employee experience and achieved an  overall engagement score on our last employee survey
 published an annual dei report  to share our progress on how were building an equitable workplace

what youll be doing

the chief of staff will be a part of the evolent health services ehs team and positioned to support the presidentchief operating off [...]"
1086,228,154,B_xcat,0.5714596938825715,0.5240174,0.5,0.45030588,0.38482887,DESIGNER,MARKETING SPECIALIST,"INSTRUCTIONAL DESIGNER         Summary    Dedicated, efficient, and versatile professional credited with combining project management and data analysis, and grant writing expertise to lead companies toward improved collaboration, organization, and productivity. Proven track record of developing and implementing record-keeping and organizational systems that streamline operations. Demonstrated ability to create and foster strong working relationships with colleagues and clients. Strong communicator, with particular expertise in grant writing, new program implementation, and deadline adherence.      Highlights          Course Design   Project Management  Verbal & Written Communication  Payroll & Budget Management  Data Collection and Reporting  Grant Writing  Hiring/On-Boarding & New Hire Orientation  Event planning  Cross-Functional Collaboration  New Process Implementation  Deadline Adherence              Experience      Company Name    City  ,   State    Instructional Designer   11/2016   to   Current       Assist faculty in designing online, hybrid, and face-to-face courses.  Assist faculty in identifying, testing, and implementing innovative and new technologies.  Assist faculty in designing appropriate assessments mapped to course, program, or institutional objectives.  Assist faculty in in ensuring compliance with copyright, intellectual property, and accessibility.  Provide one-on-one faculty training and guidance on use of in-class and online technologies.  Attended workshops on learning goals, classroom management, student motivation and engaging learning activities.   Developed partnerships with industry and secondary education institutions.   Contributed to ongoing staff training sessions.                Company Name    City  ,   State    Grants and Contracts Coordinator   01/2007   to   01/2012       Associate recruited to manage students' financial accounts.  Reconciled new institutional loans and advances with financial aid, processed deferment and forb [...]","marketing specialist job description
the marketing specialist will be responsible for creating developing and implementing maryhavens strategic messaging through all available channels which include social media print radio and television to support and increase patient population recruiting and retention the marketing specialist will also have an active role in fundraising marketing projects and grant writing opportunities for local state and federal funding sources

marketing specialist requirements
 bachelors degree in business administration marketing communications or a related field required
 strong knowledge of various marketing and analytic tools such as google analytics crm systems eg blackbaud and content management systems
 strong written and verbal communication skills
 thorough understanding of state local and federal funding sources and the ability to locate potential sources for funding
  years of experience in marketing preferred
  years of experience in grant writing experience highly preferred

marketing specialist benefits
 salary commensurate with experience
 medical vision  dental
 paid time off
  paid holidays
  b retirement savings plan
 continuing education and tuition reimbursement options
 a wellfunded and managed nonprofit organization driven not by the bottom line but by helping its customers"
1087,787,791,topK,0.4269049926509655,0.61473125,0.33333334,0.39703715,0.13979694,HEALTHCARE,Executive Assistant,"LICENSED PRACTICAL NURSE- STEP-DOWN UNIT       Summary       Licensed Practical Nurse with 15 years in providing direct care under RN and MD supervision in diagnosis, treatment prescription and follow-up with patients from pediatrics to geriatrics. Additional expertise includes management and staff supervision. Strong desire to focus on preventative care and health education.   Energetic and motivational and leader dedicated to driving top-quality patient care. Looking for a position in a top-notch facility with a commitment to innovative processes.         Nursing Expertise      Geriatrics  Pediatrics  Correctional Nursing  Occupational Health  Med- Surg  Home Healthcare   Hospice Care   School Nursing     Travel Nursing Agencies  Hospitals  Doctor Offices  Nursing Homes   ​       Education     2012     Bachelor of Science  :   (Pre-Med) Foundations in Counseling    Samford University   －   City  ,   State  ,   U.S           2009       Pre- Nursing RN    Lawson State Community College   －   City  ,   State  ,   U.S           2003       Licensed Practical Nurse    Bessemer State Technical College   －   City  ,   State  ,   U.S            Experience     01/2017   to   09/2017     Licensed Practical Nurse- Step-down Unit    Company Name   －   City  ,   State       Recorded patients' medical history, vital statistics and test results in medical records.        Administered IV therapy and medications per MD orders                    Monitored post-op vitals, set up PCA, fluids, reviewed post-op orders and orient patients to unit.                           Developed and maintained quality care systems and standards, including but not limited to, creating and improving medical protocols/guidelines.                            Sound, ethical and independent decision-making ability consistent with medical protocols.                 Disciplined, energetic employee who quickly establishes rapport with patients and colleagues.                                       Performed all [...]","overview

st josephs healthcare system is recognized for the expertise and compassion of its highly skilled and responsive staff the combined efforts of the organizations outstanding physicians superb nurses and dedicated clinical and professional staff have made us one of the most highly respected healthcare organizations in the state the largest employer in passaic county and one of the nations  best places to work in health care

job overview

provides professional services to facilitate the fulfillment of responsibilities by the executive officers collaborates with other coworkers in maintaining a comprehensive and efficient work flow by providing services to both internal and external personnel as expected by administration

qualifications

work requires a high school diploma or equivalent bachelors degree preferred and five years of previous work related experience proficiency in ms office required word excel access outlook and powerpoint work requires communication skills needed to frequently answer telephone calls and work with multiple interruptions and still sustain positive communication"
1088,448,1341,A_mid,0.43937678331838587,0.48018995,0.625,0.6418045,0.4017146,AUTOMOBILE,"Regional Sales Manager, Video Conferencing (East)","AGENCY SALES RESOURCES       Summary    Seeking to secure a position with a well established company that prides in the growth of its employees. With
the ability to showcase versatile knowledge in auxiliary mechanic I hope to build a lasting partnership with
whom I gain employment.      Skills          2011 - 2012 2014  Regular care coordinator  Perform household task and run errands  Perform personal care activities; hygiene, ambulation, eating, dressing, toileting and shaving  Talk and give company to clients and participate in resident activities  Take and record vital signs  Assist with moving to Bath, bed, and wheelchairs  Take care of pets  Nurse Assistant/Caregiver  Medical Case Management - Fort Worth, TX - 2009 to 2011  Maintain and set up patient rooms  Perform preventive maintenance on emergency equipment  Assist with patient and family education  Assist R.N. and L.V.N with sterile and non-sterile dressing changes  CPR Qualified  Answer multi-line phone, operate fax and copy machine  Prioritize patient daily care according to acuity and scheduled patient procedures Conduct analysis and recommend suitable solutions to real time performance issues (4 years), Handle  inbound calls and provide one-call resolution to problems reported (2 years), Responded to client calls and  provided instructions for troubleshooting (2 years), Provided technical and analytical support at the call  center (1 year), Proficient in MS Excel, word and various database management applications  Proven ability  to learn and operate software applications quickly (8 years), Analytics (1 year), Problem Resolution (Less  than 1 year)              Accomplishments      February 2014 to February 2017
Program: Non Lethal Weapons training to include; OC Certification, Baton Employment, and Close Range
Subject Control (CRSC) Techniques
ADDITIONAL INFORMATION
The machinist deals with a series of different operations associated with machining work.  It requires good
training and skills to handle [...]","the regional sales manager will report to the vice president of sales
 this role will be an integral part of avers national sales team the regional sales manager will be responsible for developing and executing an aggressive net new customer acquisition campaign in the video conferencing market as well as retaining our current base of video conferencing customers across a defined region of the us
 this position will cover the east coast and the ideal candidate will be located in nj ny fl il etc
 this person will need to demonstrate the ability to align new product and service offerings to the video conferencing market
 heshe will also be responsible for expanding relationships with customers and our resellervar network
 this position requires the effective and successful management of an assigned territory and ability to develop build and maintain successful partnerships and relationships and exceed revenue goals all while delivering exceptional customer service to our channel partners and customers
 about aver information
 founded in  aver is an awardwinning provider of technology and video collaboration camera solutions that improve productivity and enrich learning
 avers solutions leverage the power of technology to help people connect with one another to achieve great things
 we strive to provide industry leading service and support that exceeds our customers expectations
 we are also deeply committed to our community the environment and employ stringent green processes i [...]"
1089,786,450,topK,0.5434507450940961,0.6815733,0.125,0.14953397,0.34483987,ADVOCATE,Healthcare Administrative Assistant – Urgent Hiring,"PATIENT ADVOCATE           Summary    Seeking an opportunity in an Management/HR Department where my professional experience and education will allow me to make an immediate contribution, as an integral part of a progressive organization.      Education and Training        HealthCare Administration- Human Resources  ,   2017    Herzing University- Online   －   City  ,   State  ,   Unitted States            Bachelor of Science   :   Management - Human Resource Management  ,   2009    Kaplan University   －   City  ,   State  ,   United States              Business Administration Management  ,   2007    Kaplan University   －   City  ,   State              WFHM Reverse Mentoring Senior Management   :     1983    MSTA Business College   －   City  ,   State      WFHM Diversity Program                  MBA   :     2011            - Chuck Bishop/ Eric Stoddard 
          Diverse Leaders Program CRA Best Practices Project   :     October 2011            Business Administration Management Learning and Development	Springfield, IL Human Resources Mentor- Jennifer Cultip Smith HR Manager NC          Experience      Patient Advocate    May 2017   to   Current     Company Name   －   City  ,   State    As a patient advocate, I am responsible for the developing, revising and implementing policies and procedures as needed.  Facilitates the patient complaint/grievance process, with positive patient experience.  Making rounds to each unit daily, visit all new admissions and also identify patients' needs or issues and then visit the patients to advocate on their behalf.  Actively working with unit leaders and staff to assign and assure follow-up action is taken quickly to resolve all issues.  Documenting and reporting trends in patient attitudes and /or obstacles to delivery immediate service recovery.  Investigates referrals/complaints through review of records and discussion with appropriate individuals in an objective, thorough and tactful manner.  Participates in staff and community [...]","healthcare administrative assistant  urgent hiring jobs in new york ny at discovery health md

title healthcare administrative assistant  urgent hiring

company discovery health md

location new york ny

we are searching for an energetic healthcare administrative assistant to join our allstar team at discovery health md in seattle wa

growing your career as a full time healthcare administrative assistant is an awesome opportunity to develop excellent skills

if you are strong in persuasion adaptability and have the right drive for the job then apply for the position of healthcare administrative assistant at discovery health md today

who are weour story began in  at the docks and aboard the vessels of washington states beloved maritime companies where our founders dr ray and ann jarris were approached by numerous vessel operators requesting our unique insight and medical expertise it was here that discovery health md found our stride thru the provision of expert medical advice and creative solutions for the challenging logistics of remote workers we ferry our founders passion for disrupting norms by changing the paradigm for delivering care in remote environments then pushed beyond these roles and went even further during the pandemic by expanding our efforts into covid testing and vaccinations to help protect not only our maritime community but our surrounding communities in which we live and operate

why work for usat discovery health md everything we do is focused on the b [...]"
1090,638,742,B_xcat,0.5767417806319601,0.55427897,0.4,0.3782721,0.20045671,HEALTHCARE,Data Entry Operator - REMOTE,"ENUMERATOR       Summary    Recent graduate with BA in Business Administration looking to obtain a position as an Administrative Assistant in which my organizational abilities can be fully utilized. Hard working and goal-oriented professional with four years of experience seeking a to achieve career growth where I will get an opportunity to utilize my skills and abilities in handling the clerical and administrative support work, and activities.      Highlights          Time Management  SAP and SRM  Cash Request / Cash handling  Check Request  Purchase Orders   Microsoft Office: Word, Excel, PowerPoint, Outlook.  Data Entry  Filing and Maintaining Records  Account receivable and Payment posting  Timekeeping  Calendar Maintains              Accomplishments     Received a merit raise for strong attention to detail, exemplary customer service and team-player attitude.        Experience     04/2016   to   Current     Enumerator    Company Name   -   City  ,   State      Collect demographic, economic and housing data on behalf of the U.S.  Census Bureau.  Responsible for canvassing neighborhoods, then documenting and reporting the information.  Conducts surveys about the U.S.  population, economy, governments and communities.  Responsible for verifying household addresses and ensuring that all maps and address lists are correct.  All collected census information, as well as documentation of hours, miles and expenses encountered Assist residents by reading forms and answering questions about the census.         10/2015   to   03/2016     Healthcare Advocate    Company Name   -   City  ,   State      Respond to and resolve on the first call, customer service inquires and issues by identifying the topic and type of assistance the caller needs such as benefits, eligibility and claims, financial spending accounts and correspondence.  Help guide and educate customers about the fundamentals and benefits of consumer-driven health care topics to include managing their health and w [...]","we are seeking a detailoriented remote data entry operator to compile capture and maintain our digital database as a data entry operator you will be required to compile merge and format documents for data entry check documents for errors input data and update the database and manage the digital filing systems

to be a successful data entry operator you should possess excellent typing skills and be attentive to detail skilled data entry operators should be able to quickly identify data errors and demonstrate precision in their work

responsibilities
 gathering collating and preparing documents materials and information for data entry
 conducting research to obtain information for incomplete documents and materials
 creating digital documents from paper or dictation
 reviewing all documents and information for accuracy and informing the supervisor of any errors or inconsistencies
 capturing data into digital databases and performing regular backups
 updating and maintaining databases archives and filing systems
 monitoring and reviewing databases and correcting errors or inconsistencies
 generating and exporting data reports spreadsheets and documents as needed
 performing clerical duties such as filing monitoring office supplies scanning and printing as needed

requirements
 high school diploma or ged
  year experience as a data entry operator or similar
 excellent typing abilities
 excellent time management and multitasking abilities
 proficiency in data capturing and office [...]"
1091,227,1999,A_mid,0.4031363038752115,0.49591386,0.6,0.625,0.2633386,CONSTRUCTION,Special Agent,"ADMINISTRATIVE ASSOCIATE II, CONSTRUCTION MANAGEMENT DEPARTMENT       Professional Overview     Committed and motivated Administrative Assistant with exceptional customer service and decision making skills. Strong work ethic, professional demeanor and great initiative.            Summary of Skills          Professional verbal and written communication  Type 80+ wpm   Strong analytical and organizational skills  Excellent interpersonal skills  Professional phone manner and office etiquette  Schedule management  Self-starter  Employee training and development  Microsoft Office proficiency  Meticulous attention to detail  Results-oriented  Self-directed  Spreadsheet development        Deadline-oriented  Staff motivation  Time management  Professional and mature  Strong problem solver  Resourceful  Strong interpersonal skills  Understands grammar  Proofreading  Mail management  Meeting planning  Legal administrative support  Detailed meeting minutes            Work Experience      Administrative Associate II, Construction Management Department   09/2015   to   Current     Company Name   City  ,   State      •Provide administrative and secretarial support to the Department Chair, students, faculty, industry advisory board members, and the public.    •Supervision of Student Assistants and adviser to both grad students and assistants.  •Maintain documentations necessary to the Construction Management Department.  •Manage calls to the main departmental phone number.  •Maintain excellent customer service within the office for both students and parents.  •Establish rapport with business professionals, representing the department and KSU in a professional manner.  •Email, phone, staff/faculty and departmental communications, as well as contact with local public school educators and administration.  •Generate purchases and payments.  •Set-up courses and prerequisites in Banner, and help students at the time of registration.  •Assist project staff/faculty in preparation of insti [...]","please read this job posting in its entirety
who may apply
this special agent sa posting is open to all qualified candidates within the united states us and its territories the fbi will use this to fill multiple vacancies around the country
job summary
the mission of the federal bureau of investigation fbi is to protect the american people and uphold the constitution of the united states
about us
were looking for people with unique skills experiences and backgrounds to become special agents the one thing every sa shares is a belief in the mission of the fbi they have the drive to help keep our nation safe become part of something bigger than themselves and take pride in making a difference in the communities they serve
special agents are
driven to find solutions to all types of problemscompassionate and respectful to everyone they meetadaptable to a variety of situations and able to keep a calm demeanor in the face of challengeswellspoken wellwritten and enjoy meeting speaking and collaborating with people from different backgroundsphysically fit and able to pass the physical fitness test pftkey requirements
you must meet the following requirements at the time of application
please click on the link and go to the listed page number if applicable for further explanation
be a us citizenbe between  and  years of age exceptions have a bachelors degree or masters degree  from a usaccredited college or university you should not apply if you have not received your bachelors degreeha [...]"
1092,695,1144,C_rand,0.588056434836044,0.6323215,0.0,0.0,0.32064226,CONSULTANT,"Program Manager, Blended Learning","CONSULTANT         Highlights           Employee relations     Performance management strategies   Excellent interpersonal and coaching skills    Course Prep for SHRM-SCP (May 2017)       Employee handbook development  Event management  Manager coaching and training  Employee relations  Hiring and retention            Experience      Consultant     Aug 2015   to   Current      Company Name   －   City  ,   State    Create professional business presentations.  Contacted new and existing customers to discuss how specific services could meet their needs.    Developed innovative business plans and sales strategies for customers.  Rese  arched economic processing factors to determine the best process and sales strategies.   Coordinated and managed major proposal processes from initiation to implementation.  responses.  Formulated a comprehensive business plan complete with clear and actionable sales goals and targets.   Analyzed client requirements, created a business plan and drove strategy development.    Planned and negotiated media buys, including TV, radio, print and digital.          Director     Apr 2012   to   Aug 2014      Company Name   －   City  ,   State    Carefully selected, developed and retained qualified staff, as well as trained  [number]  new staff annually.   Created annual goals, objectives and budget and made recommendations to reduce costs.   Assisted in the design and execution of programs that contributed to a  [%]  growth of the organization in the  [year]  fiscal year.   Administered, directed and coordinated the activities of the agency.   Served as liaison between management, clinical staff and the community.   Expertly planned, coordinated, organized and directed all operations of the agency.   Actively maintained up-to-date knowledge of applicable state and Federal laws and regulations.   Regularly evaluated employee performance, provided feedback and assisted, coached and disciplined staff as needed.   Organized and led weekly personnel mee [...]","program manager blended learning
at general assembly view all jobs
us remote
who we are
since  general assembly has transformed tens of thousands of careers through pioneering experiential education in todays most indemand skills as featured in the economist wired and the new york times ga offers training in web development data design business and more both online and at campuses around the world our global professional community boasts  alumni  and counting
in addition to fostering career growth for individuals ga helps employers cultivate top tech talent and spur innovation by transforming their teams through strategic learning more than  employees at elite companies worldwide have honed their digital fluency with our corporate training programs ga has also been recognized as one of deloittes technology fast  and fast company has dubbed us leaders in worldchanging ideas as well as the  most innovative company in education

position description
the program manager is responsible for managing multiple complex stakeholder intensive programs related to general assemblys blended learning initiative this individual has experience leading concurrent programs that have financial regulatory instructor and learner implications  all of which must be weighed prioritized and advanced through the appropriate product technology and delivery channels 
this role is part of a crossfunctional team of product and learning experts supporting the development of a new learning experience to supp [...]"
1093,617,1093,C_rand,0.42061210397432736,0.5784411,0.33333334,0.3624071,0.38753617,SALES,Executive Assistant to CEO,"SALES ASSOCIATE       Summary      Customer-focused management professional, with successful track record of leading and managing teams . Quality-oriented and proactive in resolving issues with exceptional organizational and communication skills. Self-starter with a positive, can-do attitude who is driven to learn, improve and succeed.       Skills    billing, billing system, budgets, budget, business management, cold-calling, client, customer service, data analysis, database, facilities
maintenance, financial reports, hiring, information systems, instruction, inventory management, inventory, leadership, lesson plan, logistics, loss prevention, managing, mentoring, merchandising, office, management information systems, networking, operations management, personnel, policies, POS, pricing strategies, progress, project management, quality assurance, receiving, recruiting, retail, risk management, safety, selling, sales, staffing, store merchandising, strategic, supervision, teacher, training programs, vendor relations.      Education and Training      Ph.D.  :   Management Information Systems    Walden Universtiy   City  ,   State               MBA  :   Business Administration   2001       Webster University   City  ,   State               Bachelor of Science  :   Public Relations   1996       University of Florida   City  ,   State               Experience      Sales Associate   02/2016   to   07/2017     Company Name   City  ,   State       Build personal connections with customers styling and style advice.  Create excitement for the brand and the products via fundamental knowledge of the Lucky
Brand.  Apply key selling behavior to connect personal, store and company wide sales goals.  Inform customers about specifics of each product.          Substitute Teacher   01/2016   to   Current     Company Name   City  ,   State       Responsible for providing instruction and managing the classroom environment.  Encourage, monitor and promote student progress.  Follow the le [...]","steiner nyc is a boutique real estate development and construction firm that has built over  million square feet we own develop build and manage all property types residential retail commercial industrial and special purpose our goal is to develop class a buildings that we can be proud of with respect to quality of construction design excellence and user satisfaction

job description

steiner nyc is seeking an executive assistant to provide a broad range of administrative support to the ceo as well as provide handson office support to the entire staff in a fastpaced environment this candidate must be extremely detailoriented a team player and able to prioritize work under deadline pressure the candidate must exercise initiative be highly organized and capable of multitasking

responsibilities
 assist with document preparation including letters leases proposals and legal agreements
 create corresponding files and follow the existing document tracking process
 maintain ceos schedule by planning and scheduling meetings conferences teleconferences
 handle confidential documents and email correspondence with discretion and timeliness
 help organize inoffice events and meetings including management of conference rooms food orders and greeting guests
 assist with special projects ie research event planning merchandise management
 general administrative duties ie answeringtransferring phone calls copying filing and mailings
 additional adhoc requests as needed
 proactively provide in [...]"
1094,790,1027,A_mid,0.5046020994807456,0.43202803,1.0,1.0,0.3756199,SALES,Work From Home Part Time Administrative Assistant / Customer...,"PMC/PSM/ SALES MANAGER/ SALES ASSOCIATE         Career Focus       Performance Management Consultant  with more than10 years of experience planning, developing and implementing  behavioral and operationally focused procedures to enable sales and productivity . Currently r esponsible for maximizing performance across
the Corporate-Owned Retail team in the Southwest Territory by working collaboratively with Director of Sales and Area Managers in addressing key issues sales
skills, leadership development, performance improvement, retail operations and
customer engagement for the territory.
I play a critical role in creating an infrastructure that enables sustainable,
measurable improvement in an evolving environment and am constantly working to improve internal
processes and efficiencies within technical systems and behavioral
procedures of our associates.
       Summary of Skills          Ability to clarify the nature of a problem, evaluate alternatives, propose viable solutions and determine the outcome of the various options  Detail oriented and able to present information and ideas clearly and concisely  Able to review different points of view or ideas and make objective judgments; investigates all possible solutions to the problem  Able to draw specific conclusions from a set of general observations or a set of specific facts, able to synthesize ideas and information  Maximized efficiency and team productivity through the development of collaborative quality initiatives    Continually evaluated the organizations' skills and work performance to identify and implement improvements    Results oriented, customer-focused, respected team builder who drives quality and productivity initiatives, and leads teams in business growth through operational excellence.         Ability to translate the company strategy into
specific goals to ensure a focus on delivering results  Strong
ability to quickly understand complex issues and identify priorities  Focus
on key points that c [...]","work from home part time administrative assistant  customer service  receptionist jobs

remote work from home job  entry level position

were actively seeking people who are unable to work or are looking for either a new line of work looking to supplement current job or gig those looking for work from home opportunities to be connected with companies who are hiring employees directly to work from their homes or recruiting people for short terms gigs you will find both fulltime and parttime remote opportunities in a variety of career fields

work from home part time administrative assistant  customer service  receptionist  learn new skills earn money from home add to and bolster existing skills have fun while working from home

job requirements
 computer with internet access
 quiet work space away from distractions
 must be able and comfortable to working in an environment without immediate supervision
 ability to read understand and follow oral and written instructions
 data entry or administrative assistant experience is not needed but can be a bonus
 we are recruiting those who have a background in health care ware house worker delivery drivers customer service etc  we welcome all backgrounds so long as youre ready to learn

you must apply on our website only

job requirements

our paid focus group members come from all backgrounds and industries including remote data entry clerk administrative assistant receptionist sales assistant customer service agent warehouse or facto [...]"
1095,821,977,A_mid,0.4091396916714238,0.4487061,0.0,0.0,0.36573234,BPO,Retail Sales Associate,"SENIOR MANAGER           Skill Highlights          Windows / Mac OS, MS office suite, HRMS oracle applications  Training Attended  Year  Title  Location  Organised by  2011  Basic Leadership Skills  Jamshedpur                Professional Experience      Company Name       09/2008         Tata Consultancy Services is India's largest IT and IT outsourcing organization with a global workforce of over 305,000 employees spread across more than 45 countries.  In North America, TCS is headquartered at New Jersey and employs over 30,000 employees.  A seasoned HR professional with over 7 years of HR experience, currently working as the Head of Talent Acquisition and Resource Management Group for BPS North America at Tata Consultancy Services in Cincinnati, Ohio Past experience includes working as the HR Generalist for TCS BPS across various locations like Midland, MI, Cincinnati, OH in the US and Mumbai and Chennai in India.  Expertise in full-cycle recruiting, screening resumes, behavioral based interviewing, and managing the hiring process.  Hands-on experience in recruitment in the IT and IT Services.  Most productive in a fast-paced, high energy, team environment.  Major strengths include building relationships, multi-tasking, time management, adapting to new procedures as business climates change and communication skills.  Work experience of over 3 years in the US Geography as the Head Talent Acquisition and Resource Management Group - BPS North America.  Prior to this I have worked at Satyam BPO at Hyderabad from Mar 2007 to Sep 2008 as the HR Employee Relations Specialist in the HR team for a US based process.  My areas of specialization are Employee relations, Recruitment, Performance Management, Organization Development and Change Management.          Company Name    Senior Manager   03/2007   to   09/2008       Period			Since Sep 2008 Position	Head Talent Acquisition and Resource Management Group - BPS North America Work Location		Midland, Michigan, Cincinnati, Ohi [...]","overview

if you want an exciting job with one of the largest offprice retail stores in the nation join the burlington stores inc team as a retail sales associate are you an outgoing upbeat peopleperson with great organizational skills would you thrive in a highenergy environment where associates work together to drive results is it important to you to make a difference in the community where you live and work if you answered yes then this may be the right opportunity for you

retail sales associates are important ambassadors of the burlington brand at the front lines in our mission to provide worldclass service to our customers youll be responsible for greeting and assisting customers maintaining a neat organized and clean sales floor and supporting the management team with daytoday store operations retail sales associates may be assigned to work in any or all of the following departments ladies men youth sportswear shoes home or baby depot

responsibilities
 assisting customers in locating merchandise when needed
 assisting in floor moves merchandising display maintenance and housekeeping
 assisting in ringing up sales at registers andor bagging merchandise
 performing other tasks as assigned by manager from timetotime

candidates must be able to work a flexible schedule including nights weekends and holidays as required physical requirements may include the ability to lift and move boxes weighing  lbs or more and the ability to stand for extended periods of time

if you

a [...]"
1096,564,2115,topK,0.588606524891581,0.5953821,0.25,0.2631579,0.43765163,PUBLIC-RELATIONS,Business Development Executive,"MANAGER, INDUSTRY ANALYST RELATIONS       Summary     Creative communications professional with over a decade of experience in planning and implementing strategic, results driven communication programs that integrate traditional public relations with emerging social and digital media communications strategies. Extensive experience in semiconductor, wireless networking, telecommunications, cloud computing and PCB design market segments.       Skills      Proficient in Microsoft Office Suite  Experienced with multiple media databases, including: Vocus, Cision and MyMediaInfo.  Familiar with social media and influencer management tools, such as Hootsuite, Buffer, SocialBro, TrendKite and BuzzSumo.        Experience      Manager, Industry Analyst Relations     Aug 2015   to   Current      Company Name   -   City  ,   State    •Contributed to the development of a strategic analyst relations plan designed to communicate overall vision and major initiatives around comprehensive eCommerce suite and marketing solutions.  •Cultivate and strengthen relationships with key influencers at major industry analyst firms, ensuring that they are up to speed on company strategy, objectives, capabilities, client case studies and messaging.  •Collaborate with product marketing, subject matter experts and executives to advance company rankings in analyst benchmark reports, including Forrester Waves™ and Gartner Magic Quadrant.  •Provide strategic insights to senior management and cross-functional marketing teams on analyst research reports to help guide product strategy and roadmaps.  •Support in the negotiation of industry analyst firm subscription contracts during renewal process.        Account Director     Sep 2014   to   May 2015      Company Name   -   City  ,   State    Clients included: Alcatel Lucent, Rajant Corporation, ASE Group, Inc., Altium, The City of Fremont   Served as lead day-to-day strategic advisor on client programs and initiatives including: strategic planning, comp [...]","about us
yipitdata is the leading market research firm for the disruptive economy and recently raised  from the carlyle group at a valuation of over 

we analyze billions of data points every day to provide accurate detailed insights on ridesharing ecommerce marketplaces payments and more our ondemand insights team uses proprietary technology to identify license clean and analyze the data many of the worlds largest investment funds and corporations depend on

we are one of incs best workplaces  a fastgrowing technology company with offices located in nyc where we are based in hong kong and shanghai backed by norwest venture partners and the carlyle group with a strong culture focused on mastery ownership and transparency

about the role and challenges youll be helping to solve

we are looking to add an experienced business development executive to our team who will act as a main growth driver to position yipitdatas musthave products within our base of active clients

as a business development executive you will be responsible for effectively managing the commercial relationship with current clients developing rapport with key decision makers identifying upsell opportunities running the sales process from the beginning to the end and negotiating enterprise agreements you will create advocates for our products and constantly assist clients in finding answers to their key questions by collaborating closely with our client strategy research and data product teams
this is a remote [...]"
1097,17,546,topK,0.40731764273973753,0.37959456,0.0,0.0,0.39215532,ADVOCATE,"Executive Vice President & Chief Executive Officer (CEO), Medical...","INTERN           Professional Summary     Client Negotiation and Mediation skills. Client Relationship building/management derived through experience. Problem identification and Solution Development Impressive management experience in systemization and regulatory compliance.  Possess excellent oral and written communication skills, as well as, interpersonal skills among colleagues and outside vendors. Strong customer/client focus with the ability ascertain and analyze customer needs. Result-driven professional who has a positive attitude that serves as a foundation to deliver strong sustainable results. Maintains the skillfulness to envision new program conceptions to effectively network, collaborate, and maintain positive partnerships with staff, community and vendors. Complex problem solving skills, compassionate, safety-conscious self-starter.        Education and Training      Prairie State Jr. College     May 2012       Associate of Arts  :   Psychology     City  ,   State  ,   USA            Governor's State University     December 2014       Bachelor of Health Administration  :   Health Administration    City  ,   State       Deans List (2014) Academic Achievement Award         Governors State University     2014       Associate of Arts  :   Nursing Home Administration    City  ,   State  ,   USA    GPA:   Dean's List     NHA certification         Skill Highlights          Proven patience and self-discipline  Motivation techniques specialist  Confident public speaker  Conflict resolution  Government relations knowledge  Patient-oriented  Personal and professional integrity  Relationship and team building      Cultural awareness and sensitivity  Critical thinking proficiency            Professional Experience      Company Name     September 2014   to   July 2015     Intern     State      Updated proposals in compliance with CME operational standards.  Developed a working knowledge of the continuing medical education department processes and functions at Advoca [...]","about the company

large public research university in ohio

industry

higher education

type

educational institution

founded



employees



categories
 education
 big 
 buckeyes
 college
 healthcare
 hospitals  clinics
 osu
 ohio
 ohio state
 ohio state university
 the
 scarlet and gray
 the ohio state university
 university
 higher education
 universities

specialties
 teaching
 research
 service
 international
 student experience
 and faculty excellence

about the role

travel percent

less than 

functions
 ceopresident
 medical carehospital administration"
1098,296,57,A_mid,0.4319595907113573,0.48443016,0.0,0.0,0.12503158,HR,Data Entry Clerk,"HR GENERALIST       Professional Summary    Dependable and responsible Human Resources Generalist with over fourteen years experience in a fast-paced
environment. Solid team player with great positive attitude and exceptional people skills. Experience in many areas of HR
including benefits, compensation, employee relations, recruiting, payroll and processing of new hires and terminations.
Strong customer service and detail oriented.      Core Qualifications          Conflict resolution & creative problem solver	Able to adapt and implement change  Excellent communication skills		Quick learner  Strong Word, Excel, PowerPoint			Training and development  Accomplishments ADP, Benefits, coaching, excellent communication, conflict resolution, consultation, customer satisfaction, employee  relations, interpretation of policies, leadership, Excel, PowerPoint, Word, Payroll, People Soft, performance reviews,  performance management, personnel files, implementing policies & procedures,recruiting              Experience     02/2013   to   06/2015     Hr Generalist    Company Name   －   City  ,   State      Process Improvement Implemented new Bio-metric clock and  attendance policy for hourly employees Advised managers and implemented a discipline action policy Created and monitored new vacation calendar Coordinated employee engagement activities to create positive enviroment Protective Services Applied safety procedures and policies as outlined in Department Safety Manual Provided HR related support and advice to management and staff on a range of HR functions including talent acquisition and retention, employee relations, performance and compensation planning, learning & development, and effective leadership practices Managed employee relations investigations resulting from complaints and recommending resolutions Implemented and enforced human resources policies and procedures and ensure managers are consistent applying all policies and procedures Managed the merit increases a [...]",anywhere in us   per hour   annual bonus  company paid insurance medicaldentalvisionlife  as a data entry associate youll review prepare and submit customer applications to insurance carriers for approval review and compile necessary information ensuring application packet completeness and accuracy verifying proper formatting and submitting the application using the carrierspecified channel conduct administrative tasks that support the submissions processhiring fast
1099,744,2183,A_mid,0.4359361848837468,0.37895355,0.0,0.0,0.48297063,BANKING,Correctional Officer,"SENIOR ASSOCIATE       Executive Profile    Seasoned Financial Markets professional with over 12 years of experience in Global Financial Markets Sales & Trading across the Corporate and Institutional space in India.      Skill Highlights            Developing and sustaining strong client relationships. 
    Demonstrated ability to deliver solutions to clients, based on excellent analytical skills.    Compatibility for both, independent and teamwork.      Project management   Product development    Risk management assessor            Core Accomplishments       Created strategies to develop and expand existing & new customer relationships, resulting in a  150 % increase in annual Global Markets sales revenue     Helped grow bank's Global Markets revenue by  200 % from $ 0.5M  to $ 1.5M         Acquired 20 new clients in the past year, with total trading volume of $10B through professional networking, loan reviews and marketing             Professional Experience      Senior Associate   12/2012   to   06/2016     Company Name   City         Primary responsibilities included providing Advisory & Execution to Corporate & Institutional clients across Foreign Exchange, Interest Rates & Commodities products in line with their Credit & Risk profile   Reviewed clients' accounts and results regularly to determine whether life changes, economic developments or financial performance indicated a need for plan revision    Analyzed financial information obtained from clients to determine strategies for meeting clients' financial & risk management objectives     Communicated regularly with management regarding portfolio performance and new loan transaction quality      ​   Interpreted data on price, yield, stability, future investment-risk trends, economic influences and other factors affecting investment programs   Involvement in product structuring function to offer tailor made products to clients to meet internal & regulatory requirements.            Active involvement in develop [...]","at corecivic we do more than manage inmates we care for people corecivic is currently seeking a correctional officer who has a passion for providing the highest quality care in an institutional secure setting

who we are

corecivic is the leading national provider of highquality security corrections and detention management services providing effective programs that enhance public safety and prepare individuals for success after release headquartered in nashville tennessee with more than  secured facilities nationwide corecivic security employees are driven by a deep sense of service high standards of professionalism and a responsibility to better the public good

what we have
 paid training  comprehensive training to start a successful career
 a supportive environment where employee growth is promoted
 comprehensive benefits package  competitive wages
 pto  paid holidays
 other great incentives

what you get to do
 change the lives of those in your care
 perform routine duties of a correctional officer in accordance with established policies regulations and procedures to maintain order and provide for the safety security care and direct supervision of those in your care during all phases of activity in the facility
 responsible for maintaining order and security of inmates in a correctional facility
 able to work any shift as you may be assigned to a variety of posts including but not limited to armorykey control housing units kitchen medical visitation etc
 corecivic recogn [...]"
1100,463,1261,C_rand,0.5231327413368166,0.54815006,0.0,0.0,0.3666283,DIGITAL-MEDIA,"Manager, Data Analytics","EXEC DIRECTOR OF SALES, CONSULTANT, STRATEGIST           Executive Profile     10+ year proven track record in Digital, Mobile, and Social, Business Development & Sales Leadership experience, working with top tier clients and agencies in revenue generation, sales team management, across Retail, CPG, QSR, Electronics, Entertainment, among other verticals, leading sales teams to exceeding quota and new market expansion       Skill Highlights          Business development leader  Sales team management  Revenue and market expansion  Self-motivated      Leadership/communication skills  Negotiations expert  Market research and analysis  Customer-oriented            Core Accomplishments      Sales    Management and Leadership  :     Built and managed sales teams to over $25MM in annual quota achievement  Business Development leadership in     Business Development Expertise  :     Spearheaded programs which increased revenues 150% YoY and successfully expanded into new markets and territories         Professional Experience      Exec Director of Sales, Consultant, Strategist      Current     Company Name   －   City  ,   State      Work with clients and agencies to build and implement in-market strategies and extend revenue streams across digital, mobile, and social messaging channels   Drive revenue across Retail, CPG, e-Commerce, Technology, and Entertainment clients   Manage and Develop go-to-market strategies and positioning to achieve optimal goals   Build Mobile + Social Planning, Marketing & Messaging Strategies via Multi-Platform and Omni-Channel execution, also to be executed digitally via live on-the-ground events   Develop and Strengthen Strategic Partnerships across disciplines and tech partner organizations.          Advisor, Strategy, Business Development, & Sales and Media / Marketing Strategist.      Current     Company Name   －   City  ,   State      Drive Business Development and Strategy through sourcing new client relationships.  Develop holistic digital [...]","founded in  as a manufacturer of writing instruments montblanc today creates exclusive products including watches jewelry writing instruments and leather goods which reflect our high demands with respect to culture quality design tradition and craftsmanship
 with more than  subsidiaries and  boutiques montblanc is present all over the world
 at montblanc north america we are proud to employ talent from many different backgrounds experiences and identities
 we believe that when diversity and inclusion are fully embraced and empowered creativity and knowledge emerge to deliver excellence
 we continue to work towards creating a workforce that represents the diversity of our clients and our communities
 manager data analytics  new york position overview the manager of data analytics is responsible for supporting montblanc north america in its digital transformation journey to become a crossfunctional and industry leader by establishing predictive insights from data use
 this role will implement and maintain a trusted scalable and efficient data analytics platform to drive data democratization through reporting and visualization
 the data analytics manager will work with all sales channels and key internal stakeholders to define develop and centralize data into an omni reporting platform while enhancing the user experience"
1101,679,1914,A_mid,0.5432714704921761,0.48553956,0.0,0.0,0.2813712,ACCOUNTANT,Remote Patient Advocate Specialist,"STAFF ACCOUNTANT       Summary    EXPERIENCED ACCOUNTANT with more than 15 years of accounting and financial analysis experience.  Expertise in budgeting and economic analysis, financial reporting, and resource analysis/optimization. Solid record of performance managing analytical studies, key initiatives, and high-profile performance improvement projects. Technical expert and analyst on complex program issues. Solid critical thinking, problem-solving, research and liaison skills. Recognized for outstanding communication skills, flexibility, keen political savvy, sense of humor, and leadership abilities.  
AREAS OF EXPERTISE:  Accounting; financial analysis; program evaluation and management; strategic and operations planning and streamlining; operations management; workforce analysis and manpower planning; operational, financial, and compliance auditing; profit/revenue analysis; internal control reviews; process improvement and simplification; team and project leadership; quantitative/qualitative analysis; risk and feasibility assessment and management; database management; statistical analysis; technical, regulatory and best practices research;      Skills        Lawson, Invision, QuickBooks, MS Word, Excel, PowerPoint, Lotus Notes, and Meditech            Experience     01/2001   to   02/2011     STAFF ACCOUNTANT    Company Name   －   City        40 hours/week, 
ANALYZED FINANCIAL REPORTS AND PROGRAMS TO RESOLVE PROBLEMS.  Formatted and prepare internal financial reports for various entities.  Monitored and researched significant revenue and budget variances, including actual costs versus budgeted costs, recommending alternative courses of action.  Resolved complex issues involving multiple aspects of financial management.  Reviewed policies and principles to plan and develop financial controls and made changes and additions to cost allocation codes.  ANALYZED AND RECONCILED A VARIETY OF ACCOUNTS AND TRANSACTIONS:  Monitored, reconciled, researched, analyzed and [...]","fulltime entry level  great way to get hands on experience plenty of opportunities for growth within

location remote in morehead ky  working onsite at a medical facility as needed

hours mondayfriday 

medical screenings  vaccinations required for position

we are a leading provider of transformational outsourcing solutions and services spanning the customer lifecycle across the healthcare industry

at firstsource solutions usa llc our employees are there for the moments that matter for customers as they navigate some of the biggest most challenging nerveracking and rewarding decisions of their lives

dealing with healthcare challenges is hard enough but the added burden of not knowing how much that care will cost or having a means to pay for it often creates additional stress and anxiety its times like these when our teams are there to help guide these patients and their families through the complex eligibility and payment process

at firstsource solutions usa llc we take the burden away from the patient and their family allowing them to focus on their health when they need to most afterwards we work with patients to identify insurance eligibility help them navigate their financial responsibilities and introduce ways to achieve financial wellbeing through payment arrangement options

our firstsource solutions usa llc teams are with patients all the way providing support and assistance all the while seeing firsthand the positive impact of their work through the emotions of r [...]"
1102,494,2254,A_mid,0.41566149435517824,0.43240345,0.33333334,0.35714287,0.23562501,BANKING,Entry-Level Commercial Real Estate Agent,"GRANTS MANAGER           Summary     Finance professional successful in not-for-profit and for-profit organizations wanting to resume career after meeting personal goals and obtaining unrestricted work authorization.        Skills     Accounting, administration, preparing trial balance, balance sheet analysis, bank reconciliation, billing, budgeting, forecasting cash flows, cash management services, contracts, credit risk, due diligence, financial analysis and modeling, financial reporting, financial statement analysis, general ledger, government grant proposals, inventory management, investment Banking, invoicing, accounts payables, accounts receivables, legal issues, risk analysis, investment valuation.        Experience              Grants Manager    December 2009   to   July 2014     Company Name   －   City  ,   State      Perform due diligence on potential grant opportunities and monitor current funds portfolio.  This included reading all government updates on healthcare research funding, related financial matters and audits.  Worked as an integral person in all facets of financial administration in a small team with a culture of inclusion.  Have been appreciated and respected for my hard working skills and eagerness to learn.  Having worked with some of the best researchers in the healthcare field, I have had to wear multiple hats and work with tight deadlines.  Specialized in preparing grant proposals for both federal and non-federal sponsors that included various grants mechanisms, Clinical Trails, Research Contracts and IPAs.  Held a key role in pulling together and maintaining a large and complex international grant that involved 21 sites (domestic and international).  This role enabled me to become an excellent team player.  Managed all post-award administration for all types of sponsored research projects including, subaccounts, budgeting, creating purchase orders, invoicing, monitoring, expense processing and reconciliation, financial reporting, IRB, OM [...]","marcus  millichap is the industrys largest firm specializing in real estate investment sales and financing as well as a leading source of research and advisory services as leaders in commercial brokerage we are continuing to build our investment sales team across multiple product types multifamily retail netleased office industrial hospitality selfstorage etc

despite everything that is going on right now we are still actively hiring the brooklyn office is undergoing an expansion and we are seeking upcoming or recent college graduates who are driven and entrepreneurial to join our investment sales team as an entrylevel commercial real estate agent

this handson training combined with realworld experience will allow you to
 springboard your career into a successful commercial real estate agent
 quickly become an integral part of a team working on an active pipeline of deals while developing your own book of business
 be mentored by a senior agent who will teach you every aspect of marcus  millichaps brokerage continuum

this is a  commission sales position we offer significant earning potential to candidates who are entrepreneurial motivated eager to get on the phone ready to learn and ready to earn through our unparalleled training and mentorship program you will master the art of real estate sales while working with amazing people in a dynamic culture sales experience is appreciated but not necessary coachability is required

this is a unique opportunity working directly wit [...]"
1103,702,1197,C_rand,0.4468833498821846,0.54235804,0.35714287,0.35479778,0.3522588,CONSULTANT,System Administrator,"CONSULTANT       Career Focus     Business Professional acutely focused on customer service and network building. Promptly develops vital relationships needed to operate and succeed in a sales field. Manager with expertise in delivering support services and resolving customer complaints. Over seven years of experience in Real estate development.  Also a quick study, with an ability to easily grasp and put into application new ideas, concepts, and technologies. Exceptional organizational, communication, interpersonal, analytical, and problem resolution skills. Thrive in both independent and collaborative work environments.  Proficient in the use of computer applications including MS Word, Excel, PowerPoint and Access, as well as AutoCAD and ACT.        Summary of Skills          Training and development  Employee relations  Compensation administration  Performance management strategies  Human resources audits  Maintains confidentiality  HRMS  National Human Resources Association      Homeowners insurance knowledge  Excellent communicator  Deadline-driven  Marketing and sales specialist  New program and promotion implementation  Procedure development  Human Resources Information Systems (HRIS)            Accomplishments     Experience includes over 1,000 physical property inspections.  Promoted to City Counsel liaison after fifteen months.       Professional Experience      Consultant     May 2011   to   Current      Company Name   －   City  ,   State    Maintain in-house clients, obtain customer referrals and continuously build relationships.  Recruited and interviewed 30-60 applicants per 30 days.  Customize Benefit plans for individuals and company employees based on their current health and financial needs, family history and budget.  Administer the following benefit programs: Medical, Dental, Life, Accident, Short and Long-Term Disability. Serve clients with supportive service.  Promoted agency products to customers in person, on the telephone and in writing.  Ex [...]","intrepid museum is now hiring system administrator in new york ny  view job listing details and apply now

the systems administrator is responsible for the daily operations of the it systems infrastructure and the management of the it servers and network this position is responsible for insuring that all it facilities computer systems and applications achieve and maintain a service level of  for the museum the systems administrator will adhere to all it policies and procedures and will work with the vp of it it manager and team members to develop maintain and adhere to pci gdpr ccpa it best practices and provide evidence for audit compliance the systems administrator will stay abreast of the latest it systems technology and serve as a trusted advisor to the vp of it and it manager and champion those business initiatives and goals presented by the museums departments

responsibilities include but are not limited to
 ensure that all it infrastructure computer operating systems and applications achieve and maintain a service level of  percent uptime availability annually
 maintain and verify that all network facilities and servers are maintained with the latest software updates patches and fixes required by the it vendors to maintain support
 maintain and verify that it software hardware and network facilities are maintained with the appropriate vendor maintenance and support required to ensure uptime availability at  percent
 escalate triage and handle service issues to msp as [...]"
1104,269,1113,C_rand,0.5680121125887629,0.60095954,0.0,0.0,0.3603847,CONSULTANT,Talent Acquisition Manager,"CONSULTANT       Professional Summary     High-achieving management professional and effective consultant possessing excellent communication, organizational and analytical capabilities with about 4 years of experience in devising innovative strategies and solutions to resolve complex business challenges. Adept at managing projects, vendors, analyzing organizational operations, and performing customer journey, competitor and gap analysis.      High-achieving management professional and effective consultant with excellent communication, organizational and analytical capabilities and about 4 years of experience in devising innovative strategies and solutions to resolve complex business challenges. Adept at managing projects, vendors, analyzing organizational operations, and performing customer journey, competitor and gap analysis.       Skills          Strategy & Operations  Process Optimization  Digital Transformation      Cross Functional Team Management  Project/Product Management  Agile/Lean Methodologies            Work History      Consultant      Company Name   -   City  ,   State     06/2015   -   Current       American Global Computer Security Software Fortune 500 Company Managed and delivered a project to implement and integrate a new content management platform to create a unified brand experience, support scalability, growth and enhance digital presence for client's business - post acquisition Led cross-functional global teams consisting of technical, business and functional representatives and achieved key milestones on time with quality deliverables Prioritized, escalated and resolved issues with internal and external stakeholders Directly managed 3rd party vendor and offshore teams.  Client: American Consumer Food Products and Services Company Provided recommendations around User Centered Design and ADA compliance for E-Commerce Implementation project Performed Digital Conversion analysis using Google Analytics tool Performed User Acceptance Testing to p [...]","introduction

introduction to the job

the talent acquisition manager is responsible for talent acquisition delivery across one of asmls key sites located in san jose you will be leading the recruitment delivery for these high growth fast paced businessesyou willreport to the talent acquisition leader and be part of the us talent acquisition teamyou will coach and drive and team of recruiters and partner with hr business partners and business leaders to ensure consistent effective and efficient recruitment strategies designed to attract source and bring in top talent to meet business goals

as directed by the talent acquisition leader you will partner with employment branding for consistent corporate image throughout recruiting campaignsalign on annual workforce target and provide guidance to management on external talent marketas a successful talent acquisition expert you will use metrics and data to inform stakeholders on hiring trends turnover rates and candidate feedbackyou will implement hiring strategies built for growth and ensure a solid talent pipeline for each business group

role and responsibilities
 manage local business partnerrelationships and provide recruitment counsel and guidance to hiringmanagers to effectively deliver the most optimal recruiting solutions
 manage coach and develop ateam of talent acquisition partners ensuring delivery to hiring demand andcustomer expectations
 provide input into strategic recruitment plans for your business groups
 create [...]"
1105,266,1063,C_rand,0.4189116692258029,0.53886324,0.25,0.28419942,0.4025413,SALES,Talent Acquisition Coordinator/ Technical Recruiter (100% Remote...,"SALES ASSOCIATE       Summary     SALES & BUSINESS DEVELOPMENT  Business development professional with 14 + years being successful at acquiring, expanding and managing key health care accounts in the HVAC construction industry. Well versed in building strategic partnerships through persuasion, negotiation and personal presence. Demonstrated passion for building relationships, cultivating partnerships and growing business.       Highlights          Excellent sales techniques  Excellent communicator  New program and promotion implementation  Consultative sales techniques  Cold calling         Adept multi-tasker    CRM system experience  Contract review  Strong proposal writer  Legal implications knowledge               Accomplishments      2005 Georgia Society for Health Care Engineers:  Vendor of the Year   2007 Georgia Society for Hospital Engineers:  Service Excellence Award   2008 Georgia Society for Hospital Engineers:  PJ Wise Award Recipient/Vendor of the Year   2009 Georgia Society for Health Care Engineers:  President's Award for Outstanding Service and Dedication   2010 Georgia Society for Hospital Engineers:  Certificate of Appreciation for Devotion and Commitment   2014 Georgia Society for Hospital Engineers: 50th Year Board Member Recognition.        Experience      Sales Associate     Aug 2012   to   Nov 2015      Company Name   -   City  ,   State     Health care mechanical contracting firm  Specializing in HVAC consultation, design, installation, process heating, cooling and piping.  Contacted new and existing customers to discuss how specific products and services could meet their needs.  Answered customer questions regarding products, prices and availability.  Concentrated on retrofit jobs sold directly to the owner.  Generated new accounts by implementing effective networking and content marketing strategies.  Identified, coordinated and participated in client relationship-building activities and meetings.  Developed a new customer base consisting o [...]","description our history from our start in  conexess has established itself in  markets employing nearly  individuals nationwide operating in over  states our client base ranges from fortune  companies to midsmall range companies for the majority of the midsmall range companies we are exclusively used due to our outstanding staffing track record

who we are conexess is a fullservice staffing firm offering contract contractto hire and direct placements we have a wide range of recruiting capabilities extending from help desk technicians to cios we are also capable of offering project based work

we are seeking multiple technical recruiters to join our client a global consulting firm as they are experiencing unprecedent growth the role offers long term job security and career growth in a globally recognized organization

the talent acquisition coordinator technical recruiter job responsibilities include but are not limited to
 plan and schedule inperson or phone interviews by contacting hiring managers interviewers and candidates schedule creation space procurement candidate travel collection of interviewer feedback etc
 work with recruiters on large interview days one off interviews and events as needed
 utilize webbased applicant tracking system to maintain candidate data and reporting
 assist with candidate expense reimbursement process
perform other various administrative responsibilities related to recruiting
 utilize effective communication and followthrough while acting as [...]"
1106,845,107,C_rand,0.5017375031378354,0.621919,0.2857143,0.29411766,0.41739446,HR,Contracting Project Management Intern,"HR VOLUNTEER ASST. MANAGER       Professional Summary     I am dedicated to every project I have worked on with strong undergraduate and graduate credentials including five years experience in Assisting Management of Human Resources. I look to expand my knowledge increasing chances of future career opportunities by completing a Doctorate in business program. Educating myself as a full time student puts me in the position to operate in industries such as Manufacturing, Government, and Healthcare, those industries alone would increase my earning potential. Being educated in these aspects of business will help me operate any organization as needed with my Masters Degree in Business Administration, along with being able to comprehend what is needed for the organization to succeed. My aspiration while completing this MBA program is helping me allow myself to work in top management positions along with allowing me to show the skills gained through education.       Skills           Human Resource Management    Product Design and Development    Strategic Warehouse Management    This is where I added to my knowledge of how to run an organization in an ethical manor making sure all aspects of being true to an organization, and making sure all policies and regulations are met within a timely manner making sure the organization does not have to suffer by paying unwanted fees taking them from the organizations cash flow. Knowing how to get any product or service to receiving location on time is another aspect of the key points learned during my undergrad education learning about Entrepreneurship.    Master of Business Administration | Grand Canyon University    Dates From (2016) - Current/ Expected graduation date (04-2018)    Key points of education:    Marketing Management    Economics    Leadership Organizations    Operations Management    Quantitative Methods    Managerial Accounting    Finance    Strategic Management    Extremely organized    Conflict resolution    Self-mot [...]","contracting project management intern
 requisition  
 attrane technologiestm and through our businesses includingtraneandthermo king we create innovative climate solutions for buildings homes and transportation that challenge whats possible for a sustainable world
 were a team that dares to look at the worlds challenges and see impactful possibilities
 we believe in a better future when we uplift others and enable our people to thrive at work and at home
 as a contracting project manager you will work on all aspects of construction projects from beginning to end with responsibility for project execution while working with a team to complete objectives in a given time frame and with available resources
 you will also be responsible for the administration implementation and management of projects and accountable for assigned scope of work schedule and budget
 in particular you will enable trane technologies to focus on solutions that provide our customers with the most energy efficient buildings
 in the trane technologies graduate training program gtp you will learn from experts in the field who are committed to preparing you for a rewarding career in contracting project management
 the gtp provides you with intensive technical business and leadership training with an emphasis on maintaining the highest ethical and professional standards
  attend lectures and technical presentations that are practical for this career
  hear about real world projects from trane technologies mana [...]"
1107,426,632,A_mid,0.4824916715538244,0.45064223,0.0,0.0,1.0000001,BUSINESS-DEVELOPMENT,Business Development Associate,"BUSINESS DEVELOPMENT ASSOCIATE           Executive Profile     Award-winning sales executive with international sales experience.       Skill Highlights                      Professional Experience      Business Development Associate    January 2015   to   Current     Company Name   -   City  ,   State      Responsible for prospecting and developing relationships for unqualified, and qualified sales leads through Market Master, Sales Force, cold calls and networking.  Generated over 60 - 70 sales calls per day and distributed sales materials to the appropriate future clients.  Secured appointments for the District Mangers I am assigned to.  Built relationships with the District Managers and worked together in securing new leads and securing appointments with the proper contact before or after the client has been qualified and would assist in any way win the sale.          Managing Director    January 2000   to   January 2015     Company Name   -   City  ,   State      Marketing and Management Company for telemarketing firms and the hospitality\hotel industry.  Projects include, Accelerated Financial Center, LLC, M.R. Carter, LLC, The Ramada Inn, Stuart, FL, The Tourist Information Center of Martin County in Stuart, Florida.  With MRC, I contracted with MR Carter LLC, and Accelerated Financial Center, LLC.  Responsible for all telemarketing functions and sales, sales relationship building and administration for both million dollar company's which handled consumer credit card interest rate reductions under the Federal Credit Cart Act.  At the Ramada I was responsible for Guest Services, Group Sales, Conference Services and Catering and Restaurant Management for and Annual 4 million dollar budget.  I also instituted a program for cold calling and utilizing our CRS with the Ramada to prospect potential clients, sales promotion, and client relationship development.  This was all done also with a variety of marketing methods.  At the Information Center, I owned and manage [...]","care  is hiring licensed home care agency is looking to hire a full time business development associate to manage sale efforts and marketing campaigns for locations in bronx queens manhattan brooklyn and westchester this role will be focused on the rockland county area

responsibilities will include but are not limited to
 developing and executing a marketing plan to meet or exceed monthly quarterly and annual growth targets
 identifying evaluating and prioritizing potential referral sources within the agencys territory and surrounding area
 demonstrating a thorough and complete knowledge of the agency including our vision mission and values the services we provide and how we differentiate ourselves from other home care agencies
 establishing and maintaining professional relationships with all referral sources
 establishing and maintaining brand awareness through referral source contacts trade shows conferences and community education efforts
 representing the agency and its services in a professional competent and responsive manner
 attending monthly agency growth meetings

qualifications
 hard worker with positive attitude
 some previous office experiences
 strong written and verbal communication skills

benefits
 paid holidays off
 pto
 health insurance
 competitive salary and bonuses

looking for a hardworking and capable individual with strong interpersonal skills
 this opportunity comes with training and growth potential within the organization candidates should be hard [...]"
1108,79,682,B_xcat,0.4464139840428453,0.65152574,0.16666667,0.16666667,0.3287412,HEALTHCARE,"Commission Sales Associate - Men's, Full Time - Beverly Center","HEALTHCARE ASSOCIATE       Summary    Energetic, resourceful, and results-driven professional .Skilled at working effectively both independently and collaboratively as part of a team within fast-paced environments to complete projects and responsibilities while adhering to deadlines and quality standards.      Skills        EPIC, Microsoft Office Suite (Word/Excel/PowerPoint), Healthcare Systems, Insurance/Billing, Sorian Scheduling, Health/Medical Records, Research, Reports, Databases, Data Analysis, and PCs/Windows Applications            Experience     February 2002   to   Current     Company Name    City  ,   State    Healthcare Associate        Maintain full responsibility for demonstrating initiative, strong leadership and communication skills, and medical and healthcare knowledge to support efficient and productive day-to-day operations.  Directly accountable for a diversity of patient/unit support activities including scheduling and discharge, coordinating admission packages, arranging transportation, completing unit work orders, maintaining inventory, and preparing patient unit census.  Monitor and improve individual performance in all areas to ensure adherence to the highest levels of customer/patient service, productivity, efficiency, leadership, teamwork, and work quality at all times.                Excellent capacity to meet deadlines, build rapport with individuals from diverse backgrounds, and to support practice objectives by facilitating an environment that consistently achieves/exceeds expectations.  Responsible for maintaining professional and courteous communications, demeanor, and interactions with patients and medical staff while continuously seeking ways to provide value-added service and support.  Maintain files, documents, databases, and records to provide highly reliable information quickly and use well-developed interpersonal skills to respond effectively to both internal and external requests/inquires.  Communicate clearly and effectivel [...]","day medical dental vision benefits for eligible colleagues
 competitive pay
 paid time off
 flexible holiday timeoff  flexible scheduling
 fully funded education benefits  tuition coverage including books and fees
 instant access to earned wages with payactiv
 enhanced benefits pet home  auto insurance  more
 k plan options available
 bonus earning opportunities
 growth potential opportunities
 employee discount at bloomingdales  macys stores
a bloomingdales sales professionals primary role is to guide and inspire our customers to make style a source of creative energy in their lives with a passion for gracious service an interest in fashion styling talent and product knowledge proficiency they establish and cultivate long term client relationships both in store and online as a sales professional they deliver the bloomingdales customer experience through the art of conversation always being welcoming engaging and inquisitive creating that human connection that our customers are seeking when shopping in our stores sales professionals are responsible for actively circulating the sales floor determining the customers needs sharing the benefits of our loyalty programs and supporting the shopping experience from start to finish the bloomingdales sales professional must also deliver operational excellence by leveraging our fulfillment system merchandise to sell standards floor and fitting room upkeep
job essentials
 create an instore and online easy seamless and fun experience buil [...]"
1109,765,1777,C_rand,0.41631915865109265,0.59049326,0.0,0.0,0.3590113,ENGINEERING,CNC Programmer Machinist,"CHEMICAL ENGINEERING INTERN       Objective Statement    To obtain employment as an entry level Chemical Engineer utilizing my current experience and education.      Competencies          Project management  Scheduling tools  ChemCad, OAM, MES and EPI  Structural red-line revisions skills  Advanced written and conversational German      Process piping  Microsoft Office  Quality control  Strong presentation skills  Process improvement            Experience     05/2017   to   Current     Chemical Engineering Intern    Company Name   －   City  ,   State     Intern at AkzoNobel, assigned to the Columbus,
Mississippi plant working 30-40 hours weekly in the Hydrogen Peroxide division.
Primary duties include observation of the different processes (hydrogenation, oxidation,
extraction, distillation, mixing, and loading of peroxide and its components). Updating
the OAM, MES, and OEE portals daily with information from the chief technician.
Gathering quotes and product specifications for my two assigned projects,
red-lining P&IDs in preparation for changes within the plant, and assisting
with any jobs that my supervisor needs done. Lead any Management of Change
meeting regarding my projects. Projects are as follows: 
-Replacing an automatic valve with a control valve on a
condensate tank; adding a differential pressure transmitter to control the tank level; installing an orifice plate in the pipe to control the
flow into the tank. Responsibilities included obtaining bids for mechanical
labor, electrical and instrumentation labor, and DCS configuration and quotes
for instrumentation. The scope of the project was $50,000.

- Installing an RF Capacitance probe on an existing sight
glass on a holding tank; replacing a chemical hose with a 316L stainless steel
pipe and installing a control valve in the pipe to control the interface level
within the sight glass. Responsibilities included obtaining bids for mechanical
labor, electrical and instrumentation labor, and DCS configuratio [...]","cnc programmer machinist

we are currently seeking a fulltime salaried cnc programmer machinist to join our team in our hawthorne ny  location

who we are

founded in  clarapaths mission is to transform the laboratory space and advance how hospitals provide laboratory care our company is strategically backed by one of the largest hospitals in the country as well as visionary pharmaceutical and academic leaders in collaboration with our partners we aim to improve patient care through our automated processing analysis and diagnostics technology

from our fully automated precision sectioning technology to worldclass imaging and analysis expertise our team is building a robotic system that will impact the future of digital pathology we offer challenging opportunities to join a uniquely innovative company that straddles the worlds of medical devices robotics industrial automation and technology

to learn more about us please visit us at

about the role

clarapath is looking for a cnc programmer machinist who has machine shop experience in a manufacturing environment skilled in the operation of a cnc mill cnc lathe manual equipment tools and measuring devices the cnc machinist will produce parts in a production and rd setting and will collaborate with engineers for dfma and optimal machining designs

what youll do

core duties and responsibilities include the following

program and operate cnc mill axis and cnc lathe for the manufacturing of  unique parts

operate any type and size [...]"
1110,771,1624,C_rand,0.49686278999133465,0.64234877,0.2,0.2537796,0.15919136,APPAREL,Senior Statistical Programmer,"PRODUCTION CONTROL / SR. MERCHANDISER       Summary    Seeking fulltime/contract position where I can use my engineering, management background, Operation knowledge, merchandising and analytical skills at the most.      Skills          MS Excel: Pivot table, Hlook up; Vlookup, moderate macros, advanced functions.  Access, MS Word, MS PowerPoint, MS Outlook., SAP              Accomplishments      Taken training on different type of stitching machines like SNLS, DNLS, F-O-A, W/B attaching machine, 5-thread, 3-thread, bar tack, zigzag machine and many more.  Worked in washing dept.  PPC in washing department, and also handling production of washing dept.  with all type of washes like enzyme wash, DV, MV.  Achievements and Extra-Curricular Activities:.  Attended the course on ""Computer aided Textile Design"" By Canada-India Institute Industry Linkage Project at L.D.C.E, Ahmedabad.  Participated in ""LAA Teqnix"" 2006 At L.D.C.E.  Ahmedabad.  Participated in ""LAA Teqnix"" Tex Icon-Smarter 2005 At L.D.C.E.  Ahmedabad.        Experience      Production Control / Sr. Merchandiser     Sep 2009   to   Aug 2011      Company Name         Manufacturer & exporter of home textiles) Managed purchase order, pricing and production planning of assigned customers using SAP.  Implement and control production schedule.  Coordinated with planning team to review and procure materials to achieve manufacturing build requirements for multiple product lines, and worked with manufacturing, planning, and engineering departments to enable purchasing and acquire cost-effective inventories.  Completed data collection and analysis of the company s procurement and supply chain processes, offered recommendations using supply chain tools and performance metrics.  Analyze production and quality control to detect and correct problems.  Negotiated pricing and fabric requirements with international and domestic buyers as well as customers.  Coordinated to buyer for pricing ,approval, production time, shipment. [...]","be part of our empowered parexel statistical programming team today the senior statistical programmer with sdtm experience will contribute to meaningful advances that benefit patients in need

as a senior programmer you will be recognized as a subject matter expert providing technical support and expert advice to internal and external sponsors parexel will provide you with the perfect opportunity to expand on your experiences and develop new skills in a stimulating work environment

key responsibilities include not an exhaustive list of duties
 input into and negotiate statistical programming timelines
 ensure that timelines are adhered to coordinate and lead a statistical programming team to successful completion of a study within given timelines and budget
 monitor project resourcing project budgets and identify changes in scope
 ensure quality control qc on all process and technical activities related to derived dataset table listing and figure programming in accordance with corporate quality standards
 maintain all supporting documentation for studies in accordance with wsopsguidelines to ensure traceability and regulatory compliance
 provide a broad range of leadership and influencing capabilities to achieve the business objectives and goals for both parexel and sponsors
 provide leadership project specific training stakeholder management external sponsor support resource management and project management for the required programming tasks supporting clinical trial activ [...]"
1111,305,512,topK,0.47039913093967906,0.584582,0.25,0.21369216,0.38544708,ADVOCATE,Staff Attorney,"MARKET CONSULTANT - HEALTHCARE ADVOCATE           Professional Summary    Ambitious and dedicated managed care professional with robust organizational, communication and customer service
skills. Multi-disciplinary industry expertise with an emphasis in provider outreach, research\analysis and data integrity. Seeking a position to partake in new and innovative improvement processes and proactive provider education efforts.      Education and Training      BBA   :   Business Administration Human Resources Management      University of New Mexico   －   City  ,   State      Business Administration Human Resources Management        Skill Highlights                 Government relations knowledge  Provider education and communication   Personal and professional integrity  Database management         Relationship and team building  Organizational planning  Sound decision making   Excellent research skills   Claims analysis and review specialist  Project management               Professional Affiliations    Member of Alpha Chi Omega Sorority      Professional Experience      Market Consultant - Healthcare Advocate    August 2015   to   Current     Company Name   －   City  ,   State      
    Provides in the
    field
    market
    by market strategy,  expertise, &
    execution on Risk Adjustment  &
    Clinical Quality Programs (HEDIS/Stars) 
    prospective and retrospective programs for Providers.
       Acts
    as a designated resource for the Provider group to gain engagement.  
    Performs
    data analytics to help identify high risk members and to develop a strategy and
    plan for the practice.  Consults
    to help improve coding accuracy, documentation and management of patient
    assessment information.  Facilitates
    access to medical records for chart review purposes.
      Utilizes programs such as SalesForce, Tableau, Concur, and SharePoint to track various activities and reporting.          Provider Network Specialist    February 2014   to   August 20 [...]","position overview

access justice brooklyn has an exciting opportunity for an attorney to serve as a staff attorney for its consumer law practice the staff attorney will oversee all aspects of our volunteer lawyer for the day consumer debt program vlfd program in kings county civil court and will work with our director of legal services and staff to strengthen our consumer debt practice including chapter  bankruptcy fair debt collection practices act practice and the civil legal advice and resource office claro which delivers critical advice and representation to hundreds of litigants a year the staff attorney will have the unique opportunity to shape access justice brooklyns work and leadership in an evolving practice area as the economic crisis continues requiring innovative and coordinated responses

key responsibilities

 manage all aspects of the access justice brooklyns vlfd program

 recruit volunteer attorneys to provide pro bono representation to access justice brooklyn clients by conducting cle trainings and presentations on consumer debt and bankruptcy

 mentor and support volunteer attorneys law students and staff handling consumer debt and bankruptcy matters

 oversee claro clinics in civil court including staffing recruitment and supervision of volunteers and law students

 maintain a caseload of consumer debt and bankruptcy matters

 conduct intake and provide advice and brief services to brooklyn residents who are proceeding pro se in consumer debt and bankrup [...]"
1112,780,485,A_mid,0.4149754877142469,0.4682343,0.0,0.0,0.2967338,ADVOCATE,Vice President Marketing,"BENEFIT ADVOCATE SUPERVISOR           Summary    Represent a reputable company as an Underwriter, proving my value by building and 
supporting a healthy and profitable book of business.      Highlights          Licensed Property, Casualty, Life and Disabilty Insurance Agent in Washington.  Technical and Soft Skill Coaching, Supervising, Coverage Counseling, Training.  Development of Training Materials, Workflows, Procedures, SharePoint Sites, Wiki Pages,  Quality Assurance Programs, Form Letters and Newsletter Articles.  Problem Solving, De-Escalations, Employee Development, Quality Assurance  Work Force Management, Time Keeping, Vacation Scheduling, Attendance and  Schedule Adherence Coaching, Hiring, Employee Onboarding and Termination.  Customer Care, Front-Line Underwriting, Needs Analysis, Cross Selling,  Up Selling, Endorsing Policies, Billing Analysis, Collaboration, Project Management.  Proficient with MS Windows, MS Office, Applied Epic, Vertafore Sagitta / BenefitPoint, CC Pulse,  Verint Impact 360, Verba, Kronos, MyTime, DocuSign, Taleo, Cisco Enterprise/Finesse/Admin/Report Server, SalesForce Service Cloud and more.  Running reports, analyzing and organizing data in Excel using pivot tables.  Experience with products and services of a multitude of insurance carriers, including but not limited to American Modern, Chubb, Dairyland, Foremost, Kemper, RLI, Mapfre,  MetLife, Mutual of Enumclaw, PersonalUmbrella.com, Progressive, Safeco, Travelers, Premera Blue Cross, Regence Blue Shield, United Healthcare, Aetna, Cigna, Kaiser Permanente, Group Health, Symetra, Unum, Delta Dental, Willamette Dental and VSP.                Experience      Benefit Advocate Supervisor    May 2014   to   Current     Company Name   －   City  ,   State      Provide guidance and direction to a team of Licensed Life and Disability Benefit Advocates Present and promote Benefit Advocate services to both internal and external prospects.  Assist Consultants and Client HR with advanced ne [...]","about the company

webbmason is a fullservice marketing firm with offices coast to coast  from our corporate headquarters in hunt valley maryland to los angeles and just about every major metropolitan area in between for over  years weve been focused on helping activate brands at the local level through engaging content material and merchandise  providing upstream strategy creative services and technology connected to downstream production and distribution both physical and digital

effective july  webbmason marketing has merged with supplylogic combining two brands that together  provide an unmatched portfolio of techenabled marketing services for print branded merchandise point of sale and digital solutions

job summary

were looking for a creative and passionate vice president of marketing who will work directly for our chief strategy officer helping define support activate and optimize the combined companies aggregate gotomarket strategy this is a remote role based out of new york with planned travel to key office locations including the corporate office located in hunt valley maryland

ideal candidates will be able to do the following
 thrive in a fastpaced environment with the ability to manage multiple priorities
 proactively identify businessmarketing opportunities and create action plans
 manage and plan at both the strategic and operational levels
 lead creativedesign strategy everything you hear see and touch
 infuse passion creativity and innovation into our busin [...]"
1113,729,1615,topK,0.5989746362168803,0.6526276,0.5,0.58852607,0.06267347,APPAREL,Work From Home Administrative Assistant Skills (Data Entry - Remote),"BOOKSELLER         Professional Profile    Ever since I've been able to work I have, the day I turned 16 I got a job at Wal-Mart and I was with Wal-Mart for about a year and a half. My only reason for leaving my job at Wal-Mart was because I had to get a second job for my co-op class that I had in high school. I did work both jobs for a few months but I had to quit at Wal-Mart because they couldn't work with my other job schedule. While I was an associate at Wal-Mart I did work different departments such as apparel, jewelry, and I worked as a cashier. I currently work at a Childcare to help me pursue my future career in Speech and Language Pathology. I have experience in customer service, and talking to parents and children. I consider myself a very driven hard worker, if I am given a task I complete it to my best ability.       Qualifications          Customer service mindset  Receive return merchandise  Enthusiasm  Professional appearance      Restocking  Cheerfulness  Efficiency              Experience      Bookseller  ,   08/2016   to   Current    Company Name   －   City  ,   State       Cleaned and straightened work area.       Bagged merchandise by following standard procedures.      Organized register supplies.      Worked with customer service to resolve issues    Unboxed new merchandise.       Rotated stock to maintain freshness.      Operated cash register with proficiency.       Provided professional and courteous service at all times.      Worked overtime shifts during busy periods.             Teacher/ Closer  ,   09/2014   to   Current    Company Name   －   City  ,   State      During my time at Southside Christian Childcare and Preschool I have learned many things.  From simple things of how to properly sanitize a changing table to having to take care of a child after a bad accident.  I have learned how to better communicate with others, and care for children properly.  Some of my responsibilities as a teacher was to teach the children the things they [...]","work from home entry level data entry associate

are you looking for a way to earn part time work from home money that you can do whenever you want we are looking for people who want to work remotely from home youll need an internet connection and a way to do the tasks such as mobile device or computer

we need folks who want to do tasks micro tasks work from home opinion panels online focus groups and more this is not a job but a fun way to earn extra cash working from home part time on the fly  work when you want sign up today for free and start cashing in work from home from any location any hours any day your choice do work get paid

join the folks who work from home apply today

all backgrounds welcome work from home part time amazon customer service representative medical professional remote work at home drivers administrative assistant work from home customer service representative registered nurse web developer assistant manager pharmacy techniciancovid

work from home

high school diploma or ged  this is entry level

current usa resident

speak read and understand english  spanish a plus as more opportunity is available to you

able to focus and follow through

this is a remote work from home part time gig youll need a computer laptop or mobile device

microsoft word or excel helpful as a tool to keep yourself organized but not mandatory

work from home part time amazon customer service representative medical professional drivers medical receptionist our folks come f [...]"
1114,177,1583,topK,0.4699356980091721,0.54184,0.0,0.0,0.18758488,FINANCE,Civil Rights Investigator 1 - Columbus,"HUMAN RESOURCE/ FINANCE ANALYST           Summary    Human Resource Professional:  Seeking a challenging position that will allow me to grow professionally, which requires me to utilize my strong educational, organization, and excellent interpersonal skills.      Highlights        Microsoft Office Suite (PeopleSoft, Outlook,Word, Excel, Power Point, Publisher).              Experience      Human Resource/ Finance Analyst    June 2013   to   Current     Company Name   －   City  ,   State      Provide support to Columbia University community by providing excellent customer service via telephone, email and the self-service system.   Responsible for resolving customer/ employees problems related to Human Resources, Payroll Labor Accounting transactions, Data, JACS and RAPS applications and Finance.  Utilize a variety of systems such as PeopleSoft HCM and other programs used throughout the university.  Answer calls in a professional matter, resolving them directly or redirecting them to appropriate department.   Responsible of researching and resolving client request and logging all calls in a web incident form. Follow-up with incidents not immediately resolved.   Work with HRPC, Payroll Operations, Payroll Labor Accounting, Accounts Payable, Vendor Management, and Purchasing among other departments to resolve incidents, recommend solutions and process any changes.  Serve as a resource for HRPC staff providing guidance and assistance when appropriate.  Provide accurate trending data; representing the university factually and professionally.  Knowledgeable of Columbia University's Human Resource policies, Hiring and recruiting, Workplace notices, Labor Laws, and other essential information.           Human Resource Supervisor/Hiring Specialist     June 2011   to   April 2013     Company Name   －   City  ,   State      Responsible for supervising a group of over 120 employees and clients.   Responsible for recruitment of employees, contractors, per-diem and interns.   Resp [...]","did you receive the following experience andor training during your undergraduate program


job description
primary location united states of americaohiofranklin countycolumbus
work locations civ columbus region  east broad street columbus 
organization civil rights commission
classified indicator classified
bargaining unit  exempt bargaining unit
schedule fulltime
work hours  am to  pm
compensation 
unposting date jun    pm
job function investigation
job level individual contributoragency contact name 
agency contact information 

civil rights investigator   columbus

job duties
conducts intake with charging parties relative to chapter  of ohio revised code by letter telephone or in person regarding general information for submitting charges of alleged discriminationprepares charge affidavits and intake interview forms evaluates forms to ascertain jurisdiction under chapter  of ohio revised code eg employment public accommodation credit and defines basis of discrimination ie race color religion sex national origin handicap age or ancestry
investigates single issue charges of discrimination excluding cases involving allegations of housing discrimination and sexual harassment gathers evidence relative to investigation and conducts onsite andor factfinding conferences with complainants witnesses and respondents andor investigates cases of moderately difficult nature excluding cases involving allegations of housing discrimination and sexual harassment ie multiple bases of discri [...]"
1115,406,591,B_xcat,0.46910736065488395,0.6029851,0.22222222,0.12058765,0.32887846,BUSINESS-DEVELOPMENT,Construction Project Manager (Remote),"BUSINESS DEVELOPMENT SPECIALIST       Summary    Retirement Benefits Specialist with over 10 years experience administering benefits for large corporations and government employees, delivering solutions at varying levels as they pertain to the diverse knowledge base of the employees I assist. Have extensive experience in delivering benefit plan rules and regulations as well as federal and state laws to a diverse population. Highly detailed and self motivated who is detail oriented and well organized.           Experience      Business Development Specialist     Apr 2016   to   May 2016      Company Name   －   City  ,   State   Contacted prospective customers from internet inquiries or unsold showroom visits at Capital Ford to determine reason for not purchasing a vehicle . Attempted to re-schedule an appointment with a salesperson to complete transaction.       Cashier/Office Support Staff     Apr 2015   to   Feb 2016      Company Name   －   City  ,   State     Assisted customers with purchases, maintained daily deposits, dispersed trucks to surplus pick up requests through.  SPMS system, maintained inventory , answered incoming calls, researched any inventory items and their disposal.  Maintained departmental purchase files as well as daily receipts and pick up requests.         Data Collection Interviewer     Mar 2015   to   Apr 2015      Company Name   －   City  ,   State     The survey examines access to the health system, health status, and health determinant characteristics of Ohio's Medicaid program for Medicaid eligible and non Medicaid populations.  Made outbound calls to respondents to conduct social science survey using a script, and adding the data collected from the respondents into computer system while speaking to the respondent..         Retirement Case Administrator     Oct 2013   to   Sep 2014      Company Name   －   City  ,   State     Conducted benefits administration for 2-300 benefit-eligible employees.  Obtained missing information when needed [...]","job description

we are currently seeking a talented and motivated individual to join our team as the cigars international construction project manager in this position you will be responsible for overseeing the construction process for buildings and infrastructure of new retail locations the ideal candidate is one who has a construction management background in the commercial construction of retail locations

responsibilities
 serve as jobsite representative for cigars international
 assist in the identification and qualification of the various subcontractors required for the project including all site and building trades
 coordinate and align on all requirements set forth by landlord developer federal state and local government agencies
 provide coordination and input as needed with utility companies providing services and infrastructure for the project including schedule and cost management
 coordinate with internal and external support teams outside of general contractor scope including but not limited to  internal information technology team security system security cameras low voltage install dish network install cloud cover music data and voice provider and ffe
 develop initial project specific cost estimates and taking lead responsibility with the budgetary management of the various cost components of the project
 monitor and ensure schedule performance and quality workmanship of inhouse crews and contractors
 work closely with the contractor architect civil engineer [...]"
1116,16,490,C_rand,0.49842389229522516,0.5604673,0.125,0.13157895,0.30436122,ADVOCATE,Chief Executive Officer,"SENIOR CUSTOMER SERVICE ADVOCATE           Professional Profile     Over ten years of management and customers services skills in retail and call center environment. Expert computing and technology skills in multiple software applications.       Qualifications          Leadership  Sales  Writing  Communications  Customer Service      Training  Counseling  Client Support  Multitasking  Professional  Microsoft Office             Relevant Experience     Increased client engagement in all Active Health products and services sales by 98%. each quarter.        Experience      Senior Customer Service Advocate    October 2010   to   November 2016     Company Name   －   City  ,   State      Provides daily leadership to customer service staff.  Identifies system and workflow improvements to enhance the team's efficiency.  Handles telephone and written correspondence from varied sources.   Explains customer/member specific plan of benefits along with member's responsibilities in accordance with contracted arrangements.   Documents and tracks all member contacts, events, and outcomes via appropriate systems.   Accesses information from a variety of systems and references including contracting and network system.           Shift Supervisor     August 2009   to   October 2010     Company Name   －   City  ,   State      Completed day to day operation of the store such as overseeing staff.  Responded to customer inquiries and complaints.  Directed and supervised employees engaged in sales, inventory-taking,  Reconciling cash receipts, or in performing services for customers.  Monitored sales activities to ensure that customers receive satisfactory service and quality goods.  Assigned employees to specific duties.          Manager of Parts Sales    December 2008   to   July 2010     Company Name   －   City  ,   State      Resolved customer complaints regarding services, products, or personnel.  Monitored sales staff performance to ensure that goals are met.  Conferred with company o [...]","description

summary of duties the ceo is the face of ohio ent  allergy physicians responsible for the overall leadership and strategic planning of the medical practice and related parties selected by the board of directors the ceo is expected to carry out the mission of the organization while ensuring the clinical and financial operations of the practice are performing at an optimal level the ceo focuses on longrange goals strategies plans and policies routinely exercising discretion and independent judgment in the performance of job duties the ceo is accountable for the overall programmatic and fiscal integrity of the organization and will closely coordinate and work with the board of directors and senior leadership team the ceo is also responsible for networking and building partnerships to expand and support the mission of ohio ent  allergy physicians

supervision  reporting reports to the board of directors

primary responsibilities

provide clear communication to and establish credibility within all levels of the organization in order to effectively lead the physicians management and employees of the organization

develop and update organizational design management and processes for maximum productivity efficiency and cost effectiveness with an emphasis on achieving economies of scale

develop and maintain a culture of collaboration accountability and performance with a shared vision for the future to include emphasis on employee retention engagement and incentives

lea [...]"
1117,354,1330,B_xcat,0.4622019623133637,0.5994072,0.25,0.25,0.43210512,AUTOMOBILE,Sales And Marketing Representative,"RECRUITER         Career Overview     Mature and professional administrative assistant with over 8 years of experience  seeking an employment opportunity where my skills and versatility        Core Strengths          Microsoft Office proficiency  Telecommunication skills  Telephone inquiries specialist  Customer service expert  Strong work ethic  Good written communication  Self-directed          Excellent communication skills  Persuasive communication expertise  Goal-oriented   Professional and mature  Meticulous attention to detail             Accomplishments      Customer Interface     Greeted customers upon entrance and handled all cash and credit transactions.  Assisted customers over the phone regarding store operations, product, promotions and orders.     Market Research     Interviewed clients via market research surveys to identify product issues and customer needs.     Product Sales     Cross-sold services at a rate of 30%, upgrading customers to different plans and product packages.     Multi-tasking     Cashiered with two cash registers at once in tandem to maximize customer flow.         Work Experience      Company Name    City  ,   State    Recruiter   02/2012         Communicated the duties, compensation, benefits and working conditions to all potential candidates  Employed multiple feedback mechanisms and analysis to continuously improve the recruiting process.  Maintained an accurate candidate tracking system.  .Contacted all job applicants to inform them of their application status.          Company Name    City  ,   State    pastry decorator   10/2014   to   02/2015       Diligently completed all assigned tasks, working overtime as needed.  Documentation Ensured charting accuracy through precise documentation.  Customer Service Researched, calmed and rapidly resolved client conflicts to prevent loss of key accounts.   Prepared ingredients to make different icing.  Maintained a steady, quick pace to beautifully decorate thousands of pastries a wee [...]","apply now

our company prides ourselves on generating outstanding sales results for clients

we have the ambition to succeed and grow  with our hardworking marketing sales force and our experience in promotional work this will be a year for expansion and even greater results weve recently acquired an exciting new client to add to our database we are now looking to source a confident new candidate to join our growing team

we are looking for candidates who may hold some experience however experience within the sales or marketing sector is not fundamental as we work with candidates to develop product knowledge and presentation skills

responsibilities
 customer representation
 product demonstrations
 brand management
 face to face customer service
 new customer acquisitions and existing customer upgrades
 opportunity to participate in regional and national seminars with campaignspecific specialists travel opportunities

requirements
 enthusiastic
 ambitious
 creative
 proactive

full time immediate start availability is preferred"
1118,648,576,A_mid,0.5299920585498008,0.4896455,1.0,1.0,0.26014435,BUSINESS-DEVELOPMENT,"Office Specialist I, Behavioral Health, Full Time/Days","BUSINESS DEVELOPMENT CONSULTANT         Executive Summary     Dynamic financial services and business development leader with 17+ years of combined experience across diverse banking and sales platforms. Dedicated to delivering services excellence while surpassing revenue objectives, working closely with teams and clients to address needs. Enforces adherence to organizational policies, procedures, and standards as well as industry regulations. Blends strong analytical and communications acumen to generate comprehensive research and reports - supporting planning and decision-making. Senior loan operations specialists skilled in collaborating with multidisciplinary teams throughout application and financing processes.        Core Qualifications          Loan operations & documentation   Compliance guidelines  Risk mitigation  Team leadership & support  Investments management  Home & commercial mortgages   Microsoft Office      Business development  Negotiations  Stakeholder relations  Customer service  Sales life-cycle  Underwriting requirements   Financial & credit data analysis  Prospecting & referrals            Professional Experience      Company Name    City  ,   State    Business Development Consultant   02/2019   to   04/2020        Delivered expert consulting services in financing, operations, sales, and marketing.      Fueled revenues and achieved top client satisfaction / referrals, maintaining top producer ranking by securing up to 50 new clients monthly.    Forged and cultivated productive relationships with customers and team members, facilitating full sales process by identifying and addressing individual needs.    Developed and implemented process improvement plans based on client feedback and operational monitoring.    Served as key expert in products and services, skillfully representing brand and overall offerings.            Company Name    City  ,   State    Business Development Manager   03/2017   to   02/2019       Spearheaded new business develo [...]","what do you think about this type of role

job summary
 signon bonus
were hiring an office specialist i for the behavioral health outpatient department in jacksonville florida this is a fulltime days position located at baptist southbank plaza downtown
the office specialist will support the behavioral health department to accurately register all patients and update demographic and insurance information for maintenance of accurate information this position requires an individual who can multitask and obtains excellent written and verbal communication organizational skills and a previous experience in clerical work
shift details mondayfriday 
office specialist i behavioral health outpatient department job responsibilities 
providing business services for patients and the healthcare systemensuring accurate patient registrationposting patient charges and paymentsoperating a multiline phone system while maintaining telephone protocolsassisting patients as needed become a certified transcranial magnetic stimulation tms  healthcare technician training providedscheduling tms treatment appointmentsadministering tms treatments according to specific physician protocolssetting up tms medical device monitoring patients troubleshooting and resolving issues with patient comfort and coiling contact throughout treatment sessionif you are interested in this office specialist i position at baptist southbank plaza please apply now
in keeping with our mission and core values baptist is requiring [...]"
1119,424,493,topK,0.5771884686658646,0.59500676,0.4,0.4426095,0.570284,ADVOCATE,Accountant,"BUSINESS ADVOCATE BANKER      Cruz    Navarro      Cruz    Navarro       Professional Summary         Highly ambitious professional with background in Financial Services Procurement and Management. Expertise in market analysis, forecasting and client needs assessments.      Highly ambitious professional with background in Financial Services Procurement and Management. Expertise in market analysis, forecasting and client needs assessments.       Skills    account management, Business Development, business operations, CISCO, International Business, logistics, Oracle, purchasing, Sales, spreadsheets, tax law      Skills             Budgeting and finance  Strong verbal communication  Conflict resolution  Client assessment and analysis                     Budgeting and finance  Strong verbal communication  Conflict resolution  Client assessment and analysis     Proficient level Microsoft Office   Oracle  CRM              Strong verbal communication  Client assessment and analysis  Conflict resolution    Proficient level Microsoft Office   Oracle              Strong verbal communication  Client assessment and analysis  Conflict resolution    Proficient level Microsoft Office   Oracle           Work History     07/2016   to   Current     Business Advocate Banker      Company Name   –   City  ,   State      Target and identify affluent clients, analyze their needs, provide financial solutions based on their relationship with the bank and refer then to the appropriate business line when required.  Company's advisor for the Small Business Development, provide financial wellness solutions for new and existing clients.  Consultation of credit products and state regulations for business origination and ownership.  Plan, develop and execute out of office visits and venues to small business owners to develop stronger relationships and increase profitability.  Participate on a weekly basis on conference calls with the Small Business Segment leader and Wells Fargo at Work Program di [...]","description robert half is seeking a staff accountant for our lakewood nj office
 if you have solid accounting excel and erp skills are highly organized and detailed oriented this may be the role for you
 please review the job tasks listed below and apply today
 financial reporting including gross margin  cogs intercompany transactions and monthly schedules
 royalties  commissions  prepaids accruals payments and weekly schedules
 supporting variance audit requirements
 other projects as assigned requirements chargebacks chargebacks monthly bank reconciliation monthly journal entries robert half is the worlds first and largest specialized talent solutions firm that connects highly qualified job seekers to opportunities at great companies
 we offer contract temporary and permanent placement solutions for finance and accounting technology marketing and creative legal and administrative and customer support roles
 robert half puts you in the best position to succeed by advocating on your behalf and promoting you to employers
 we provide access to top jobs competitive compensation and benefits and free online training
 stay on top of every opportunity  even on the go
 download the robert half app  and get tap apply instant notifications for aimatched jobs and more
 call your local office at 
 robert half will consider qualified applicants with criminal histories in a manner consistent with the requirements of the san francisco fair chance ordinance
 all applicants applying for us [...]"
1120,116,1018,A_mid,0.41619080453097224,0.48701406,0.33333334,0.33333334,0.45904732,SALES,"Field Sales Representative- Columbus, Ohio","SALES       Professional Summary    Talented Construction Manager with more than twenty years of success on various projects as an Independent Contractor. Solid experience managing all levels of small to large scale projects.  Extensive experience in the preparation of complete cost estimation. Accomplished in completing project on time at or under budget.  Strong leadership and relationship building skills by providing clear direction and explanation of plans and contract terms. Meticulous work. Proficient at juggling multiple tasks, working under pressure, and take pride in attention to detail. Collaborate successfully with architects, owners and construction staff to complete multi-million dollar projects.         Experience     01/2016   to   Current     Sales    Company Name   －   City  ,   State      Sell rifles, pistols, shotguns and their accessories.  Provide quality control for state and federal required paperwork.  Provide excellent customer service by identifying customer and company needs.  Provide company maintenance services.  Competently install purchased accessories to customer firearms.         01/1992   to   01/2015     Broadcast Engineer / Construction Project Manager      City  ,   State      Reviewed plans and specs during the schematic design of pre-construction.  Completed tear-down of existing structures and prepared for new construction Coordinated utility service providers according to project schedules.  Obtained building and specialty permits from local jurisdictional agencies.  Conducted weekly production and operations contractor meetings, which facilitated stronger communication and the ability to resolve critical issues.  Performed regular job site observations to provide direction for all general contractor personnel.  Reported to the immediate supervisors on production and conformance with the contract schedule.  Conducted all critical pre-installation conferences with general contractors, subcontractors, consultants and manufactur [...]","primary responsibilities
 responsible for promoting great lakes brewing company products and maintaining professional business relations with accounts in assigned territory
 genuinely engaged in the companys strategic goals and supports the companys stated values and triple bottom line initiatives
essential functions and duties

field duties
 direct calls on accounts sell in initiatives ie new brands and packages marketing promotions etc
 promote additional placements and increased velocity of glbc products
 conduct daily sales calls to on and off premise retailers
 promote additional placements of glbc products
 conduct retail samplings on premise promotions and beer dinners
 complete and submit weekly and monthly recaps and reports
 responsible for proper scheduling of brand ambassadors ensuring they have the appropriate toolsresources and training
 conduct brewery visits for retailer
 responsible for completing account surveys as required
 complete and submit weekly and monthly recaps and reports
 manage and operate within assigned expense budget
stakeholder management
 conduct workwiths monthly with distributor salesmanagement and direct manager as necessary
 manage pub exclusives and specialty brews with distributor
 manage distributor pos inventory on a monthly basis to maximize use of pos in the trade
 ensure the distributors inventories and retail trade are rotated properly and are in code conduct monthly distributor warehouse walks to check rotation and out of code p [...]"
1121,615,2272,A_mid,0.4138181082023713,0.41732797,0.0,0.0,0.42563552,ARTS,Program Coordinator,"VISUAL ARTS TEACHER       Summary       Art education professional  driven to inspire students to pursue academic and personal excellence. Strives to create a challenging and engaging learning environment in which students become life-long scholars and learners. ​         Highlights          Rated Master Teacher  NAEA member, TAEA member  Multi-media instruction  Committed to cultivating student leadership  
















Excellent classroom management        Social media savvy  Traditional fine art skills   15 years experience in art education  
















Lesson plan development

  
















Detail-oriented            Accomplishments      January 2017-Led 200 adults and students in art installation in Chiang Mai, Thailand.      Featured in local and international art exhibitions.   







Judging numerous state and regional art meets   







SBISD Volunteer of the Year 2010 (Mentor)   







Texas Association of Private and Parochial Schools- State Art Meet Director   







NAEA chapter sponsor   







Deans List 2 semesters   Rated Master Teacher in public school system        Group Exhibitions      2014   IMAGO-Redemption, juried exhibition, Houston, TX  2014   18 Hands Gallery, juror Jay Hill, Houston TX  2014   Monumental Metal Works, Riddle Gallery, Bryan, TX  2015   8th Annual Cameo Emerging Artists Exhibition, Baytown, TX  2015   Kuntsthaus, Artist in Residence Exhibition, Salzwedel, Germany  2015   Under the Radar , curator Sally Sprout, Williams Tower Houston, Tx   2016   Holiday Group Exhibition, Samara Gallery, Houston, Tx  2016   Rising Eyes of Texas, prize juror-Anna Stothart, Rockport Center for the Arts   2016   IMAGO-In His Name, juried exhibition, Houston TX   2016   Beeville Art Museum, juried Texas Artist Exhibition, Beeville, Tx  2016   TeaPlusArt, juried exhibit by Clayhouston members, Houston, Tx  2016   The Jung Center, Spirit and Matter, juried exhibit, Houston, Tx  2017   Hardy and Nance Studios, Black and White exhib [...]","job description

program coordinator position in the nisonger center to implement academic and internship college programs with faculty families and community organizations for students with disabilities as part of the transition program collaborates with faculty and instructors to develop access for students in university courses aligned with their interests abilities and needs implements monitors and enforces academic and policies and procedures management for students in courses and the academic center implements and monitors studentcourse matching process collects data and summarizes evaluations from faculty teachers and peer mentors to monitor the progress of students supervises including interviewing training and evaluating a cohort of peer mentors each semester reviews and recommends training to meet student needs advises students on selecting courses to enhance academic skills including oversight of accommodations and modifications of specific course assignments participates in personcentered planning meetings and implements actions steps plans prepares and teaches a cohort of tops students annually according to the university academic schedule and other duties as assigned

advise tops students through the course selection process course sequencing and identifying and utilizing necessary accommodations and modifications

plan prepare and teach a cohort of tops students annually according to the university academic schedule

oversee cohort of undergraduate students sup [...]"
1122,269,2196,C_rand,0.41178149570468164,0.48787138,0.0,0.0,0.33049908,BANKING,Talent Acquisition Manager,"PARTNER ACCOUNT MANAGER       Executive Summary    Over 6 years of customer facing management experience in managing Healthcare IT and Banking industry. Managed teams of 15 to 20 members and projects involving cross functional teams to achieve organizational goals.      Core Qualifications          MS Excel, Project, Word, PowerPoint  SAP R/3  SPSS  Oracle SQL (TOAD)  SalesForce CRM  VISIO              Professional Experience      Partner Account Manager     04/2014   to   08/2014      Company Name           Partner portfolio and revenue management.  Managed project with regard to the Customers product deployment in SaaS Platform.  Responsible to create partner Quotations, license renewals and Service Addendums.  Resolving In-service request through Jira and registering nodes and adding servers on SaaS Plaza platform.  Monitoring the Invoice and Billing on product renewals.  Setting up the Product demo environment for the Partners and their customers.  Assisted Partners with online training and educate them about the product usage in the cloud platform.         Client Account Manager     07/2011   to   12/2013         City        Drive sales through Partners and Distributors.  Managed existing partners and generate revenues from them Conducting promotional activities and events for partners and Distributors  and  also encourage new channel partners through the events organized to understand the Program benefits Planning and implementing marketing and partner relations programs to increase partnership growth and retention Analyzing and identifying the ways to maximize the revenue through lead generation and Promotional events.  Handling Latin American Market and Accounts tagged to the territory for Premier and Elite partners.  Working together with Sales representatives to create Quotations, license renewals and approve Deal registrations for the partners based on their Certifications and partner levels.  Creating awareness about the Partner benefit program in order [...]","introduction

introduction to the job

the talent acquisition manager is responsible for talent acquisition delivery across one of asmls key sites located in san jose you will be leading the recruitment delivery for these high growth fast paced businessesyou willreport to the talent acquisition leader and be part of the us talent acquisition teamyou will coach and drive and team of recruiters and partner with hr business partners and business leaders to ensure consistent effective and efficient recruitment strategies designed to attract source and bring in top talent to meet business goals

as directed by the talent acquisition leader you will partner with employment branding for consistent corporate image throughout recruiting campaignsalign on annual workforce target and provide guidance to management on external talent marketas a successful talent acquisition expert you will use metrics and data to inform stakeholders on hiring trends turnover rates and candidate feedbackyou will implement hiring strategies built for growth and ensure a solid talent pipeline for each business group

role and responsibilities
 manage local business partnerrelationships and provide recruitment counsel and guidance to hiringmanagers to effectively deliver the most optimal recruiting solutions
 manage coach and develop ateam of talent acquisition partners ensuring delivery to hiring demand andcustomer expectations
 provide input into strategic recruitment plans for your business groups
 create [...]"
1123,104,786,topK,0.4579175720788577,0.63577706,0.0,0.0,0.29897586,HEALTHCARE,"Health Solutions, Vice President Actuary","DIRECTOR, COMPOUNDING SALES SPECIALIST           Professional Summary    Highly organized and talented sales
professional who effectively multi-tasks and balances customer needs with
company

demands. Efficiently builds loyalty and long-term relationships with customers, while
consistently reaching and
exceeding sales targets. 
Skilled in building relationships, negotiating and closing sales.      Core Qualifications        Microsoft Office, Word, PowerPoint, Excel. 
*CRM Software: Sugar and Sales Logix. 
*Accomplished in relationship building and selling.            Experience      Director, Compounding Sales Specialist    July 1997   to   March 2015     Company Name   －   City  ,   State      Talented sales professional who effectively multi-tasks and balances customer needs with company demands.  Efficiently builds loyalty and long-term relationships with customers, while consistently reaching sales targets.  Exceed sales goals.  Monitor customers preferences to determine focus of sales efforts.  Numerous sales awards for most new accounts signed monthly and most dollars in revenue.  Plan sales events.  Present PowerPoint presentations at events for professionals and the public.  Train new sales representatives on all aspects of compounding.  Respond to all customers inquires in a timely manner.  Maintain friendly and professional customer interactions.          Healthcare Services Supervisor    April 1996   to   June 1997     Company Name   －   City  ,   State      Build and design nursing division.  Recruit and hire all professionals.  Verify all credentials and background checks.  Make cold calls and appointments to local hospitals, nursing homes and doctors' offices to introduce service to build client base.  Answer all clients' and employees' questions and concerns regarding services, availability and pricing.          Branch Manager    June 1994   to   March 1996     Company Name   －   City  ,   State      Manage all activities at the local branch, delegati [...]","aon is looking for a health solutions vice president actuary central region

as part of an industryleading team you will help empower results for our clients by delivering innovative and effective solutions as part of our health solutions business group within aon preference for this candidate is to be based out of our chicago or lincolnshire offices candidates near other locations throughout our central region mn mo oh mi pa may also be considered on a case by case basis

your impact as a health solutions vice president  actuary

advance your actuarial career with aon engaging teams deep subject matter experts and rewarding projects describe our appealing culture with aons people rewards knowledge sharing individual contribution and work life balance  an actuarial career at aon adds up

job responsibilities
 lead actuary on client teams leading actuarial projects and client relationship
 influence clients overall strategic and financial direction in benefits frame results in the context of the marketplace
 project savingscosts related to health benefits and applicable changes
 mentor and leverage work to less experienced actuaries
 review health care budgets and contribution setting
 make statements of actuarial opinion and lead analysis behind them directly responsible for all actuarial deliverables
 communicate actuarial results to clients lead all financial meetings explaining actuarial results and potential alternatives
 assist in benchmarking discussions with clients in [...]"
1124,848,1334,topK,0.4147020779920794,0.562198,0.5,0.38245595,0.42847252,AUTOMOBILE,Management Internship,"CO-MANAGER           Summary    Seeking a management position that utilizes my strong experience and skills to achieve an organization's sales and profit goals Well-organized, detail-oriented individual who manages a high volume workload within a deadline driven environment Expertise in establishing priorities and coordinating work assignments to control and maximize productivity Skilled at working harmoniously with associates and resolving minor personnel problems Experience in staff performance evaluation and the creation/implementation of procedural changes to improve the quality of the workforce Outstanding customer service skills with focus on achieving top levels of customer satisfaction Skilled in use of MS Word, MS Excel, MS Power Point; bilingual in French and Creole           Work History      Company Name                Experience      Co-Manager    November 2011   to   January 2016     Company Name   -   City  ,   State      120 Employees -$800,000 Weekly Sales Volume Compile and interpret reports ensuring maximum profits are achieved  Seek high selling merchandise to feature on endcaps   Analyze revenue weekly to forecast expenditures and staffing needs     Supervise proper scanning of outs, make changes to the on-hands and replenish merchandise   Search and reduce shrink, look for opportunities to capture markdowns, ensure store is in line with company initiatives    Hire, train, supervise and terminate hourly associates; develop plans to assist in achievement of maximum performance;  monitor and give constructive feedback in a timely manner; provide learning opportunities through guidance and support; set clear expectations creating timelines and performance metrics     Require associates to adhere with customer service initiatives that create a pleasant shopping experience for customers by having daily meetings, ""coaching by walking"" and computer-based training   Drive community awareness programs by participating and supporting community events, i.e [...]","job description

parttime

make big money at menards
 extra  per hour on weekends
 store discount
 profit sharing
 exclusive discounts for gyms car dealerships cell phone plans and more
 flexible scheduling
 dental plan
 onthejob training

start building an exciting and rewarding career in retail with a growing company as a management intern with menards immediate openings available

our management internship is a paid handson training program designed to develop and prepare you for the world of retail management

as you progress through the week management internship program your general management team department managers and store team members will work alongside you to develop your understanding of our business and help prepare you to take on a management role in the near future

this is a paid parttime position that will have the opportunity to develop stronger organizational communication and time management skills as well as the opportunity to gain handson management experience

apply today we are hiring immediately and are excited to talk to you about the great opportunities available with menards"
1125,730,1193,A_mid,0.5240660219670801,0.46288517,0.0,0.0,0.21807238,CONSULTANT,"Retail Sales Associate - Furniture​/Mattresses, Quaker Bridge Mall...","CONSULTANT       Career Overview      Experienced self-starter who is highly customer service-oriented, organized and possesses strong time management skills. Qualified Customer Service Rep with 13 years in a detail-oriented customer service and call center environments; offering a record of successful job performance through problem solving and experience developing and implementing innovative solutions.         Core Strengths          Seasoned in conflict resolution  Telephone inquiries specialist  Active listening skills  System checks and troubleshooting  Resourceful   PC expert  Windows XP/Vista   Service solutions expert      Exceptional telephone etiquette  Patient and diligent  Vast technical knowledge  Deadline-oriented            Accomplishments      Customer Assistance     Worked with company systems such as Live Support and diligently completed all assigned tasks, working overtime as needed.     Customer Service     Researched, calmed and rapidly resolved client conflicts to prevent loss of key accounts.    Customer Interface     Greeted customers upon entrance and handled all cash and credit transactions.  Assisted customers over the phone regarding store operations, product, promotions and orders.          Work Experience      Consultant   07/2013   to   08/2015     Company Name   City  ,   State       Accounting Skills Operated computers programmed with accounting software to record, store, and analyze information.  Formally recognized for excellence achieved in financial analysis, budgeting and forecasting when ordering products.  Sales Consistently generated additional revenue through skilled sales techniques.  Product Sales Cross-sold services at a rate of 30%, upgrading customers to different products and product packages.  Market Research Interviewed clients via market research surveys to identify product issues and customer needs.  Customer Interface Greeted customers upon entrance and handled all cash and credit transactions.  Assisted customer [...]","location lawrence township
macys inc

  as a retail sales associate at macys youll
assist customers in all aspects of service fulfillment
determine customer needs based on personal features and other customer preference related factors
demonstrate knowledge of store products and services to build sales and minimize returns
perform sales support functions related to pos procedures"
1126,608,1259,A_mid,0.4174899159669355,0.4511443,0.33333334,0.33333334,0.33369568,DIGITAL-MEDIA,Broadcast Media Sales,"VICE-PRESIDENT DATA AND MARKETING TECHNOLOGY       Professional Summary     I help media companies succeed with digital products and customer experiences. My passion is helping people and organizations transform, grow, and thrive with a unique mix of strategy, marketing, product, and technology leadership. This expertise has been developed over twenty years spent building successful digital businesses and products - across the world.       Skills          Team leadership  Budgeting and finance  Process implementation  Project management      Staff development  Strong verbal communication  Extremely organized            Work History     04/2017   to   Current     Vice-President Data and Marketing Technology      Company Name   –   City  ,   State      Driving evolution of the firm into a data-driven marketing company, leading the design and delivery of data-driven products, services, strategies, and platforms.  Setting the strategy and direction for a newly formed Data Division while hitting ambitious growth targets.  Leadership of in-house startup Orchestrate, which is a marketing funnel automation and lead nurturing platform for B2B markets that capitalizes on content marketing.  Leading full life cycle product development for data & data-driven products, including market research, positioning, processes, and technology.  Acting as product owner for data and martech across all platforms in our Agile processes.  Ensuring compliance with data privacy legislation functioning as Data Protection Officer.        03/2011   to   03/2017     Vice-President Digital Media      Company Name   –   City  ,   State      Responsible for shaping and executing product vision and strategy and driving digital business transformation.  Led product management, digital marketing, and digital strategy.  Responsible for 35 reports, budget of $5 million, 100+ web sites, 80+ mobile apps, matrix P&L owner for $25+ million digital business.  Led product development, market research, digital st [...]","salem surround columbus is looking for a digitalsavvy highly motivated sales professional to join our advertising team this person will sell multimedia marketing solutions including digital broadcast and events sales to local smalltomediumsized businesses smbs

we simplify the marketing process for our customers while helping them understand their advertising options all while using bestinclass tools in short we help our customers grow their business

if this sounds intriguing then wed love to hear from you and tell you more

responsibilities
 prospect for qualified local and regional businesses present and close appropriate marketing solution programs
 deliver compelling advertising presentations and strategic plan that address client objectives
 responsible to accurately project revenues meet and exceed monthly budgets for all product lines and overachieve annual budgets
 follow accountabilities set forth by your sales manager to help guide you to success achieving monthly sales quotas consistently

qualifications
 the successful candidate will be smart curious tenacious entrepreneurial independent passionate and enthusiastic enjoy the thrill of the hunt by bringing in new business
 track record of exceeding sales goals
 proficiency in prospecting and effective listening skills
 a college degree is a plus with  years of sales experience preferred
 great problem solving and analytical abilities and strong business acumen
 strong understanding of the local market marketing co [...]"
1127,56,1066,topK,0.5064754749451359,0.6468047,0.14285715,0.14705883,0.7460363,SALES,Sales Manager,"SALES REPRESENTATIVE       Summary     Food service worker with fast food, retail and customer service experience. Trained in food safety and handling.  Also have some Sales Representative Skills.          Highlights          Reliable and punctual  Reliable team worker  Cash handling  Comfortable standing for long time periods  Math and language skills  Conversant in Spanish  Restaurant management  Excellent multi-tasker      fast learner  self-motivated  able to work in fast-paced environment  able to count daily bank deposit  able to stay busy and focused while on the job            Experience      Sales Representative     Sep 2015   to   Sep 2015      Company Name   －   City  ,   State     Keep records of purchases, sales, and requisitions.  Select the correct products or assist customers in making product selections, based on customers' needs, product specifications, and applicable regulations.  Collaborate with colleagues to exchange information, such as selling strategies or marketing information.  Demonstrate and explain the operation and use of products.  Inform customers of estimated delivery schedules, service contracts, warranties, or other information pertaining to purchased products.  Attend sales and trade meetings, and read related publications in order to obtain information about market conditions, business trends, and industry developments.  Complete expense reports, sales reports, or other paperwork.  Complete product and development training as required.         Swing Manager     Aug 2012   to   Sep 2015      Company Name   －   City  ,   State     Made sure Crew Members had designated breaks.  Close and Open store in a timely manner.  Run a shift with the full responsibility that comes with being in charge.  Verify that prepared food meets requirements for quality and quantity.  Up-sold additional menu items, beverages and desserts to increase restaurant profits.  Recorded customer orders and repeated them back in a clear, understandable manner. [...]","we are hiring a sales manager

summary

being the sales manager at a concord hospitality property means you hold an important key to the hotels success you will develop and foster hotel business through direct sales marketing telemarketing direct mail and tours of the hotel for both guest rooms and event space

responsibilities

 foster business with proactive and reactive sales efforts

 provide excellent customer service to our clients with speed and efficiency in returning calls and bookings

 exude proactive planning organizational skills and keen sense of pricing for overall efficiency of department

 provide excellent follow through on details to account and to hotel departments

 be the face of the hotel as all industry events with property representation of professionalism and character

 work with  party booking sites concord revenue management and city convention centers for maximization of key citywide events

 meet and exceed all monthly revenue and sales calls goals

 documentation of all sales activities in delphi or similar sales system for tracking and history

 be a team player at all times to assist as needed in the operation of a successful hotel

benefits

we offer competitive wages fulltime associates are eligible to participate in a comprehensive benefit package which includes medicaldentalvision plans life insurance stlt disability options  options tuition assistance discounted room rates at concord managed hotels plus training  development and career a [...]"
1128,178,55,C_rand,0.4274553261314151,0.54217803,0.5,0.50053227,0.11219264,HR,Credit Collections Lead,"HR MANAGER             Highlights          SENIOR HUMAN RESOURCES STRATEGIST / RECRUITMENT MANAGER  Talent Management | Strategic Recruitment Planning  Organizational Development  Top-performing Human Resources Professional with 10+ years of experience providing innovative and results-driven leadership within small and large organizations. Proven ability to effectively communicate with staff on all corporate levels, create and inspire positive relationships, and build solid teams of professional employees.  Expert in designing effective recruiting strategies targeting top-quality talent, performing contract negotiations, and creating initiatives improving employee satisfaction and retention. Characterized as a compassionate manager, strategic leader, and executive recruiter.  Value Offered  Workforce Planning  Team Building & Facilitation  Project Management  Vendor Relations  FMLA  Employee Retention  Performance Appraisal  Behavioral Interviewing  Performance Improvement  Employment Branding  Recruitment  Training & Development              Accomplishments      PHR - Professional in Human Resource Management Society of Human Resource Managers (SHRM) Publications: AT&T and TempHelp Build, Buy or Barrow for Success - AT&T's Wisconsin Manual for Sales and IT; Hiring Protocols (AT&T) - Strategies for Identification, Selection and Retention; Impact Recruiting - How Question Design Makes the Difference Instructor - UWM - School of Continuing Education & Certification Course:   Attract/Retain&Sucseed - Designing recruitment strategies to align with business objectives.        Experience      HR Manager    March 2013   to   Current     Company Name          Overvie.  Corporate HR Manager for project management & consultancy firm - offering advisory services to the life science, biotechnology & medical device industries.  I provide strategic direction and design in all areas affecting talent acquisition, onboarding, performance management & instructional training design. [...]","position credit collections lead

location columbus ohio

at otc industrial technologies we believe that our employees are our greatest strength through investment in our people and growth from within we believe in providing you with a wide variety of opportunities to accelerate your career potential as you help us drive change to move our business forward

for over  years employing and developing the bestinclass talent has been at the forefront of our success by coupling our teams handson experience with a wide range of products from top vendors we provide customers with the best quality products and technical application expertise and services at the lowest possible costs

position responsibilities
 assist the creditcollection manger with the development and improvement of policy and procedure in the creditcollection area
 set targets and goals for the creditcollection team of  associates coach and lead the team to improve  current dso and the overall skillset of employees
 assist the creditcollection manger with collection activities and credit evaluation across business units
 work closely with sales teams to establish appropriate credit limits while working to establish on time payment goals
 participate in executing creditcollection strategies based on customer and industry information
 communicate with internalexternal customers on all creditcollection policies

qualifications
 bachelors degree in business or accounting or equivalent work experience required
 minimum o [...]"
1129,716,1647,B_xcat,0.4089869649256698,0.5830714,0.0,0.0,0.5134804,APPAREL,"Senior Sales Executive- Revenue Cycle Management - MI, OH, KY, IN","2ND LEVEL ASSISTANT STORE MANAGER, OPERATIONS MANAGER MANAGER, SALES & SERVICES MANAGER       Summary     RETAIL | OPERATIONS | SALES MANAGER Client-driven, quality-focused retail manager with proven track record of top performance      Retail leader with profound and broad expertise in every aspect of store management. Critically evaluates and minimizes operational costs in context of store profitability. Creates and promotes caring customer service program for entire staff. Coaches every employee toward individual goals. Establishes retail environment that encourages positive customer experience and promotes realization of sales targets. Core Knowledge and Skills Retail Merchandising, Recruitment & Retention, Operations Store Planning & Design, Team Leadership, Coaching and Mentoring Profit and Loss, Loss Prevention, Personnel Training and Development       Highlights                      Experience         01/2004   to   01/2009      Company Name   City  ,   State           2nd Level Assistant Store Manager, Operations Manager Manager, Sales & Services Manager     01/2012   to   Current       Managed nearly every aspect of store operations.  Trained and developed store staff in customer service techniques.  Monitored and implemented corporate programs in sales, shipping, and merchandising.  Directed large store team to.  create a sales environment that consistently met expected sales goals and reduced operating costs.  Managed team.  of 25, including hourly employees and specialists.  Entrusted with the most complex customer service issues including personal and commercial purchasing accounts.         Assistant Store Manager     01/2011   to   01/2012      Company Name   City  ,   State      Responsibilities consisted of managing and recording profit loss and key performance indicators, Communicating.  with buying office about classifications and styles for product inventory, and Managing and maintaining all records and documentations including invoices and emplo [...]","the strategic sales executive providers is responsible for identifying prospecting and generating new revenue within assigned hospital accounts in mi oh ky in this role is an individual contributor position that functions as a primary point of contact for assigned key accounts with special focus sales of all solutions from front to back in the revenue cycle of hospitals idns and large physician practices

 selling   internal sales processes   nonsales related activities  what will be my duties and responsibilities in this job  developing and executing against strategic account and territory plans  building and maintaining longterm relationships with executive decision makers  developing understanding of accounts identifying additional sales opportunities and engaging solution specialists as necessary  maintaining understanding of the change healthcare solution portfolio within provider segment primary skills  provider market expertise executive presence  overall account and territory strategy  complex sales process management  familiarity with the revenue cycle  strong communication and collaboration skills interfacing with am implementation teams and client support teams

 proficient and skilled presentation skills  proficient leading and managing hybrid client meetings what are the requirements needed for this position  bachelors degree or equivalent experience  minimum of  years of revenue cycle sales experience  strong healthcare it sales experience what other skillsexper [...]"
1130,647,2344,A_mid,0.4286834908012496,0.49806774,0.0,0.0,0.32218823,ARTS,Medical Office Specialist,"LIBRARY EDUCATIONAL AIDE           Summary     To obtain an administrative assistant position where I can apply my 10  years of customer service, gift of multitasking, and professional experience to provide a team with a high quality of consistent supportive experience.              Highlights          Competent and reliable professional, committed to top quality work   Organized and multitasking person   Resourceful in solving problems, maximizing resources, leading, delegating and negotiating  Collaborate easily with co-workers and work well independently   Possess excellent communication and inter-personal skills   Perform effectively despite sudden deadlines and changing priorities   Proven ability to identify, analyze, and solve problems   Highly reliable self-starter; can be counted on to complete assignments and manage projects   Planner, sets goals, and meets deadlines   Experienced in customer relations   Self-motivated; able to learn on own initiative   Excellent record of dependability and reliability   Versatile and multi-skilled person   Relates easily with all levels of co-workers and customers   Excellent verbal and written communication skills       10 years' experience working in the customer service industry   Entrepreneur skills; forward thinker, always trying to improve things or determine functionality   Hard worker, quick learner, and ability to assume responsibility   Work well under pressure as part of a team   Responsible, resourceful, and able to implement change or policies  Efficient, supportive and flexible   Ability to work in a fast-paced, intense environment smoothly   A visionary and creative person Meticulous worker; attentive to quality and detail oriented   Able and willing to assist co-workers, supervisors, and clients in a cooperative manner Committed to providing total quality work   Dependable employee with common sense and a variety of skills   Work well under pressure to meet deadlines   Work cooperatively with a wide range [...]","what do you think about this type of role

medical office specialist
memorial family medicine
location_on jacksonville fl united states
schedule fulltime  days  hrswkdays only
business_center admitting registration clerical and scheduling    job id 
s
introductionlast year our hca healthcare colleagues invested over  hours volunteering in our communities as aan medical office specialist with memorial family medicine you can be a part of an organization that is devoted to giving back
benefitsmemorial family medicine offers a total rewards package that supports the health life career and retirement of our colleagues the available plans and programs include
comprehensive medical coverage that covers many common services at no cost or for a low copay plans include prescription drug and behavioral health coverage as well as telemedicine services and free airmed medical transportationadditional options for dental and vision benefits life and disability coverage flexible spending accounts supplemental health protection plans accident critical illness hospital indemnity auto and home insurance identity theft protection legal counseling longterm care coverage moving assistance pet insurance and morefertility and family building benefits through progynyfree counseling services and resources for emotional physical and financial wellbeingfamily support including adoption assistance child and elder care resources and consumer k plan with a  match on  to  of pay based on years of serviceem [...]"
1131,98,471,topK,0.5721420051194658,0.6091755,0.25,0.27311137,0.30276483,ADVOCATE,Software Developer,"SENIOR CLIENT ADVOCATE II       Accomplishments      Earned the Workgroup for Electronic Data Interchange (WEDI) Award of Merit 2 years in a row for educating the health care industry on electronic claims attachments.  Affiliations.  Health Level Seven (Standards Developing Organization) knowledge of V2 messages, Fast Healthcare Interoperable Resources (FHIR) and the Meaningful Use electronic health record standard Consolidate Clinical Document Architecture.        Summary    Motivated Business Analyst with the technical expertise and business acumen necessary to translate business requirements and objectives into scalable, highly resilient and successful system solutions.      Skills          Data analysis          Business artifacts documentation  Strategic planning          Business development  Team player          Workflow analysis  Product launches          Brand management  MS Project          SQL and databases  Risk mitigation and management    Data mapping  Service-oriented architecture          Release planning  Collaboration tools          Test case scenarios  Requirements gathering          Gap analysis              Experience     12/2002   to   12/2017     Senior Client Advocate II    Company Name   －   City  ,   State            SuppCRAIG Gabron      CRAIG Gabron orted BlueCross BlueShield of South Carolina's TRICARE (Military Health Insurance) line of business functioning in an analyst role.  This position required an ability to work in a matrix environment across cross-functional teams and the ability to produce results in a highly dynamic and formative environment.  Duties and responsibilities included: Documented business processes and analyzed procedures to see that they would meet changing business needs.  Assessed the impact of current business processes on users and stakeholders.  Conducted interviews with key business users to collect information on business processes and user requirements.  Identified process inefficiencies through gap analys [...]","rtp north carolina or remote est only

biofidelitys mission is to improve and extend the lives of patients with cancer by enabling better targeting of therapies early detection of treatment resistance and routine monitoring of treatment response our unique technology is designed to allow rapid broad adoption of our assays in testing labs around the world enabling a step change in patient care

at biofidelity we are proud to have built a culture of humanity openness and high expectations we work towards welldefined goals with a strong belief that we can bring real benefits to patients our people are keen to take responsibility for their work and share both their successes and challenges

alongside a competitive salary and opportunities for career development we offer a comprehensive benefits package including medical dental and vision coverage k bonus stock options  days per year pto allowance and  floating holidays in addition to company observed holidays

the role

biofidelity is seeking an experienced software developer to help lead development of the software used to run biofidelitys clinical laboratory the candidate will have a key role in architecting and implementing a maintainable and secure system

key responsibilities
 architect workflows and interfaces between thirdparty and internally developed software components to support laboratory operations
 implementing components of the system in clean testable code
 implementing highquality testing of the system as a whole [...]"
1132,599,914,A_mid,0.46045398633591045,0.48825935,0.2,0.21648219,0.5288105,AGRICULTURE,Development Associate,"PROJECT ASSISTANT       Professional Overview    I aspire for a challenging position in a professional organization where I can enhance my skills and strengthen them in conjunction with the organization's goals. I am a multi-talented, respectful, assertive and willing-to-learn young lady whose primary vision is to improve and positively impact the world in its social, economic and political environments.  This is a multi-dimensional vision in which any aspect branching thereof I am willing to zoom into.  I enjoy being part of any team which shares my vision or that which will be a stable stepping stone in helping me achieve this vision.      Core Qualifications          KEY COMPETENCIES  Flexible and uses practical approach  Excellent report writing and communication skills  Highly computer literate on statistical packages  Inquisitive, innovative and results oriented  Initiative and eye for detail  Service orientation      Active Listening  Adminstrative management  critical thinking  grant writing  goal setting and implementation  program development  public relations  team building  writing            Accomplishments     Project Management  implemented  project with the assistance of the Senior Advisor which increased the agriculture sector productivity       Education      Bachelor of Arts  :   Development Studies   2014       Midlands State University   City  ,   State  ,   Zimbabwe      Development Studies         High School Diploma  :   Monitoring & Evaluation   2015       University of Zimbabwe   City  ,   State  ,   Zimbabwe      Executive Certificate in Project Management, Monitoring & Evaluation         March- 2014 October) Overall Degree Class: 2.1 Dissertation: Distinction Executive Certificate in Project Management,  Monitoring and Evaluation with the University of Zimbabwe ACHIEVEMENTS Certificate in Post-Harvest Management and Grading of Cereals, Pulses and Oil Seeds Certificate in Fish Farming as a Business (Aquaculture) Served in the Midlands Stat [...]","about the organization

the asian american foundation taaf is a convener incubator and investor committed to accelerating opportunity and prosperity for the aapi community taaf supports the ecosystem of advocates and organizations committed to aapi causes so that together we can more effectively take action against hate and violence and build the infrastructure needed to improve aapi advocacy power and representation across american society we were founded to solve for the longstanding lack of investment and resources provided to the aapi community  particularly as antiaapi hate and violence persist at alarming rates we strive to be a catalyzing force for creating a permanent and irrevocable sense of belonging for the  million asian americans and pacific islanders across the united states learn more at taaforg

about the role

the development associate plays a key role in advancing our mission and vision through revenue generating activities and partnerships for taaf they will provide operational support for key areas within the development team by identifying and qualifying major donor prospects supporting donor stewardship activities and communications assisting with the planning and delivery of special events and ensuring that gifts are appropriately credited

responsibilities
 provide administrative support including responding to inquiries drafting correspondence and requesting and scheduling meetings
 ensure all donations are timely reviewed and reconciled in collaborat [...]"
1133,707,1391,B_xcat,0.43088784046085704,0.5892407,0.25,0.25,0.22817482,CHEF,"MARKETING COORDINATOR - HIGHER EDUCATION - Newark, NJ","SOUS CHEF       Summary     Current General Manager of Jersey Mike's in Boca Park. I strive to make every business I'm employed by succeed beyond expectations. Since becoming GM, over the past 15 months, I have increased sales by over 30%.    Bartender with more than 4 years experience in a nightclub bar setting. Driven to provide guests with exceptional service and genuine hospitality.    I'm also a talented Sous chef 7 of the 11 years of cooking. Started at the beginning of college, at the bottom as a dishwasher. Quickly moved up ranks until I was managing my own lunches, my own staff members under me, and enjoyed since. Successful at consistently delivering the highest quality food and service. I go the extra mile for any employer I work for.       Highlights         - ServSafe certified            - TAM Card          - Food Handler's Card            - Knife skills A+   - Operations Management       -Business development  - P & L management  -Complex problem solver  -  Staff development / training            Accomplishments       Business Development:  Successfully grew current business by increasing sales of Jersey Mike's over 30% since becoming the General Manager 14 months ago.         3rd place - 2013 NC Fire on the Rock - Team Canyons Cross-state competition of chefs/sous' from different restaurants on a cook off containing secret North Carolina local ingredients. We had 8 hours to complete a 4 course meal enough for 150 guests. This was a great personal experience.    I have worked full-time since I was 14.5 years old. Throughout college, I worked 40 hours weekly in the kitchen not including the 20 hours average per week I would also bartend. I am an extremely hard worker and will get any job done. Working for world renown Executive Chefs really inspired me to become as focused and determined as I am.         Experience      Sous chef   06/2012   to   08/2013     Company Name   City  ,   State       Carried out responsibilities of opening daily, preparing s [...]","gourmet

at gourmet dining  chartwells higher education people are at the core of our business together we build innovative food service concepts and serve fresh local and nutritious meals at over  college campuses across the country twice named the fastest growing brand by nations restaurant news at gourmet dining  chartwells we take pride in creating opportunities for associates to grow their careers and achieve their development goals within the company

job summary

the marketing coordinator holds duties related to sales and marketing the position entails a need for excellent communication skills ability to multitask on a variety of projects simultaneously accurate distribution of pertinent information both internally to all departments as well as to clients and related vendors excellent client skills in presentation and marketing ability

key responsibilities
 handson support at events unit set up program implementation
 database management
 coordinates content needed for marketing initiatives
 coordinates field marketing requests and activities
 works within provided budgets and guidelines
 assists with presentations and proposals
 develops and maintains strong working relationships with field managers
 works with vendors and agencies
 prepares marketing reports by collecting analyzing and summarizing data
 maintains promotional inventory fulfillment

preferred qualifications
 minimum two plus years prior experience in marketing
 background or interest in hospitalityfoo [...]"
1134,66,2253,topK,0.5421281688842363,0.537815,0.0,0.0,0.38132757,BANKING,Software Engineer (Web),"PROGRAM ADMINISTRATOR           Executive Summary     Results-focused management professional offering 15 years of progressive leadership experience. Transforms high-potential staff into outstanding leaders who demonstrate the creativity and savvy that is critical to financial and operational success.       Professional Experience      Program Administrator    January 2013   to   January 2015     Company Name   －   City  ,   State      Impart support to Program Management team and Coordinated with Program Managers.  Corresponds with customers, Managed difficult and sensitive issues.  Manage difficult and sensitive issue and Interpreted technical information in easy manner and carried out data input; Aid Program Managers develop cost baselines and outlined Memorandum of Agreement.  Administer program personnel and implemented disciplinary measures; Outline program information and opportunities and computed grant budget and cuff accounts; Plan, organize, assign, direct, review and evaluate the work of assigned staff; Motivate and evaluate staff and provide for their training and professional development; Implement goals, objectives, policies, procedures, work standards and internal controls; Plan, organize and implement multi-faceted senior programs and activities; Identifying community senior citizen needs and recommending alternative or enhanced programs; Exercising sound independent judgment within general policy guidelines; Prepare clear, concise and complete reports and other written correspondence; Establish and maintain effective working relationships with those contacted in the course of the work.          CBS Banking Representative    January 2012   to   January 2014     Company Name   －   City  ,   State      Provided excellent communication skills both verbal and written, including the ability to listen and explain complex subjects and convey solutions in a calm and clear manner to clients Used excellent analytical skills with a superior level of attention [...]","responsibilities

produce clean efficient code based on specifications
develop test and implement new or existing software products and continuously looking for improvements
maintain and improve the performance of existing software
integrate software components and thirdparty applications
troubleshoot debug and upgrade existing software
provide software support for existing applications and systems
create and maintain technical documentation for reference and reporting"
1135,734,1200,A_mid,0.4392648982749591,0.39751545,1.0,1.0,0.41337597,CONSULTANT,Customer Service Agent,"SENIOR CONSULTANT           Experience      Senior Consultant  ,     09/2015   to   Current     Company Name   –   City  ,   State      Manage the relationship between CVS Health Med D enrollment operations and EGS (Expert Global Solutions), a.  vendor contracted to process member centric requests and operational processes with 230+ employees.  Engage.  with site directors, operations managers, HR, trainers, workforce consultants, and supervisors to strategically.  resolve workflow and deliverable issues.  Ensure continued service delivery and quality satisfaction from EGS and a successful working relationship between CVS and EGS.  Travel to two main sites bi-monthly during Med D's annual enrollment period to ensure successful training execution.  Set service expectations for each line of business.  Successfully brought up a vendor site with 100+ employees with a 2-month period, including access to all systems, training and escalations.  Raised quality from 70% to an average of 98% by holding the CVS business process owner accountable for providing job aids, updating old work instructions and hosting level 3 meetings between with the CVS BPO, vendor trainers, supervisors and leads to review errors.         Consultant/Systems Consultant  ,     05/2012   to   09/2015     Company Name   –   City  ,   State      Produced MedForce Navigation, workflow work instructions, and management reporting capacities via.  Microsoft presentation.  Hosted live meeting trainings (Level 3) with various user groups.  Partnered closely with.  CVS Caremark trainers and new hires with system manuals, by building and maintaining MedForce bins,.  workflow, and scheduled jobs.  Produced cabinets, bins and workflow methods for claims corrected errors with documents routed incorrectly within MedForce.  Developed training materials for one of the major systems used at CVS Health enrollment operations department.  Trained 300+ employees on the system in-person and via level 3, while creating form [...]","are you interested in working from home and making your own schedule have you been searching for the right moment to start a new sidegig or maybe even start a new career

look no further we have the right opportunity for you

we are searching for a remote customer service agent to help others by booking memorable and amazing vacations all from the comfort of your own home

as a remote customer service agent you will be responsible for creating or completing clients trip itineraries in addition you will be the main contact in the event any issues were to arise prior to or during travel

responsibilities
 communicate with customers via phone email and chat
 provide knowledgeable information regarding travel destinations culture weather
 work with variety of vendorssuppliers to meet clients needs
 update clients records as necessary

qualifications
 must be  years or older
 must be authorized to work in usa
 must be excited  willing to learn"
1136,113,536,C_rand,0.4568548288782745,0.63682395,0.0,0.0,0.44723588,ADVOCATE,"Marketing Director – E-Learning – Columbus, OH","ADMISSIONS EXECUTIVE           Professional Summary     Highly motivated, creative professional with strong leadership and relationship-building skills. Experienced in applying principles of sociology to personnel handling, administration, education, management and marketing problems.         Core Qualifications          Microsoft Office  Training and development  Marketing and sales specialist  Group behavior and dynamics       Charismatic public speaker  Community resources specialist    Motivated team player    Natural leader  Organized and efficient            Experience      Admissions Executive    August 2015   to   Current     Company Name   -   City  ,   State      Evaluated program performance against expectations.  Maintained compliance with company and legal requirements.  Reviewed program needs and recruited qualified staff.  Inspired students to translate their academic interests into the real world by taking positive actions.  Counseled undergraduates in regard to educational and professional goals.  Communicated with the registrar's office to review and process requests for requirements waivers.  Organized recruitment and admission events for prospective students.  Served as an Academic Adviser for undergraduate students each year.  Worked with upper management to ensure appropriate changes were made to improve customer satisfaction.  Trained staff on how to improve customer interactions.          Customer Service Specialist    December 2004   to   August 2015     Company Name   -   City  ,   State      Developed, implemented and monitored programs to maximize customer satisfaction.  Resolved customer questions, issues and complaints..  Conducted weekly, monthly, and quarterly team meetings discussing company goals, productivity, and team building.  Developed rapport with the customer base by handling difficult issues with professionalism.  Addressed committee meetings and brought procedural ideas to steering committees promoting nutrition, physical a [...]","marketing director  elearning

resumes to careersdirecthrcom

my client is a global digital technology company with a focus on learning and educational software they are seeking to hire a marketing director responsible for developing implementing and executing datadriven marketing strategies collaborate with leadership to build the brand and support profitability and growth analyze market research and customer insights to build action plans for marketing programs and in support of profitability and growth

responsibilities
 hire mentor and manage a team
 ensure execution of marketing campaigns within budget and time constraints
 oversee department budget operations and productivity in support of business objectives
 maintain accurate and timely forecasting tools for planning and budgeting purpose
 establish targeting and campaign segmentation processes ensuring correct messaging reaches right customers
 manage datadriven marketing program development driving customer acquisitions sales pipelines and roi
 understand users and buyers to develop market messaging strategies that impact sales
 remain current on customer insights competitive research and analyze marketing trends
 maintain customer engagement in collaboration with internal depts throughout product life cycle
 continuous improvement conduct market customer and competitive research performing financial analysis and assimilating internal expertiseexperience
 ensure brand consistency alignment and quality maintaining gl [...]"
1137,457,2192,A_mid,0.498532829998374,0.47886726,1.0,1.0,0.32440746,BANKING,Director - FP&A / Corporate Finance,"BRANCH BANKER III       Accomplishments      Maximize sales volume.  Maintain visual presentation standards that are consistent with division philosophy and direction.  Demonstrate effective written and verbal communication skills.  Assist in recruiting, training and developing Sales Associates.  Develop proficiency in all operational policies and procedures.  Manage time and prioritize tasks.  CUSTOMER SERVICE / SALES Ensure customer service is the #1 priority.  Effectively supervise the sales floor to ensure customer / associate awareness at all times.  Understand and create awareness of the factors to impact sales volume.  LEADERSHIP Motivate and develop associates to meet goals / objectives.  Clearly delegate activities and follow-up on all direction.  Demonstrate teamwork with-in store and company.  Take initiative and use sound judgement.  Lead by example.  PERSONNEL Demonstrate professional image and conduct.  Follow specific divisional dress code policy.  Ensure that store staff is treated professionally, courteously and respectfully.  Involve store staff in accomplishing store goals.  Take an active role in own development.  Communicate staff concerns to management.  Support all company / management decisions.  OPERATIONS Execute and follow-up on all operational policies, procedures and directives.  Execute and follow-up Inventory Shrinkage Improvement Program.  Ensure accuracy in all paperwork.  VISUAL PRESENTATION Maintain store appearance to reflect division standard.  Replenish merchandise on a timely basis.  Have knowledge of the store merchandise.  Have knowledge of sales floor and stockroom organization.  Keep management informed of all merchandise-related issues.  Executes markdowns and re-merchandise as needed.  POS set-up is timely and effective.  Executes and maintains divisional marketing directives.  Interpret and execute floor plans and guidelines.        Professional Summary    My objective is to continue to move up within BB&T. I have been a [...]","a tech services company in new york city is currently seeking an experienced finance professional to join their staff as their new director  fpa  corporate finance responsibilities the director  fpa  corporate finance will
 own fpabudgeting processes including creating ongoing process beginning with monthly updates
 build concrete path to becoming ebitda positive and profitable
 run ad hoc scenario analysis
 run scenario analysis for ma exploration over different time periods and assumptions
 run all financial analytics
 perform other duties as needed qualifications
  years of strong fpa experience
 bachelors degree
 experience with  modeling budgeting forecasting and planning
 previous experience in a leadership andor supervisory role
 solid analytical mathematical and research skills
 great interpersonal skills
 excellent communication skills written and verbal
 strong attention to detail
 highly organized
associated topics accounting audit banking expense finance finance director financial fiscal kpmg tax"
1138,563,2352,C_rand,0.47274075158440837,0.6405129,0.33333334,0.2059257,0.3059441,ARTS,Business Development Executive,"ASSISTANT, ACQUISITIONS AND DISPOSITIONS         Summary     Acquisitions and dispositions coordinator adept in client relations, due diligence and real estate management. Seeks a challenging position in property management with room for continued growth and professional development.       Experience      Company Name     February 2007   to   Current     Assistant, Acquisitions and Dispositions   City  ,   State      Coordinate due diligence information in the disposition of non-core properties to brokers and principals/investors  Facilitate underwriting of potential acquisitions in coordination with leasing reps and regional asset managers  Work on the capital harvesting program to sell off non-core assets and out-parcels in creating capital that can be redeployed into better-performing core assets  Manage acquisitions and dispositions network drive and update the company website as properties are sold and acquired  Organize Investment Committee Meetings for discussion and approval of redevelopment properties as well as approval of acquiring or disposing of assets  Prepare property reports such as rent rolls, tenant sales, aged receivables, and operating statements for the analysis of core and non-core properties slated for disposition           Company Name     November 2000   to   January 2007     Sales and Product Associate   City  ,   State      Supported associate Field Sales Representatives to assist with high-volume single or multi-site customers   Acted as liaison between customers and Field Representatives to generate leads and quotations for possible future sales   Diligently researched information in assisting customers and distribution companies with technical product and applications inquiries  Processed customer invoices for purchase of demonstration equipment and maintaining sales representatives' consignment accounts   Authorized requests for product returns and exchanges as well as monitored high-dollar purchase orders and customer account status [...]","this role does not require a college degree and a salary range is not included i decided to share it because you have the skills and experience to be a strong candidate and i would like to receive your feedback on this type of role all information will assist me in my search for you

job details
description
join a team of smart inspired technologyenabled leaders in the retail graphicscommunication business imagine is more than a print company for us it is about ideas thats how we create stunning visual communications for the best brands out there and the customers who love them
we are looking for curious problemsolving sales team members to join us and help retailers create environments and curate products if you have a successful sales experience in the print industry and are looking to expand your product portfolio in a financially strong marketleading creative companyimagine is the place
this is a fully remote position with regular travel to client and corporate locations 
essential duties and responsibilities
introduce and sell the imagine groups total solution offerings across our targeted vertical marketsachieve business goals by identifying and developing strategic opportunities develop prospects best suited to the company demonstrate understanding of client needs and articulate benefits of capabilities and solutions offered by imaginedeliver effective presentations at the executive level to gain customer engagementmeet and exceed sales revenue and profitability target [...]"
1139,8,1328,B_xcat,0.455354657598116,0.60792834,0.125,0.13300249,0.23625392,AUTOMOBILE,Web Designer,"DIRECTOR       Executive Profile    Forward thinker with expertise in marketing, partner acquisition, contract negotiation, communications, project management, collaboration and consensus building, combined with a Master's Degree in Business Administration.          Professional Experience     02/1999   to   Current     DIRECTOR    Company Name   －   City  ,   State      Currently lead key discounts initiatives involving technology, branding, marketing, strategy development and the evaluation of new member benefit programs: Collaborate with clubs to ensure consensus on partner marketing, branding, technology efforts, contract negotiations and partner acquisition Actively lead club work teams including the Discounts Task Force, the Member Data Capture Team, the Member Offer Database group and the Discounts and Rewards Re-Branding Team.  Develop and present topics to the Discounts Sub-Committee Led club discussions that resulted in an unprecedented association-wide promotional commitment for discount partners Led staff efforts for the timely and successful evaluation and selection of vendors for the discounts technology solution Oversee the development of multi-channel program marketing materials for club use, including social media and other digital programs Provided thought leadership for the creation of a new system that provides analytics and insights on partner performance and marketing exposure Led sales acquisition efforts that resulted in the addition of numerous key brands to the Show Your Card & Save program, including New York & Company, Target.com, DIRECTV, Dell, Circuit City and Best Buy Successfully negotiated new partner contracts and launched new programs including AAA Prescription Savings, Target.com, Shell gasoline program, Payless, UPS and Travel Money programs.         09/1997   to   02/1999     INTERNET DEVELOPMENT PROJECT MANAGER    Company Name   －   City  ,   State      Promoted to position.  Managed overall Internet project and technical devel [...]","tuff is a growth marketing team working with clients to drive growth by creating managing measuring and optimizing highperforming user acquisition campaigns were a fully remote and small team with endless opportunities for autonomy ownership and impact

we work with clients in nearly every industry and a typical engagement with tuff includes paid search social ads seo content strategy creative and cro every account has a dedicated growth marketing lead and is supported by various channel experts

for this position we are looking for an experienced web designer to join our cro team you will be the third web designer joining the team  the cro team also includes a conversion rate optimization specialist and ux copywriter

in this role you will work on designs in figma for existing website optimizations and landing page development across  different client accounts this could include testing out different ctas remediating the homepage or other core pages adding in new landing pages refining pricing pages updating user flows redesigning blogs and more

requirements

about you
 you are a skilled web designer who has the flexibility and understanding to work on multiple established brands at once with quick mockup design turnarounds and have a strong understanding of how your designs will be translated in the web build process
 you have  years of experience managing quickturnaround designdevelopment projects in various cms platforms webflow wordpress shopify contentful etc and landi [...]"
1140,735,757,C_rand,0.47777815947083535,0.5697366,0.5,0.5,0.30722034,HEALTHCARE,Customer Service Professional (REMOTE),"HEALTH INFORMATION SPECIALIST       Summary    Highly efficient, detail oriented HIM Specialist with extensive experience in all types of request relating to release of information and medical record management. Dedicated professional skilled in technical and clerical support with strong ability to clearly and professionally communicate with providers, patients, attorneys and insurance companies. Over 10 years Health Information experience.
Skill profile
*Enhanced knowledge of HIPAA and HITECH compliance; state and federal laws governing release of protected health information in both paper and electronic form.
*Technologically advanced in utilizing release of information database with advanced proficiency in various EMR database such as Epic, Meditech, Medilink, Centricity, Docuware, 3M Encoder, and Medisoft; various MS Applications.
*Reliable analyst to ensuring medical record readiness and completeness through management of ICR feature and audit. 
*Solid leadership in customer service, excellent interpersonal relations and problem solving and can effectively coordinate amongst diverse range of clients hence, promoting optimal outcome.        Experience     January 2016   to   Current     Company Name   City  ,   State     Health Information Specialist        Process release of protected health information to other health care facilities and providers for continuation of care; insurance carriers; attorneys; DDS; copy service organizations; employers; educational Institutions; as well as for patient's personal use in accordance with federal and state law as well SLRI  policy and procedure.  Validates and releases protected health information for legal proceedings including subpoenas and court orders; and also for the purpose of audits, regulatory requirements, research and reviews.  Assembles and ensures patient chart completeness through ICR management.  Performs most favorable guest relations interaction with diverse clients that reflects SLRI values and principl [...]","are you looking for an amazing opportunity to help service our clients from your home office

join our team

we are looking to grow our customer contact center division this opportunity will allow you the flexibility to work remotely receive topnotch training and get paid hourly to work for this fortune  company

we are currently seeking independent contractors for inbound customer service representative positions you will serve as a liaison between customers and clients you will assist with orders account questions billing service cancellations and other inquiries you are patient knowledgeable and friendly towards current and potential customers

as an independent customer service professional you would perform the following tasks
 identify customers needs and use knowledge database to recommend solutions to customer issuesconcerns
 handle large volume of phone calls in accordance with policies and procedures
 answer customer questions regarding products and services
 create tickets in the client database to document customer interactions
 maintain customer accounts eg update contact information document phone interactions update special preferences
 may sell additional services by recognizing opportunities to upsell accounts explaining new features
 enhances organization reputation by accepting ownership for accomplishing new and different requests exploring opportunities to add value to position accomplishments

requirements
 previous customer service experience preferred [...]"
1141,756,2304,topK,0.5347163419120589,0.61301094,0.0,0.0,0.15901586,ARTS,"Coach, Career Prep","OWNER       Executive Profile       Objective:   Driven, analytical, creative leader with 25+ years experience in business, customer service, higher education, utilities, insurance, the arts and public education. Motivated IT leader in project management, client training, and comprehensive development of innovative client solutions, and enabling creative changes across an organization. Provide customer service leadership to propel business into the public arena and meet !the business objectives. Achieve business objectives through passion, commitment and experience in:    Customer Service - Project Management - Team Leadership ­ Technology Development - New Business Development ­ International Business System Integration ­Technology Deployment - Process Improvement - E - commerce ­ !Quality Assurance -System Installation ­ Change Management ­ Consulting - Provide technology support for companies, !schools, and individuals - Database development - Web page authoring and support - Digital Media support ­ Network planning, configurations, and installation - Deployment - System Integration - Consulting ­ !Process Improvement - New Educational Technology Development                  Professional Experience     01/1998   to   Current     Owner    Company Name   －   City  ,   State      Highly skilled technology leader with proven success in providing innovative and creative application solutions, tools, and processes !across organizations.  Effective leader in applying custom business and technology solutions to maximize organizational !performance.  Create competitive advantages by utilizing cutting edge technologies, technical and business acumen, innovating solutions !and influencing positive change across an enterprise.  Provides marketing leadership to propel business into the public arena.  Achieve !corporate objectives through passion, commitment and expertise in: Customer Service - !New Business Development ­ Project Management ­ System Integration ­ Technology De [...]",mlts career prep coaches are key members of the college prep team with primary responsibility for guiding fellows successfully through the month personal and career development curriculum based on the coachs own experience in a professional work setting contributing to the development of this curriculum and of seminar content engaging with corporate partners to learn more about their job opportunities and assisting with program execution and evaluation career prep coaches also learn about and assess the qualities required for successful candidates to secure top internship and career opportunities in business and coaches are responsible for ensuring the program delivers a class of highly qualified candidates to present to corporate partner organizations to this end coaches develop a keen understanding of the success profile expected in our target industries and have the ability to nurture and guide fellows through their development until they exhibit these traitsto succeed in this role candidates need a strong understanding of the college and internship experience a strong foundation in business that demonstrates a knowledge of corporate talent requirements high emotional intelligence and motivational skills and the ability to initiate relationships and build rapport with program fellows corporate partners and mlt staffwith significant growth underway in the career prep program mlt has options for both regular fulltime and contract opportunities postcovid these positions will [...]
1142,306,2258,topK,0.5381314453199382,0.45634472,0.0,0.0,0.59710085,BANKING,Sales And Marketing Specialist,"SALES & TRADING INTERN           Professional Summary      5+ years of management and operational experience built on strong people skills and common sense  Experience in entrepreneurial, process improvement and growth management   • Substantial exposure to business cultures in North America, Europe, and Asia (China, Singapore & South Korea)  • Understanding the various business elements: people, operations, sales, marketing, finance & legal - & their inter-dependence         Work Experience      Company Name     July 2009       Sales & Trading Intern   City  ,   State      Worked directly with Senior Managing Directors and Associates of the firm assisting them with the introduction of their Prime Brokerage Service, LCG Primeview.  Provided asset and market analysis, conducted cold calls and communicated directly with domestic and international high net worth clients.  Reviewed merger prospectuses and provided daily Current Events summaries.  Researched particular assets in order to help shape sales pitches for brokers.          Company Name     July 2008       Investment Banking Intern   City  ,   State      Worked directly with the Senior Managing Directors and Associates of the firm assisting their Senior Portfolio Managers with client relations and account management.  Researched particular assets in order to help shape sales pitches for Associates.  Prepared business plans, a business pipeline, business summaries, and performed routine office tasks.  Attended Shareholder Meetings with Senior Managing Directors.          Company Name     July 2007       Associate   City  ,   State            Company Name     July 2006         City  ,   State            Education      Hampden-Sydney College     2010       Bachelor of Arts  :   Economics and Commerce    City  ,   State  ,   United States    GPA:   GPA: 3.3     Member of Sigma Chi Fraternity   Member of Society of '91, Student Leadership Program                   Interests            Additional Information      ACT [...]","if you have sales experience in events and can bring in business then you can join our team

and potentially become a partnerin addition to sales this person can help organize and run events"
1143,711,82,topK,0.49707853458444856,0.6510676,0.0,0.0,0.25118533,HR,Windows System Administrator,"HR EMPLOYEE RELATIONS SPECIALIST       Summary    Dedicated and self-motivated professional with experience in providing outstanding support
to business partners. Skillful in tracking details, office management, and following-up with internal
and external partners to ensure ontime completion of projects. Possesses easily transferable skills such as organization, working with teams, time
keeping/payroll and business writing.      Highlights         ADP Payroll System  Microsoft Office Suite (Word, Excel, Outlook, Publisher and PowerPoint)             Accomplishments      As a Programs Director, created a fundraiser for the United Negro College Fund that raised over $2500.    Planned networking events for employees    Held leadership roles within the Order of the Eastern Star where responsible for membership, accounting, and event planning        Experience     02/2015   to   Current     HR Employee Relations Specialist    Company Name   －   City  ,   State      Conducted Investigations and resolutions of  workplace issues/inquiries from field employees and management.  Served as a partner for managers and employees by ensuring application of company policies and procedures.  Created and conducted training for hourly and salaried employees.  Support performance management process for all employees.  Partnered with Equifax and Unemployment Cost Control to research and respond to unemployment claims.         02/2014   to   02/2015     Store Operations Associate    Company Name   －   City  ,   State      Monitored inventory control, processed physical counts of all merchandise, organized and secured all inventory
       (including cellular devices and accessories), and responsible for shipping and receiving of inventory.  Investigated and resolved any inventory discrepancies.  Merchandising, assist with floor sets, create service desk tickets for defective equipment.  Processed customer trade-in's and returns (cellular devices and accessories).  Provided general customer [...]","grow with us
hudson is north americas leading travel retailer for over  years hudson has met the needs and wants of travelers in more than  dutyfree dutypaid and food  beverage stores we couldnt serve our customers landlords and partners in airports commuter terminals hotels and casinos without the continued support of our greatest assets our team members were dedicated to hiring and training exceptional team members who are committed to serving the customer as the travelers best friend we strive to ensure were fulfilling our team members career potentials through training skillsdevelopment and career pathways  as our team members grow and succeed both personally and professionally so does hudson

the windows system administrator position is for you if you would enjoy
coordinating with various groups and troubleshooting critical incidents
monitoring incidents and service requests and providing appropriate and timely resolution

key accountabilities  your team is counting on you as a windows systems administrator to
proactive monitoring maintenance and configuration of various it infrastructure
coordinating with various groups troubleshooting critical incidents and to increase availabilityreduce downtime of affected systems
monitoring incidents and service requests and providing appropriate and timely resolution
performing research on system technology and providing resolution to sophisticated challenges
administering and completing various activities as guided by management
c [...]"
1144,479,896,A_mid,0.4032255254621895,0.48240808,0.33333334,0.39703715,0.3803048,FITNESS,Administrative Assistant,"WELLNESS DIRECTOR         Professional Summary          Skills          SKILLS  Body composition evaluations  Telehealth experience  Group Instruction  One-on-one coaching  Health education  Data management  Supervision  Planning and Coordination  Training & Development  Leadership  Compassion  Conflict resolution  CERTIFICATIONS  Group Fitness Instructor, NIFS Certified  Certified Therapeutic Exercise Specialist, ACE Certified  Yoga, Tai Chi, Spin, TRX, Behavior Modification, Parkinson's, Health and  Wellness, Aquatics NETA, Aquatic Exercise and Science and ACE  Certified,  Mixed Martial Arts and Boxing certified Inspector, Association of Boxing  Commissioners.      Accounting, HR, Promotion  Administrative, Instructor, Public relations  Arts, Instruction, Quality  Budgets, Leadership, Quality control  Business operations, Managing, Relationship-building  Coaching, Marketing, Safety  Chi, Market, Sales  Interpersonal, Access, Statistics  Excellent, NETA, Supervision  Communication, Organizational, Team player  Conflict resolution, Personnel, Trainer  Clients, Camera, Video  Data management, Policies, Composition  Delivery, Presentations  Educator, Pricing  Finance, Processes  Financial, Profit  Forms, Program development  Functional, Progress            Work History      WELLNESS DIRECTOR  ,     09/2015   to    Current      Company Name    –    City  ,   State        Helped clients set and achieve health and wellness goals.  Conducted group wellness presentations for classes up to 80+ participants.  Demonstrated safe and correct forms for each exercise and piece of
equipment.  Conducted needs assessments or surveys to determine interest in or
satisfaction with wellness and fitness programs, events or services.  Met or exceeded monthly revenue and training goals.  Performed screenings every month for markers such as blood pressure,
weight and BMI.  Conducted needs assessments or surveys to determine interest in or
satisfaction with wellness and fitness programs, eve [...]","this position is located on rikers islandphysician affiliate group of new york pagnyis comprised of nearly  physicians and healthcare professionals who provide services to nyc health hospitals hh the largest public health system in the united states

our practitioners are highly skilled professionals with outstanding credentials who deliver the highest level of quality healthcare to patients throughout new york city

eoe mfdvbesides providing administrative and human resources services pagny also fosters an environment in its partner hospitals that allows healthcare professionals to identify and implement best practices across institutions promote training academic and research opportunities develop multidisciplinary integrated clinical service lines build new systems of care and address the impact of anticipated major changes in the nations healthcare systemwith approximately  admissions per year and  average daily population the nyc jail system is among the largest in the nationthe division of correctional health services chsof new york city health hospitals hh is responsible for the delivery of medical care mental health care and discharge planning in the jail system

approximately  of new admissions per year to the nyc jail system will receive care on the mental health service

this service strives to provide safe holistic and evidencebased therapeutic interventions for the diverse range of mental health issues that face the population from serious mental illness to the n [...]"
1145,826,905,B_xcat,0.4427543192482593,0.5898766,0.375,0.36014485,0.26879588,FITNESS,Furniture Sales Associate,"SOCIAL MEDIA AGENT       Summary    College prepared student with over three years of front line customer service experience, excellent communication skills, with strong work ethic. Looking for opportunities in Corporate America to develop as a career professional where training, coaching, and mentoring opportunities are available. Teachable and quick to learn taking on new roles and responsibilities with flexible schedule. 
*Detail and Deadline Oriented
*Critical Thinking
*Superior Writing Skills      Highlights        Microsoft Office Suite
*Avaya Phone System
*Very accurate and rapid keyboarder
*Sprout Social Media Management              Experience     10/2015   to   Current     Social Media Agent    Company Name   －   City  ,   State      Trained and work directly with MetroPCS HQ Build social media posts, advertising and promotions across social media platforms Engage in customer service via Facebook, Facebook Latino, Twitter and Instagram Monitor online public relations and continuously send in 'Hot Topics' to create new content online Sponsorship coordinator Escalate customer concerns directly to MetroPCS markets nationwide.         01/2014   to   01/2015     Customer Appreciation Team Agent    Company Name   －   City  ,   State      Retention department for Metro PCS Cell Phone Company Inbound and outbound calls Answered customer service calls, and escalated/supervisor calls Floor walker in a call center environment to assist training agents Worked with upper management to ensure appropriate changes were made to improve customer satisfaction.  Made reasonable procedure exceptions to accommodate unusual customer requests.         01/2013   to   01/2014     Floor Associate    Company Name   －   City  ,   State      Executed store initiative related to sales, service, and customer experience.  Met and exceed assigned customer experience and reputation and productivity targets.  Resolved or escalated any customer service issues.  Responsible for display mainten [...]","we inspire purposefilled living that brings joy to the modern home with a team of more than  associates spanning  store and distribution locations across the us and canada we achieve together drive results and innovate to inspire drawn together by a shared passion for our customers and a spirit of fun we deliver highquality home furnishings that are expertly designed responsibly sourced and bring beauty and function to peoples homes from the day we opened our first store in chicago in  to the digital innovations that engage millions of customers today our iconic brand is nearly  years in the makingand our story is still unfolding

were here for it we think you should be too were looking for a driven professional with an inclusive mindset to join our team as a furniture sales associate

crate and barrel furniture sales associates have a passion for helping customers see what is possible with the latest ontrend merchandise they do this by building meaningful and longterm relationships with their customers and use their comprehensive knowledge to guide and advise customers looking to furnish an entire room or simply add an accent piece our furniture sales associates are uptodate on the latest trends and are trained to work with a range of design styles from classic to contemporary in addition furniture sales associates utilize digital tools and technology during instore and inhome consultations to show our customers how our furniture fabrics and decor can bring their vision to l [...]"
1146,787,47,A_mid,0.5463775525282633,0.44347915,1.0,1.0,0.43009636,HR,Executive Assistant,"HR CONSULTANT       Summary       Subject matter expert in HR Applications, and  highly effective at incorporating creative solutions to achieve business objectives, and improve efficiency.  Energetic HR Business Analyst who is self-motivated and results-driven with strong communication, analytical, problem solving and reasoning skills.        Highlights          Analytical skills  Project management  Process improvement  Quality assurance and control  System Applications implementation  Microsoft Office Suite expert      Working independently  Strong interpersonal skills  Results-oriented  Fluent in English and Portuguese  Detail-oriented  Troubleshooting  Problem solving            Experience      HR Consultant   10/2016       Company Name   City  ,   State      HRIS - Business Analyst:   

Process demand analysis, scoping, and gathering of
requirements for small and large scale HR projects
  
Prepare Business Requirement Documents after
projects have been approved by PMO  Close the gap communication between businesses
and IS 

Support and coordinate functional testing
processes to make sure stakeholders' objectives are met  Document systems and process flows  

Document and analyze current and future
processes/systems  Deliver and Support user training
  
Process security internal control on the quarterly
basis to assess US HR/Payroll system users.   Send recommendations, and remove/add users
per business requests from local and global systems   

Investigate, coordinate, and resolve with
subject matter experts and/or IS regarding local and Global system issues

  Request HR global system back end/portal roles
for local HRBPs, COE and Front Office users (Americas)  

Responsible to coordinate system applications
changes and new requirements with IS       People Analytics lead:   

Run and deliver the monthly Department of Labor reports
  
Create, run and deliver reports that are
outside GBS People Analytics India's scope  

Support both US Front Office, GBS India [...]","overview

st josephs healthcare system is recognized for the expertise and compassion of its highly skilled and responsive staff the combined efforts of the organizations outstanding physicians superb nurses and dedicated clinical and professional staff have made us one of the most highly respected healthcare organizations in the state the largest employer in passaic county and one of the nations  best places to work in health care

job overview

provides professional services to facilitate the fulfillment of responsibilities by the executive officers collaborates with other coworkers in maintaining a comprehensive and efficient work flow by providing services to both internal and external personnel as expected by administration

qualifications

work requires a high school diploma or equivalent bachelors degree preferred and five years of previous work related experience proficiency in ms office required word excel access outlook and powerpoint work requires communication skills needed to frequently answer telephone calls and work with multiple interruptions and still sustain positive communication"
1147,454,1128,A_mid,0.5379779655847197,0.4875332,0.2,0.2,0.41593945,CONSULTANT,Director of Finance,"CONSULTANT           Career Focus    Analytical and results oriented professional with 2+ years of extensive experience in conducting, analyzing and interpreting customer, competitor and market intelligence across the marketing spectrum on customer segmentations and product categories. Excellent analytical skills and a strong sense of structure and logic. Ability to prepare high quality presentation and spreadsheet models. Passionate about providing high quality, cutting edge research and have an understanding of the complex profile of consumers and how business can tap directly into their habits, aspirations and attitudes Hands on experience working on projects encompassing market analysis, organization structures analysis, competitive benchmarking, financial analysis and other best practice studies across industries. Demonstrated ability to work effectively, both independently and in a team environment, in an atmosphere of multiple projects, shifting priorities, and deadline pressures. A confident and concise communicator with excellent relationship & team management skills. Possess a flexible & detail oriented attitude.       Summary of Skills        Familiar with SPSS software.
   Expert at MS Word, Excel and PowerPoint.
   Proficient in databases such as Gartner, Forrester, Datamonitor, OneSource, Factiva.              Professional Experience      Consultant    April 2012   to   April 2014     Company Name   －   City        Capgemini Consulting is the strategy and transformation consulting brand of Capgemini Group, with over 3000 business consultants serving clients across 5 continents across verticals) Key Responsibilities: Investigate & understand key business issues across verticals and providing clear, concise and timely analysis & recommendations.  Capable of designing research methods and turn research findings, market data and industry knowledge into actionable insights, providing critical thinking, insightful and forward looking statements that impact c [...]","company description
project finds mission is to provide low and moderateincome and homeless seniors with the services and support they need to enrich their lives and live independently
today project find operates three supportive housing residences that are home to about  people and four senior centers with over  members
our members and residents range from the healthy and active to the frail and homebound to the homeless
for all these individuals project find is a critical resource providing housing meals and programs that help individuals navigate the challenges of aging by encouraging community engagement and healthy living
please visit our website at
projectfindorg 
job overview
as the director of finance you will be responsible for building and enhancing the financial infrastructure of project find
the director of finance is also responsible for all aspects of the financial operations for project find
reporting directly to the executive director the director of finance provides accounting budgetary operational and programmatic support to all agency programs and activities
the director of finance directly oversees and supervises the financialaccounting team
they will serve as the primary agency contact for all funding contractual matters proposals for new or extended programs and new business development
the director of finance is seen as a thought leader and partner who knows how to manage the inevitable rigidity between business objectives and resource utilization
key r [...]"
1148,70,2199,C_rand,0.5372469038700877,0.60419375,0.4,0.3196607,0.23109952,BANKING,Supply Chain Analyst IV,"MANAGER           Experience      Manager  ,   11/2013   to   Current     Company Name   –   City  ,   State      Manage a large global team of up to 50 Managers, Technical Leads and Software Developers across a portfolio of 25 LOB applications.  My responsibilities include:.  Vendor management, RFPs, vendor selection, scope based contractual obligations, and negotiations on Fixed Bid, Fixed Scope, T&M SOWs and 3rd Party Software licensing.  LRPs, short and long-term strategic Road Maps, Project Planning & Monitoring and Software Delivery.  Operational Excellence using Application Performance Monitoring (APM), Log aggregation, etc.  Solution Architecture & design of complex projects and enhancements to existing products.  All aspects of IT Management - Hiring, Up/Out, developing trust based on highly advanced technical knowledge, motivating actively,  
Key Contributions:.  Reshaped the SDLC within the first 90 days from an everything-goes to an Agile (SCRUM) based process, substantially improving on-time and on-budget deliveries.  Introduced Jira as part of the transformation which snowballed into centralization of fractured implementations and adoption by thousands of people across the company.  Stabilized a key VOD Rights and Windows management application with many technical challenges including performance and data corruption.  Improved the resiliency of the platform, and reduced the technical debt enabling faster features development.  Substantially improved MTTR and RCA by adopting Splunk and AppDynamics, and by establishing proactive alerts to detect problems earlier than the users.  Strongly Influenced the UI/UX of a touch-enabled web and iOS application used by top executives.  Established and delivered very stringent performance, quality and reliability requirements.  Established a cloud-native, 12-factor architecture of an application deployed on AWS using Elastic Bean Stalk, RDS, SNS, and other related AWS services.  Nominated on NBC-wide Cloud-first str [...]","supply chain analyst iv

location houston tx

key accountabilities
interprets date analyzes results using statistical techniques and provides ongoing reports including but not limited to
 gathering and analyzing company spend supply market data and other related commercial information to drive value from supply chain activities and develop sourcingnegotiation strategies
 building shouldcost and total cost of ownership economic models for materials and services
 providing analytical support for category sourcing initiatives contract negotiations and bid evaluations
 monitoring and evaluating supply risks
 supporting the supplier performance management process
 developing tools and processes in sap microsoft excel and spotfire to improve the efficiency of analytical work
 compliance with company policy and industry regulations

required and preferred skills and experience
 senior level typically  years of experience
 understands advanced aspects of discipline and is viewed as an expert in a given field
 applies broad range of competencies to develop solutions to complex problems
 influences others to achieve objectives
 often provides specializedtechnicalfunctional guidance to others within department andor business asset"
1149,624,2447,B_xcat,0.47271033626004066,0.53705823,0.0,0.0,0.5184665,AVIATION,Sales Associate,"PURCHASER / PRODUCTION COORDINATOR       Professional Profile    Productive, quality oriented professional eager to contribute     comprehensive skills toward actively supporting a     progressive organization as a key team member.
Featured Skills    x  Expedite / AOG / Logistics
          x  Customer Service
          x  Finance / Accounting
          x  Sales
          x  Purchasing
          x  Inventory Control
          x  Stores / Warehouse
          x  Management
          x  Shipping
          x  Receiving
          x  Bookkeeping Ability to act independently to determine methods and procedures on new assignments.
* Ability to respond consistently with a high degree of initiative to resolve issues or complex problems that may arise.
* Ability to maintain positive company image and brand.
* Ability to perform work accurately and thoroughly.
* Efficient organization and time-management skills.
* Ability to prioritize tasks and meet deadlines.
* A courteous and professional demeanor.
* Strong negotiation skills
* Ability to work well under pressure
* Intermediate to advanced computer skills. Proficient with MS Office suite and other work-related software.
Additional
Comments    I have been working in the Aviation industry for 12 years now and bring with me a total on 15 years of experience that makes me a well-seasoned professional. I bring with me experience of working with commercial, military, charter, and prototype aircraft. I am experienced and knowledgeable with Boeing, Airbus, Bombardier, Dornier, and Lockheed and have proven myself to be both versatile when working with various aircraft makes & customers.          Experience     January 2011   to   Current     Company Name   City  ,   State     Purchaser / Production Coordinator        My journey at Flightstar began with production coordinating, where I was responsible for interfacing with leads, project managers, and customer representatives regarding aircraft documentation, parts status, and any probl [...]","overview

you are a natural at putting customers at ease and enjoy starting up natural friendly conversations its just as easy for you to connect with kids as it is with their parents you enjoy sharing your enthusiasm for kids athletic sneakers and apparel its easy for you to adapt to different types of customers and you resolve issues with a smile you like to work as part of a team as you improve your individual skills on the sales floor your success in this role will be measured through personal and productivity goals plus your ability to provide a great instore experience to every customer

our global houseofbrands inspires and empowers youth culture relentlessly committed to fuel a shared passion for selfexpression we create unrivaled experiences at the heart of the sport and sneaker communities through the power of our people if you want to be a part of something bigger than you can imagine youve come to the right place to learn more about the incredible impact were making on both our local and global communities click here

responsibilities
 ensuring high levels of customer satisfaction by being knowledgeable on all products offered and teaming up with coworkers to provide excellent sales service
 delivering sales outstanding customer experience and operational expectations
 maintaining personal and productivity goals
 connects with every customer by asking openended questions to assess needs
 ability to learn and share expertise of products and trends to fit customers [...]"
1150,454,2019,B_xcat,0.5306810110673839,0.5542385,0.0,0.0,0.34977198,CONSTRUCTION,Director of Finance,"LICENSE CONTRACTOR           Summary     Detail-oriented specializing in Residential and Commercial construction with sales and  professional development experience with more than 30 years of expertise in all facets of the construction industry. Verifiable  track record for successful completion of multi-million dollar projects that consist of high rises located in the Las Vegas and Chicago downtown areas through coordinating trades, developing partnerships, and building positive rapport with architects, engineers, local officials, vendors and clients while maintaining costs. Well verse in contract negotiation , project budget , impending designs issues, document preparation, building code regulations, material procurement, and site management through certification of occupancy .    Areas of Expertise Include:     *leadership & Team Building               * Quality Control Management  *Permits & Building Codes                   * Workplace Safety & Compliance  *Construction Planning & Scheduling *Organization & Time Management  *Critical Path Project management      * Vendor & Materials Management  *Budget Analysis                                  * Estimating Job Cost        Highlights          Knowledge of and experience working with Paint  Experience with various hand and power tools and heavy equipment  Skid steer Loader, Meg-roller and forklift  Experience working on high-rises, deep tunnel, bridges, roofs, porches(concrete/wood) Drywall, trim work, windows, cabinets, hardwood floors, ceramic, vinyl, acoustical ceilings, train-tracks, houses, foundations, docks, water-mains, sidewalk, plumbing, HVAC, electrical  Software  MS Office Proficient          Concrete estimation  Superb management skills  Project budgeting  Cost control            Experience      License Contractor    January 2011   to   February 2016     Company Name   －   City  ,   State       Led the planning, budgeting and direction of all construction projects.  Managed projects such  as painters, [...]","company description
project finds mission is to provide low and moderateincome and homeless seniors with the services and support they need to enrich their lives and live independently
today project find operates three supportive housing residences that are home to about  people and four senior centers with over  members
our members and residents range from the healthy and active to the frail and homebound to the homeless
for all these individuals project find is a critical resource providing housing meals and programs that help individuals navigate the challenges of aging by encouraging community engagement and healthy living
please visit our website at
projectfindorg 
job overview
as the director of finance you will be responsible for building and enhancing the financial infrastructure of project find
the director of finance is also responsible for all aspects of the financial operations for project find
reporting directly to the executive director the director of finance provides accounting budgetary operational and programmatic support to all agency programs and activities
the director of finance directly oversees and supervises the financialaccounting team
they will serve as the primary agency contact for all funding contractual matters proposals for new or extended programs and new business development
the director of finance is seen as a thought leader and partner who knows how to manage the inevitable rigidity between business objectives and resource utilization
key r [...]"
1151,120,849,topK,0.4285804788086505,0.5141083,0.4,0.375,0.4626598,FITNESS,Retail Sales Associate,"CASHIER       Career Focus     To obtain a position with a company that can utilize my skills and lead to a career. I am a hard working individual with great problem solving skills as well as a fast learner. I am looking for a personal training opportunity that can help me to reach my full potential.       Core Qualifications          Nutrition supplement familiarity  CPR and First Aid certified  Basketball coach (Former Division II Player)  AED certification  Fitness equipment expertise  Personable and friendly       Planning/coordinating  Professional demeanor  Organizational planning  Detail oriented  Weight training expertise  Dedicated            Education and Training      Fitness Nutrition Certification , Personal Training Certification  :   Nutrition Science, Human Anatomy and Physiology Weight Loss Management    2013       National Academy Of Sports Medicine   City  ,   State         Coursework in Health and Physical Education,   Exercise Science and Kinesiology,   Personal Trainer Certificate,   Attended seminar on Weight Loss Management,   Coursework in Nutrition Science, Human Anatomy and Physiology          Bachelor of Science  :   Nutrition Science, Human Anatomy and Physiology    Clark Atlanta University   City  ,   State         Coursework in Nutrition Science,   Human Anatomy and Physiology   Member of Biological Science Club   3.12 GPA          Accomplishments      Recruited 63 new members for the fitness center in the first 2 months of employment.        Interests    Anything involving physical fitness, such as : Jogging, Playing football and basketball, weight lifting and cycling.      Work Experience      Cashier   Current       Company Name   City  ,   State       Prevented store losses using awareness, attention to detail and integrity.  Excelled in exceeding daily credit card application goals.  Worked as a team member performing cashier duties, product assistance and cleaning.  Expressed appreciation and invited customers to return to the st [...]","become a part of the nike inc team

nike inc does more than outfit the worlds best athletes it is a place to explore potential obliterate boundaries and push out the edges of what can be the company looks for people who can grow think dream and create its culture thrives by embracing diversity and rewarding imagination the brand seeks achievers leaders and visionaries at nike inc its about each person bringing skills and passion to a challenging and constantly evolving game

to work in retail is to be the face of nike inc with a relentless focus on product knowledge and customer service nike retail teams give valuable experiences to consumers every day from shanghai to san francisco every store has a unique perspective and hosts an inspiring community of sport and style devotees a career in nike retail demands creativity and ambition and offers the opportunity to grow with some of the best athletes teammates and retail partners in the industry

with all retail opportunities nationwide offering a starting wage of at least  per hour nike is looking for the next parttime athlete sales associate to join our team and provide worldclass service to the consumer

what were looking for

serves like a pro friendly team player cares for customers wants to deliver the best experience we hire for service

aims to be the best coachable goal and careeroriented learner who is innovative  influential to others

plays by the rules professional who takes attendance and integrity seriously is re [...]"
1152,841,1561,topK,0.4865548315813836,0.7041582,0.15384616,0.12328098,0.3206915,FINANCE,Equity Research Biotech Associate,"DIRECTOR OF FINANCE         Executive Profile     Ambitious  Finance Director  who creates strategic alliances with organization leaders to effectively align with and support key business initiatives. Builds and retains high performance teams by hiring, developing and motivating skilled professionals.        Skill Highlights          Strategic Planning  Budgeting / Forecasting  Leadership   Financial Planning and Analysis      Expense Control  P&L / Balance Sheet Management  Cost Reductions  Matrix Management            Core Accomplishments      Achieved stretch targets for a turn-around business in EBIT, Cash Flow and Cost Out  Created, developed and trained FP&A Department  Analyzed channel profitability to optimize pricing and mix strategies        Professional Experience      Company Name    City  ,   State    Director of Finance   02/2014   to   Current       Oversee multiple departments responsible for Global FP&A, Productivity Tracking, R&D Analysis, Warranty, Pricing and Consumer Division Financial Reporting.  Lead Canadian Finance Group responsible for P&L, Balance Sheet, Reporting, Pricing and F/X.  Implemented improved cost-out reporting highlighting areas of concern and achieved global stretch targets in 2014.  Teamed with Sales and Marketing to achieve 2014 stretch targets in EBIT and Cash Flow through Channel Reporting, Contribution Margin Analysis, Inventory Control and Cost Vigilance.  Oversee Annual Budget, Strategic Plan and Forecast for Consumer Division.  Reorganized US and Canada reporting teams to achieve maximum performance and support multiple functions more effectively while reducing overall staff.          Company Name    City  ,   State    Financial Planning and Analysis Manager   10/2011   to   02/2014       



























Oversaw month-end
and period-end closing, management reporting, forecast and budgeting analysis
and reporting.  Created and standardized
a month-end package used by executive management with analysis of mon [...]","research

morgan stanley investment research is uniquely committed to being an essential part of our clients investment process we strive to be the sellside research provider that best understands the buy side through relevant and timely conversations with leading investors we focus resources on riskreward essentials identifying the investor debates assessing the potential outcomes and uncovering the evidence our clients need to validate their investment decisions our equity analysts cover some  stocks our economists strategists and fixed income analysts cover all major regions and other asset classes around the globe

equity research

the equity research department is responsible for researching macroeconomic and microeconomic conditions along with company fundamentals it also collects and analyses financial information to make investment recommendations on stocks in specific sectors research analysts build financial models to explore alternative scenarios examine industries and communicate with companies and investors equity research team members discuss their analysis and investment recommendations in research notes a career in investment research at morgan stanley demands a commitment to excellence and a passion for the markets as well as the highest level of integrity

we are currently seeking an experienced biotech associates

primary responsibilities
 creation and maintenance of earnings valuation and industry models leveraging skills in accounting finance and economic [...]"
1153,14,283,B_xcat,0.4264187030229363,0.5243012,0.0,0.0,0.25364324,INFORMATION-TECHNOLOGY,UI Web Designer,"LEAD INFORMATION TECHNOLOGY SUPPORT SPECIALIST         Work History            Company Name                      Company Name                Skills        Applications:      MS Office Suite 2000-2016, O365, GroupWise, HEAT Call Logging, Crystal Reports, T3 VoiceMail,  NetMotion, Novell iManager, Active Directory Client/Server:      Heatweb-fs Platforms:    Windows 2000/XP/7/8/10, UNIX, DOS            Experience     03/2016   to   Current     Lead Information Technology Support Specialist    Company Name   －   City  ,   State      Perform lead worker functions including assigning, coordinating and reviewing daily work of staff, training other employees and act as a resource to other staff.  Perform help desk systems administration; develop and document procedures.  Coordinate with technical support team, management, and users to define user needs for new or improved systems; coordinate software deployments and PC replacements; manage hardware and software inventories.  All duties as listed below.         04/2007   to   03/2016     Information Technology Support Specialist    Company Name   －   City  ,   State      Identify, troubleshoot, install, program, configure, upgrade, analyze and maintain various computer and network peripherals including mobile data computing devices.  Determine appropriate course of action and conduct repairs, modifications, procurement, and replacement of internal peripherals as needed.  Install, configure, and support enterprise class, SQL compliant database software.  Document the procedures for other support personnel to use as reference material to assist in the support of these systems.  Exceptional ability to work with a very demanding group of users in providing timely support in person, over the phone, or in remote desktop sessions.  Known for approachability, diplomacy and patience in dealing with frustrated users.  Excellent problem-solving skills relating to Access, Excel, or Word questions.  Create macros, research complex inqui [...]","if youre passionate about building a better future for individuals communities and our countryand youre committed to working hard to play your part in building that futureconsider wgu as the next step in your career

driven by a mission to expand access to higher education through online competencybased degree programs wgu is also committed to being a great place to work for a diverse workforce of studentfocused professionals the university has pioneered a new way to learn in the  century one that has received praise from academic industry government and media leaders whatever your role working for wgu gives you a part to play in helping students graduate creating a better tomorrow for themselves and their families

position summary

the web designer works on the creative side of producing a website they are responsible for designing visual elements for use online reflecting our branding and design aesthetic they create layouts for landing pages product pages homepages category pages and other areas of the website ensuring their designs are emotionally compelling unique and on strategy the position is remote

essential functions and responsibilities

this person will be part our creative team consisting of over  talented people including copywriters video editors and graphic designers the position will report to the sr manager of brand design this position works closely with the greater marketing team to create pages that will help to increase engagement and conversion within [...]"
1154,296,1917,A_mid,0.4025379978274729,0.3596761,0.0,0.0,0.3778549,ACCOUNTANT,Data Entry Clerk,"STAFF ACCOUNTANT           Skills        Income Statement, Balance Sheet, Budget expense vs. Actual Expense, when necessary prepare Income Statements for Special Events 
Yearly: Compiles information and Assists in preparing Annual Budget utilizing Microsoft Office, QuickBooks & Excel            Experience      Company Name    Staff Accountant   01/2012   to   06/2014       Responsible for the review and compilation of all financial information for multiple businesses, Monthly adjustments, Closing entries, Financial Statements,  Process Payroll, Completing 1040 Individual tax returns, Compose correspondences to the IRS and NYS to address and settle client tax issues.  Book Keeping: Entering all Expenses and Revenue information, Bank & Credit Card Reconciliations
Sales Tax: Complete sales tax reporting and payments for individual companies on a quarterly basis
Adjusting Entries: Balance Sheet Accounts, Including Recording Depreciation, Interest Expense, Accounts Receivable Accounts Payable, Owners Equity Accounts
Complete Closing Entries for quarter and year end as needed 
Complete Financial Statements 
Budget Analysis: Completed yearly comparisons and assisted with budget planning for each individual business based on financial statements and businesses growth throughout the year.  Supervise Administrative Payroll Clerks: 
Responsible to train and supervise 1 full time and 2 part time employees in general office operations and to assist in data entry of payroll information
Payroll: Processing of Weekly, Bi-Weekly, and Monthly Payroll for multiple companies
Complete weekly, bi-weekly, and monthly Electronic Federal Tax Payments for 941, 944 and NYS-1 payments for multiple companies 
Complete Quarterly and year end reports: Federal 941, 944, & NYS - 45 Reports for multiple companies 
Software Proficiency: QuickBooks, Asset Manager, Pro Series, Microsoft Office Excel, Outlook, Word applications.          Company Name    Executive Administrative Assistant   01/2006   to [...]",anywhere in us   per hour   annual bonus  company paid insurance medicaldentalvisionlife  as a data entry associate youll review prepare and submit customer applications to insurance carriers for approval review and compile necessary information ensuring application packet completeness and accuracy verifying proper formatting and submitting the application using the carrierspecified channel conduct administrative tasks that support the submissions processhiring fast
1155,598,700,A_mid,0.4325784417927736,0.47079268,0.4,0.38920823,0.5921758,HEALTHCARE,Development Associate,"HEALTHCARE CONSULTING PROJECT ASSOCIATE       Professional Summary     Demonstrates exceptional professional agility adding value quickly in any role.  Effectively anticipates and responds to non-static clinical, operational and financial demands.  Proven consulting and analytical expertise in physician practice management, revenue cycle and in the medical device, supply and biopharm market.  Collaborative partner with leading global health company sales teams.  Leader in strategic market expansion and operational growth.  Known for unquestionable interpersonal skills and passion for teaching, having developed robust education programs.  Dual US-EU citizen - compelled by language and global markets.       Education and Training     May 2013     Select  One  :   Health Information Technology    University of Texas   -   City  ,   State  ,   USA     Health Information Technology Executive Education        April 2010     Master of Health Administration  :   Graduate School of Public Health    University of Pittsburgh   -   City  ,   State  ,   USA            April 2008     B.A  :   Communication and Rhetoric    University of Pittsburgh   -   City  ,   State  ,   USA     Certificate in Professional German  Graduated Magna Cum Laude        August 2005       Intensive Language Studies    Die Neue Schule   -   City  ,   State  ,   Germany    GPA:   Magna Cum Laude                        Accomplishments      More  More  Awarded coveted post graduate administrative fellowship upon Master of Health Administration completion        Skill Highlights          Microsoft Excel, Word, Power Point, Visio & Access  NextGen Electronic Practice Management Super User  NextGen Electronic Health Record End User  PolicyTech      Vantage Analytics  Valify Purchased Services Analytics  PeopleSoft Financials & Supply Chain Management  Lawson Supply Chain Management            Professional Experience     10/2013   to   Current     Healthcare Consulting Project Associate    Company Name   -   C [...]","job details

job location  third corp   floor   ny

position type full time

salary range undisclosed

about us

founded and headed by gary barnett extell development company is a nationally acclaimed real estate developer of residential office retail and hospitality properties operating primarily in manhattan and other premier cities across the nation experiencing outstanding growth since its founding in  the companys growing portfolio exceeds twenty million square feet

summary of responsibilities

the development associate is responsible for driving real estate development projects from beginning to end assists the development management team throughout all project phases to include site acquisition contracts programming design finance construction and leasingmarketing and provides overall development support to the vice president of development and the senior vice president of development this position assists with sourcing new development and acquisition opportunities participates in the underwriting of development proforma and the submission review and analyses of request for proposals rfps and prepares predevelopment and development schedules

the development associate is further responsible for preparing and reviewing various analyses necessary to implement development business plans to include complex financial models cash flow projections valuation models sensitivity analyses and budgets tracking and analyzing market comparables for benchmarking performing lender du [...]"
1156,114,779,B_xcat,0.42194196821141505,0.64014477,0.0,0.0,0.46934545,HEALTHCARE,Enterprise Sales Executive,"COMMISSION SPECIALIST         Skills          BUSINESS ADMINISTRATOR  Project Manager  Data Entry  Business Manager  Performance Analyst  Results-focused, goal oriented, Business/Financial analyst with extensive experience in the business, nonprofit and health care sectors. MBA graduate with a focus on project management and administration. Superior analytical and quantitative skills with proficiency in data entry, Access, Excel, Crystal Reports and various statistical software.  Research & Analysis  Leadership & Supervision  Program/Policy Development  Data Entry  Process Improvement  Financial Cost Modeling  Report Writing  Clinical Forecasting  Trending & Troubleshooting  Software & Tools: MS Office 365 (Access, Excel, Outlook, PowerPoint, and Word), SharePoint, Visio, Sage ACT, Fastrax POS, Crystal Reports, Lotus Notes, Microsoft Expressions, IMA software, Stars software, QuickBooks, SPSS, GNU PSPP, Microsoft Dynamics.  Advanced Access and Excel, including building databases, creating forms, pivot tables, t-tests, and standard deviations.              Experience      Commission Specialist     Jan 2016   to   Current      Company Name   －   City  ,   State     Posts over 300,000 dollars in commissions each month.  Reviews and processes commission statements from 15 insurance carriers per week.  Posts all commissions with a 99 percent accuracy.  Processes adjustments to correct commission errors and/or discrepancies.  Analyses Excel spreadsheets with thousands of lines of revenue for consistency.  Performs monthly reconciliation of cash to the general ledger which is used to calculate the monthly commission payments.  Interacts with a variety of brokers and departments in Salesforce.  Enters over 10 new service lines of coverage and completes 20 tasks per week in Salesforce.  Inputs or adjusts 20 to 200 commission payment splits in proprietary commission system per month for biweekly revenue distribution.         Business and Healthcare Instructor     Jan 2015   t [...]","a client of insight global is seeking an enterprise sales executive this position is responsible for generating new sales through existing and selfgenerated leads and meeting or exceeding sales quotas the position is focused on the enterprise erp market including sage  microsoft dynamics  oracle sap ecc and others

benefits offered medical dental vision retirement plan disability and life insurance eap paid parental leave fsa pto holidays etc

quota attainment

enterprise sales executive job responsibilities include

meet or exceed monthly sales quotas as put forth by the company

maintain an acceptably high level of both monthly  daily sales activity as determined by the company

build and maintain a robust sales funnel as determined by the company

tactically execute the companys sales strategy initiating contact with potential customers performing effective discovery presenting and selling appropriate solutions

maintain proactive sales contact and continuous followup with all assigned leads and opportunities

conduct effective sales presentations via telephone with customers and prospects

generate leads to develop and expand individual pipeline

attend weekly sales meetings and educational activities to improve competitive and business process knowledge as well as professional selling skills

execute on other assignments as directed

 years of software sales exp

knowledge of erp

prior experience selling complex software solution to companies  or higher

previous experi [...]"
1157,645,2175,topK,0.47945927376055886,0.42294776,0.0,0.0,0.2299417,BANKING,Commercial Litigation Attorney,"Karla    Lee       Summary     Results-focused people advocate with vast experience in Wealth Management and Deposit Financial Services. Targets growth through nurturing exemplary teams and focusing on a format of listening to our clients for best outcomes. Proactive leader experienced in deep internal and external partnerships for best client outcome.       Skills          Industry partnership development  Team building  Recruiting and hiring  Process improvement  Operations oversight      Executive leadership  Problem resolution  Relationship building  Data management            Experience      Regional Director of Banking and Wealth     Mar 2018   to   Dec 2020      Company Name    －    City  ,   State      Responsible for overall growth performance of strategic marketplace.   Encouraged work environment conducive to development of high performing distinct teams by inspiring innovation and excellence in all CRM/Customer Engagement deliverables.  Outcome:  Had 3 diverse direct reports promoted to Managing Director roles in 2 years.  Revitalized client engagement routines to include cultural/geographic relevance. Engaged NY based Portfolio Managers and analysts to host clients on rotating schedule  Outcome:  Advisor acumen and loyalty to the firm increased significantly (turnover decreased by 50%), Client retention and share of wallet increased. AUM grew by client added investments and referrals. The Bay Area had the highest deposit market share gain in the country in 2019 in excess of $10b, 2nd highest AUM growth (3 consecutive years over 20%).  Aligned all Wealth Management efforts by different LOBs to include each other.  Outcome  (example). JP Morgan's Healthcare conference not only included our biggest institutional clients, but speakers were leveraged to host auxiliary sessions with Private Banking and Chase Private Clients. Chase Center suites were co-hosted by client affinities to create more engagement opportunities.  Transformed departmental operations th [...]","new york city office of a bcg attorney search top ranked law firm seeks a commercial litigation attorney with  years of experience the candidate should have ny bar admission new york federal courts southern and eastern districts a plus

this midsized east coast law firm has a widely recognized reputation for experience and excellence in litigation they represent businesses insurance companies and individuals in all aspects of civil litigation in state and federal courts in addition to the firms regional practice its attorneys regularly manage complex litigation on a national level attorneys regularly devote time and resources to various civic organizations and charitable groups the firm is committee to fostering a friendly flexible and open atmosphere furthermore the firm offers an excellent benefit package competitive salaries and an environment conducive to professional growth skills  litigation  generalcommercial"
1158,28,196,C_rand,0.4398326393550222,0.5704018,0.14285715,0.08208328,0.27654463,DESIGNER,"Performance Marketing Specialist, Paid Media","3D DESIGNER/ GRAPHIC DESIGNER         Summary    I am seeking a position where my experience can used to make a positive contribution.      Skills          Photoshop  InDesign  After Effects  Maya  Illustrator  Z brush  /XP Professional/ Vista/ Windows  Mac  Microsoft Word  Windows NT/95/98   OS      Sketch up  Daz 3D  Dreamweaver  PowerPoint  Analog Integrated Circuits  Cinema 4D  Excel  HTML  XML            Experience      3D Designer/ Graphic Designer        Company Name          meeting clients or account managers to discuss the business objectives and requirements of the job;.  estimating the time required to complete the work and providing quotes for clients;.  developing design briefs that suit the client's purpose;.  thinking creatively to produce new ideas and concepts and developing interactive design;.  using innovation to redefine a design brief within the constraints of cost and time;.  presenting finalized ideas and concepts to clients or account managers;.  working with a range of media, including computer-aided design (CAD) and keeping up to date with emerging technologies;.  proofreading to produce accurate and high-quality work;.  demonstrating illustrative skills with rough sketches and working on layouts ready for print;.  commissioning illustrators and photographers;.  working as part of a team with printers, copywriters, photographers, stylists, illustrators, other designers, account executives, web developers and marketing specialists.          Receiving Manager Assistant Manager  ,   01/2014   to   01/2017      Overseeing incoming and outgoing shipping activities to ensure accuracy, completeness and conditions of shipments.  Determining work procedures, preparing work schedules and expediting workflow.  Determining shipping priorities, work assignments and shipping methods required to meet shipping and receiving schedules.  Arranging transportation that optimizes service and cost.  Inspecting incoming materials and notifying appropriate staff [...]","overview

grounded in versatility and powered by a styling community express is a modern multichannel apparel and accessories brand whose purpose is to create confidence  inspire selfexpression launched in  with the idea that style quality and value should all be found in one place express has been a part of some of the most important and culturedefining fashion trends the express edit design philosophy ensures that the brand is always of the now so people can get dressed for every day and any occasion knowing that express can help them look the way they want to look and feel the way they want to feel

the company operates over  retail and outlet stores in the united states and puerto rico the expresscom online store and the express mobile app express inc is comprised of the brands express and upwest and is traded on the nyse under the symbol expr for more information please visit 

responsibilities

position overview

the specialist performance marketing is responsible for providing support and execution of integrated media campaigns to drive traffic and sales to expresscom this person will assist digital marketing manager in the development of the optimal media campaigns for lower funnel display and paid social programs in addition this person will help manage the creative brief  traffic process develop reporting and communicate performance the specialist performance marketing will also assist the daytoday vendor relationships execution messaging strategy and communication [...]"
1159,230,1096,A_mid,0.4109279173017277,0.45953235,0.5,0.6103564,0.50898457,SALES,Marketing Specialist,"SALES REP       Summary      Sales Executive  offering outstanding sales presentation, communication, closing skills,  and  team management skills. High-energy, results-oriented leader with an entrepreneurial attitude.   Desires a high-level position in a professional service oriented environment.        Core Accomplishments     Founded The Success Group and grew personal sales to $200,000.00 the first year with a steady growth for the next 5 years.     Initiated ""Program"" sales for area Auto Dealerships in Atlanta to purchase imprinted promotional items in mass with each dealership's name with the brand's logo, saving each dealership by quantity purchasing, and increasing our bottom line significantly.    Negotiated campaigns in conjunction with radio and print advertising to increase service dept.sales ( Ex: Free teddy bears given for Valentines' Day to the ladies who came in for an oil change.)     Partnered with a Non-profit organization increasing our sales to them to over $150,000.00 yearly, helping increase awareness and donations with their donors. Networked within this organization to gain business with other departments.       Experience      Sales Rep   05/2017   to   04/1993     Company Name      Telemarketed to Presidents and CEO's of successful area companies to use our services, averaging 100 calls a week, 13 appointments per wk resulting in 1 sale per wk.  Managed a tickler file to boost sales  Conducted on-air interviews with Presidents, CEOs, Physicians, and their clients for testimonials.          President   12/1998   to   Current     Company Name   City  ,   State      Strengthened company's business by leading implementation of  [project] .    Promotional Advertising Distributor)
Company and Client management expertise including:  Business development, promotional sales, interaction with client, supplier, and employees for excellent customer service, marketing communications, budget management for overall operations.  Used industry knowledge, l [...]","the ideal candidate will be responsible for creating marketing content and distributing it effectively you will help us create a strong brand presence with innovative promotional offerings online and offline marketing campaigns and marketing events you will collaborate with the sales team to ensure that your marketing efforts support their sales efforts finally your analytical skills will assist you as your monitor and report on the success of your marketing efforts

responsibilities
 strengthen our relationship with clients and company partnerships
 plan and execute campaigns and events
 track analyze and report the success of those campaigns and events
 create online and offline marketing content
 empower the sales team with marketing content and campaigns that help drive sales

qualifications
  years of marketing experience
 bsba in marketing or a related field of study
 excellent writing and communication skills"
1160,733,869,B_xcat,0.4880682583829897,0.6016043,0.5,0.5,0.3536173,FITNESS,Sales Associate / Design Consultant - Full Time,"CUSTOMER CARE REPRESENTATIVE       Professional Summary    Expert communicator with strong conflict resolution skills. Extensive background in customer service, recruitment and retention, mediation and records management. Demonstrated ability to promote a team-oriented and open-door environment that is conducive to a successful staff.      Skills                    Work History      Company Name    Customer Care Representative   |   City  ,   State   |   June 2013   -   August 2014     Addressed customer service inquiries in a timely and accurate fashion, providing appropriate information while maintaining precise records and a high standard of customer service Built customer loyalty by resolving complaints, expediting orders, and locating out-of-stock or discontinued items Recommended, selected and helped locate merchandise based on customer needs and desires Communicated all merchandise needs or issues to appropriate departments and supervisors Maintained up-to-date knowledge of company policies regarding service requests, product issues, returns and exchanges, and replacement policies Promptly responded to inquiries from members, staff, and customers via phone, e-mail and fax Maintained detailed administrative and procedural processes to improve accuracy and efficiency while managing a wide variety of customer service and administrative tasks Developed effective relationships with other departments, including sales, quality assurance, and service Used humor, a positive attitude, and high standards to encourage and assist customers Participated in extensive classroom and online training seminars Promoted a positive work atmosphere by behaving and communicating in a manner that supported both staff and customers Excelled in meeting objectives through use of independent action, prioritization, persistence, and leadership skills.         Company Name    Club Manager   |   City  ,   State   |   June 2011   -   March 2013     Contributed to the overall success of the f [...]","job details

description

the sales associate  design consultant is responsible for maximizing sales and delivering an exceptional guest experience in this exciting role you are creating lasting relationships while assisting clients with the selection customization and purchase of merchandise in this retail sales role the design consultant will have the ability to read each clients need for assistance and match their requirements to the benefits of the merchandise

as a sales associate  design consultant you will be providing customer service and space planning assistance as well as maintaining a sales driven focus

if this sounds like the type of environment in which you would flourish we invite you to apply for our opening at the freehold raceway mall

essential duties  responsibilities
 meets required monthly sales and productivity standards
 demonstrates strong product knowledge furniture accessories fabrics etc
 maintains a guest book to organize generate and cultivate business
 performs proactive and consistent followup with all guests before and after the sale and at delivery
 works to improve performance based on feedback provided by store management
 promptly solves guest concerns
 performs all opening and closing duties as directed
 accurately performs all systems functions and maintain operational standards
 works in collaboration with all team members

minimum qualifications
 high school diploma required college preferred
 some work experience in a retail environm [...]"
1161,534,2145,topK,0.5204576014047287,0.6731889,0.25,0.25,0.13076836,PUBLIC-RELATIONS,Technical Sourcing Recruiter (US Remote),"INTERN, CLAIM REPRESENTATIVE, HUMAN RESOURCES GENERALIST, PUBLIC AFFAIRS LIAISON SUPERINTENDENT         Executive Profile     To secure the role of Corporate Communications Manager in an effort to utilize exceptional verbal and written communication techniques to implement and advance the organization's strategic goals Exceptional written and verbal communication skills. Experienced implementation of institution-wide changes to promote and encourage inclusion, respect and dignity for all constituents. Highly skilled in creating a palatable business case about the benefits associated with diversity and inclusion. Proven capacity to collaborate proactively and diligently with stakeholders, while furthering the organization's diversity and inclusion goals. Dynamic interpersonal, analytical, organizational skills.    PROVEN COMPETENCIES:    Leadership, Relationship Building, Strategic Business Focus, Self-Improvement, Teamwork, Decision Making and Judgment, Adaptability, Inclusiveness, Agile, Quality, Accountability, Customer Focus (internal and external), Work Ethic, Resourcefulness, Communication (verbal and written), Critical Thinking, Flexible, Initiative        Skill Highlights          Project management  Leadership/communication skills  Human resources  Budgeting expertise  Negotiations expert      Employee relations  Self-motivated  Customer-oriented            Core Accomplishments      Project Management:     Initiated organization migration efforts which resulted in a more streamlined enterprise     Human Resources:     Spearheaded new employee engagement        Staff Development:   Launched well-received program of professional development courses for all staff.    Mentored and coached employees resulting in a 12% increase in productivity.         Professional Experience      Company Name    City  ,   State    Intern, Claim Representative, Human Resources Generalist, Public Affairs Liaison Superintendent   05/1988   to   Current       Claim Section Manager at [...]","location remote us seattle or scottsdale hq
if you are unfamiliar with axon we are a company focused on designing public safety software and are committed to developing the latest technologies to make the world a safer place public safety agencies are at the advent of a data revolution similar to what healthcare organizations went through over the past two decadesand the stakes couldnt be higher especially given the social unrest within the us helping any form of emergency personnel better understand data interpret the impact of their work and understand and action their data in unbiased ways is critical to our society
our mission is to help create transparency in our communities and the impact and relevancy of that work is rooted in all that we do here at axon
your impact
as a member of our global talent acquisition team you will be responsible for fulllife cycle recruitment efforts targeting research  development candidates who align with our mission you will be responsible for guiding candidates and hiring teams through our hiring processes helping attract and hire the best talent you are focused and driven with an interpersonal savvy that allows you to partner effectively with candidates hiring business partners peers and executives
the tech landscape is booming in this segment of tech candidates have a ton of choices and it requires a recruiter to be able to navigate compete strategies to attract and hire them an ideal person for this role is someone who can drive full l [...]"
1162,457,595,C_rand,0.5546453233954349,0.60160726,0.0,0.0,0.5037584,BUSINESS-DEVELOPMENT,Director - FP&A / Corporate Finance,"DIRECTOR OF BUSINESS DEVELOPMENT         Executive Profile     Results-
driven and highly skilled Account Manager and Sales Leader with 10+ years of
experience developing and executing plans that cover all aspects of the sales
cycle.  Provide strategic support to
customers by leveraging trends in technology, analytical analysis, and solutions
to the challenges of their business.  Creates
effective strategies to keep the pipeline accurate, moving, and exceeding goals.        Skill Highlights          Strategic account development  Strong interpersonal skills  Team building expertise  Proven sales track record      Relationship selling   Strong deal closer    Skilled multi-tasker  Analytical problem solver            Core Accomplishments     Created
strategies to develop and expand customer sales, which resulted in a 67%
increase in annual sales.   Increased
territory penetration 25% from 19 to 25 States.   Managed a portfolio of accounts totaling
$10,500,000 in annual sales and $32,000,000 in total contract value.   Generated a pipeline of more than $150,000,000
in net new opportunities in 12 months.        Professional Experience      Company Name    City  ,   State    Director of Business Development   07/2013   to   Current       Worked closely with other company executives to identify new business opportunities, securing contracts for enterprise government software, Software as a Service (SaaS), Infrastructure as a Service (IaaS), and Managed Service solutions.  Targeted new government agencies and new product lines to close 7 deals in one year in the public sector industry.  Created strategies to develop and expand existing customer base, which resulted in an $18,000,000 contract, the largest in the history of the company.          Company Name    City  ,   State    Deputy Secretary of State   01/2007   to   07/2013        Accountable for the  Election, Corporation, Professional Licensing, Securities, and Enforcement divisions day-to-day operations  including ov [...]","a tech services company in new york city is currently seeking an experienced finance professional to join their staff as their new director  fpa  corporate finance responsibilities the director  fpa  corporate finance will
 own fpabudgeting processes including creating ongoing process beginning with monthly updates
 build concrete path to becoming ebitda positive and profitable
 run ad hoc scenario analysis
 run scenario analysis for ma exploration over different time periods and assumptions
 run all financial analytics
 perform other duties as needed qualifications
  years of strong fpa experience
 bachelors degree
 experience with  modeling budgeting forecasting and planning
 previous experience in a leadership andor supervisory role
 solid analytical mathematical and research skills
 great interpersonal skills
 excellent communication skills written and verbal
 strong attention to detail
 highly organized
associated topics accounting audit banking expense finance finance director financial fiscal kpmg tax"
1163,499,1648,topK,0.5128783219754237,0.46228248,1.0,1.0,0.45618576,APPAREL,Real Estate Agent,"RESERVATIONS AGENT/FRONT DESK AGENT/GUEST SERVICES AGENT/PBX OPERATOR           Summary    Highly motivated and effective Sales Representative/Administrative Assistant with
extensive experience in
hospitality and office settings. Excel at organization and multi-tasking in fast paced,
dynamic, and fluid
environments. Accomplished in managing and coordinating various tasks and schedules.
Proven successful in
designing and executing community building and fund-raising events and activities. Strong
team member,
capable of leading and motivating others.
Very detail oriented and professionl      Skills          amp; Strengths  Executive & Administrative Support ~ Fluent in English, Farsi, Urdu, and Hindi  Customer Service ~ Telephone & Front Desk Reception  Organization ~ Filing, Database & Records Management  Research ~ Microsoft Office  Lightspeed  Starguest                Experience      Reservations agent/front desk agent/guest services agent/pbx operator    January 2016   to   Current     Company Name   －   City  ,   State      Generate booking requests and passenger attraction/transportation bookings
Answer and screen customer calls
Explain and sell our transfers and day tours, including up selling services
Process payment and attraction ticketing
Resolve product or service problems
Data entry and inventory accounting
Greet guests and complete the registration process to include, but not limited to,
inputting and retrieving information from the computer, confirmation of guest information
and room rate, selection of rooms, coding electronic keys, promoting marketing programs,
providing a welcome packet and ensuring guest knows location of room and/or has a bell
person accompany him/her
Assist guests with check-out including, but not limited to, ensuring rooms and services
are correctly accounted, using the point-of-sale system, handling money, processing credit
and debit cards, accepting and recording various forms of payment, converting foreign
currency, making chan [...]",thinking of a change think venezia realty group venezia realty group llc is the new standard in real estate contact us today if you want to join our family high commission splits training available advanced marketing unlimited leads get the support you need our company focuses on our agents contact  or email ncvveneziarealtygroupcom for more info or a private interview
1164,244,774,topK,0.5633938945227184,0.6448359,0.11111111,0.11738941,0.19688155,HEALTHCARE,Ecommerce Manager  Remote,"SR. PROJECT MANAGER       Profile     Information Technology Professional with a diverse background and 10+ years of progressive experience as an: experienced IT professional consistently delivering exceptional vendor solutions, third party development resources, project resources and program management results. Proven track record and experience with multiple large full-scale, full life cycle implementations, managing both functional and technical teams while provide operations and maintenance support in achieving corporate goals       Core Qualifications          Web content management  Business case development  Leading execution and delivery  Vendor management  Contract negotiations  Product Roadmaps  Financial management  Sustainable applications management  Internal and External Communication        Strong analytical skills  Cross-tier components implementation  Project management  Information security  Document management  Testing  Excellent problem solving skills  Content management systems            Technical Skills        Skills    Experience    Total Years    Last Used    Windows, VMWare, SQL, Mobile Development                      Professional Experience      Sr. Project Manager   08/2012   to   Current     Company Name   City  ,   State       Responsible for software lifecycle in the Cloud Realization group Manages multiple projects that involve planning, development of business and technical requirements, testing, deployment, and operational support of new products and features for AT&T's Cloud Services Leads cross-functional project team meetings, coordinates resources, facilitates communication with stakeholders, and drives project tasks, issues, and action items to completion or resolution Develops and manages detailed project documentation including project timelines, leadership status reports and presentations, issues logs, and meeting minutes Consults directly with clients on business goals, tools, strategy and best practices for software devel [...]",are you a motorsport enthusiast trapped in a job where you work on boring websites that sell cogs and widgets do you wish you could use your skills to help race cars go faster instead have you been waiting for the right opportunity to align your career with your passion and hobby if so here is your chance apex race parts is looking for the right individual to join our team as our ecommerce manager and help us develop the absolute best website for purchasing lightweight race wheels we know our current site sucks which is why were about to launch a brand new one weve been working on it for years we may launch phase one of the site before you join our team but thats just a small first step your role would be to take ownership of the site going forward and drive many more feature enhancements site optimizations funnels and more to be successful in this position youll need strong leadership skills and project management experience as you grow the internal team while also overseeing outside agencies and contractors who already do a lot of the leg work if you havent built and managed a meaningful enterprise ecommerce website before  one that offers hundreds of landing pages and that required a team of designers developers and marketers to produce  then you likely dont have the experience this position requires were not looking for a catalog manager or someone to put up promotional banners we already have people for that we want an individual who would complement our existing skills [...]
1165,459,2411,B_xcat,0.4491448744090725,0.61074156,0.22222222,0.2535878,0.15757436,AVIATION,Chief Financial Officer,"AIRCRAFT SALES       Professional Summary    I expect to associate myself with a professionally driven, well-respected organization by pursuing a challenging, responsible, dynamic and rewarding career and applying my academic knowledge, expertise, skills and enthusiasm; which will assist my career development and contribute effectively to the progress of the organization and our society as well. Areas of expertise include investigative policy research and Statistical Analysis, proven ability to interact effectively with employee and the public in a professional manner. Great team leader with strong organizational skills and formidable work ethic. Seventeen years construction management experience, with industrial and commercial construction jobs valued from four million to hundreds of millions of dollars. Last six years of construction as an owner operator of an Industrial Welding Company. Retired from Ironworkers Local Union 118 Sacramento on December 7, 2001. Went back to school to Utah Valley University in 2005 received a Bachelor degree as a Professional Pilot and A Master's Degree from Arizona State University on December 19, 2012 with a Master's of Science Technology Aviation Management (Human Factors). Supervisory Skills Able to multitask in different areas:Crew resource managementGroup team leader Aviation Research and Statistical Analysis Task oriented to help improve safety and efficiency in day ­ to ­ day operations. Proficient with the FAA and Department of Transportation standards and regulations that cover Flight rules (FAR and CFR (s)) and Public Airport policy Competent in computer data processing concepts Proficient with verbal communication and visual communication techniques for various programs. Professionally educated to gather information about the human abilities, limitations and characteristics and applying it to tools, machines, systems, tasks, jobs, policies, and their environments to produce a safe, comfortable and effective work environme [...]","if you seek a truly outstanding employment experience utica national is the place for you
we are always looking for conscientious customeroriented people  whether youre a seasoned insurance professional or just starting out
we offer a supportive and friendly work environment that features a variety of career paths
we offer challenging assignments advancement opportunities full benefits packages competitive salaries and a great work environment
and were big enough to offer the opportunities you need to be successful but not so big that youll get lost in the crowd
are you up for the challenge take a few minutes to look at our job openings to explore the possibilities  then find one thats right for you and apply online today
position specific responsibilities include the oversight of the following but not limited to
provides key leadership in the development and continuing evaluation of short and longterm strategic financial objectives
management and oversight of accounting and financial functions for the organization
manages and leads finance teams including supervision progress reviews and plans for improvement and team building
responsible for integrity accuracy and timeliness of all internal and external financial reporting
builds and utilizes financial models and systems for proactive analysis of results and forecasting
collaborates  educates business unit leaders on their respective pls surfacing further opportunities for increased productivity and profitability
manages ex [...]"
1166,842,881,B_xcat,0.4523964293643201,0.6794351,0.16666667,0.16666667,-0.024255883,FITNESS,T Mobile Work From Home – Customer Service Associate Expert – $20/hr.,"O        SITE LEAD/PROCESS ANALYST         Summary     I am seeking a position that challenges my current experience and grants the opportunity to make a measurable impact. Much of my experience is transferable, specifically in the areas of business strategic planning, process development, problem resolution, customer service, attention to detail. I also look forward to further developing my skills and talents within the contest of the organization. I am a strong planner and problem solver, who readily and easily adapts to change. I work well individually or within the context of a team, and consistently exceeds expectations. Able to manage multiple priorities and meet tight deadlines without compromising quality.       Skills           Leadership development training     Process development      Bank reconciliations     Office Management   Conflict resolution      Complex problem resolution        Strategic planning      Records Management  performance tracking   Business recovery and sustainability    Interpersonal Customer Service  Spreadsheets/Reports  All forms of communication including verbal, written and digital          Computer skills   Microsoft office Suite  workday program  kronos  Regloginc   Arrow and CPI  Fidelity   QuickBooks               Accomplishments       Multiple awards for performance.     Cut operating expenses by 45  % year over year by   created new workflow process that enhanced efficiency      Reduced office expenses by finding smarter solutions for vendors, suppliers and services.       Five years of training on leadership development and mentorship      Completed over 50 books on leadership, people skills and business management.       ​         Experience      site lead/process analyst   City  ,   State    Company Name  /   Sep 2013   to   Current         Developed organizational change management strategies.  Reduced organizational operating costs by  45 % by streamlining processes.          Conducted activity-based analysis of busi [...]","be unstoppable with us

tmobile is synonymous with innovationand you could be part of the team that disrupted an entire industry we reinvented customer service brought real  to the nation and now were shaping the future of technology in wireless and beyond our work is as exciting as it is rewarding so consider the career opportunity below as your invitation to grow with us make big things happen with us above all beyou with us together we wont stop

job overview

associate experts work as part of a team of experts to astound customers with the effective resolution proactive account management and customer education they determine and resolve root causes to customer concerns and inquiries identify appropriate revenue and service enhancement opportunities and explore customer needs to develop loyal and profitable customers including activations payment arrangements and other collections activities when appropriate this role is a learning role where new experts are building skills and competencies in these areas while also demonstrating worldclass skills in courtesy concern timely resolution value creation and relationship building

job responsibilities
 provides astounding customer service thorugh effective and timely resolution of various customer inquiries and concerns
 builds customer loyalty and value through effective account management identifying and providing offers for appropriate additional products features and services and collecting past due balances
 uses resource [...]"
1167,508,1174,C_rand,0.5020269372613042,0.53875774,0.4,0.4,0.4708113,CONSULTANT,"Director, Strategy & Operations","CONSULTANT           Summary     Solutions-focused, versatile management professional offering a comprehensive background supporting U.S. military operations in roles of increasing responsibility during a 30-year career in the United States Marine Corps.  Effective communicator who quickly masters new roles and technologies to achieve positive results.       Highlights          Strong verbal communication  Extremely organized  Strong Managerial Skills  Attends to detail  Effective writing skills  Top Secret/SCI Security Clearance (Clearable).  Effective team leader  CPR certified  Firearms safety training  Trained in defensive tactics  Intelligence gathering techniques      Training in Emergency response   Able to handle extreme situations            Accomplishments     Effective leader of a period spanning 30 years in the United States Marine Corps. Deployed numerous times to hardship countries to assist in relief efforts as well as combat operations. Completed both my Bachelors and Masters degree's since retirement       Experience      Consultant    October 2013   to   October 2014     Company Name   －   City  ,   State      Consultant for FSCX (Fort Sill Oklahoma).  Part time).  Assisting other doctrine writers in the efforts of revising all current doctrine, tactics, techniques and procedures manuals, to include ATP 3-09.13 (FM 3-09.13) The Battlefield Coordination Detachment (BCD) and ATP 3-09.43 Fire Support Techniques for The Battalion, utilizing the Army Doctrine 2015 format.          Primary Doctrine Writer    September 2012   to   September 2013     Company Name   －   City  ,   State      Primary Doctrine Writer for Explosive 	Hazard Operations, Army Techniques Publication (ATP) 3-34.20/Marine Corps 	Reference Publication (MCRP) 3-17.2D.  Keybridge Technologies.  Acted as the primary author for Explosive Hazard Operations, doctrinal publication,  ATP 3-34.20/MCRP 3-17.2D.  Gathered, analyzed, and wrote all information required to re-write an outdated vers [...]","about the role

we are seeking an experienced leader to lead the design implementation and operation of a prospect feeder capability for the angis marketplace businesses including ads and leads the ideal candidate will possess both the technical and operational best practices associated with sourcing aggregating and distributing sales leads for large inside sales teams

what youll do
 grow prospect database using bestinclass lead prospecting tools and cleansing sources
 bolster database quality and accuracy via data appends lead enhancement tools and lead scoring techniques
 integrate our ads leads and services databases in order to effectively and efficiently maximize revenues and profits
 define lead management and distribution guidelines that maximize profit generation for the angi marketplace across ads and leads businesses
 oversee lead quality engagement and conversion metrics to ensure continuous maximization of lead value creation
 guide the design and development data infrastructures required to enable realtime data analytics reporting and lead performance management
 manage and lead team of data sourcing management and distribution specialists

who you are
 must have direct experience with prospect development or administration in sales environment
 preferred education in sql database reporting tools and web scraping software
 proven success in developing and leading high performing teams
 excellent communication skills to translate complex problems using nontechnic [...]"
1168,780,1237,B_xcat,0.4790487534426938,0.51027995,0.0,0.0,0.12620777,DIGITAL-MEDIA,Vice President Marketing,"PROGRAMMATIC MEDIA SUPERVISOR           Work History            Company Name                Experience     04/2017   to   Current     Programmatic Media Supervisor    Company Name   －   City  ,   State      Directly oversee a group of Programmatic Associates & Managers on their day to day responsibilities across 5 major pieces of agency business
Drive senior Media staff to innovate and automate their media plans through the self-service team
Formulate proposals for new client opportunities involving data driven audience buying and remarketing
Create and foster relationships with tech providers, data companies and inventory sources throughout the programmatic landscape.         04/2016   to   03/2017     Manager    Company Name   －   City  ,   State      Execute, manage, and optimize online media campaigns for agency clients through Demand Side Platforms
Evaluate data fields from multiple sources to highlight key performance indicators
Offer consultative support to media teams surrounding programmatic buying.         08/2015   to   04/2016     Media Planner    Company Name   －   City  ,   State      Act as day to day Account Manager for a set of clients cumulating over 10MM in media budget
Develop innovative online and offline media recommendations that align with the brands business goals
Train Assistant Planners on the basics of account management, media planning and industry best practices
Own and manage status meetings in regard to paid media programs with client and vendor partners.         02/2015   to   08/2015     Digital Media Strategist    Company Name   －   City  ,   State      Communicate rationale and reasoning behind integrating digital media such as Programmatic Display, SEM, Online Video, Mobile and Social into the overall media recommendation
Direct Activation Team on media plan strategy while overseeing the buying process from initial RFP to final reconciliation of vendor invoices.         12/2013   to   02/2015     Digital Media Analyst    Company [...]","about the company

webbmason is a fullservice marketing firm with offices coast to coast  from our corporate headquarters in hunt valley maryland to los angeles and just about every major metropolitan area in between for over  years weve been focused on helping activate brands at the local level through engaging content material and merchandise  providing upstream strategy creative services and technology connected to downstream production and distribution both physical and digital

effective july  webbmason marketing has merged with supplylogic combining two brands that together  provide an unmatched portfolio of techenabled marketing services for print branded merchandise point of sale and digital solutions

job summary

were looking for a creative and passionate vice president of marketing who will work directly for our chief strategy officer helping define support activate and optimize the combined companies aggregate gotomarket strategy this is a remote role based out of new york with planned travel to key office locations including the corporate office located in hunt valley maryland

ideal candidates will be able to do the following
 thrive in a fastpaced environment with the ability to manage multiple priorities
 proactively identify businessmarketing opportunities and create action plans
 manage and plan at both the strategic and operational levels
 lead creativedesign strategy everything you hear see and touch
 infuse passion creativity and innovation into our busin [...]"
1169,432,1112,topK,0.4675624352876915,0.6598361,0.3,0.30612245,0.38167024,CONSULTANT,Business Development Manager Private Equity,"CONSULTANT         Professional Summary    Accomplished seller with marketing and entrepreneurial chops. Proven record of exceeding service standards
and outpacing performance goals. Solid technical background with a focus on B2B SAAS and programmatic
advertising. Motivated, team-oriented and enthusiastic about helping companies grow.      Skills          B2B sales  Network development  Lead prospecting  Interpersonal communication skills  Brand marketing  Business development  Product development  Content creation  Accounting, VC  Advertising, Website  Agency  B2B  Billing  Book  Brand strategy  Budgets  Business development  C      Com  Interpersonal communication  Content  Content creation  Clients  Client  Delivery  Product development  E-commerce  Editorial  Finance  Managing  Marketing  Meetings  Enterprise  Network  Sales  Selling  Staffing  Strategic  Phone  TV            Work History      Consultant  ,     01/2020   to   Current     Company Name    –    City  ,   State        Project manage drinkbumpcoffee.com and sheau.com website launches.  Oversee marketing, content creation, and 3rd
party integrations for all three brands.  Prospect and onboard 100+ traditional retailers and D2C e-commerce brands to Sheau within first 3
months through in person meetings, cold emails and phone calls.  Sourced 30+ new relationships with VC's, like-minded brands and affiliates to partner with Sohuis on
content and events.         Senior Account Executive  ,     03/2019   to   01/2020     Company Name    –    City  ,   State        Grew $500K book of business by 10% through cross-sell and up-sell opportunities while managing
pipeline of 60+ enterprise brands.  Conducted client QBR's and developed plans with internal teams to grow territory through customized
demo's, mock-ups and strategic partners.  Created new process for documenting sales ""wins"" that was implemented company wide.         Senior Account Executive  ,     04/2018   to   03/2019     Company Name    –    City [...]","the company you ll join

at carta we create owners and make private markets liquid

we live in a world where some people live on the equity stack and enjoy exponential wealth growth and preferential tax treatment others live on the debt stack and may work their entire lives for a company and retire only with the cash they ve managed to save from their paychecks
our contribution to solving the wealth inequality problem is moving people from the debt stack payroll to the equity stack
by making it as easy to issue equity to employees as it is to put them on payroll we can create more owners

at carta we are helpful transparent fair and kind
we are relentless executors unconventional thinkers and masters of our craft

learn more about our series g fundraising round here 

the team you ll work with

the business development manager private equity will represent carta inmarket and oversee the company s efforts to grow its network deepen existing relationships and develop additional business opportunities in the private equitybuyout space
the business development channel team works crossfunctionally to drive ecosystem partnerships to accelerate our growing business
ideal candidates will be energized by building and managing impactful external relationships crossfunctional collaboration digging into data finding scalable and repeatable best practices constructing strategic communications and helping to change practice across a dynamic industry

the problems you ll solve
 shape our ap [...]"
1170,777,1279,B_xcat,0.5341417114857513,0.5589951,0.44444445,0.4199077,0.48212686,DIGITAL-MEDIA,Senior Accountant (Remote),"SENIOR DIGITAL MARKETING SPECIALIST       Summary    Digital marketing professional experienced in SEO, PPC and account management. Knowledgeable about conversion rate optimization, content marketing, analytics and proficient in wide variety of SEO/PPC tools.      Highlights          Excellent written and verbal communicator  Superb time management skills   Cross-functional team leadership     Focused and driven         Skilled multi-tasker           Results-oriented  Deadline-driven  Self-directed    Detail-oriented    Customer service-oriented  Quick learner  Self-motivated professional      Microsoft Office Suite   Desktop publishing software   Graphics editing software  Web analytics software   Project management software   Social media management tools   User experience (UX) design principles,   Content management systems (CMS)  HTML and CSS knowledge           Account management   Digital Marketing  Search Engine Optimization  Search Engine Marketing           Experience     03/2015   to   Current     Senior Digital Marketing Specialist    Company Name   －   City  ,   State           01/2014   to   11/2014     Senior SEO Specialist    Company Name   －   City  ,   State      Applied ethical SEO best practices when performing tasks such as keyword research, competitive analysis, content optimization, Meta tag creation, alt tag creation and social media optimization.  Analyzed, reviewed and implemented changes to improve organic search and page rank of client B2C websites.  Claimed business listings and provided location data syndication to data aggregators.  Implemented website migrations, 301 redirects, sitemaps, robots.txt file, and fixed 404 errors.  Digital Copywriter Developed grammatically sound, benefit driven and search engine friendly content for global client B2C websites.  Produced unique and engaging content marketing pieces for cross-channel partners that featured or supported LiveEdit's SaaS product and service offerings.  Created and maintained on [...]","in the minute it takes you to read this job description bluecore has launched over  individually personalized marketing campaigns for our retail ecommerce customers

bluecore is expanding our finance team and is looking for a senior accountant with a positive attitude who is highly motivated to learn and grow within a fastpaced organization this role will be responsible for supporting the monthly close processes as well as supporting and initiating general accounting and reporting process improvements to gain efficiencies and strengthen the overall control environment

this position requires a driven selfstarter who is able to work comfortably with stakeholders across the organization takes tasks from start to finish and someone who enjoys working in a fastpaced challenging environment this is a great opportunity to become a member of the finance team for a breakthrough company that is disrupting the retail market

the role
 perform monthend close activities including preparation of journal entries and reconciliations for various balance sheet and income statement accounts
 perform financial statement analysis and document meaningful explanations for fluctuations
 review revenue contracts and transactions to ensure compliance with the companys revenue recognition policies under 
 prepare memos and analyses surrounding revenue recognition under asc  for more complicated billing arrangements
 responsible for creating and maintaining commission calculation files for variable com [...]"
1171,223,98,A_mid,0.509309879524622,0.4627759,0.5,0.46799,0.5759033,HR,Customer Service Representative (Work at Home),"HR SERVICES REPRESENTATIVE       Summary     A multi-skilled professional with good all-round HR imformatory skills. Very capable with an ability deal with all the recruitment/processing needs of the organization. Experienced in providing timely and up to date HR advice to both managers and employees whilst at the same time making sure both the employee and employers interests are best represented.       Key Skills           Excellent telephone manner and high standard of communication skills.  Able to deal with highly confidential matters professionally & discreetly.  Strong communicative, interpersonal, team-building, and leadership  Highly developed written, verbal and presentation skills  Good computer skills with an excellent knowledge of Microsoft Word and Excel  Possess a proactive, positive and confident attitude      Professionals in Human Resources Association  Recruiting and selection techniques            Experience     10/2012   to   Current     HR Services Representative    Company Name   －   City  ,   State      Dealing with all of the recruitment needs & employment issues of the company. Ensuring the timely recruitment of new employees into the business from the initial job offer being made through to their induction into the company including offer letters and contracts etc. Duties:   Process the enrollment of new recruits  Contacted all job applicants to inform them of their application status.  Thoroughly explained the employee handbook during new employee orientations.  Process all requests for enrollment, updates, changes and claims to Group Benefit Plans  Process application for Leave and provide information to staff and managers as requested  Making sure that any promotions, transfers and pay increase take effect as planned.  Prepare job status and reference letters as requested by employees on a weekly basis  Set up and maintain correct records of employees within system databases.  Providing employment references for past employees  Prepare [...]","minimum level of education
high school or equivalent
minimum years of experience
 year
employment type
full time
travel percentage

position summary
who we are
guest worldwide is a leading global manufacturer and distributor to the travel and leisure industry providing products to over  hotels in  countries we manufacture personal care amenities and a full range of textiles and we distribute nearly everything else you find in the hotel public guest areas in the hotel room recently achieving a billion dollars in annual revenue guest worldwide has grown its business by over  in the last  years guest worldwide is also a wholly owned subsidiary of sysco sysco is a  billion dollar industry leading global food and beverage distribution company employing thousands of employees worldwide and home to the  largest sales organization in the world 

the customer service representative provides customer and territory managers tms support with the sales of hotel and operational supplies 
work at home requirementshigh speed internetmust live in one of these states fl ga oh in tx or mt nvquiet secured workspaceprimary responsibilities
customer  territory manager support 
answer incoming calls and emails from tms research and provide information such as estimated time of arrival eta customer history data order tracking delivery issues proof of delivery etc provide customer with order history information ie item  quantity etc and pricing process orders including new cancellation or additions t [...]"
1172,672,2131,B_xcat,0.43549034328601954,0.5240585,0.33333334,0.33333334,0.4338358,PUBLIC-RELATIONS,Software Developer- Entry Level,"WEB DEVELOPMENT COORDINATOR         Highlights        Adobe Photoshop, Acrobat, Dreamweaver
*Content Management Systems (CMS)
*MS Office (Word, Excel, PowerPoint, Outlook)
*Quark Xpress, Interactive Designer            Accomplishments      National conference presenter, Health Care Internet Conference: Leading the Digital Transformation, Nov.  2014 National conference presenter, Health Care Marketing and Physician Strategies Summit, May 2014 Interactive Media Awards (IMA) Best in Class Award for CentraCare web site, 2013 Graduate, St.  Cloud Area Chamber of Commerce Leadership Development Program, 2007 Producer credit for 1999 Telly Award-winning and Aegis Award-winning video project, ""Renae's Story"" Writer/creative director/producer credits for four Healthcare Marketing Report Advertising Awards (national competition), 1999-2000 Writer/producer credits for six Lake Superior Ad Club (American Advertising Federation) Citations of Excellence, 1995-97.        Experience     01/2012   to   Current     Web Development Coordinator    Company Name   －   City  ,   State      Direct the strategic development of CentraCare Health web properties Consistently deliver a rewarding user experience (UX) with web-based content, services and features Develop social media strategies and manage content assets on social platforms Actively monitor, evaluate and report on web analytics; assess successful measures and implement changes Collaborate with executives, leadership and staff to achieve best in class digital content and services Spearhead efforts to launch a consumer-focused, health and wellness blog Implement new online features to promote physicians and medical staff Create educational materials and conduct software training for staff Manage, inspire and motivate web department staff on ongoing enhancements to our digital footprint.         01/2000   to   01/2012     Web Marketing Specialist    Company Name   －   City  ,   State      Directed and implemented health system web in [...]","apprentice now has an excellent tech job opportunity for individuals looking to start and build a new career in technology as a software developer our client is an industry leader in technology services and consulting providing you a great job opportunity in the tech field to get your foot in the door

you will have the opportunity to work alongside a team of professionals to solve reallife problems and learn how to make an impact they will equip you with everything you need to know to make a meaningful impact as a professional within their organization and start your new career off right this is a fulltime salaried opportunity with benefits and no prior technical experience required

software development job duties may include but not limited to

responsible for developing solutions for clients using appropriate software

involves daytoday configuration build test support and maintenance

build and test interfaces for application development assignments test all code developed as per the defined quality process standard

develop userfacing applications that address the functional requirements while providing a superior user experience to the endusers

develop software and integration flows for clients

design execute and automate scenarios scripts and procedures

document software defects using a bug tracking system

participate in trouble shooting existing software issues and implement as per the change management process

design and configure interfaces needed to transfer [...]"
1173,744,1544,A_mid,0.475590225680353,0.37818646,0.0,0.0,0.34978008,FINANCE,Correctional Officer,"SALES / FINANCE MANAGER       Summary    Looking out for a position as administration assistance with a reputed firm where I could use my core competencies and knowledge for the mutual growth and benefit. A civil engineer / projects manager with more than 10 years of vast experience in management, planning, designing, bidding and implementation of civil construction projects of buildings, Roads, hydraulic structures, solid waste transfer stations, waste water treatment plants, concrete paving, security projects and etc. 
Enthusiastic and hardworking professional with experience of travelling to project sites around the country including remote environments with limited communications or logistical support. Possess a great record of accomplishment of contributing to continued business improvement processes and meeting the projects objectives.  Professionally committed to delivering high quality engineering and environmental services. Experience of working on infrastructure, utilities, and structural and highways projects. 
3 years experience in administration, customer services, Auto finance and used cars selling with one of the best car dealership in Forest lane, Garland. Excellent experience of doing business with United Auto Credit, Westlake and Lobel.      Highlights        Operating Systems:  Windows, Mac OS X
Software:  Microsoft Office, AutoCAD, Photoshop, PDF professional, MS Outlook.              Experience      Sales / Finance Manager     Sep 2011   to   Sep 2014      Company Name   －   City  ,   State     Determining annual unit and gross-profit plans by implementing marketing strategies and analyzing trends and results.  Establishing sales objectives by forecasting and developing annual sales quotas for regions and territories; projecting expected sales volume and profit for existing and new products.  Implementing sales programs by developing field sales action plans.  Maintaining sales volume, product mix, and selling price by keeping current with suppl [...]","at corecivic we do more than manage inmates we care for people corecivic is currently seeking a correctional officer who has a passion for providing the highest quality care in an institutional secure setting

who we are

corecivic is the leading national provider of highquality security corrections and detention management services providing effective programs that enhance public safety and prepare individuals for success after release headquartered in nashville tennessee with more than  secured facilities nationwide corecivic security employees are driven by a deep sense of service high standards of professionalism and a responsibility to better the public good

what we have
 paid training  comprehensive training to start a successful career
 a supportive environment where employee growth is promoted
 comprehensive benefits package  competitive wages
 pto  paid holidays
 other great incentives

what you get to do
 change the lives of those in your care
 perform routine duties of a correctional officer in accordance with established policies regulations and procedures to maintain order and provide for the safety security care and direct supervision of those in your care during all phases of activity in the facility
 responsible for maintaining order and security of inmates in a correctional facility
 able to work any shift as you may be assigned to a variety of posts including but not limited to armorykey control housing units kitchen medical visitation etc
 corecivic recogn [...]"
1174,696,895,B_xcat,0.48187286011230784,0.6263575,0.25,0.16309085,0.23785184,FITNESS,Senior Project Manager - Education,"RECEPTIONIST AND VETERINARY TECHNICIAN           Summary     Dedicated and focused Office Administrator who excels at prioritizing, completing multiple tasks simultaneously and following through to achieve project goals. Seeking a role of increased responsibility and authority. Receptionist who answers a high volume of incoming calls while handling in-person inquiries from clients and colleagues. Flexible and hardworking with the drive to succeed.       Highlights          Microsoft Office proficiency  Excel spreadsheets  Meticulous attention to detail  Self-directed  Time management  Professional and mature  Strong problem solver  Resourceful  Dedicated team player  Strong interpersonal skills  Understands grammar  Proofreading  QuickBooks expert  AR/AP  Medical terminology  Mail management  Self-starter      Motivated  Dependable  Power Point proficiency  Outlook proficiency  Internet research  Dedicated with a reputation for consistently going beyond what is required            Experience      Receptionist and Veterinary Technician    June 2007   to   September 2014     Company Name   －   City  ,   State      Scheduled surgeries and routine appointments   Drew blood samples   Developed X-rays   Managed inventory and documentation   Ordered medical supplies and animal food   Administered vaccines, medication and performed lab tests  Assisted in surgeries and euthanasias.          Administrative Specialist and Personal Assistant    May 2013   to   December 2013     Company Name   －   City  ,   State      General administrative responsibilities included coordination of calendars (scheduled and coordinated arrangements for meetings, anticipated conflicts and needs), processed expense reports, and regular communications for cross-functional departments.  Provided systems support, establishing appropriate documentation and tracking of business processes include budget reports, and updating church members on New Songs custom computer program, CCB   Demonstrated excellen [...]","senior project manager  education
job locations
us
posted date

 days ago
  pm
job id   of openings  category operation support type regular fulltime practice area education services

overview
about public consulting group
public consulting group inc pcg is a leading public sector solutions implementation and operations improvement firm that partners with health education and human services agencies to improve lives founded in  and headquartered in boston massachusetts pcg has over  professionals in more than  offices worldwideall committed to delivering solutions that change lives for the better the firm has four designated practice areas with extensive experience in all  states clients in six canadian provinces and a growing practice in europe often combining resources from two or more practice areas pcg offers clients a multidisciplinary approach to solve their challenges or pursue opportunities to learn more visit 
 
responsibilities
serve as a project manager across multiple special education professional development and consulting projects with local and state clientsdevelops mechanisms for monitoring project progress and problem solving with content leads and client representativesoversees and coordinates multiple projects across the team to ensure each clients deliverables are met in a timely mannerreviews status of projects and budgets manages schedules and prepares status reportsinvestigates and analyzes clients processes recommends solutions to meet the clients nee [...]"
1175,610,1060,topK,0.5793334265654432,0.68464756,0.15384616,0.1527992,0.5136266,SALES,"Business Analyst, ACS Publications Sales","SALES EXECUTIVE       Summary    SALES EXECUTIVE Results driven, customer centered sales executive with 24 plus years of experience in different industries.  Proven ability to meet sales quotas and deadlines, successfully capitalizing on growth of customer base while maintaining sales integrity and positive morale. Articulate communicator and trusted associate with the ability to connect to a wide variety of customers and prospects.      Highlights          Leadership  Organization & Planning  Sales Presenting  Customer Experience  Customer Retention  Marketing Strategy  Discovering Customer Needs  Coaching & Mentoring  Revenue Generation  Knowledge Of Market  Employee Relations  Forecasting  Relationship Building  Performance Management  Customer Prospecting  Excellent Communicator  Sales Reporting  Networking & Rapport Building                Experience      Sales Executive   12/2013   to   Current     Company Name   City  ,   State       As the main sales person for the company, was in charge of Achieved 7% revenue growth over prior year, generating an 11% increase in profits Analyze current market and consumer trends thru sales data, interpreting the data to vendors, and management in an effort to capitalize on the sales and profit opportunities Full responsibility and management of cost controls, inventory control, budgeting, scheduling and P&L accountability Responsible for recruitment, retention, training, and other HR functions for over 40 employees to ensure quality and standards are executed in conjunction with corporate expectations Daily involvement with inventory accountability system; ensuring accuracy and availability Act as a liaison between numerous vendors to maintain a retail environment that consistently provides our guests with the products they desire and meets sales quotas Execute key marketing and promotional initiatives and strategies to maximize sales and profit margins in alignment with company goals Rated in top 10% of company Customer Se [...]","the publications division of the american chemical society acs publishes a weekly topical magazine cen and more than  peerreviewed journals focused on chemistry and chemistryrelated topics the division has domestic facilities in washington dc and columbus oh as well as worldwide operations in a growing number of international locations including but not limited to the uk singapore india and china the divisions publications sales department manages regional sales representatives as well as contracted distribution relationships across the globe servicing customers in over  countries with all of the challenges that come with delivering our expanding product set to a growing client base we are in search of a business analyst to join our highperforming team in columbus oh

the business analyst ba will work under the direction of the assistant director business analytics supporting primarily the global sales operations and marketing teams the ba will also play a role in developing and expanding the publications divisions enterprise data needs the ba will contribute to the comprehensive support of all activities relating to sales revenue operations and marketing in an effort to accelerate and expand sales and control expenses this includes data analysis around pricing customer behaviors and account performance the position will also work closely with the groups management team in the area of budgetsforecasting and departmental performance management additionally this position will p [...]"
1176,742,718,topK,0.4226414559247319,0.55896837,0.0,0.0,0.12064162,HEALTHCARE,Travel STNA,"FIELD BASED NURSE CHART REVIEWER - HEALTHCARE INFORMATICS           Professional Summary    Seventeen years of nursing experience from multiple different facilities and hospitals: Diverse background in nursing as a Registered Nurse. Registered Nurse Manager        Experience      Field Based Nurse Chart Reviewer - Healthcare Informatics    July 2010   to   Current     Company Name   －   City  ,   State      Founder, CEO, Director of Nursing and Business Operations Provide high quality nursing care to individual and corporate clients by integrating evidence-based practices for best nursing care. Group addresses several specialized areas of Best Nursing Practices. Services include:  Electronic medical record implementation and support  Workflow system analysis and redesign  Behavioral Nurse Consultant Services  Staffing Nurse Consultant Services, Education  Nurse Consultant Services  Leadership Nurse Consultant Services  Quality Assurance Nurse Consultant Services  Safety Consultants  Healthcare Advocate Consultant Services  Legal Nurse Consultant Services  Servicing Managed Medicare Contracts. Services include:  Oversaw the Skilled Nursing and Short-term Rehab unit.  Clinical resource and coordinator for all services provided to the residents  Oversaw supervisor level support staff for the nurses, and our certified nursing assistants.  Provided a nursing contribution to the multi-disciplinary team meetings and family meetings.  Assisted in the assessment process to develop individual care plans for patients ensuring information around all aspects of their physical, psychological, social, spiritual needs are covered.  Continually evaluated the effectiveness of the care plans/dressings and medications and ensured that any required changes were carried out and communicated to all parties involved, including the patient. Services include:  Developed and oversaw the MDS schedule to ensure MDS assessments were completed per Federal Regulations. Ensured all members of the I [...]","at danbury you dont just clock in at a job you walk in the door to a work family who wants to make the day count we truly believe our employees and residents are a family that comes together to enjoy the good things in life including one another when our employees feel special so do our residents thats the danbury difference

danbury employees are not mandated to have the covid vaccine

our staffing agency brookwood staffing agency works with danbury senior living to provide lpn nurses stnas and other staff to the communities to ensure that the danbury residents receive the best care services on a consistent basis

we are currently seeking stnas to join the brookwood staffing agency these stnas will assist any of the danbury communities that need help covering shifts the location and shift for this position will vary

responsibilities

 resident care companions and stnas enjoy interacting with residents while engaging in the activities of daily living

 assist residents with daily personal care routines such as showers bathing personal hygiene etc

 help residents prepare for and escort them to meals activities social programs and appointments

 assist residents with various other daily needs as necessary

requirements

 experience working in a similar capacity in a senior living setting

 a great outlook cheerful disposition and love of seniors are a must

 ability and willingness to provide coverage at any danbury senior living community is required

 we are seeking caregiv [...]"
1177,71,630,C_rand,0.4366001776482102,0.6030966,0.0,0.0,0.46486485,BUSINESS-DEVELOPMENT,Supply Chain Analyst,"BUSINESS DEVELOPMENT ASSOCIATE           Summary     Hungry and highly driven successful sales professional with over 10 years experience.  A strategic thinker and communicator who implements creative sales strategies to achieve and maintain high sales growth.  Adept at building excellent working relationships with corporate and/or not for profit executives focused on achieving present as well as long term goals.   Experienced in public relations, project development, account management, sales strategies to close and implementing endeavors for clients.       Highlights          Meeting/exceeding sales goals   Highly driven and motivated  Excellent communicative skills  Successful implementation of sales strategies       Negotiations expert  Tenacious closer  Consistently reliable sales  Highly intuitive to clients needs            Professional Experience      Business development Associate    May 2016   to   Current     Company Name   －   City  ,   State       Create a pipeline of prospects by establishing and maintain professional relationships with key decision makers   Research, source, make initial contact (email, cold calling, telephone prospecting), and meet potential clients at their locations to accurately qualify the prospect and establish needs;   Prepare and present proposals and close new accounts   Develop and maintain Sales Plan and ensure achievement of Company sales targets and profitability   Network and actively participate in User Groups, Associations, and Trade Shows in targeted vertical   Work closely with the Marketing team and the Business Development team to generate new leads   Strong understanding of customer and market dynamics and requirements;   Manage all activities through the Customer Relationship Management Software (CRM-Zoho), ensuring consistency and accuracy.             Ballet and Barre Instructor    August 2014   to   August 2015     Company Name   －   City  ,   State      Instructed middle school and highschool young women in B [...]","position supply chain analyst
reports to senior supply chain manager
description
we are seeking a detailed oriented supply chain analyst to join our privately owned chemical company the ideal candidate will be a fast learner as they analyze data and methods to improve berrymans delivery of products and services to our customers
essential duties and responsibilities
 analyze and assign lots to shipmentsorders
 analyze and reconcile discrepancies
 save all related documents to share drive
 work with accounting to correct any orderinvoicing issues related to inventory
 communicate with other departments to identify efficiency issues develop solutions and implement changes
 seek to improve all aspects of the supply chain department by reviewing current methodology and processes
 analyze month end reportingreconciling
 assess vendor operations and enforce compliance within quality standards
 reporting
 backup to purchasingbuyer
 backup to inventory analyst
 other duties as assigned

competencies to perform the job successfully an individual should demonstrate the following competencies

 problem solving  identifies and resolves problems in a timely manner
 interpersonal  remains open to others ideas and tries new things demonstrate kindness and respect to others while performing the duties that make up this job
 communication  strong written and verbal communication skills inclusive of active listening
 business acumen  understands business implications of decisions
 critical thin [...]"
1178,821,1906,A_mid,0.4081646862165349,0.4620699,0.0,0.0,0.38512388,ACCOUNTANT,Retail Sales Associate,"SENIOR ACCOUNTANT           Summary    Experienced Senior Corporate Accountant dedicated to accounting and financial excellence, seeking to utilize skills and in-depth expertise in Accounting (GAAP), General Ledger Reconciliation, Variance Analysis, Financial Reporting, Team Management and Process Improvement to help achieve your company's goals.      Highlights          Microsoft Excel expert - Pivot Tables, V-Lookups, Formulas   Access Database Queries & data mining  Proficient in Microsoft Office, MS Word, Outlook, PowerPoint   SharePoint  PeopleSoft knowledge - Queries & data mining  Oracle   InfoLease for Lease and Financial Accounting  CITConnect Research  Internet Accounting, Finance and Tax Research - Lexis-Nexis, CCH & RIA Tax Research  STAT- FSI Track  Ultra Tax   IMAGE Scanner - Asset Manager -10-key; Printers & Scanners; general office tools   QuickBooks       Account reconciliation expert  Financial statement analysis  Working Knowledge of GAAP guidelines  and Sarbanes-Oxley  Recordkeeping expert  Highly analytical & Detail Oriented  Analytical reasoning  Complex problem solving  Solution-oriented  Strong organizational skills  Superior research skills   Effective time management  Thrives under pressure  Independent worker  Flexible and Valued team player  General ledger accounting  Public and private accounting  General and tax accounting            Education      MBA   :   Business Administration, Accounting & Finance  ,   2001    University of North Florida   －   City  ,   State  ,   USA     BBA - Accounting, CPA qualified candidate  BBA - Finance, CFP qualified candidate         Experience      Senior Accountant    September 2011   to   November 2014     Company Name   －   City  ,   State     •Special Project: Clear aged variances from Fixed Maintenance & Prepaid Maintenance GL Accounts   Starting in January 2014 reduced leasing contract variances for Fixed Pass-Through and Prepaid Maintenance accounts  Worked with Project Manager and Financial Adju [...]","overview

if you want an exciting job with one of the largest offprice retail stores in the nation join the burlington stores inc team as a retail sales associate are you an outgoing upbeat peopleperson with great organizational skills would you thrive in a highenergy environment where associates work together to drive results is it important to you to make a difference in the community where you live and work if you answered yes then this may be the right opportunity for you

retail sales associates are important ambassadors of the burlington brand at the front lines in our mission to provide worldclass service to our customers youll be responsible for greeting and assisting customers maintaining a neat organized and clean sales floor and supporting the management team with daytoday store operations retail sales associates may be assigned to work in any or all of the following departments ladies men youth sportswear shoes home or baby depot

responsibilities
 assisting customers in locating merchandise when needed
 assisting in floor moves merchandising display maintenance and housekeeping
 assisting in ringing up sales at registers andor bagging merchandise
 performing other tasks as assigned by manager from timetotime

candidates must be able to work a flexible schedule including nights weekends and holidays as required physical requirements may include the ability to lift and move boxes weighing  lbs or more and the ability to stand for extended periods of time

if you

a [...]"
1179,841,1497,topK,0.4958723574327711,0.71384424,0.15384616,0.16235538,0.43651655,FINANCE,Equity Research Biotech Associate,"FINANCE ANALYST       Summary    Obtain a job as an Executive in your Company to provide financial expertise, 9 years of BPO Finance expertise, strong critical thinking skills, computer skills, and to contribute to the success of the business      Highlights          STRENGTHS:  Achievement Oriented with Excellent Communication  People Management Skills  Team Worker.  Ability to Manage Change with ease  Adaptability to Flexible Working Hours.  Excellent Negotiation and Analysis Skills  Quick learner with high energy level  Willing to work hard.  Eager to take responsibilities and challenges.  Operating system       		 :  Windows  Financial Accounting Packages          :  Tally Accounting Package  6.3 & 7.2 (A-Grade)                Experience     January 2009   to   May 2016     Company Name          Finance Analyst        Connecting with onshore business for review of AUC balance and updating the status of the WBSE's Scheduling Monthly with call with onshore business and Finance / Business leads to update the status of the over expenditure Leading team with regular catch up meeting and allocating the WBS creation request equally and conducting monthly connect Metrics discussion Playing a key role as a SPOC for my team in case of any Adhoc request and Statutory reporting.  OBJECTIVE OF THE PROCESS: Creation of AFE (Authority for Expenditure) Maintaining WIP balance Performing Statutory Report (A202 (US Tax), Capex Spent Report, Flux Report etc) Focal from Capital & Assets for Divestment activities Performing Asset Capitalization, Write off Taking up Audit queries from PWC local audit Connecting team meeting on daily basis and allocating works based on volumes Performing internal audit testing for legal entity Being a Control operator for Exploration Balance Sheet Review.  Capex Reporting submission to the Manage close team.  This will provide the total spent for the year.         June 2007   to   January 2009     Company Name          Process Associate        Project [...]","research

morgan stanley investment research is uniquely committed to being an essential part of our clients investment process we strive to be the sellside research provider that best understands the buy side through relevant and timely conversations with leading investors we focus resources on riskreward essentials identifying the investor debates assessing the potential outcomes and uncovering the evidence our clients need to validate their investment decisions our equity analysts cover some  stocks our economists strategists and fixed income analysts cover all major regions and other asset classes around the globe

equity research

the equity research department is responsible for researching macroeconomic and microeconomic conditions along with company fundamentals it also collects and analyses financial information to make investment recommendations on stocks in specific sectors research analysts build financial models to explore alternative scenarios examine industries and communicate with companies and investors equity research team members discuss their analysis and investment recommendations in research notes a career in investment research at morgan stanley demands a commitment to excellence and a passion for the markets as well as the highest level of integrity

we are currently seeking an experienced biotech associates

primary responsibilities
 creation and maintenance of earnings valuation and industry models leveraging skills in accounting finance and economic [...]"
1180,730,1083,topK,0.5878152091382945,0.5571179,0.0,0.0,0.30456433,SALES,"Retail Sales Associate - Furniture​/Mattresses, Quaker Bridge Mall...","SALES SUPPORT           Experience      SALES SUPPORT    February 2002   to   January 2010     Company Name   －   City  ,   State      Directed team-centric initiatives to process and release 56,000+ digitally preflight pdfx1a Run of Press /magazine ads totaling $50 million in publications via Associated Press AdSend, B-Linked AdTransit, FTP sites and platforms for Macy's, Inc.  Liaised among production department and Pre-Press teams to ensure color corrections and quality control were maintained, as well as staff at major magazines doing color mark-ups on press runs / approvals for quality control.  Implemented VIO Adsend Web Application to release digital plate Macy's ads to publications, as well as Soft Proofing for both Creative and Production Departments and AdGate Adsend program for releasing ads to publication.  Served as a Stakeholder / Team Member of a Soft Proof Committee responsible for implementation of new Approve V.1.3 Digital Color Approval / Correction System on EIZO monitors.  Led transition team centralizing four 4 / Color Run of Press (ROP) operations divisions into new Macy's, Inc.  Continually aligned costs with planned budget to decrease production expenses 25% every quarter.  Increased processing efficiency 50% decreased errors 75% via a new Adsend Roadmap for Adobe Advertising Cloud team.  Created cost-controlling production schedules to coordinate an increase in Macy's ROP and Magazine Ads.  Contributing to a $200+ million sales increase for Macy's East during a 4th Quarter Holiday Season.          Marketing Project Production Manager, Production Manager    January 2010   to   February 2018     Company Name   －   City  ,   State      Led and supervised forward-thinking teams in conceptualizing, developing dynamic templates, releasing direct mail, inserts, and outdoor ads to pre-press department and external vendors.  Coordinated final direct mail/SEM ad review meetings with SVP of Marketing Operations to facilitate sales edits, and proofread [...]","location lawrence township
macys inc

  as a retail sales associate at macys youll
assist customers in all aspects of service fulfillment
determine customer needs based on personal features and other customer preference related factors
demonstrate knowledge of store products and services to build sales and minimize returns
perform sales support functions related to pos procedures"
1181,686,1451,A_mid,0.4351680433369921,0.49757427,0.0,0.0,0.1904183,CHEF,Retail Floor Leader - Anthem,"EVENT LEAD / PREP COOK / ASSISTANT PASTRY CHEF       Summary     Talented cook with a diverse culinary background encompassing family style meals, restaurant management, and on site catering. Successful history of motivating kitchen personnel to maintain high performance standards and excellence.       Experience      Event Lead / Prep Cook / Assistant Pastry Chef     Jan 2015   to   Dec 2016      Company Name   -   City  ,   State    As an Event Lead I  was expected to deliver an eating experience that reflected the integrity and reputation of the company I was employed by. In doing so I was responsible for managing an event team of up to 40 people at times. This included but was not limited to delegating responsibilities, managing break and leave times, loading/delivering, and training new employees.  As a Prep Cook I prepared food, desserts, and drinks according to recipes and specifications from the executive chef. I also cooled, stored, and labeled according to industry and health code standards. At I was able to have creative input during menu planning.  As the Assistant Pastry Chef I was responsible for completing a daily prep list  (ie. cakes, cookies, breads, pastries, and candies etc.) according to chef specifications and recipes while utilizing various baking methods and equipment. I was also in charge of training and assisting two other bakers in their daily prep. Also facilitating meeting regarding performance. After my Exec Pastry Chef left I was then responsible for scheduling, making  prep lists, ordering from various vendors, attending weekly BEO meetings, menu planning and wedding cake deliveries.        Line Cook     May 2014   to   Dec 2015      Company Name   -   City  ,   State     Prepared food items consistently and in compliance with recipes, portioning, cooking and waste control guidelines.  Verified proper portion sizes and consistently attained high food quality standards.  Maintained updated knowledge of local competition and restaurant [...]","job description
company description

now trending careers at skechers

starting pay 

join our global family of innovators who make an incredible impact every day at one of the biggest footwear brands in the world whether you love to connect with consumers on the retail floor or want to drive our awardwinning organization in new directions behind the scenes the skechers team is the place to be learn more about our brand at aboutskecherscom
job description

our floor leaders could also be known as the stores mvps they serve as experts in our stores driving operational and sales performance and ensuring a topnotch experience for our guests wellversed in our product routines these key players ensure the store looks awardwinning every day while not a management position the floor leader does hold keys to the store and performs opening or closing duties as assigned and is a mentor to other associates looking to grow their careers in retail

conducts opening and closing operational routines as needed ensuring a successful start or completion of the stores daily business

executes detailed comprehensive stock and product management routines including processing shipment and completing markdowns merchandising replenishment and fulfilling online orders

welcomes guests and assists with finding their perfect pair accessories or apparel

keeps an overview to daily operations and troubleshoots any concerns with transactions and store routines

li
qualifications

something about retail sp [...]"
1182,704,1670,B_xcat,0.5788032147706792,0.55695903,0.22222222,0.21624987,0.43812823,APPAREL,Marketing Advisor,"KEY HOLDER, SALES PLANNER       Summary    Art Director with strong background in production management. Specializes in sales, fashion marketing and editorial
 film making. Well versed in team building and creative planning. Extensive high-profile brand knowledge.      Experience     03/2016   to   07/2016     Key Holder, Sales Planner    Company Name   －   City  ,   State      Effectively controlled the release of proprietary and confidential information for general client lists.  Created strategies to develop and expand existing customer sales, which resulted in a 6% increase in monthly sales.  Maintained productive relationships with existing clients through exceptional personal follow-up after sales.  Worked directly with GM, Senior Visual Directors and District Leaders in order to achieve company and sales goals each month.         10/2015   to   Current     Editorial Producer    Company Name   －   City  ,   State      Worked in direct relation with designer during editorial production to create the look and feel of the brand.  Shot and produced look books for Fall2015/Spring 2016 Directed all styling and outfitting for a production cast of more than 12 actors and actresses.  Collaborated with modeling agencies, stylists, editors and designers to effectively elucidate the Altaf Maaneshia brand during production.         09/2015   to   01/2016     Editorial Director    Company Name   －   City  ,   State      Carefully maintained over $15,000 worth of brand merchandise.  Carefully maintained over $6,000 worth of production equipment.  Managed campaign and advertising budgets up to $4200.  Co-Produced, Directed and filmed editorial campaigns for FALL/WINTER 2015 merchandise.  Collaborated with brand representatives to guarantee satisfaction with advertisements.  Managed editorial content during post-production for distribution to editors Established and maintained cooperative relationships with representatives of community, consumer, employee and public interest g [...]","at compass we envision a world where the experience of selling or buying a home is simple and pleasant for everyone founded in  compass provides an endtoend platform that empowers residential real estate agents to deliver exceptional service to their seller and buyer clients all in service of our mission to help everyone find their place in the world

team overview

compass seeks a marketing advisor based in new york to join the team that shapes all of our agents marketing and branding projects from concepts and development through implementation and tracking at compass our agents are our brand and vice versa when their marketing excels then our company does this team provides vital account services and strategy to our agents to help their marketing efforts be the best they can be

you will work collaboratively with the industries best inhouse marketing  creative team as well as key external vendors to execute a wide variety of initiatives and help ensure cohesion between the compass brand and the marketingadvertising deliverables of our agents you will serve as a consultant to the agents to elevate the effectiveness of their individual efforts while playing a key role on the team refining and improving agent marketing tools developed inhouse as well as all policies processes strategies and best practices that inform our nationwide practice

at compass you will
 consult with agents daily to identify their marketing needs and help them execute tactics to deliver on those needs [...]"
1183,620,91,C_rand,0.5963993443901943,0.62170035,0.2,0.2446076,0.36474997,HR,Executive Administrator,"VOLUNTEER HR -IVOLUNTEER       Summary    Sponsorship not required to work in the US A successful Human Resources Professional, with a Masters qualification in Human Resources and experience in a challenging environment Key skill sets include Recruitment - Recruitment efforts, scheduling, posting positions, follow up and offer letters. Seasoned executive with 10 + years Staffing, Technology Recruiting and Staffing experience with a highly successful track record at big firms such as Nokia and also Small-Midsized & Start-up IT services firms. Extensive hands-on experience in recruiting IT talent in the US and India marketplace and driving talent acquisition with sourcing teams. Besides corporate sector, have also been engaged with Non-profit sector in the same role for a while. Key Strength/ Experience include: Extensive experience with high-volume recruiting responsibilities within start-ups and corporate environments. Partnering with hiring managers to understand the skills and background requirements for each opportunity and provide expert advice and coaching to hiring managers throughout the recruitment process. Conduct employment advertising campaigns and programs by developing and managing a network of recruitment and referral resources including but not limited to networking with schools, colleges, minority organizations, state employment services, other employers and professional associations. Participate in recruitment, interview and selection of candidates for all levels of position openings and promote a work environment that openly embraces individuals with diverse backgrounds and experiences. Source, screen, evaluate and select candidates through a structured recruitment process designed to obtain the best candidates. Inform applicants of job duties and responsibilities, compensation and benefits, work schedules and working conditions, company policies, promotional opportunities and other related information. Utilize knowledge of multiple recruiting sour [...]","job details

level
experienced

job location
neptune ny  brooklyn ny

position type
full time

education level
 year degree

description

were passionate innovators and problem solvers with entrepreneurship in our dna were driven by a shared commitment to empowering each other through collaboration and pushing ourselves to exceed our customers expectationsand our own

minicircuits is a global leader in the design manufacture and distribution of rf and microwave components and integrated assemblies with design manufacturing and sales locations in over  countries minicircuits offers  product lines comprising over  active models minicircuits products are used widely in commercial industrial and military applications including cellular wireless aerospace satellite milspec catvbroadband rfid test instrumentation diagnostic imaging and many more

job brief

the executive assistant will provide highlevel administrative support to the president reporting directly to the president the executive assistant provides executive support in a oneonone working relationship the executive assistant also serves as a liaison to the board of directors and senior management teams organizes and coordinates executive outreach and external relations efforts and oversees special projects the executive assistant must be creative and enjoy working within an entrepreneurial environment the ideal individual will have the ability to exercise good judgment in a diversity of situations with strong written and [...]"
1184,464,790,C_rand,0.4008710062199122,0.5611231,0.0,0.0,0.49529892,HEALTHCARE,Data Analyst Manager,"STAFFING MANAGER       Professional Summary     s well to change and possesses extensive expert knowledge of human resources employment process within a variety of industries.  [Job Title]  focused on improving productivity, increasing efficiency and enhancing quality. Consistently exceeds goals for staffing and retention. Human Resources Recruiter accomplished in sourcing, screening, qualifying and closing candidates, as well as coordinating interviews and follow up.      Skills          Good judgment  Human resources policies  Job fairs planning  Workforce planning  Pre-screening candidates  Time management      Sales techniques  Safety training  Pre-screening candidates  Employment laws and practices            Work History     06/2014   to   Current     Staffing Manager      Company Name   –   City  ,   State      Top performer in top quartile of expectations; Recognized for setting branch record for placements hours in first quarter; Recruited high number of new companies and candidates Recaptured previous companies business Expanded existing client relationship to generate additional job orders Recruiting and Placement Source, screen and interview qualified candidate pool based on job specifications and customer needs and preferences Present and assist client with selection candidate process to fulfill job orders ensuring qualified, capable and motivated candidates fulfill client expectations Maintain on-going contact with client companies and temporary professionals currently on assignment to ensure both receive exceptional customer service Resolve any customer service issues quickly and efficiently to maintain the highest level of customer satisfaction Develop pool of available temporary administrative professional workers to quickly fill job orders and short term assignments Candidate Recruitment and Retention: develop pool of available temporary administrative professional workers to quickly fill job orders and short term assignments Business Development D [...]","_data analyst manager will be defining and managing data models and data dictionaries to support data and analytics platforms_
_email resume and a summary of your relevant experience to madisonhaberl  michaelpageuscom
_mpi does not discriminate on the basis of race color religion sex sexual orientation gender identity or expression national origin age disability veteran status marital status or based on an individuals status in any group or class protected by applicable federal state or local law mpi encourages applications from minorities women the disabled protected veterans and all other qualified applicants_
_data analyst manager must_
  yoes in data management analytics and transformation_
 sqlpython_
 financial services background_
_email resume and a summary of your relevant experience to madisonhaberl  michaelpageuscom_
_a leading fintech company_
_email resume and a summary of your relevant experience to madisonhaberl  michaelpageuscom_
compensation is competitive and based upon experience
_email resume and a summary of your relevant experience to madisonhaberl  michaelpageuscom_
associated topics chief program officer cpo manage manager management monitor product manager project manager relationship manager task"
1185,9,1308,topK,0.5394261419897205,0.63750535,0.16666667,0.07232618,0.41947156,DIGITAL-MEDIA,SR. Web Designer,"DIGITAL PRODUCTION MANAGER       Professional Summary    Creative
professional with extensive project experience from concept to development.
Experienced manager with strong leadership and relationship-building skills.
Over 20 years managerial experience. Looking to join a company that will
creatively challenge and provide growth opportunities.      Core Qualifications          Strong verbal communication  Computer proficient  Conflict resolution  Quick learner  Proficiency in Adobe Creative Suite, Microsoft  Extremely organized   Office products      Excel in employee development  Team Leadership  Process implementation  Skilled Operator, iGen4, Various Digital Printing Solutions and Equipment  Proficiency in Various forms of Bindery             Experience      Digital Production Manager   10/2012   to   Current     Company Name   City  ,   State        Responsible for all aspects of Digital Production for a Premium printing/ graphic design company      Delivering the highest quality production while meeting all client directed deadlines      Provided onsite training.      Successfully led key projects which resulted in increase in productivity and reduction in labor expenditures.      Worked directly with client sales, art and bindery departments to meet client deadlines.      Monitored multiple databases to keep track of Equipment and House Stock inventory levels.            Director of Production   05/2005   to   06/2012     Company Name   City  ,   State       Supervision: Supervised team of ten Document Specialists   Project Development: Collaborated with team of Document Specialists in the completion of various printing, copy, and design projects.  Documentation: Wrote and edited documents to keep staff informed on policies and procedures.  Creative Problem Solving: Resolved production issues through quality control and team member development.  Process Improvement: Created new departmental procedures.  Assessed organizational training needs.  Protective Serv [...]","type of requisition regular

clearance level must be able to obtain none

job family web design

gdit has over  years of experience supporting the technology science and mission of the environmental protection agency gdit technologists scientists and innovators are experts in moving applications to the cloud modeling massive data sets in highperformance computing environments supporting innovative and bleeding edge technologies and scientific initiatives defending the cyber landscape and driving automation

highlevel skills
 htmlcssjavascript
 drupal 
 section  compliance expertise pertaining to pdfs adobe acrobat pro videos interactive trainings websites and web applications jaws dragon zoomtext articulate
 graphics design adobe photoshop illustrator after effects and lightroom

specific tasks
 designs and builds complex graphics page layouts and animation that suit web pages and enhance its layout to create visual appeal
 creates an advanced detailed draft of the website outlining the various web pages according to client specifications and needs
 provides thorough testing to ensure the website is userfriendly and interactive
 provides thorough review of the final webpage design for the next level production
 collaborates with other web professionals and provide guidance on the implementation of the website
 stays current with the latest design software to improve in knowledge and skills and be able to create better design quality
 provides guidance and leadership to lessex [...]"
1186,151,1763,C_rand,0.4451405140085254,0.54277855,0.2857143,0.2610331,0.44208598,ENGINEERING,Compliance Manager,"REGIONAL ENGINEERING MANAGER       Engineering Director      Innovative, solution-driven engineering director with over 25 years' experience delivering   high-profile ITS/SCADA projects for the Transportation and Water/Waste Water industries.  Expertise includes; technical solution architecting and cost estimating, mission critical ITS/SCADA system design and delivery, disaster recovery planning, technical program management, and cross-team leadership.    ​    ​  Execution and results oriented individual with a passion for
solving business problems with innovative, cutting edge technology solutions that enable clients to achieve and exceed
desired business outcomes.           Accomplishments      Technical manager with 90%+ success rate delivering projects on time and under budget.   Proposed innovative solution that would allow client to consolidate mutliple operations centers and provide for seamless migration without service interruption, which resulted in the company being designation as the ‘highly
preferred supplier'.   Maximized efficiency and ability to scale by industrializing sales and engineering delivery
methodology and deliverables.   Originated and spear-headed product innovation ideas,
enabling the company to differentiate itself in the ITS/SCADA market.         Expertise     Architecting best practice technical solutions   Technical program management   QA/QM   Client management     Vendor management  Testing and commissioning planning and execution  Team leadership / c ross-team collaboration    Engineering cost estimating    Engineering resource management and forecasting   Process improvement  ​​       Professional Experience      Regional Engineering Manager   01/2014   to   Current     Company Name   City  ,   State       Currently directing ITS solution deliveries in Texas, Australia, New Zealand, and Chile.  ​    Lead systems solution architect responsible for technical proposal write-ups, presentations, and engineering cost estimates, which h [...]","our work matters we help people get the medicine they need to feel better and live well we do not lose sight of that it fuels our passion and drives every decision we make

job posting title

compliance manager  mapd and pdp plans  remote

job description

the compliance manager works closely with designated business areas legal and other internal partners to identify changing laws and regulations accreditation standards and client contractual compliance obligations interpret the impact and manage solutions for designated business areas this position serves as a consultant to internal stakeholders regarding the development implementation and monitoring of compliance initiatives and helps to create a culture of compliance throughout the organization

responsibilities
 executes compliance procedures and enforces policy governance across the organization and assigned function to validate regulatory reporting requirements are met and that business operations are aligned with applicable regulatory guidance designs develops implements conducts and maintains effective compliance risk assessment vendor and ethics awareness processes audits work plans and communications based on business need and risk ranking methodology
 supports the prompt and thorough investigation of reported compliancerelated issues partnering with legal and hr as appropriate
 represents the compliance organization and at times prime as a primary contact on contracts or significant enterprise projects collaborate [...]"
1187,405,266,B_xcat,0.54546792509611,0.62565356,0.2,0.28298265,0.31756788,INFORMATION-TECHNOLOGY,(3) Construction Project Managers (Remote) (industrial structures),"DIRECTOR OF INFORMATION TECHNOLOGY         Executive Profile    Performance-driven and accomplished Director of Information Technology offering a unique combination of operations and management experience.  Strong leader with demonstrated success in managing and providing leadership in a diverse technological environment. Creative, dependable and enthusiastic change agent with a proven track record in improving efficiencies and reducing costs.  Visionary with superior long-term planning and project management experience.  Proven ability to implement standards and procedures that improve business processes and functionality.  Skilled coalition-builder with management practices that motivate and improve staff performance levels while forming a cohesive team.  Innovative and customer-oriented to formulate strategies to address service delivery demands and resource capacity. AREAS OF EXPERTISE Executive Leadership/Management Information Technology Project Management Networking Relationship Building Operations/Administration       Skill Highlights                      Professional Experience      Director of Information Technology  ,   05/2000   to   01/2014    Company Name   －   City  ,   State      Provides leadership in directing, planning, managing, and implementing the information technology needs of the City of Greensboro.  Provided oversight and direction for the Application Services, GIS, Network Services and Public Safety IT divisions.  Establishes guidelines and programs for effective information technology management.  Facilitates and implements City-wide strategic policy for planning, development, and deployment of information technology.  Key Achievements: Generated a savings of $400K per year with the implementation of VoIP Partnered with NCDOT and GDOT to implement a City-wide fiber optic network infrastructure Implemented on-line payments for parking tickets and utility bills.  Received over 1 million in payments to date Over the last five years, maintain [...]","we have an immediate need for  local or remote construction managers project managersconstruction to handle assignments out of our concord nh office this manager will become an integral part of the construction team and under the direction of our directors of construction as an experienced construction project manager you will work with our inhouse project design team and other licensed professional engineers governing authorities subcontractors and clients to manage construction projects in the food beverage and life science manufacturing sectors our construction manager will interface with our fortune  clients who are industry leaders to provide quality project execution and will require travel to our various client facilities

some traits and skills wanted for this position are

experience on the contract administration side of construction projects negotiating contracts develop schedules budgets and estimating putting bids together for buyouts and final presentation familiar with one or more sw packages such as procore bluebeam ms project office outlook timberline autocad revit

responsibilities

responsible for effective safe quality timely cost effective execution of industrial construction project work on site through planning coordination and control of construction resources and activities from inception to project closeout
 responsible for ensuring that all materials of construction and methods of construction conform to company industry and regulatory standards spe [...]"
1188,39,2257,C_rand,0.4409485942119603,0.56816876,0.14285715,0.16758576,0.26919878,BANKING,Warehouse Manager IV,"REVOLVING CREDIT SUPPORT SPECIALIST           Professional Background    Energetic, dedicated Support Specialist with strong interpersonal skills and 8+ years of contact center and customer service experience. Proven ability to work effectively with people of various ages, cultural backgrounds, and socio-economic statuses. Financial and Customer Support background and the ability to build new and strengthen existing relationships. Great attitude, strong work ethics and customer focused outlook. Well-developed verbal and written communication skills.      Skill Highlights        Microsoft Office Suite and Outlook              Professional Experience      Revolving Credit Support Specialist    May 2013       Company Name   －   City  ,   State      Identify inefficiencies and make recommendations for process improvements resulting in 20% higher customer satisfaction ratings.  Developed and implemented communication strategies and information programs Help associates identify strengths and weaknesses and implement plan of action to improve their skills Updated departmental standard operating procedures and database to accurately reflect the current practices Act as a Subject Matter Expert regarding bank products, policies and procedures Developed effective relationships with different lines of business through clear communication Assist customer and sales representatives with account inquiries and follow up with maintenance requests Analyzed financial information, obtained from clients, to determine strategies for meeting clients' financial objectives Successfully managed the activities of 45 team members in multiple locations Coordinated with underwriters, loan officers, and operations teams to manage and resolve account concerns Led training programs designed to implement new agent performance management standards for credit center departments.          Revolving Credit Specialist    May 2012   to   May 2013     Company Name   －   City  ,   State      Navigate and mai [...]","requisition id 

posting locations lexington

click here to view a day in the life of our teammates

our secret ingredient is our teammates

we offer great rewards competitive pay career advancement and growth opportunities

full time teammates are also eligible for
paid training
paid time off plus paid holidays
k with company matching on a dollarfordollar basis
employee stock purchase plan espp
group health insurance  medical dental vision  disability
basic and supplemental life insurance

refresh and grow your career with us

job overview

the warehouse manager iv is responsible for leading a warehouse with an annual volume of over  cases this entails leading developing and executing warehouse functions in a fastpaced customer serviceoriented environment these functions include but are not limited to safety and security inbound and outbound management labor management and talent development facility and equipment maintenance and inventory management the warehouse manager iv is also responsible for the management of the entire facility and its assets in addition the warehouse manager iv is responsible for regulatory compliance such as osha fda and others

duties  responsibilities
 leads the budgeting and workforce management activities as well as the execution of all logistics functions including but not limited to safety and security inbound and outbound management labor management talent development facility and equipment maintenance and customer service
 performs proactiv [...]"
1189,528,1635,B_xcat,0.5323553521947956,0.51968145,0.0,0.0,0.28822595,APPAREL,Software Engineering,"FREELANCE DESIGNER         Highlights        * Efficiently lead and coordinated all product development stages. * Research market needs for development of new products, remain up-to-date on emerging trends and competitors. * Engaging presenter and communicator; clearly communicates product features and advantages to management, clients, and vendors. * Skilled in the production of concept sketches, 3D computer models, and product prototypes. Technical Proficiencies MS Office Suite (Word, Excel, PowerPoint), Adobe Photoshop & Illustrator CS, Pro Engineer, Rhino, Alias, Hypershot, Keyshot, Wacom Drawing Tablet, Scanning Software, Digital Cameras, Table Saws, Sanders, Paint Sprayers.              Experience     07/2014   to   Current     Freelance Designer    Company Name   －   City  ,   State      Completed projects for Dick's Sporting Good, Walmart, Khol's, Cabela's, Magellan, Kryptek, Snap-On, CCA.  Created winter beanies and gloves.  Creating Tech Packs: Specific apparel information on placement, measurements and overall look of garment.  Created women's hoodies, yoga pants and tee shirts.  Created golf polo shirts.  Created designs for promotional baseball caps to be sold at four major airports.         05/2014   to   06/2014     Freelance Designer    Company Name   －   City  ,   State    Provided designs and sketches for two models of snow ski gloves. The designs were from initial concept through final design stages. The first model is a ski patroller glove where durability and value are paramount. The second model is at the upper end of the range of gloves for skiers and will be a higher performing glove.       09/2012   to   11/2013     Apparel Designer/Developer    Company Name   －   City  ,   State    Managed designs and development of new apparel lines from initial concept through production confirmation. Emphasis was on delivering projects and related samples according to predetermined timelines. Learned and applied the full scope of product development incl [...]","job summary

randstad federal

we have over a decade of experience providing talent with clearance and workforce solutions that drive bottomline value for federal agencies and the organizations that serve them learn more about what we do meet our experienced team and get an inside look at the strategic partnerships that set us apart

lets talk about the role

location cliffton nj

remote capabilities no

clearance required secret

job summary responsible for research design and development of computer software systems in conjunction with hardware product development primarily responsible for the design and development of software products for a variety software applications participates in all phases of the software development life cycle including requirements analysis design implementation integration and test of software products

location clifton new jersey

job type contract

salary    per hour

work hours  to 

education bachelors

responsibilities

responsible for research design and development of computer software systems in conjunction with hardware product development primarily responsible for the design and development of software products for a variety software applications participates in all phases of the software development life cycle including requirements analysis design implementation integration and test of software products applies computer science engineering and mathematical analysis concepts and principles in the development of software for the target [...]"
1190,312,2294,B_xcat,0.4992106046717493,0.6052251,0.2,0.18869066,0.45992997,ARTS,Marketing Specialist,"LANDSCAPE TECHNICIAN       Professional Profile    Diligent and driven banking professional who has achieved success in a variety of roles with increasing levels of responsibility. An effective communicator and team-builder with strong analytical, management and organizational skills.       Highlights          Analytical  Detail-oriented   Excellent communication skills   Strong work ethic        Risk management expertise  Excellent time management skills  Exceptional customer service  MS Office proficient            Experience     07/2015   -   Current     Company Name   －   City  ,   State    Loss Prevention/ BSA Analyst        

Evaluate current fraud
situations and formulate recommendations to reduce in the future   Use anti-money laundering
(AML) software to review members' activity for money laundering and other
suspicious activity.    Review structuring
reports if software is not functional. Work cases and alerts
generated by software, documenting conclusions reached and actions taken.  Review member accounts to
determine those posing higher risk. 
Obtain and evaluate EDD forms and information. File Suspicious Activity
Reports (SARs) as necessary.  Provide effective written
and oral communication with members concerning extended holds, or possible
fraudulent transactions, or other security measures taken. Document all actions
accurately and timely.  Work with Fraud and
Security Managers in investigations and recoveries; with Operations (when
necessary) to ensure fraud is limited/prevented; with other financial
institutions and merchants to process fraud claims















         04/2014   -   07/2015     Company Name   －   City  ,   State    Branch Representative        Provided superior member service in the Retail branch, answering/ resolving member questions, and discrepancies; performed and processed transactions on sales side of branch- i.e. membership/ loan applications; resolving account related issues; and all cash-related responsibilities relate [...]","healthfirsts marketing specialist is responsible for the tactical execution of marketing programs related to building and maintaining brand partnerships a key player working in a team environment will lead projects that involve crossfunctional teams he she will bring to life components of healthfirsts cobranding initiatives including but not limited to maintaining partnership calendars assisting with marketing material development event coordination and collaborating with internal and external partners the incumbent will measure the impact of programs through the monitoring of marketing results and tracking data on each initiative
 assist with the creation of sales collateral and member engagement materials such as sales tools welcome kits newsletters member portal fitness rewards program birthday emails member mailings etc
 assist with the development of digital and traditional advertising executions such as tv commercials out of home advertising print ads banner and display ads seo in order to increase market share in targeted areas
 support member retention efforts across multiple lines of business
 conduct competitor marketing analysis and provide suggestions for new opportunities
 work in collaboration with other teams to ensure alignment and timely completion of deliverables

minimum qualifications
 bachelors degree from an accredited institution or equivalent experience
 communicate effectively verbally and in writing while demonstrating good grammar spelling and punct [...]"
1191,317,660,C_rand,0.5968851743235696,0.5405868,1.0,1.0,0.30422953,BUSINESS-DEVELOPMENT,Pharmacy Marketing Representative,"BUSINESS DEVELOPMENT MANAGER       Summary    Experienced sales professional and effective leader. Currently a sales professional for CT of Wolters Kluwer.
          Highly motivated, self-driven, result-oriented consultant
          Tenacious new business prospecting, selling, negotiating and closing skills
          Skillful verbal and written communication skills including the ability to present to an executive-level
          audience
          Passion for gaining personal relationships with clients
          Strong understanding and use of strategic selling techniques
          Former professional athlete        Experience     03/2017   to   Current     Business Development Manager    Company Name          Consulted with C-level executives to develop and implement an effective, enterprise-wide strategy that maximizes the
          value delivered by solutions in order to ensure success with key initiatives
          Developed and conducted effective presentations with contract decision makers (c-level)
          Accountable for the entire sales cycle from prospecting to closing deals, forecasting, and strategic planning
July 2015 - March 2017 - Business Development Manager          Wolters Kluwer/CT Corporation
       FY 2016 104.4% for CT Corporation
       FY 2016 #1 Business Development Manager on Law Firm Segment Team
       FY 2015 109% for CT Corporation
          Primary responsibility for driving profitable customer acquisition and sales growth
          Responsible for developing and implementing relationships with existing customer base as well as pursuing new
          customers of representation and compliance services, formation/qualification services, and other on demand services
          Leverage strategic planning in order to optimize revenue generation of sales efforts
          Participate in collecting and evaluating performance metrics by participating in in-depth and on-going analysis of
          departmental services, processes, and cust [...]","pharmacy marketing representative

description

looking for a pharmacy marketing representative to continue to enhance our sales

the company

amr pharmacy is a statewide home care pharmacy looking for a client sales representative to join our fast growing team the representative will follow up on existing leads create and manage relationships and assist customers with any issues or concerns base hourly salary plus commission with a great opportunity for growth possibility for a hybrid work model

job details
 pharmacy  sales  customer relation experience
 new referrals for pharmacy services
 friendly and persistent
 able to generate leads and land new accounts
 maintain accounts and work on referrals
 excellent verbal and written communication skills
 basic computer knowledge
 outgoing and personable
 organizational skills
 ability to multitask prioritize and manage time effectively
 pharmacy experience a plus

salary

   a year commission opportunity

job type

fulltime

qualifications
 marketing  year preferred

job type fulltime

schedule
  hour shift
 day shift
 monday to friday

experience
 marketing  year preferred
 marketing  advertising occupations  year preferred

work location on the road"
1192,520,288,topK,0.42610277434177835,0.67522836,0.2,0.20833333,0.10006944,INFORMATION-TECHNOLOGY,Vice President of Operations - Indianapolis & St. Louis,"INFORMATION TECHNOLOGY HELP DESK SPECIALIST             Highlights         Microsoft Windows Operating Systems 95, 98, 2000, ME, XP and Windows 7 along with expert knowledge in several other Applications such as Microsoft Active Directory, Microsoft Works, Microsoft Office, and Microsoft Outlook, SAP, CRM, ERP, Oracle, JD Edwards, Remedy, Great Plains, PeopleSoft, SharePoint, Avaya, Blue Pumpkin, Verint, Novell, VDI Platforms and Cognos.       Business process improvement  Cost-benefit analysis  Forecasting and planning  Advanced Excel modeling  Business systems analysis  SAP  Business requirements matrixes  Project management  Superb communication skills  Advanced problem solving abilities  Critical thinking  Decisive              Experience      Information Technology Help Desk Specialist    August 2014   to   Current     Company Name   －   City  ,   State      Diagnose and resolve technical hardware and software issues for incoming phone calls and emails while ensuring detailed documentation on all activity and communication with customers regarding their issue Display the ability to understand and communicate complex and technical information clearly and concisely Demonstrate proficiency in product knowledge and call handling skills Maintain accurate customer records & process changes Display the ability to work in a fast paced environment, providing efficient productivity while simultaneously providing superior quality service Research questions using available information resources and advise user on appropriate action Log all help desk interactions Identify and escalate situations requiring urgent attention Track and route problems and requests and document resolutions Maintain ticketing system and route all tickets to appropriate parties.          Quality Assurance IT Analyst    September 2011   to   January 2014     Company Name   －   City  ,   State      Display working ability to organize and follow complex and detailed technical procedures Responsible fo [...]","this website is audioeye enabled and is being optimized for accessibility to open the audioeye toolbar press shift   the toolbar contains the following

the audioeye help desk to report accessibility and usability related issues

the audioeye certification statement to explain the ongoing web accessibility and usability enhancements for this website

the player tool to listen to this site read aloud the player is not intended as a substitute for your screen reader

if you are unable to complete this application due to a disability contact this employer to ask for an accommodation or an alternative application process
vice president of operations  indianapolis  st louis

full time pepper pike beachwood oh us

 days ago requisition id 
 oversee and monitor both operational and financial performance of all properties
 establish and execute operations strategies
 build train and develop opportunities for growth for the property management leaders  team members
 develops and maintains a positive and productive team environment providing guidance and motivation to maximize portfolio value and streamline reporting
 direct oversight of regional managers within the specified portfolio
 maintain thorough knowledge of relevant markets including competing properties employment trends and new development
 ensure the physical properties are well maintained and capital improvements are recommended and carried out in a timely and costeffective manner
  years of property management industry e [...]"
1193,297,2014,A_mid,0.5056631451943565,0.48854095,1.0,1.0,0.17527723,CONSTRUCTION,Data Entry - Brecksville,"DRIVER/MANAGER         Professional Summary    4 years of total customer service and physical labor. Great time management and interpersonal skills. The perfect team player and top of the line customer service. I'm looking to fill a position where I can not only sharpen my skills in the work place, but also contribute to any business to help it grow more.        Experience      Driver/Manager  ,   06/2015   to   10/2015    Company Name   -   City  ,   State      Loading and unloading truck at warehouse during assigned times, ensuring customers were happy with their products, unloading for individual contractors or residents upon product delivery; built relationship to better give our customers the best quality of good as well as customer service.  Further increased my role within the company, where I would manage a spoke route that would deliver merchandise by bicycle and tricycle.  I handpicked orders depending on time frame and quantity, then loaded bikes and tricycle depending on distance as well as timeframe.  Maintained.  Dispatched each cyclist to ensure we meet time schedules and budget expenses.  During deliveries and at end of day I recorded all deliveries, calculated late and early drop offs, missing or wrong orders, which cyclist delivered each order, also emailed day results to Amazon managers and warehouse managers.          Personal Accountant  ,   03/2008   to   12/2015    Company Name   -   City  ,   State      Gather and organize patient billing data, inclusive of demographics, insurance and appointment needs.  Manage front desk, inclusive of answering calls, greeting and logging patients into system, confirming appointments as necessary.  Responsible for open and close, as well as safety procedures supporting facility requirements, disposal of hazardous material, Filed Patient charts post examination and logged appointments into data base.  Reviewed patient accounts, gave references to other doctors.          Construction  ,   12/2007   to   05/200 [...]","kelly is looking for a data entry operator for the brecksville oh area
 this is a temporary assignment for approximately  months
 pay rate  an hour shift  if you have the below qualifications i would love to hear from you
 please call debbie at  ill take information from tax forms and enter into predefined fields via data entry
 the job is  data entrykeystroke input of the documents
 required qualifications  kph data entry with  accuracyyou should know your safety matters
 vaccination against covid may be a requirement for this job in compliance with current client and governmental policies
 a kelly recruiter will confirm and share more details with you during the interview process
 why kelly as a worker today its up to you to take charge of your career and look for opportunities to learn grow and achieve your potential
 helping you find whats next is what were all about
 we know whats going on in the evolving world of workjust ask the  people we employ each year
 connecting with us means getting the support guidance and opportunities needed to take your career where you may have never imagined
 about kelly at kelly were always thinking about whats next and advising job seekers on new ways of working to reach their full potential
 in fact were a leading advocate for temporarynontraditional workstyles because we believe they allow flexibility and tremendous growth opportunities that enable a better way to work and live plus did we mention we provide a ton of benefits
 connecti [...]"
1194,302,1321,topK,0.43110307212993876,0.580674,0.14285715,0.14705883,0.2611009,AUTOMOBILE,Enforcement Attorney,"AUTOMOBILE TRANSPORTER       Professional Summary     Dedicated, responsible Class A driver  with a clean driver's license. Self-motivated and customer-focused.Exceptional leader talented at leadership, communication, and management skills. Excellent team player with over 20 years of experience in the military and trucking industry.Talented Mechanist Tech with more than 8 years of experience developing and executing maintenance programs. Excellent troubleshooting skills. Areas of expertise include mechanics, technology, and management.          Key Skills          Quality control  OSHA regulatory compliance  Dependable independent worker  Clean D.O.T.  Good at following instructions      Solid communication skills  Strong organizational skills  Strong work ethic  Team player  Timely project completion            Work Experience     05/2014   -   Current     Company Name   －   City  ,   State    Automobile Transporter        Conducted daily DOT pre-trip inspections according to a set checklist.  Hooked and unhooked trailers from the tractor.  Coordinated daily delivery schedules based on customer schedules, peak delivery times and alternate routes.  Perform emergency repairs including service hydraulic system.  Maintain accurate records such as vehicle logs, records of cargo and billing statements in accordance with regulations.  Obeyed traffic laws and followed established traffic and transportation procedures  Transported freight from origin to destination in a safe and timely manner.         09/2009   -   05/2014     Company Name   －   City  ,   State    Driver/Car Hauler        Coordinated daily delivery schedules based on customer schedules, peak delivery times and alternate routes.  Conducted daily DOT pre-trip inspections according to a set checklist.  Maintained records required for compliance with state and federal regulations.  Interacted with customers and vendors in a friendly and timely manner.  Transported freight from origin to destination in a safe an [...]","nyc department of finance dof is responsible for administering the tax revenue laws of the city fairly efficiently and transparently to instill public confidence and encourage compliance while providing exceptional customer service

the legal affairs division serves as the inhouse legal department for dof providing professional and comprehensive legal advice and services in support of a full range of city tax and other revenuerelated matters legal affairs division attorneys and staff handle a wide range of legal issues including real property taxes and exemptions business income and excise taxes collections parking violations treasury land registry foil and employment law

reporting to the director of parking the parking enforcement unit handles claims and issues raised by vehicle owners and lien holders when cars are booted or towed to enforce city parking violation judgments attorneys in the unit meet with vehicle owners or lienholders to make determinations relating to vehicles subject to enforcement and prepare review and sign collection andor enforcement legal documents relating to the enforcement of unpaid city parking judgments

the parking enforcement unit seeks an enthusiastic selfmotivated attorney to handle the following parking and enforcement functions as directed by the unit director with latitude for independent judgment and unreviewed action and decision
 perform legal work involving issues of fact and questions of law including laws relating to parking violat [...]"
1195,624,2312,B_xcat,0.40541925794582595,0.61586744,0.0,0.0,0.38909638,ARTS,Sales Associate,"LINE ATTENDANT       Summary     Results-oriented Supervisor with diverse background in management and customer service. Dedicated to providing excellent customer service and making operational and procedural improvements.       Highlights          CERTIFICATIONS/SKILLS:  Team player  Excellent multi-tasker  Strong communication skills  Cash handling accuracy  Microsoft Word Experience  Talent in obtaining/charting vital signs  Leadership skills  CPR/First Aid Certification  OSHA Certificate  Microsoft Excel Experience          Store opening and closing procedures  Outstanding communication skills  Outstanding communication skills  Training and development               Accomplishments     Competitive Analysis   Performed competitive analysis to make recommendations for future company growth.     Competitive Analysis   Performed competitive analysis to make recommendations for future company growth.          Experience      Line Attendant     Nov 2009   to   Sep 2014      Company Name   －   City  ,   State     Directed and supervised employees engage in sales, inventory-taking and reconciling cash receipts, or in performing services for customers.  Offered exceptional customer service to differentiate and promote the company brand  Assigned employees to specific duties, scheduled break, assuring they go on time accordingly.  Monitored sales activities to ensure that customers receive satisfactory service and quality goods.  Recommend, selected, and helped locate and obtain merchandise based on customer needs and desires  Called other stores within the area to find desired items  Helped customers try on and fit merchandise  Greeted customers and ascertain what each customer wants and needs  Responded to written and telephone requests for particular items for customers  Maintained knowledge of current sales and promotions, policies regarding payment and exchanges, and security practices  Answered and directed phone calls to assigned employees  Unloaded, picked, staged [...]","overview

you are a natural at putting customers at ease and enjoy starting up natural friendly conversations its just as easy for you to connect with kids as it is with their parents you enjoy sharing your enthusiasm for kids athletic sneakers and apparel its easy for you to adapt to different types of customers and you resolve issues with a smile you like to work as part of a team as you improve your individual skills on the sales floor your success in this role will be measured through personal and productivity goals plus your ability to provide a great instore experience to every customer

our global houseofbrands inspires and empowers youth culture relentlessly committed to fuel a shared passion for selfexpression we create unrivaled experiences at the heart of the sport and sneaker communities through the power of our people if you want to be a part of something bigger than you can imagine youve come to the right place to learn more about the incredible impact were making on both our local and global communities click here

responsibilities
 ensuring high levels of customer satisfaction by being knowledgeable on all products offered and teaming up with coworkers to provide excellent sales service
 delivering sales outstanding customer experience and operational expectations
 maintaining personal and productivity goals
 connects with every customer by asking openended questions to assess needs
 ability to learn and share expertise of products and trends to fit customers [...]"
1196,56,1223,C_rand,0.5302581298930138,0.6184769,0.5714286,0.5588235,0.34487966,CONSULTANT,Sales Manager,"LEASING CONSULTANT       Summary    To attain a position with a client and team oriented business that promotes my customer service aptitude while expanding company-wide knowledge to meet office oriented goals.      Experience      Leasing Consultant     Jan 2016   to   Current      Company Name   －   City  ,   State       Associated with the
leasing of vacant units in the property to help ensure a high occupancy rate
and assisting in customer service, and resident retention of current residents.

      Assist in daily
inspections and upkeep models and target units, ensuring they are presentable
and ready to show to prospective residents.

·      Perform duties
associated with the rental of apartments, deal closing for renewals, and
off-site marketing.    Process rental
applications and complete related forms, verify all information in rental
applications. Obtain and review applicants credit report for review and final
approval of the Resident Manager.
        Record traffic sheets,
guest cards, and/or daily reports updated of leasing activity such as
inquiries, appointments, rentals, intent to vacate notices, move-ins, and
move-outs.       Assist in maintaining
required inventories for community supplies and equipment.        Assist in maintaining
up-to-date and accurate reports and completing all reports as requested by
Resident Manager and/or Corporate Office.       Collect and handle rents
and deposits. Prepares rent receipts.
       Handle resident concerns
in the absence of Resident Manager or Assistant Manager.

       Project a professional
image by meeting all Company Standards.

 

                      

         Leasing Specialist     Jan 2014   to   Jan 2016      Company Name   －   City  ,   State     Interviews prospective tenants and records information to ascertain needs and qualifications.  Tours prospects to vacant/model apartments, discusses size and layout of rooms, available amenities, such as swimming pool and saunas, location of shopping cente [...]","we are hiring a sales manager

summary

being the sales manager at a concord hospitality property means you hold an important key to the hotels success you will develop and foster hotel business through direct sales marketing telemarketing direct mail and tours of the hotel for both guest rooms and event space

responsibilities

 foster business with proactive and reactive sales efforts

 provide excellent customer service to our clients with speed and efficiency in returning calls and bookings

 exude proactive planning organizational skills and keen sense of pricing for overall efficiency of department

 provide excellent follow through on details to account and to hotel departments

 be the face of the hotel as all industry events with property representation of professionalism and character

 work with  party booking sites concord revenue management and city convention centers for maximization of key citywide events

 meet and exceed all monthly revenue and sales calls goals

 documentation of all sales activities in delphi or similar sales system for tracking and history

 be a team player at all times to assist as needed in the operation of a successful hotel

benefits

we offer competitive wages fulltime associates are eligible to participate in a comprehensive benefit package which includes medicaldentalvision plans life insurance stlt disability options  options tuition assistance discounted room rates at concord managed hotels plus training  development and career a [...]"
1197,739,2128,A_mid,0.45349712977151946,0.3950542,0.0,0.0,0.38060847,PUBLIC-RELATIONS,Assistant Manager(02204) - 620 N Memorial Dr,"MARKETING AND SPECIAL EVENTS COORDINATOR       Summary    Detail oriented, organized and personable Event Coordinator relocating from the West Coast. In depth understanding of the value of planning and confirming details of events to ensure success. Brings over 6 years of experience and lessons learned to ensure all elements of an event come together smoothly.       Core Qualifications          Vendor and subcontractor negotiations/relations   Combination of big picture thinking and attention to detail  Relationship building       Prioritization  Clear communications with all parties  Time line of required actions for successful event             Skills        Desktop Publishing Software: Microsoft Office Suite  Tech savvy and able to learn new software quickly and efficiently        Experience     01/2010   to   Current     Marketing and Special Events Coordinator    Company Name   －   City  ,   State       Plan and manage weekend seminars, social retreats, fundraisers and gala dinners from concept to completion.    Design all marketing materials, brochures and fliers for conferences and events.  Developed marketing strategy based on knowledge of establishment objectives and market characteristics.  Maintain and update company website on a daily basis.         08/2009   to   12/2009     Special Events and Public Relations Intern    Company Name   －   City  ,   State      Worked on media planning and corporate budget management.   Created and maintained the company's calendar of events.  Communicated with many vendors and publications on PR events  Assisted in planning retail and wholesale events nationwide.         05/2009   to   08/2009     Bronx and Central Park Zoo Special Events Intern    Company Name   －   City  ,   State       Shadowed Special Event Coordinator on multiple special events such as the Annual Gala and Corporate Outings.    Assisted event sales manager in walk-throughs and day-of-event logistics.         11/2007   to   02/2008     Public Relation [...]","assistant managers will be responsible for learning and operating all functions within and for the dominos pizza store and in accordinance with the operating procedures and standards of dominos pizza
assistant managers will be in busy and fast paced working environment and have the ability to work well within a team atmosphere the ability to operate every job function within our system
assistant managers will need an availability during all operational hours of our store and the stores needs
for a full description and review of the job and skills please contact your local store manager or franchise operator"
1198,482,1976,B_xcat,0.5421511664217749,0.66963863,0.4,0.33608577,0.293814,CONSTRUCTION,Senior HR Business Partner,"CONSTRUCTION MANAGER II       Summary      Excellent supervisory and organizational skills with the ability to effectively handle multiple ongoing events and time critical projects. Flexible, fast-learner who adapts quickly to new situations and enjoys working in a team setting. Strong customer service abilities and accustomed to working with a broad spectrum of personalities.           Skills          Managing large crews   Forklift and HAZMAT certified   Safe job site set-up   Power and hand tool operation   Organized and detail-oriented      Quality control   Baseline schedules creation   Blueprint fluency   MS Office proficient   Superb management skills            Accomplishments     Held a 96% success rate on assigned projects.  Led the construction of a new 146 Wireless construction project.  Trained and mentored over 23 construction workers, general laborers and apprentices.       Experience      Construction Manager II   09/2014   to   02/2015     Company Name   City  ,   State       Mobile L700 builds out for T-Mobile   Carefully coordinated plans and specs using marketing programming standards.  Educated general contractor personnel on the quality standards throughout the construction process.  Reviewed and investigated Proposed Change Order Requests (PCOR).  Submitted all project closeout documents in accordance with the contract.  Performed construction site pre-inspections and coordinated post-construction audits.  Accurately provided status information on project progress to the project management.  Efficiently recorded and rejected incorrect deliveries of material to site.  Tools used: LDO cam, Site handler, Ericsson portal, Excel.          Construction manager   09/2013   to   09/2014     Company Name   City  ,   State       AT&T RMR project, PMW Sprint / iDen project.  Colorado, Wyoming, Montana assigned market of work.  Managing construction start/Finish, closeout packaging, creating BOM, reviewing BOM with GC, scoping, and Red lining.  Maintainin [...]","about the teamat doordash people are our most important asset the hr business partner team works closely with leaders across our business to align people and strategy our hrbps assess coach and influence the business as we scale and evolve to enable our teams to accomplish amazing things
about the rolein this senior hr business partner role the client group will be the global enterprise sales team this role will work collaboratively with people leaders across our sales team this role will provide tactical support for daily challenges as well as strategic consultation on people programs to move the business forward this role will be critical to test and pilot new people programs and will significantly contribute to people team initiatives that will scale companywide this role reports to the hr director for sales
youre excited about this opportunity because you will
 coach leadership on people strategy including team structure organizational design strategic hiring performance management compensation recognition and learning and development
 partner with leadership to define execute and track progress against orgspecific people strategy objectives  key results okrs
 empower managers to build amazing teams through leadership development
 assess employee development needs and recommend solutions
 lead client groups through doordashs people programs engagement surveys performance reviews compensation reviews talent development etc
 partner with the culture belonging and people gro [...]"
1199,544,855,topK,0.5947478222459454,0.63228923,0.0,0.0,0.35192066,FITNESS,Marketing & Communications Intern,"ADMINISTRATIVE OFFICE ASSISTANT             Experience     01/2015   to   Current     Administrative Office Assistant    Company Name   －   City  ,   State      Provide customer service, Schedule appointments, and additional duties as needed.         01/2015   to   01/2016     Cheer Coach    Company Name   －   City  ,   State      Foster a culture of sportsmanship, teamwork, and responsibility.         07/2009   to   Current     Adjunct Faculty    Company Name   －   City  ,   State      Lecture and communicate effectively with students from diverse backgrounds.  Initiate thought-provoking discussions to help students build their critical thinking skills and translate their academic interests into the real world.  Maintain an undergraduate teaching load of 3-5 courses each semester to include Medical Terminology, Women's Health, Stress Management, Human Sexuality, Nutrition Concepts, Personal Fitness/Wellness, Student Development.         01/2008   to   Current     Substitute Teacher    Company Name   －   City  ,   State      Adapt to variety of lesson plans  to cover subject areas in grades K-12.         07/2005   to   08/2008     Fitness/Wellness Coordinator    Company Name   －   City  ,   State      Interview, hire, train, schedule, and evaluate group fitness instructors.  Maintain and manage fitness rooms and equipment.  Sign off payroll.  Navigate and use Class Track to provide access to specialty fitness classes.  Organize and maintain employee records and CPR/First Aid certifications.  Conduct monthly staff trainings and meetings.  Execute On-campus incentive program (FITRaider&RaiderXcape).  Coordinate and assist with special events (i.e., Fitness Xtravaganza, Tech Well, etc).  Rename and brand fitness program (RaiderX and X2).  Develop and manage Better U (yoga and pilates) personal training program.  Collaborate with other departments on campus for various wellness activities 
(Amazing Spring Break Race, Alcohol Awareness Week, etc).  Advise student supervi [...]","posted may   company health action council

marketing  communications intern

position description health action council is looking for a marketing  communications intern to help develop and implement communications strategies and materials that engage health action council members and prospective members promote collaboration among a broad spectrum of stakeholder groups including employers employees doctors hospitals educators policy makers and public officials and raise awareness of health action council within the broader community

position location company headquarters in cleveland ohio

intern will learn and be exposed to
 a variety of online communications that are sent on a regular basis to members and other target audiences
 participation in the planning of health action council events including the annual national conference
 participation in staff meetings as required
 opportunities to network with individuals and organizations from the public private and nonprofit sectors  particularly in the health and wellness sector  throughout ohio

key responsibilities
 support health action councils communications efforts
 contribute to the content development of various online communications tools including the health action council website newsletter and education event announcements
 help manage social media
 compile materials for eventsmeetings as necessary
 assist in the planning for the  conference  expo
 perform other duties as assigned

work hours the internship prog [...]"
1200,514,2483,C_rand,0.5109588805578442,0.6506186,0.16666667,0.18824889,0.24335906,AVIATION,Staff Strategic Operations Manager,"STOREKEEPER II       Professional Summary    The purpose of this document is to secure a responsible career position that fully utilizes educational knowledge and experience while contributing to the goals and values of this organization. Having a friendly attitude and worm personality is an appreciated strong point, as it aided in building positive relationships with customers. As a result, repeat and satisfied customers were well known during career at Pioneer Packaging as well as while working for City of Peoria. Helping people is one of my best characteristics. Obtaining several years experience contacting vendors, answering phones and face to face contact with the public and governmental personnel has honed my customer service abilities. Problem solving skills and a positive work ethic makes communication easier. I am devoted and dedicated to serving in any way possible, and strive to accomplish assigned tasks quickly and efficiently. Exceptional people skills allow the ability to manage personnel and take care of conflicts, disputes and other personal needs of employees. Procurement and Purchasing: Over 10 years processing purchase orders. Primary vendor contact for Inventory Control and Fleet parts room purchases. Highly proficient utilizing inventory procurement practices and procedures.       Skills                    Work History      STOREKEEPER II       |   January 2002   -   January 2013     Maintaining and reconciling inventory through clerical support, using PeopleSoft to procure and receive shipments obtained by purchase order.  Create excel spread sheets for reports, manage inventory files and research inventory problems.  Conduct inventory cycle counts, coordinate stock and document transactions.  CSR): Provide Customer Service to Departmental and Fleet Maintenance Personnel, process work orders and fill Fleet Purchase Requisitions, contact vendors to procure fuel, parts and other automobile and truck supplies for fleet services.  Trainer: Forklift [...]","company description

at servicenow our technology makes the world work for everyone and our people make it possible we move fast because the world cant wait and we innovate in ways no one else can for our customers and communities by joining servicenow you are part of an ambitious team of change makers who have a restless curiosity and a drive for ingenuity we know that your best work happens when you live your best life and share your unique talents so we do everything we can to make that possible we dream big together supporting each other to make our individual and collective dreams come true the future is ours and it starts with you

with more than  customers we serve approximately  of the fortune  and were on the  list of fortune worlds most admired companies

learn more on life at now blog and hear from our employees about their experiences working at servicenow

job description

we are seeking a leader for strategic operations for the experience organization which is made up of product designers technical writers researchers and program managers all focused on developing products and experiences that users will love this role will be focused on all aspects of strategic operations including organizational cadence annual planning special projectsinitiatives and ongoing budget and talent management

learn more about our team here 

what you get to do in this role
 spearhead multiple complex initiatives and partnerships to build our future state organization and structure [...]"
