row_id,job_position_title,resume_text,job_description
1101,Remote Patient Advocate Specialist,"STAFF ACCOUNTANT       Summary    EXPERIENCED ACCOUNTANT with more than 15 years of accounting and financial analysis experience.  Expertise in budgeting and economic analysis, financial reporting, and resource analysis/optimization. Solid record of performance managing analytical studies, key initiatives, and high-profile performance improvement projects. Technical expert and analyst on complex program issues. Solid critical thinking, problem-solving, research and liaison skills. Recognized for outstanding communication skills, flexibility, keen political savvy, sense of humor, and leadership abilities.  
AREAS OF EXPERTISE:  Accounting; financial analysis; program evaluation and management; strategic and operations planning and streamlining; operations management; workforce analysis and manpower planning; operational, financial, and compliance auditing; profit/revenue analysis; internal control reviews; process improvement and simplification; team and project leadership; quantitative/qualitative analysis; risk and feasibility assessment and management; database management; statistical analysis; technical, regulatory and best practices research;      Skills        Lawson, Invision, QuickBooks, MS Word, Excel, PowerPoint, Lotus Notes, and Meditech            Experience     01/2001   to   02/2011     STAFF ACCOUNTANT    Company Name   －   City        40 hours/week, 
ANALYZED FINANCIAL REPORTS AND PROGRAMS TO RESOLVE PROBLEMS.  Formatted and prepare internal financial reports for various entities.  Monitored and researched significant revenue and budget variances, including actual costs versus budgeted costs, recommending alternative courses of action.  Resolved complex issues involving multiple aspects of financial management.  Reviewed policies and principles to plan and develop financial controls and made changes and additions to cost allocation codes.  ANALYZED AND RECONCILED A VARIETY OF ACCOUNTS AND TRANSACTIONS:  Monitored, reconciled, researched, analyzed and [...]","fulltime entry level  great way to get hands on experience plenty of opportunities for growth within

location remote in morehead ky  working onsite at a medical facility as needed

hours mondayfriday 

medical screenings  vaccinations required for position

we are a leading provider of transformational outsourcing solutions and services spanning the customer lifecycle across the healthcare industry

at firstsource solutions usa llc our employees are there for the moments that matter for customers as they navigate some of the biggest most challenging nerveracking and rewarding decisions of their lives

dealing with healthcare challenges is hard enough but the added burden of not knowing how much that care will cost or having a means to pay for it often creates additional stress and anxiety its times like these when our teams are there to help guide these patients and their families through the complex eligibility and payment process

at firstsource solutions usa llc we take the burden away from the patient and their family allowing them to focus on their health when they need to most afterwards we work with patients to identify insurance eligibility help them navigate their financial responsibilities and introduce ways to achieve financial wellbeing through payment arrangement options

our firstsource solutions usa llc teams are with patients all the way providing support and assistance all the while seeing firsthand the positive impact of their work through the emotions of r [...]"
1102,Entry-Level Commercial Real Estate Agent,"GRANTS MANAGER           Summary     Finance professional successful in not-for-profit and for-profit organizations wanting to resume career after meeting personal goals and obtaining unrestricted work authorization.        Skills     Accounting, administration, preparing trial balance, balance sheet analysis, bank reconciliation, billing, budgeting, forecasting cash flows, cash management services, contracts, credit risk, due diligence, financial analysis and modeling, financial reporting, financial statement analysis, general ledger, government grant proposals, inventory management, investment Banking, invoicing, accounts payables, accounts receivables, legal issues, risk analysis, investment valuation.        Experience              Grants Manager    December 2009   to   July 2014     Company Name   －   City  ,   State      Perform due diligence on potential grant opportunities and monitor current funds portfolio.  This included reading all government updates on healthcare research funding, related financial matters and audits.  Worked as an integral person in all facets of financial administration in a small team with a culture of inclusion.  Have been appreciated and respected for my hard working skills and eagerness to learn.  Having worked with some of the best researchers in the healthcare field, I have had to wear multiple hats and work with tight deadlines.  Specialized in preparing grant proposals for both federal and non-federal sponsors that included various grants mechanisms, Clinical Trails, Research Contracts and IPAs.  Held a key role in pulling together and maintaining a large and complex international grant that involved 21 sites (domestic and international).  This role enabled me to become an excellent team player.  Managed all post-award administration for all types of sponsored research projects including, subaccounts, budgeting, creating purchase orders, invoicing, monitoring, expense processing and reconciliation, financial reporting, IRB, OM [...]","marcus  millichap is the industrys largest firm specializing in real estate investment sales and financing as well as a leading source of research and advisory services as leaders in commercial brokerage we are continuing to build our investment sales team across multiple product types multifamily retail netleased office industrial hospitality selfstorage etc

despite everything that is going on right now we are still actively hiring the brooklyn office is undergoing an expansion and we are seeking upcoming or recent college graduates who are driven and entrepreneurial to join our investment sales team as an entrylevel commercial real estate agent

this handson training combined with realworld experience will allow you to
 springboard your career into a successful commercial real estate agent
 quickly become an integral part of a team working on an active pipeline of deals while developing your own book of business
 be mentored by a senior agent who will teach you every aspect of marcus  millichaps brokerage continuum

this is a  commission sales position we offer significant earning potential to candidates who are entrepreneurial motivated eager to get on the phone ready to learn and ready to earn through our unparalleled training and mentorship program you will master the art of real estate sales while working with amazing people in a dynamic culture sales experience is appreciated but not necessary coachability is required

this is a unique opportunity working directly wit [...]"
1103,System Administrator,"CONSULTANT       Career Focus     Business Professional acutely focused on customer service and network building. Promptly develops vital relationships needed to operate and succeed in a sales field. Manager with expertise in delivering support services and resolving customer complaints. Over seven years of experience in Real estate development.  Also a quick study, with an ability to easily grasp and put into application new ideas, concepts, and technologies. Exceptional organizational, communication, interpersonal, analytical, and problem resolution skills. Thrive in both independent and collaborative work environments.  Proficient in the use of computer applications including MS Word, Excel, PowerPoint and Access, as well as AutoCAD and ACT.        Summary of Skills          Training and development  Employee relations  Compensation administration  Performance management strategies  Human resources audits  Maintains confidentiality  HRMS  National Human Resources Association      Homeowners insurance knowledge  Excellent communicator  Deadline-driven  Marketing and sales specialist  New program and promotion implementation  Procedure development  Human Resources Information Systems (HRIS)            Accomplishments     Experience includes over 1,000 physical property inspections.  Promoted to City Counsel liaison after fifteen months.       Professional Experience      Consultant     May 2011   to   Current      Company Name   －   City  ,   State    Maintain in-house clients, obtain customer referrals and continuously build relationships.  Recruited and interviewed 30-60 applicants per 30 days.  Customize Benefit plans for individuals and company employees based on their current health and financial needs, family history and budget.  Administer the following benefit programs: Medical, Dental, Life, Accident, Short and Long-Term Disability. Serve clients with supportive service.  Promoted agency products to customers in person, on the telephone and in writing.  Ex [...]","intrepid museum is now hiring system administrator in new york ny  view job listing details and apply now

the systems administrator is responsible for the daily operations of the it systems infrastructure and the management of the it servers and network this position is responsible for insuring that all it facilities computer systems and applications achieve and maintain a service level of  for the museum the systems administrator will adhere to all it policies and procedures and will work with the vp of it it manager and team members to develop maintain and adhere to pci gdpr ccpa it best practices and provide evidence for audit compliance the systems administrator will stay abreast of the latest it systems technology and serve as a trusted advisor to the vp of it and it manager and champion those business initiatives and goals presented by the museums departments

responsibilities include but are not limited to
 ensure that all it infrastructure computer operating systems and applications achieve and maintain a service level of  percent uptime availability annually
 maintain and verify that all network facilities and servers are maintained with the latest software updates patches and fixes required by the it vendors to maintain support
 maintain and verify that it software hardware and network facilities are maintained with the appropriate vendor maintenance and support required to ensure uptime availability at  percent
 escalate triage and handle service issues to msp as [...]"
1104,Talent Acquisition Manager,"CONSULTANT       Professional Summary     High-achieving management professional and effective consultant possessing excellent communication, organizational and analytical capabilities with about 4 years of experience in devising innovative strategies and solutions to resolve complex business challenges. Adept at managing projects, vendors, analyzing organizational operations, and performing customer journey, competitor and gap analysis.      High-achieving management professional and effective consultant with excellent communication, organizational and analytical capabilities and about 4 years of experience in devising innovative strategies and solutions to resolve complex business challenges. Adept at managing projects, vendors, analyzing organizational operations, and performing customer journey, competitor and gap analysis.       Skills          Strategy & Operations  Process Optimization  Digital Transformation      Cross Functional Team Management  Project/Product Management  Agile/Lean Methodologies            Work History      Consultant      Company Name   -   City  ,   State     06/2015   -   Current       American Global Computer Security Software Fortune 500 Company Managed and delivered a project to implement and integrate a new content management platform to create a unified brand experience, support scalability, growth and enhance digital presence for client's business - post acquisition Led cross-functional global teams consisting of technical, business and functional representatives and achieved key milestones on time with quality deliverables Prioritized, escalated and resolved issues with internal and external stakeholders Directly managed 3rd party vendor and offshore teams.  Client: American Consumer Food Products and Services Company Provided recommendations around User Centered Design and ADA compliance for E-Commerce Implementation project Performed Digital Conversion analysis using Google Analytics tool Performed User Acceptance Testing to p [...]","introduction

introduction to the job

the talent acquisition manager is responsible for talent acquisition delivery across one of asmls key sites located in san jose you will be leading the recruitment delivery for these high growth fast paced businessesyou willreport to the talent acquisition leader and be part of the us talent acquisition teamyou will coach and drive and team of recruiters and partner with hr business partners and business leaders to ensure consistent effective and efficient recruitment strategies designed to attract source and bring in top talent to meet business goals

as directed by the talent acquisition leader you will partner with employment branding for consistent corporate image throughout recruiting campaignsalign on annual workforce target and provide guidance to management on external talent marketas a successful talent acquisition expert you will use metrics and data to inform stakeholders on hiring trends turnover rates and candidate feedbackyou will implement hiring strategies built for growth and ensure a solid talent pipeline for each business group

role and responsibilities
 manage local business partnerrelationships and provide recruitment counsel and guidance to hiringmanagers to effectively deliver the most optimal recruiting solutions
 manage coach and develop ateam of talent acquisition partners ensuring delivery to hiring demand andcustomer expectations
 provide input into strategic recruitment plans for your business groups
 create [...]"
1105,Talent Acquisition Coordinator/ Technical Recruiter (100% Remote...,"SALES ASSOCIATE       Summary     SALES & BUSINESS DEVELOPMENT  Business development professional with 14 + years being successful at acquiring, expanding and managing key health care accounts in the HVAC construction industry. Well versed in building strategic partnerships through persuasion, negotiation and personal presence. Demonstrated passion for building relationships, cultivating partnerships and growing business.       Highlights          Excellent sales techniques  Excellent communicator  New program and promotion implementation  Consultative sales techniques  Cold calling         Adept multi-tasker    CRM system experience  Contract review  Strong proposal writer  Legal implications knowledge               Accomplishments      2005 Georgia Society for Health Care Engineers:  Vendor of the Year   2007 Georgia Society for Hospital Engineers:  Service Excellence Award   2008 Georgia Society for Hospital Engineers:  PJ Wise Award Recipient/Vendor of the Year   2009 Georgia Society for Health Care Engineers:  President's Award for Outstanding Service and Dedication   2010 Georgia Society for Hospital Engineers:  Certificate of Appreciation for Devotion and Commitment   2014 Georgia Society for Hospital Engineers: 50th Year Board Member Recognition.        Experience      Sales Associate     Aug 2012   to   Nov 2015      Company Name   -   City  ,   State     Health care mechanical contracting firm  Specializing in HVAC consultation, design, installation, process heating, cooling and piping.  Contacted new and existing customers to discuss how specific products and services could meet their needs.  Answered customer questions regarding products, prices and availability.  Concentrated on retrofit jobs sold directly to the owner.  Generated new accounts by implementing effective networking and content marketing strategies.  Identified, coordinated and participated in client relationship-building activities and meetings.  Developed a new customer base consisting o [...]","description our history from our start in  conexess has established itself in  markets employing nearly  individuals nationwide operating in over  states our client base ranges from fortune  companies to midsmall range companies for the majority of the midsmall range companies we are exclusively used due to our outstanding staffing track record

who we are conexess is a fullservice staffing firm offering contract contractto hire and direct placements we have a wide range of recruiting capabilities extending from help desk technicians to cios we are also capable of offering project based work

we are seeking multiple technical recruiters to join our client a global consulting firm as they are experiencing unprecedent growth the role offers long term job security and career growth in a globally recognized organization

the talent acquisition coordinator technical recruiter job responsibilities include but are not limited to
 plan and schedule inperson or phone interviews by contacting hiring managers interviewers and candidates schedule creation space procurement candidate travel collection of interviewer feedback etc
 work with recruiters on large interview days one off interviews and events as needed
 utilize webbased applicant tracking system to maintain candidate data and reporting
 assist with candidate expense reimbursement process
perform other various administrative responsibilities related to recruiting
 utilize effective communication and followthrough while acting as [...]"
1106,Contracting Project Management Intern,"HR VOLUNTEER ASST. MANAGER       Professional Summary     I am dedicated to every project I have worked on with strong undergraduate and graduate credentials including five years experience in Assisting Management of Human Resources. I look to expand my knowledge increasing chances of future career opportunities by completing a Doctorate in business program. Educating myself as a full time student puts me in the position to operate in industries such as Manufacturing, Government, and Healthcare, those industries alone would increase my earning potential. Being educated in these aspects of business will help me operate any organization as needed with my Masters Degree in Business Administration, along with being able to comprehend what is needed for the organization to succeed. My aspiration while completing this MBA program is helping me allow myself to work in top management positions along with allowing me to show the skills gained through education.       Skills           Human Resource Management    Product Design and Development    Strategic Warehouse Management    This is where I added to my knowledge of how to run an organization in an ethical manor making sure all aspects of being true to an organization, and making sure all policies and regulations are met within a timely manner making sure the organization does not have to suffer by paying unwanted fees taking them from the organizations cash flow. Knowing how to get any product or service to receiving location on time is another aspect of the key points learned during my undergrad education learning about Entrepreneurship.    Master of Business Administration | Grand Canyon University    Dates From (2016) - Current/ Expected graduation date (04-2018)    Key points of education:    Marketing Management    Economics    Leadership Organizations    Operations Management    Quantitative Methods    Managerial Accounting    Finance    Strategic Management    Extremely organized    Conflict resolution    Self-mot [...]","contracting project management intern
 requisition  
 attrane technologiestm and through our businesses includingtraneandthermo king we create innovative climate solutions for buildings homes and transportation that challenge whats possible for a sustainable world
 were a team that dares to look at the worlds challenges and see impactful possibilities
 we believe in a better future when we uplift others and enable our people to thrive at work and at home
 as a contracting project manager you will work on all aspects of construction projects from beginning to end with responsibility for project execution while working with a team to complete objectives in a given time frame and with available resources
 you will also be responsible for the administration implementation and management of projects and accountable for assigned scope of work schedule and budget
 in particular you will enable trane technologies to focus on solutions that provide our customers with the most energy efficient buildings
 in the trane technologies graduate training program gtp you will learn from experts in the field who are committed to preparing you for a rewarding career in contracting project management
 the gtp provides you with intensive technical business and leadership training with an emphasis on maintaining the highest ethical and professional standards
  attend lectures and technical presentations that are practical for this career
  hear about real world projects from trane technologies mana [...]"
1107,Business Development Associate,"BUSINESS DEVELOPMENT ASSOCIATE           Executive Profile     Award-winning sales executive with international sales experience.       Skill Highlights                      Professional Experience      Business Development Associate    January 2015   to   Current     Company Name   -   City  ,   State      Responsible for prospecting and developing relationships for unqualified, and qualified sales leads through Market Master, Sales Force, cold calls and networking.  Generated over 60 - 70 sales calls per day and distributed sales materials to the appropriate future clients.  Secured appointments for the District Mangers I am assigned to.  Built relationships with the District Managers and worked together in securing new leads and securing appointments with the proper contact before or after the client has been qualified and would assist in any way win the sale.          Managing Director    January 2000   to   January 2015     Company Name   -   City  ,   State      Marketing and Management Company for telemarketing firms and the hospitality\hotel industry.  Projects include, Accelerated Financial Center, LLC, M.R. Carter, LLC, The Ramada Inn, Stuart, FL, The Tourist Information Center of Martin County in Stuart, Florida.  With MRC, I contracted with MR Carter LLC, and Accelerated Financial Center, LLC.  Responsible for all telemarketing functions and sales, sales relationship building and administration for both million dollar company's which handled consumer credit card interest rate reductions under the Federal Credit Cart Act.  At the Ramada I was responsible for Guest Services, Group Sales, Conference Services and Catering and Restaurant Management for and Annual 4 million dollar budget.  I also instituted a program for cold calling and utilizing our CRS with the Ramada to prospect potential clients, sales promotion, and client relationship development.  This was all done also with a variety of marketing methods.  At the Information Center, I owned and manage [...]","care  is hiring licensed home care agency is looking to hire a full time business development associate to manage sale efforts and marketing campaigns for locations in bronx queens manhattan brooklyn and westchester this role will be focused on the rockland county area

responsibilities will include but are not limited to
 developing and executing a marketing plan to meet or exceed monthly quarterly and annual growth targets
 identifying evaluating and prioritizing potential referral sources within the agencys territory and surrounding area
 demonstrating a thorough and complete knowledge of the agency including our vision mission and values the services we provide and how we differentiate ourselves from other home care agencies
 establishing and maintaining professional relationships with all referral sources
 establishing and maintaining brand awareness through referral source contacts trade shows conferences and community education efforts
 representing the agency and its services in a professional competent and responsive manner
 attending monthly agency growth meetings

qualifications
 hard worker with positive attitude
 some previous office experiences
 strong written and verbal communication skills

benefits
 paid holidays off
 pto
 health insurance
 competitive salary and bonuses

looking for a hardworking and capable individual with strong interpersonal skills
 this opportunity comes with training and growth potential within the organization candidates should be hard [...]"
1108,"Commission Sales Associate - Men's, Full Time - Beverly Center","HEALTHCARE ASSOCIATE       Summary    Energetic, resourceful, and results-driven professional .Skilled at working effectively both independently and collaboratively as part of a team within fast-paced environments to complete projects and responsibilities while adhering to deadlines and quality standards.      Skills        EPIC, Microsoft Office Suite (Word/Excel/PowerPoint), Healthcare Systems, Insurance/Billing, Sorian Scheduling, Health/Medical Records, Research, Reports, Databases, Data Analysis, and PCs/Windows Applications            Experience     February 2002   to   Current     Company Name    City  ,   State    Healthcare Associate        Maintain full responsibility for demonstrating initiative, strong leadership and communication skills, and medical and healthcare knowledge to support efficient and productive day-to-day operations.  Directly accountable for a diversity of patient/unit support activities including scheduling and discharge, coordinating admission packages, arranging transportation, completing unit work orders, maintaining inventory, and preparing patient unit census.  Monitor and improve individual performance in all areas to ensure adherence to the highest levels of customer/patient service, productivity, efficiency, leadership, teamwork, and work quality at all times.                Excellent capacity to meet deadlines, build rapport with individuals from diverse backgrounds, and to support practice objectives by facilitating an environment that consistently achieves/exceeds expectations.  Responsible for maintaining professional and courteous communications, demeanor, and interactions with patients and medical staff while continuously seeking ways to provide value-added service and support.  Maintain files, documents, databases, and records to provide highly reliable information quickly and use well-developed interpersonal skills to respond effectively to both internal and external requests/inquires.  Communicate clearly and effectivel [...]","day medical dental vision benefits for eligible colleagues
 competitive pay
 paid time off
 flexible holiday timeoff  flexible scheduling
 fully funded education benefits  tuition coverage including books and fees
 instant access to earned wages with payactiv
 enhanced benefits pet home  auto insurance  more
 k plan options available
 bonus earning opportunities
 growth potential opportunities
 employee discount at bloomingdales  macys stores
a bloomingdales sales professionals primary role is to guide and inspire our customers to make style a source of creative energy in their lives with a passion for gracious service an interest in fashion styling talent and product knowledge proficiency they establish and cultivate long term client relationships both in store and online as a sales professional they deliver the bloomingdales customer experience through the art of conversation always being welcoming engaging and inquisitive creating that human connection that our customers are seeking when shopping in our stores sales professionals are responsible for actively circulating the sales floor determining the customers needs sharing the benefits of our loyalty programs and supporting the shopping experience from start to finish the bloomingdales sales professional must also deliver operational excellence by leveraging our fulfillment system merchandise to sell standards floor and fitting room upkeep
job essentials
 create an instore and online easy seamless and fun experience buil [...]"
1109,CNC Programmer Machinist,"CHEMICAL ENGINEERING INTERN       Objective Statement    To obtain employment as an entry level Chemical Engineer utilizing my current experience and education.      Competencies          Project management  Scheduling tools  ChemCad, OAM, MES and EPI  Structural red-line revisions skills  Advanced written and conversational German      Process piping  Microsoft Office  Quality control  Strong presentation skills  Process improvement            Experience     05/2017   to   Current     Chemical Engineering Intern    Company Name   －   City  ,   State     Intern at AkzoNobel, assigned to the Columbus,
Mississippi plant working 30-40 hours weekly in the Hydrogen Peroxide division.
Primary duties include observation of the different processes (hydrogenation, oxidation,
extraction, distillation, mixing, and loading of peroxide and its components). Updating
the OAM, MES, and OEE portals daily with information from the chief technician.
Gathering quotes and product specifications for my two assigned projects,
red-lining P&IDs in preparation for changes within the plant, and assisting
with any jobs that my supervisor needs done. Lead any Management of Change
meeting regarding my projects. Projects are as follows: 
-Replacing an automatic valve with a control valve on a
condensate tank; adding a differential pressure transmitter to control the tank level; installing an orifice plate in the pipe to control the
flow into the tank. Responsibilities included obtaining bids for mechanical
labor, electrical and instrumentation labor, and DCS configuration and quotes
for instrumentation. The scope of the project was $50,000.

- Installing an RF Capacitance probe on an existing sight
glass on a holding tank; replacing a chemical hose with a 316L stainless steel
pipe and installing a control valve in the pipe to control the interface level
within the sight glass. Responsibilities included obtaining bids for mechanical
labor, electrical and instrumentation labor, and DCS configuratio [...]","cnc programmer machinist

we are currently seeking a fulltime salaried cnc programmer machinist to join our team in our hawthorne ny  location

who we are

founded in  clarapaths mission is to transform the laboratory space and advance how hospitals provide laboratory care our company is strategically backed by one of the largest hospitals in the country as well as visionary pharmaceutical and academic leaders in collaboration with our partners we aim to improve patient care through our automated processing analysis and diagnostics technology

from our fully automated precision sectioning technology to worldclass imaging and analysis expertise our team is building a robotic system that will impact the future of digital pathology we offer challenging opportunities to join a uniquely innovative company that straddles the worlds of medical devices robotics industrial automation and technology

to learn more about us please visit us at

about the role

clarapath is looking for a cnc programmer machinist who has machine shop experience in a manufacturing environment skilled in the operation of a cnc mill cnc lathe manual equipment tools and measuring devices the cnc machinist will produce parts in a production and rd setting and will collaborate with engineers for dfma and optimal machining designs

what youll do

core duties and responsibilities include the following

program and operate cnc mill axis and cnc lathe for the manufacturing of  unique parts

operate any type and size [...]"
1110,Senior Statistical Programmer,"PRODUCTION CONTROL / SR. MERCHANDISER       Summary    Seeking fulltime/contract position where I can use my engineering, management background, Operation knowledge, merchandising and analytical skills at the most.      Skills          MS Excel: Pivot table, Hlook up; Vlookup, moderate macros, advanced functions.  Access, MS Word, MS PowerPoint, MS Outlook., SAP              Accomplishments      Taken training on different type of stitching machines like SNLS, DNLS, F-O-A, W/B attaching machine, 5-thread, 3-thread, bar tack, zigzag machine and many more.  Worked in washing dept.  PPC in washing department, and also handling production of washing dept.  with all type of washes like enzyme wash, DV, MV.  Achievements and Extra-Curricular Activities:.  Attended the course on ""Computer aided Textile Design"" By Canada-India Institute Industry Linkage Project at L.D.C.E, Ahmedabad.  Participated in ""LAA Teqnix"" 2006 At L.D.C.E.  Ahmedabad.  Participated in ""LAA Teqnix"" Tex Icon-Smarter 2005 At L.D.C.E.  Ahmedabad.        Experience      Production Control / Sr. Merchandiser     Sep 2009   to   Aug 2011      Company Name         Manufacturer & exporter of home textiles) Managed purchase order, pricing and production planning of assigned customers using SAP.  Implement and control production schedule.  Coordinated with planning team to review and procure materials to achieve manufacturing build requirements for multiple product lines, and worked with manufacturing, planning, and engineering departments to enable purchasing and acquire cost-effective inventories.  Completed data collection and analysis of the company s procurement and supply chain processes, offered recommendations using supply chain tools and performance metrics.  Analyze production and quality control to detect and correct problems.  Negotiated pricing and fabric requirements with international and domestic buyers as well as customers.  Coordinated to buyer for pricing ,approval, production time, shipment. [...]","be part of our empowered parexel statistical programming team today the senior statistical programmer with sdtm experience will contribute to meaningful advances that benefit patients in need

as a senior programmer you will be recognized as a subject matter expert providing technical support and expert advice to internal and external sponsors parexel will provide you with the perfect opportunity to expand on your experiences and develop new skills in a stimulating work environment

key responsibilities include not an exhaustive list of duties
 input into and negotiate statistical programming timelines
 ensure that timelines are adhered to coordinate and lead a statistical programming team to successful completion of a study within given timelines and budget
 monitor project resourcing project budgets and identify changes in scope
 ensure quality control qc on all process and technical activities related to derived dataset table listing and figure programming in accordance with corporate quality standards
 maintain all supporting documentation for studies in accordance with wsopsguidelines to ensure traceability and regulatory compliance
 provide a broad range of leadership and influencing capabilities to achieve the business objectives and goals for both parexel and sponsors
 provide leadership project specific training stakeholder management external sponsor support resource management and project management for the required programming tasks supporting clinical trial activ [...]"
1111,Staff Attorney,"MARKET CONSULTANT - HEALTHCARE ADVOCATE           Professional Summary    Ambitious and dedicated managed care professional with robust organizational, communication and customer service
skills. Multi-disciplinary industry expertise with an emphasis in provider outreach, research\analysis and data integrity. Seeking a position to partake in new and innovative improvement processes and proactive provider education efforts.      Education and Training      BBA   :   Business Administration Human Resources Management      University of New Mexico   －   City  ,   State      Business Administration Human Resources Management        Skill Highlights                 Government relations knowledge  Provider education and communication   Personal and professional integrity  Database management         Relationship and team building  Organizational planning  Sound decision making   Excellent research skills   Claims analysis and review specialist  Project management               Professional Affiliations    Member of Alpha Chi Omega Sorority      Professional Experience      Market Consultant - Healthcare Advocate    August 2015   to   Current     Company Name   －   City  ,   State      
    Provides in the
    field
    market
    by market strategy,  expertise, &
    execution on Risk Adjustment  &
    Clinical Quality Programs (HEDIS/Stars) 
    prospective and retrospective programs for Providers.
       Acts
    as a designated resource for the Provider group to gain engagement.  
    Performs
    data analytics to help identify high risk members and to develop a strategy and
    plan for the practice.  Consults
    to help improve coding accuracy, documentation and management of patient
    assessment information.  Facilitates
    access to medical records for chart review purposes.
      Utilizes programs such as SalesForce, Tableau, Concur, and SharePoint to track various activities and reporting.          Provider Network Specialist    February 2014   to   August 20 [...]","position overview

access justice brooklyn has an exciting opportunity for an attorney to serve as a staff attorney for its consumer law practice the staff attorney will oversee all aspects of our volunteer lawyer for the day consumer debt program vlfd program in kings county civil court and will work with our director of legal services and staff to strengthen our consumer debt practice including chapter  bankruptcy fair debt collection practices act practice and the civil legal advice and resource office claro which delivers critical advice and representation to hundreds of litigants a year the staff attorney will have the unique opportunity to shape access justice brooklyns work and leadership in an evolving practice area as the economic crisis continues requiring innovative and coordinated responses

key responsibilities

 manage all aspects of the access justice brooklyns vlfd program

 recruit volunteer attorneys to provide pro bono representation to access justice brooklyn clients by conducting cle trainings and presentations on consumer debt and bankruptcy

 mentor and support volunteer attorneys law students and staff handling consumer debt and bankruptcy matters

 oversee claro clinics in civil court including staffing recruitment and supervision of volunteers and law students

 maintain a caseload of consumer debt and bankruptcy matters

 conduct intake and provide advice and brief services to brooklyn residents who are proceeding pro se in consumer debt and bankrup [...]"
1112,Vice President Marketing,"BENEFIT ADVOCATE SUPERVISOR           Summary    Represent a reputable company as an Underwriter, proving my value by building and 
supporting a healthy and profitable book of business.      Highlights          Licensed Property, Casualty, Life and Disabilty Insurance Agent in Washington.  Technical and Soft Skill Coaching, Supervising, Coverage Counseling, Training.  Development of Training Materials, Workflows, Procedures, SharePoint Sites, Wiki Pages,  Quality Assurance Programs, Form Letters and Newsletter Articles.  Problem Solving, De-Escalations, Employee Development, Quality Assurance  Work Force Management, Time Keeping, Vacation Scheduling, Attendance and  Schedule Adherence Coaching, Hiring, Employee Onboarding and Termination.  Customer Care, Front-Line Underwriting, Needs Analysis, Cross Selling,  Up Selling, Endorsing Policies, Billing Analysis, Collaboration, Project Management.  Proficient with MS Windows, MS Office, Applied Epic, Vertafore Sagitta / BenefitPoint, CC Pulse,  Verint Impact 360, Verba, Kronos, MyTime, DocuSign, Taleo, Cisco Enterprise/Finesse/Admin/Report Server, SalesForce Service Cloud and more.  Running reports, analyzing and organizing data in Excel using pivot tables.  Experience with products and services of a multitude of insurance carriers, including but not limited to American Modern, Chubb, Dairyland, Foremost, Kemper, RLI, Mapfre,  MetLife, Mutual of Enumclaw, PersonalUmbrella.com, Progressive, Safeco, Travelers, Premera Blue Cross, Regence Blue Shield, United Healthcare, Aetna, Cigna, Kaiser Permanente, Group Health, Symetra, Unum, Delta Dental, Willamette Dental and VSP.                Experience      Benefit Advocate Supervisor    May 2014   to   Current     Company Name   －   City  ,   State      Provide guidance and direction to a team of Licensed Life and Disability Benefit Advocates Present and promote Benefit Advocate services to both internal and external prospects.  Assist Consultants and Client HR with advanced ne [...]","about the company

webbmason is a fullservice marketing firm with offices coast to coast  from our corporate headquarters in hunt valley maryland to los angeles and just about every major metropolitan area in between for over  years weve been focused on helping activate brands at the local level through engaging content material and merchandise  providing upstream strategy creative services and technology connected to downstream production and distribution both physical and digital

effective july  webbmason marketing has merged with supplylogic combining two brands that together  provide an unmatched portfolio of techenabled marketing services for print branded merchandise point of sale and digital solutions

job summary

were looking for a creative and passionate vice president of marketing who will work directly for our chief strategy officer helping define support activate and optimize the combined companies aggregate gotomarket strategy this is a remote role based out of new york with planned travel to key office locations including the corporate office located in hunt valley maryland

ideal candidates will be able to do the following
 thrive in a fastpaced environment with the ability to manage multiple priorities
 proactively identify businessmarketing opportunities and create action plans
 manage and plan at both the strategic and operational levels
 lead creativedesign strategy everything you hear see and touch
 infuse passion creativity and innovation into our busin [...]"
1113,Work From Home Administrative Assistant Skills (Data Entry - Remote),"BOOKSELLER         Professional Profile    Ever since I've been able to work I have, the day I turned 16 I got a job at Wal-Mart and I was with Wal-Mart for about a year and a half. My only reason for leaving my job at Wal-Mart was because I had to get a second job for my co-op class that I had in high school. I did work both jobs for a few months but I had to quit at Wal-Mart because they couldn't work with my other job schedule. While I was an associate at Wal-Mart I did work different departments such as apparel, jewelry, and I worked as a cashier. I currently work at a Childcare to help me pursue my future career in Speech and Language Pathology. I have experience in customer service, and talking to parents and children. I consider myself a very driven hard worker, if I am given a task I complete it to my best ability.       Qualifications          Customer service mindset  Receive return merchandise  Enthusiasm  Professional appearance      Restocking  Cheerfulness  Efficiency              Experience      Bookseller  ,   08/2016   to   Current    Company Name   －   City  ,   State       Cleaned and straightened work area.       Bagged merchandise by following standard procedures.      Organized register supplies.      Worked with customer service to resolve issues    Unboxed new merchandise.       Rotated stock to maintain freshness.      Operated cash register with proficiency.       Provided professional and courteous service at all times.      Worked overtime shifts during busy periods.             Teacher/ Closer  ,   09/2014   to   Current    Company Name   －   City  ,   State      During my time at Southside Christian Childcare and Preschool I have learned many things.  From simple things of how to properly sanitize a changing table to having to take care of a child after a bad accident.  I have learned how to better communicate with others, and care for children properly.  Some of my responsibilities as a teacher was to teach the children the things they [...]","work from home entry level data entry associate

are you looking for a way to earn part time work from home money that you can do whenever you want we are looking for people who want to work remotely from home youll need an internet connection and a way to do the tasks such as mobile device or computer

we need folks who want to do tasks micro tasks work from home opinion panels online focus groups and more this is not a job but a fun way to earn extra cash working from home part time on the fly  work when you want sign up today for free and start cashing in work from home from any location any hours any day your choice do work get paid

join the folks who work from home apply today

all backgrounds welcome work from home part time amazon customer service representative medical professional remote work at home drivers administrative assistant work from home customer service representative registered nurse web developer assistant manager pharmacy techniciancovid

work from home

high school diploma or ged  this is entry level

current usa resident

speak read and understand english  spanish a plus as more opportunity is available to you

able to focus and follow through

this is a remote work from home part time gig youll need a computer laptop or mobile device

microsoft word or excel helpful as a tool to keep yourself organized but not mandatory

work from home part time amazon customer service representative medical professional drivers medical receptionist our folks come f [...]"
1114,Civil Rights Investigator 1 - Columbus,"HUMAN RESOURCE/ FINANCE ANALYST           Summary    Human Resource Professional:  Seeking a challenging position that will allow me to grow professionally, which requires me to utilize my strong educational, organization, and excellent interpersonal skills.      Highlights        Microsoft Office Suite (PeopleSoft, Outlook,Word, Excel, Power Point, Publisher).              Experience      Human Resource/ Finance Analyst    June 2013   to   Current     Company Name   －   City  ,   State      Provide support to Columbia University community by providing excellent customer service via telephone, email and the self-service system.   Responsible for resolving customer/ employees problems related to Human Resources, Payroll Labor Accounting transactions, Data, JACS and RAPS applications and Finance.  Utilize a variety of systems such as PeopleSoft HCM and other programs used throughout the university.  Answer calls in a professional matter, resolving them directly or redirecting them to appropriate department.   Responsible of researching and resolving client request and logging all calls in a web incident form. Follow-up with incidents not immediately resolved.   Work with HRPC, Payroll Operations, Payroll Labor Accounting, Accounts Payable, Vendor Management, and Purchasing among other departments to resolve incidents, recommend solutions and process any changes.  Serve as a resource for HRPC staff providing guidance and assistance when appropriate.  Provide accurate trending data; representing the university factually and professionally.  Knowledgeable of Columbia University's Human Resource policies, Hiring and recruiting, Workplace notices, Labor Laws, and other essential information.           Human Resource Supervisor/Hiring Specialist     June 2011   to   April 2013     Company Name   －   City  ,   State      Responsible for supervising a group of over 120 employees and clients.   Responsible for recruitment of employees, contractors, per-diem and interns.   Resp [...]","did you receive the following experience andor training during your undergraduate program


job description
primary location united states of americaohiofranklin countycolumbus
work locations civ columbus region  east broad street columbus 
organization civil rights commission
classified indicator classified
bargaining unit  exempt bargaining unit
schedule fulltime
work hours  am to  pm
compensation 
unposting date jun    pm
job function investigation
job level individual contributoragency contact name 
agency contact information 

civil rights investigator   columbus

job duties
conducts intake with charging parties relative to chapter  of ohio revised code by letter telephone or in person regarding general information for submitting charges of alleged discriminationprepares charge affidavits and intake interview forms evaluates forms to ascertain jurisdiction under chapter  of ohio revised code eg employment public accommodation credit and defines basis of discrimination ie race color religion sex national origin handicap age or ancestry
investigates single issue charges of discrimination excluding cases involving allegations of housing discrimination and sexual harassment gathers evidence relative to investigation and conducts onsite andor factfinding conferences with complainants witnesses and respondents andor investigates cases of moderately difficult nature excluding cases involving allegations of housing discrimination and sexual harassment ie multiple bases of discri [...]"
1115,Construction Project Manager (Remote),"BUSINESS DEVELOPMENT SPECIALIST       Summary    Retirement Benefits Specialist with over 10 years experience administering benefits for large corporations and government employees, delivering solutions at varying levels as they pertain to the diverse knowledge base of the employees I assist. Have extensive experience in delivering benefit plan rules and regulations as well as federal and state laws to a diverse population. Highly detailed and self motivated who is detail oriented and well organized.           Experience      Business Development Specialist     Apr 2016   to   May 2016      Company Name   －   City  ,   State   Contacted prospective customers from internet inquiries or unsold showroom visits at Capital Ford to determine reason for not purchasing a vehicle . Attempted to re-schedule an appointment with a salesperson to complete transaction.       Cashier/Office Support Staff     Apr 2015   to   Feb 2016      Company Name   －   City  ,   State     Assisted customers with purchases, maintained daily deposits, dispersed trucks to surplus pick up requests through.  SPMS system, maintained inventory , answered incoming calls, researched any inventory items and their disposal.  Maintained departmental purchase files as well as daily receipts and pick up requests.         Data Collection Interviewer     Mar 2015   to   Apr 2015      Company Name   －   City  ,   State     The survey examines access to the health system, health status, and health determinant characteristics of Ohio's Medicaid program for Medicaid eligible and non Medicaid populations.  Made outbound calls to respondents to conduct social science survey using a script, and adding the data collected from the respondents into computer system while speaking to the respondent..         Retirement Case Administrator     Oct 2013   to   Sep 2014      Company Name   －   City  ,   State     Conducted benefits administration for 2-300 benefit-eligible employees.  Obtained missing information when needed [...]","job description

we are currently seeking a talented and motivated individual to join our team as the cigars international construction project manager in this position you will be responsible for overseeing the construction process for buildings and infrastructure of new retail locations the ideal candidate is one who has a construction management background in the commercial construction of retail locations

responsibilities
 serve as jobsite representative for cigars international
 assist in the identification and qualification of the various subcontractors required for the project including all site and building trades
 coordinate and align on all requirements set forth by landlord developer federal state and local government agencies
 provide coordination and input as needed with utility companies providing services and infrastructure for the project including schedule and cost management
 coordinate with internal and external support teams outside of general contractor scope including but not limited to  internal information technology team security system security cameras low voltage install dish network install cloud cover music data and voice provider and ffe
 develop initial project specific cost estimates and taking lead responsibility with the budgetary management of the various cost components of the project
 monitor and ensure schedule performance and quality workmanship of inhouse crews and contractors
 work closely with the contractor architect civil engineer [...]"
1116,Chief Executive Officer,"SENIOR CUSTOMER SERVICE ADVOCATE           Professional Profile     Over ten years of management and customers services skills in retail and call center environment. Expert computing and technology skills in multiple software applications.       Qualifications          Leadership  Sales  Writing  Communications  Customer Service      Training  Counseling  Client Support  Multitasking  Professional  Microsoft Office             Relevant Experience     Increased client engagement in all Active Health products and services sales by 98%. each quarter.        Experience      Senior Customer Service Advocate    October 2010   to   November 2016     Company Name   －   City  ,   State      Provides daily leadership to customer service staff.  Identifies system and workflow improvements to enhance the team's efficiency.  Handles telephone and written correspondence from varied sources.   Explains customer/member specific plan of benefits along with member's responsibilities in accordance with contracted arrangements.   Documents and tracks all member contacts, events, and outcomes via appropriate systems.   Accesses information from a variety of systems and references including contracting and network system.           Shift Supervisor     August 2009   to   October 2010     Company Name   －   City  ,   State      Completed day to day operation of the store such as overseeing staff.  Responded to customer inquiries and complaints.  Directed and supervised employees engaged in sales, inventory-taking,  Reconciling cash receipts, or in performing services for customers.  Monitored sales activities to ensure that customers receive satisfactory service and quality goods.  Assigned employees to specific duties.          Manager of Parts Sales    December 2008   to   July 2010     Company Name   －   City  ,   State      Resolved customer complaints regarding services, products, or personnel.  Monitored sales staff performance to ensure that goals are met.  Conferred with company o [...]","description

summary of duties the ceo is the face of ohio ent  allergy physicians responsible for the overall leadership and strategic planning of the medical practice and related parties selected by the board of directors the ceo is expected to carry out the mission of the organization while ensuring the clinical and financial operations of the practice are performing at an optimal level the ceo focuses on longrange goals strategies plans and policies routinely exercising discretion and independent judgment in the performance of job duties the ceo is accountable for the overall programmatic and fiscal integrity of the organization and will closely coordinate and work with the board of directors and senior leadership team the ceo is also responsible for networking and building partnerships to expand and support the mission of ohio ent  allergy physicians

supervision  reporting reports to the board of directors

primary responsibilities

provide clear communication to and establish credibility within all levels of the organization in order to effectively lead the physicians management and employees of the organization

develop and update organizational design management and processes for maximum productivity efficiency and cost effectiveness with an emphasis on achieving economies of scale

develop and maintain a culture of collaboration accountability and performance with a shared vision for the future to include emphasis on employee retention engagement and incentives

lea [...]"
1117,Sales And Marketing Representative,"RECRUITER         Career Overview     Mature and professional administrative assistant with over 8 years of experience  seeking an employment opportunity where my skills and versatility        Core Strengths          Microsoft Office proficiency  Telecommunication skills  Telephone inquiries specialist  Customer service expert  Strong work ethic  Good written communication  Self-directed          Excellent communication skills  Persuasive communication expertise  Goal-oriented   Professional and mature  Meticulous attention to detail             Accomplishments      Customer Interface     Greeted customers upon entrance and handled all cash and credit transactions.  Assisted customers over the phone regarding store operations, product, promotions and orders.     Market Research     Interviewed clients via market research surveys to identify product issues and customer needs.     Product Sales     Cross-sold services at a rate of 30%, upgrading customers to different plans and product packages.     Multi-tasking     Cashiered with two cash registers at once in tandem to maximize customer flow.         Work Experience      Company Name    City  ,   State    Recruiter   02/2012         Communicated the duties, compensation, benefits and working conditions to all potential candidates  Employed multiple feedback mechanisms and analysis to continuously improve the recruiting process.  Maintained an accurate candidate tracking system.  .Contacted all job applicants to inform them of their application status.          Company Name    City  ,   State    pastry decorator   10/2014   to   02/2015       Diligently completed all assigned tasks, working overtime as needed.  Documentation Ensured charting accuracy through precise documentation.  Customer Service Researched, calmed and rapidly resolved client conflicts to prevent loss of key accounts.   Prepared ingredients to make different icing.  Maintained a steady, quick pace to beautifully decorate thousands of pastries a wee [...]","apply now

our company prides ourselves on generating outstanding sales results for clients

we have the ambition to succeed and grow  with our hardworking marketing sales force and our experience in promotional work this will be a year for expansion and even greater results weve recently acquired an exciting new client to add to our database we are now looking to source a confident new candidate to join our growing team

we are looking for candidates who may hold some experience however experience within the sales or marketing sector is not fundamental as we work with candidates to develop product knowledge and presentation skills

responsibilities
 customer representation
 product demonstrations
 brand management
 face to face customer service
 new customer acquisitions and existing customer upgrades
 opportunity to participate in regional and national seminars with campaignspecific specialists travel opportunities

requirements
 enthusiastic
 ambitious
 creative
 proactive

full time immediate start availability is preferred"
1118,"Office Specialist I, Behavioral Health, Full Time/Days","BUSINESS DEVELOPMENT CONSULTANT         Executive Summary     Dynamic financial services and business development leader with 17+ years of combined experience across diverse banking and sales platforms. Dedicated to delivering services excellence while surpassing revenue objectives, working closely with teams and clients to address needs. Enforces adherence to organizational policies, procedures, and standards as well as industry regulations. Blends strong analytical and communications acumen to generate comprehensive research and reports - supporting planning and decision-making. Senior loan operations specialists skilled in collaborating with multidisciplinary teams throughout application and financing processes.        Core Qualifications          Loan operations & documentation   Compliance guidelines  Risk mitigation  Team leadership & support  Investments management  Home & commercial mortgages   Microsoft Office      Business development  Negotiations  Stakeholder relations  Customer service  Sales life-cycle  Underwriting requirements   Financial & credit data analysis  Prospecting & referrals            Professional Experience      Company Name    City  ,   State    Business Development Consultant   02/2019   to   04/2020        Delivered expert consulting services in financing, operations, sales, and marketing.      Fueled revenues and achieved top client satisfaction / referrals, maintaining top producer ranking by securing up to 50 new clients monthly.    Forged and cultivated productive relationships with customers and team members, facilitating full sales process by identifying and addressing individual needs.    Developed and implemented process improvement plans based on client feedback and operational monitoring.    Served as key expert in products and services, skillfully representing brand and overall offerings.            Company Name    City  ,   State    Business Development Manager   03/2017   to   02/2019       Spearheaded new business develo [...]","what do you think about this type of role

job summary
 signon bonus
were hiring an office specialist i for the behavioral health outpatient department in jacksonville florida this is a fulltime days position located at baptist southbank plaza downtown
the office specialist will support the behavioral health department to accurately register all patients and update demographic and insurance information for maintenance of accurate information this position requires an individual who can multitask and obtains excellent written and verbal communication organizational skills and a previous experience in clerical work
shift details mondayfriday 
office specialist i behavioral health outpatient department job responsibilities 
providing business services for patients and the healthcare systemensuring accurate patient registrationposting patient charges and paymentsoperating a multiline phone system while maintaining telephone protocolsassisting patients as needed become a certified transcranial magnetic stimulation tms  healthcare technician training providedscheduling tms treatment appointmentsadministering tms treatments according to specific physician protocolssetting up tms medical device monitoring patients troubleshooting and resolving issues with patient comfort and coiling contact throughout treatment sessionif you are interested in this office specialist i position at baptist southbank plaza please apply now
in keeping with our mission and core values baptist is requiring [...]"
1119,Accountant,"BUSINESS ADVOCATE BANKER      Cruz    Navarro      Cruz    Navarro       Professional Summary         Highly ambitious professional with background in Financial Services Procurement and Management. Expertise in market analysis, forecasting and client needs assessments.      Highly ambitious professional with background in Financial Services Procurement and Management. Expertise in market analysis, forecasting and client needs assessments.       Skills    account management, Business Development, business operations, CISCO, International Business, logistics, Oracle, purchasing, Sales, spreadsheets, tax law      Skills             Budgeting and finance  Strong verbal communication  Conflict resolution  Client assessment and analysis                     Budgeting and finance  Strong verbal communication  Conflict resolution  Client assessment and analysis     Proficient level Microsoft Office   Oracle  CRM              Strong verbal communication  Client assessment and analysis  Conflict resolution    Proficient level Microsoft Office   Oracle              Strong verbal communication  Client assessment and analysis  Conflict resolution    Proficient level Microsoft Office   Oracle           Work History     07/2016   to   Current     Business Advocate Banker      Company Name   –   City  ,   State      Target and identify affluent clients, analyze their needs, provide financial solutions based on their relationship with the bank and refer then to the appropriate business line when required.  Company's advisor for the Small Business Development, provide financial wellness solutions for new and existing clients.  Consultation of credit products and state regulations for business origination and ownership.  Plan, develop and execute out of office visits and venues to small business owners to develop stronger relationships and increase profitability.  Participate on a weekly basis on conference calls with the Small Business Segment leader and Wells Fargo at Work Program di [...]","description robert half is seeking a staff accountant for our lakewood nj office
 if you have solid accounting excel and erp skills are highly organized and detailed oriented this may be the role for you
 please review the job tasks listed below and apply today
 financial reporting including gross margin  cogs intercompany transactions and monthly schedules
 royalties  commissions  prepaids accruals payments and weekly schedules
 supporting variance audit requirements
 other projects as assigned requirements chargebacks chargebacks monthly bank reconciliation monthly journal entries robert half is the worlds first and largest specialized talent solutions firm that connects highly qualified job seekers to opportunities at great companies
 we offer contract temporary and permanent placement solutions for finance and accounting technology marketing and creative legal and administrative and customer support roles
 robert half puts you in the best position to succeed by advocating on your behalf and promoting you to employers
 we provide access to top jobs competitive compensation and benefits and free online training
 stay on top of every opportunity  even on the go
 download the robert half app  and get tap apply instant notifications for aimatched jobs and more
 call your local office at 
 robert half will consider qualified applicants with criminal histories in a manner consistent with the requirements of the san francisco fair chance ordinance
 all applicants applying for us [...]"
1120,"Field Sales Representative- Columbus, Ohio","SALES       Professional Summary    Talented Construction Manager with more than twenty years of success on various projects as an Independent Contractor. Solid experience managing all levels of small to large scale projects.  Extensive experience in the preparation of complete cost estimation. Accomplished in completing project on time at or under budget.  Strong leadership and relationship building skills by providing clear direction and explanation of plans and contract terms. Meticulous work. Proficient at juggling multiple tasks, working under pressure, and take pride in attention to detail. Collaborate successfully with architects, owners and construction staff to complete multi-million dollar projects.         Experience     01/2016   to   Current     Sales    Company Name   －   City  ,   State      Sell rifles, pistols, shotguns and their accessories.  Provide quality control for state and federal required paperwork.  Provide excellent customer service by identifying customer and company needs.  Provide company maintenance services.  Competently install purchased accessories to customer firearms.         01/1992   to   01/2015     Broadcast Engineer / Construction Project Manager      City  ,   State      Reviewed plans and specs during the schematic design of pre-construction.  Completed tear-down of existing structures and prepared for new construction Coordinated utility service providers according to project schedules.  Obtained building and specialty permits from local jurisdictional agencies.  Conducted weekly production and operations contractor meetings, which facilitated stronger communication and the ability to resolve critical issues.  Performed regular job site observations to provide direction for all general contractor personnel.  Reported to the immediate supervisors on production and conformance with the contract schedule.  Conducted all critical pre-installation conferences with general contractors, subcontractors, consultants and manufactur [...]","primary responsibilities
 responsible for promoting great lakes brewing company products and maintaining professional business relations with accounts in assigned territory
 genuinely engaged in the companys strategic goals and supports the companys stated values and triple bottom line initiatives
essential functions and duties

field duties
 direct calls on accounts sell in initiatives ie new brands and packages marketing promotions etc
 promote additional placements and increased velocity of glbc products
 conduct daily sales calls to on and off premise retailers
 promote additional placements of glbc products
 conduct retail samplings on premise promotions and beer dinners
 complete and submit weekly and monthly recaps and reports
 responsible for proper scheduling of brand ambassadors ensuring they have the appropriate toolsresources and training
 conduct brewery visits for retailer
 responsible for completing account surveys as required
 complete and submit weekly and monthly recaps and reports
 manage and operate within assigned expense budget
stakeholder management
 conduct workwiths monthly with distributor salesmanagement and direct manager as necessary
 manage pub exclusives and specialty brews with distributor
 manage distributor pos inventory on a monthly basis to maximize use of pos in the trade
 ensure the distributors inventories and retail trade are rotated properly and are in code conduct monthly distributor warehouse walks to check rotation and out of code p [...]"
1121,Program Coordinator,"VISUAL ARTS TEACHER       Summary       Art education professional  driven to inspire students to pursue academic and personal excellence. Strives to create a challenging and engaging learning environment in which students become life-long scholars and learners. ​         Highlights          Rated Master Teacher  NAEA member, TAEA member  Multi-media instruction  Committed to cultivating student leadership  
















Excellent classroom management        Social media savvy  Traditional fine art skills   15 years experience in art education  
















Lesson plan development

  
















Detail-oriented            Accomplishments      January 2017-Led 200 adults and students in art installation in Chiang Mai, Thailand.      Featured in local and international art exhibitions.   







Judging numerous state and regional art meets   







SBISD Volunteer of the Year 2010 (Mentor)   







Texas Association of Private and Parochial Schools- State Art Meet Director   







NAEA chapter sponsor   







Deans List 2 semesters   Rated Master Teacher in public school system        Group Exhibitions      2014   IMAGO-Redemption, juried exhibition, Houston, TX  2014   18 Hands Gallery, juror Jay Hill, Houston TX  2014   Monumental Metal Works, Riddle Gallery, Bryan, TX  2015   8th Annual Cameo Emerging Artists Exhibition, Baytown, TX  2015   Kuntsthaus, Artist in Residence Exhibition, Salzwedel, Germany  2015   Under the Radar , curator Sally Sprout, Williams Tower Houston, Tx   2016   Holiday Group Exhibition, Samara Gallery, Houston, Tx  2016   Rising Eyes of Texas, prize juror-Anna Stothart, Rockport Center for the Arts   2016   IMAGO-In His Name, juried exhibition, Houston TX   2016   Beeville Art Museum, juried Texas Artist Exhibition, Beeville, Tx  2016   TeaPlusArt, juried exhibit by Clayhouston members, Houston, Tx  2016   The Jung Center, Spirit and Matter, juried exhibit, Houston, Tx  2017   Hardy and Nance Studios, Black and White exhib [...]","job description

program coordinator position in the nisonger center to implement academic and internship college programs with faculty families and community organizations for students with disabilities as part of the transition program collaborates with faculty and instructors to develop access for students in university courses aligned with their interests abilities and needs implements monitors and enforces academic and policies and procedures management for students in courses and the academic center implements and monitors studentcourse matching process collects data and summarizes evaluations from faculty teachers and peer mentors to monitor the progress of students supervises including interviewing training and evaluating a cohort of peer mentors each semester reviews and recommends training to meet student needs advises students on selecting courses to enhance academic skills including oversight of accommodations and modifications of specific course assignments participates in personcentered planning meetings and implements actions steps plans prepares and teaches a cohort of tops students annually according to the university academic schedule and other duties as assigned

advise tops students through the course selection process course sequencing and identifying and utilizing necessary accommodations and modifications

plan prepare and teach a cohort of tops students annually according to the university academic schedule

oversee cohort of undergraduate students sup [...]"
1122,Talent Acquisition Manager,"PARTNER ACCOUNT MANAGER       Executive Summary    Over 6 years of customer facing management experience in managing Healthcare IT and Banking industry. Managed teams of 15 to 20 members and projects involving cross functional teams to achieve organizational goals.      Core Qualifications          MS Excel, Project, Word, PowerPoint  SAP R/3  SPSS  Oracle SQL (TOAD)  SalesForce CRM  VISIO              Professional Experience      Partner Account Manager     04/2014   to   08/2014      Company Name           Partner portfolio and revenue management.  Managed project with regard to the Customers product deployment in SaaS Platform.  Responsible to create partner Quotations, license renewals and Service Addendums.  Resolving In-service request through Jira and registering nodes and adding servers on SaaS Plaza platform.  Monitoring the Invoice and Billing on product renewals.  Setting up the Product demo environment for the Partners and their customers.  Assisted Partners with online training and educate them about the product usage in the cloud platform.         Client Account Manager     07/2011   to   12/2013         City        Drive sales through Partners and Distributors.  Managed existing partners and generate revenues from them Conducting promotional activities and events for partners and Distributors  and  also encourage new channel partners through the events organized to understand the Program benefits Planning and implementing marketing and partner relations programs to increase partnership growth and retention Analyzing and identifying the ways to maximize the revenue through lead generation and Promotional events.  Handling Latin American Market and Accounts tagged to the territory for Premier and Elite partners.  Working together with Sales representatives to create Quotations, license renewals and approve Deal registrations for the partners based on their Certifications and partner levels.  Creating awareness about the Partner benefit program in order [...]","introduction

introduction to the job

the talent acquisition manager is responsible for talent acquisition delivery across one of asmls key sites located in san jose you will be leading the recruitment delivery for these high growth fast paced businessesyou willreport to the talent acquisition leader and be part of the us talent acquisition teamyou will coach and drive and team of recruiters and partner with hr business partners and business leaders to ensure consistent effective and efficient recruitment strategies designed to attract source and bring in top talent to meet business goals

as directed by the talent acquisition leader you will partner with employment branding for consistent corporate image throughout recruiting campaignsalign on annual workforce target and provide guidance to management on external talent marketas a successful talent acquisition expert you will use metrics and data to inform stakeholders on hiring trends turnover rates and candidate feedbackyou will implement hiring strategies built for growth and ensure a solid talent pipeline for each business group

role and responsibilities
 manage local business partnerrelationships and provide recruitment counsel and guidance to hiringmanagers to effectively deliver the most optimal recruiting solutions
 manage coach and develop ateam of talent acquisition partners ensuring delivery to hiring demand andcustomer expectations
 provide input into strategic recruitment plans for your business groups
 create [...]"
1123,"Health Solutions, Vice President Actuary","DIRECTOR, COMPOUNDING SALES SPECIALIST           Professional Summary    Highly organized and talented sales
professional who effectively multi-tasks and balances customer needs with
company

demands. Efficiently builds loyalty and long-term relationships with customers, while
consistently reaching and
exceeding sales targets. 
Skilled in building relationships, negotiating and closing sales.      Core Qualifications        Microsoft Office, Word, PowerPoint, Excel. 
*CRM Software: Sugar and Sales Logix. 
*Accomplished in relationship building and selling.            Experience      Director, Compounding Sales Specialist    July 1997   to   March 2015     Company Name   －   City  ,   State      Talented sales professional who effectively multi-tasks and balances customer needs with company demands.  Efficiently builds loyalty and long-term relationships with customers, while consistently reaching sales targets.  Exceed sales goals.  Monitor customers preferences to determine focus of sales efforts.  Numerous sales awards for most new accounts signed monthly and most dollars in revenue.  Plan sales events.  Present PowerPoint presentations at events for professionals and the public.  Train new sales representatives on all aspects of compounding.  Respond to all customers inquires in a timely manner.  Maintain friendly and professional customer interactions.          Healthcare Services Supervisor    April 1996   to   June 1997     Company Name   －   City  ,   State      Build and design nursing division.  Recruit and hire all professionals.  Verify all credentials and background checks.  Make cold calls and appointments to local hospitals, nursing homes and doctors' offices to introduce service to build client base.  Answer all clients' and employees' questions and concerns regarding services, availability and pricing.          Branch Manager    June 1994   to   March 1996     Company Name   －   City  ,   State      Manage all activities at the local branch, delegati [...]","aon is looking for a health solutions vice president actuary central region

as part of an industryleading team you will help empower results for our clients by delivering innovative and effective solutions as part of our health solutions business group within aon preference for this candidate is to be based out of our chicago or lincolnshire offices candidates near other locations throughout our central region mn mo oh mi pa may also be considered on a case by case basis

your impact as a health solutions vice president  actuary

advance your actuarial career with aon engaging teams deep subject matter experts and rewarding projects describe our appealing culture with aons people rewards knowledge sharing individual contribution and work life balance  an actuarial career at aon adds up

job responsibilities
 lead actuary on client teams leading actuarial projects and client relationship
 influence clients overall strategic and financial direction in benefits frame results in the context of the marketplace
 project savingscosts related to health benefits and applicable changes
 mentor and leverage work to less experienced actuaries
 review health care budgets and contribution setting
 make statements of actuarial opinion and lead analysis behind them directly responsible for all actuarial deliverables
 communicate actuarial results to clients lead all financial meetings explaining actuarial results and potential alternatives
 assist in benchmarking discussions with clients in [...]"
1124,Management Internship,"CO-MANAGER           Summary    Seeking a management position that utilizes my strong experience and skills to achieve an organization's sales and profit goals Well-organized, detail-oriented individual who manages a high volume workload within a deadline driven environment Expertise in establishing priorities and coordinating work assignments to control and maximize productivity Skilled at working harmoniously with associates and resolving minor personnel problems Experience in staff performance evaluation and the creation/implementation of procedural changes to improve the quality of the workforce Outstanding customer service skills with focus on achieving top levels of customer satisfaction Skilled in use of MS Word, MS Excel, MS Power Point; bilingual in French and Creole           Work History      Company Name                Experience      Co-Manager    November 2011   to   January 2016     Company Name   -   City  ,   State      120 Employees -$800,000 Weekly Sales Volume Compile and interpret reports ensuring maximum profits are achieved  Seek high selling merchandise to feature on endcaps   Analyze revenue weekly to forecast expenditures and staffing needs     Supervise proper scanning of outs, make changes to the on-hands and replenish merchandise   Search and reduce shrink, look for opportunities to capture markdowns, ensure store is in line with company initiatives    Hire, train, supervise and terminate hourly associates; develop plans to assist in achievement of maximum performance;  monitor and give constructive feedback in a timely manner; provide learning opportunities through guidance and support; set clear expectations creating timelines and performance metrics     Require associates to adhere with customer service initiatives that create a pleasant shopping experience for customers by having daily meetings, ""coaching by walking"" and computer-based training   Drive community awareness programs by participating and supporting community events, i.e [...]","job description

parttime

make big money at menards
 extra  per hour on weekends
 store discount
 profit sharing
 exclusive discounts for gyms car dealerships cell phone plans and more
 flexible scheduling
 dental plan
 onthejob training

start building an exciting and rewarding career in retail with a growing company as a management intern with menards immediate openings available

our management internship is a paid handson training program designed to develop and prepare you for the world of retail management

as you progress through the week management internship program your general management team department managers and store team members will work alongside you to develop your understanding of our business and help prepare you to take on a management role in the near future

this is a paid parttime position that will have the opportunity to develop stronger organizational communication and time management skills as well as the opportunity to gain handson management experience

apply today we are hiring immediately and are excited to talk to you about the great opportunities available with menards"
1125,"Retail Sales Associate - Furniture​/Mattresses, Quaker Bridge Mall...","CONSULTANT       Career Overview      Experienced self-starter who is highly customer service-oriented, organized and possesses strong time management skills. Qualified Customer Service Rep with 13 years in a detail-oriented customer service and call center environments; offering a record of successful job performance through problem solving and experience developing and implementing innovative solutions.         Core Strengths          Seasoned in conflict resolution  Telephone inquiries specialist  Active listening skills  System checks and troubleshooting  Resourceful   PC expert  Windows XP/Vista   Service solutions expert      Exceptional telephone etiquette  Patient and diligent  Vast technical knowledge  Deadline-oriented            Accomplishments      Customer Assistance     Worked with company systems such as Live Support and diligently completed all assigned tasks, working overtime as needed.     Customer Service     Researched, calmed and rapidly resolved client conflicts to prevent loss of key accounts.    Customer Interface     Greeted customers upon entrance and handled all cash and credit transactions.  Assisted customers over the phone regarding store operations, product, promotions and orders.          Work Experience      Consultant   07/2013   to   08/2015     Company Name   City  ,   State       Accounting Skills Operated computers programmed with accounting software to record, store, and analyze information.  Formally recognized for excellence achieved in financial analysis, budgeting and forecasting when ordering products.  Sales Consistently generated additional revenue through skilled sales techniques.  Product Sales Cross-sold services at a rate of 30%, upgrading customers to different products and product packages.  Market Research Interviewed clients via market research surveys to identify product issues and customer needs.  Customer Interface Greeted customers upon entrance and handled all cash and credit transactions.  Assisted customer [...]","location lawrence township
macys inc

  as a retail sales associate at macys youll
assist customers in all aspects of service fulfillment
determine customer needs based on personal features and other customer preference related factors
demonstrate knowledge of store products and services to build sales and minimize returns
perform sales support functions related to pos procedures"
1126,Broadcast Media Sales,"VICE-PRESIDENT DATA AND MARKETING TECHNOLOGY       Professional Summary     I help media companies succeed with digital products and customer experiences. My passion is helping people and organizations transform, grow, and thrive with a unique mix of strategy, marketing, product, and technology leadership. This expertise has been developed over twenty years spent building successful digital businesses and products - across the world.       Skills          Team leadership  Budgeting and finance  Process implementation  Project management      Staff development  Strong verbal communication  Extremely organized            Work History     04/2017   to   Current     Vice-President Data and Marketing Technology      Company Name   –   City  ,   State      Driving evolution of the firm into a data-driven marketing company, leading the design and delivery of data-driven products, services, strategies, and platforms.  Setting the strategy and direction for a newly formed Data Division while hitting ambitious growth targets.  Leadership of in-house startup Orchestrate, which is a marketing funnel automation and lead nurturing platform for B2B markets that capitalizes on content marketing.  Leading full life cycle product development for data & data-driven products, including market research, positioning, processes, and technology.  Acting as product owner for data and martech across all platforms in our Agile processes.  Ensuring compliance with data privacy legislation functioning as Data Protection Officer.        03/2011   to   03/2017     Vice-President Digital Media      Company Name   –   City  ,   State      Responsible for shaping and executing product vision and strategy and driving digital business transformation.  Led product management, digital marketing, and digital strategy.  Responsible for 35 reports, budget of $5 million, 100+ web sites, 80+ mobile apps, matrix P&L owner for $25+ million digital business.  Led product development, market research, digital st [...]","salem surround columbus is looking for a digitalsavvy highly motivated sales professional to join our advertising team this person will sell multimedia marketing solutions including digital broadcast and events sales to local smalltomediumsized businesses smbs

we simplify the marketing process for our customers while helping them understand their advertising options all while using bestinclass tools in short we help our customers grow their business

if this sounds intriguing then wed love to hear from you and tell you more

responsibilities
 prospect for qualified local and regional businesses present and close appropriate marketing solution programs
 deliver compelling advertising presentations and strategic plan that address client objectives
 responsible to accurately project revenues meet and exceed monthly budgets for all product lines and overachieve annual budgets
 follow accountabilities set forth by your sales manager to help guide you to success achieving monthly sales quotas consistently

qualifications
 the successful candidate will be smart curious tenacious entrepreneurial independent passionate and enthusiastic enjoy the thrill of the hunt by bringing in new business
 track record of exceeding sales goals
 proficiency in prospecting and effective listening skills
 a college degree is a plus with  years of sales experience preferred
 great problem solving and analytical abilities and strong business acumen
 strong understanding of the local market marketing co [...]"
1127,Sales Manager,"SALES REPRESENTATIVE       Summary     Food service worker with fast food, retail and customer service experience. Trained in food safety and handling.  Also have some Sales Representative Skills.          Highlights          Reliable and punctual  Reliable team worker  Cash handling  Comfortable standing for long time periods  Math and language skills  Conversant in Spanish  Restaurant management  Excellent multi-tasker      fast learner  self-motivated  able to work in fast-paced environment  able to count daily bank deposit  able to stay busy and focused while on the job            Experience      Sales Representative     Sep 2015   to   Sep 2015      Company Name   －   City  ,   State     Keep records of purchases, sales, and requisitions.  Select the correct products or assist customers in making product selections, based on customers' needs, product specifications, and applicable regulations.  Collaborate with colleagues to exchange information, such as selling strategies or marketing information.  Demonstrate and explain the operation and use of products.  Inform customers of estimated delivery schedules, service contracts, warranties, or other information pertaining to purchased products.  Attend sales and trade meetings, and read related publications in order to obtain information about market conditions, business trends, and industry developments.  Complete expense reports, sales reports, or other paperwork.  Complete product and development training as required.         Swing Manager     Aug 2012   to   Sep 2015      Company Name   －   City  ,   State     Made sure Crew Members had designated breaks.  Close and Open store in a timely manner.  Run a shift with the full responsibility that comes with being in charge.  Verify that prepared food meets requirements for quality and quantity.  Up-sold additional menu items, beverages and desserts to increase restaurant profits.  Recorded customer orders and repeated them back in a clear, understandable manner. [...]","we are hiring a sales manager

summary

being the sales manager at a concord hospitality property means you hold an important key to the hotels success you will develop and foster hotel business through direct sales marketing telemarketing direct mail and tours of the hotel for both guest rooms and event space

responsibilities

 foster business with proactive and reactive sales efforts

 provide excellent customer service to our clients with speed and efficiency in returning calls and bookings

 exude proactive planning organizational skills and keen sense of pricing for overall efficiency of department

 provide excellent follow through on details to account and to hotel departments

 be the face of the hotel as all industry events with property representation of professionalism and character

 work with  party booking sites concord revenue management and city convention centers for maximization of key citywide events

 meet and exceed all monthly revenue and sales calls goals

 documentation of all sales activities in delphi or similar sales system for tracking and history

 be a team player at all times to assist as needed in the operation of a successful hotel

benefits

we offer competitive wages fulltime associates are eligible to participate in a comprehensive benefit package which includes medicaldentalvision plans life insurance stlt disability options  options tuition assistance discounted room rates at concord managed hotels plus training  development and career a [...]"
1128,Credit Collections Lead,"HR MANAGER             Highlights          SENIOR HUMAN RESOURCES STRATEGIST / RECRUITMENT MANAGER  Talent Management | Strategic Recruitment Planning  Organizational Development  Top-performing Human Resources Professional with 10+ years of experience providing innovative and results-driven leadership within small and large organizations. Proven ability to effectively communicate with staff on all corporate levels, create and inspire positive relationships, and build solid teams of professional employees.  Expert in designing effective recruiting strategies targeting top-quality talent, performing contract negotiations, and creating initiatives improving employee satisfaction and retention. Characterized as a compassionate manager, strategic leader, and executive recruiter.  Value Offered  Workforce Planning  Team Building & Facilitation  Project Management  Vendor Relations  FMLA  Employee Retention  Performance Appraisal  Behavioral Interviewing  Performance Improvement  Employment Branding  Recruitment  Training & Development              Accomplishments      PHR - Professional in Human Resource Management Society of Human Resource Managers (SHRM) Publications: AT&T and TempHelp Build, Buy or Barrow for Success - AT&T's Wisconsin Manual for Sales and IT; Hiring Protocols (AT&T) - Strategies for Identification, Selection and Retention; Impact Recruiting - How Question Design Makes the Difference Instructor - UWM - School of Continuing Education & Certification Course:   Attract/Retain&Sucseed - Designing recruitment strategies to align with business objectives.        Experience      HR Manager    March 2013   to   Current     Company Name          Overvie.  Corporate HR Manager for project management & consultancy firm - offering advisory services to the life science, biotechnology & medical device industries.  I provide strategic direction and design in all areas affecting talent acquisition, onboarding, performance management & instructional training design. [...]","position credit collections lead

location columbus ohio

at otc industrial technologies we believe that our employees are our greatest strength through investment in our people and growth from within we believe in providing you with a wide variety of opportunities to accelerate your career potential as you help us drive change to move our business forward

for over  years employing and developing the bestinclass talent has been at the forefront of our success by coupling our teams handson experience with a wide range of products from top vendors we provide customers with the best quality products and technical application expertise and services at the lowest possible costs

position responsibilities
 assist the creditcollection manger with the development and improvement of policy and procedure in the creditcollection area
 set targets and goals for the creditcollection team of  associates coach and lead the team to improve  current dso and the overall skillset of employees
 assist the creditcollection manger with collection activities and credit evaluation across business units
 work closely with sales teams to establish appropriate credit limits while working to establish on time payment goals
 participate in executing creditcollection strategies based on customer and industry information
 communicate with internalexternal customers on all creditcollection policies

qualifications
 bachelors degree in business or accounting or equivalent work experience required
 minimum o [...]"
1129,"Senior Sales Executive- Revenue Cycle Management - MI, OH, KY, IN","2ND LEVEL ASSISTANT STORE MANAGER, OPERATIONS MANAGER MANAGER, SALES & SERVICES MANAGER       Summary     RETAIL | OPERATIONS | SALES MANAGER Client-driven, quality-focused retail manager with proven track record of top performance      Retail leader with profound and broad expertise in every aspect of store management. Critically evaluates and minimizes operational costs in context of store profitability. Creates and promotes caring customer service program for entire staff. Coaches every employee toward individual goals. Establishes retail environment that encourages positive customer experience and promotes realization of sales targets. Core Knowledge and Skills Retail Merchandising, Recruitment & Retention, Operations Store Planning & Design, Team Leadership, Coaching and Mentoring Profit and Loss, Loss Prevention, Personnel Training and Development       Highlights                      Experience         01/2004   to   01/2009      Company Name   City  ,   State           2nd Level Assistant Store Manager, Operations Manager Manager, Sales & Services Manager     01/2012   to   Current       Managed nearly every aspect of store operations.  Trained and developed store staff in customer service techniques.  Monitored and implemented corporate programs in sales, shipping, and merchandising.  Directed large store team to.  create a sales environment that consistently met expected sales goals and reduced operating costs.  Managed team.  of 25, including hourly employees and specialists.  Entrusted with the most complex customer service issues including personal and commercial purchasing accounts.         Assistant Store Manager     01/2011   to   01/2012      Company Name   City  ,   State      Responsibilities consisted of managing and recording profit loss and key performance indicators, Communicating.  with buying office about classifications and styles for product inventory, and Managing and maintaining all records and documentations including invoices and emplo [...]","the strategic sales executive providers is responsible for identifying prospecting and generating new revenue within assigned hospital accounts in mi oh ky in this role is an individual contributor position that functions as a primary point of contact for assigned key accounts with special focus sales of all solutions from front to back in the revenue cycle of hospitals idns and large physician practices

 selling   internal sales processes   nonsales related activities  what will be my duties and responsibilities in this job  developing and executing against strategic account and territory plans  building and maintaining longterm relationships with executive decision makers  developing understanding of accounts identifying additional sales opportunities and engaging solution specialists as necessary  maintaining understanding of the change healthcare solution portfolio within provider segment primary skills  provider market expertise executive presence  overall account and territory strategy  complex sales process management  familiarity with the revenue cycle  strong communication and collaboration skills interfacing with am implementation teams and client support teams

 proficient and skilled presentation skills  proficient leading and managing hybrid client meetings what are the requirements needed for this position  bachelors degree or equivalent experience  minimum of  years of revenue cycle sales experience  strong healthcare it sales experience what other skillsexper [...]"
1130,Medical Office Specialist,"LIBRARY EDUCATIONAL AIDE           Summary     To obtain an administrative assistant position where I can apply my 10  years of customer service, gift of multitasking, and professional experience to provide a team with a high quality of consistent supportive experience.              Highlights          Competent and reliable professional, committed to top quality work   Organized and multitasking person   Resourceful in solving problems, maximizing resources, leading, delegating and negotiating  Collaborate easily with co-workers and work well independently   Possess excellent communication and inter-personal skills   Perform effectively despite sudden deadlines and changing priorities   Proven ability to identify, analyze, and solve problems   Highly reliable self-starter; can be counted on to complete assignments and manage projects   Planner, sets goals, and meets deadlines   Experienced in customer relations   Self-motivated; able to learn on own initiative   Excellent record of dependability and reliability   Versatile and multi-skilled person   Relates easily with all levels of co-workers and customers   Excellent verbal and written communication skills       10 years' experience working in the customer service industry   Entrepreneur skills; forward thinker, always trying to improve things or determine functionality   Hard worker, quick learner, and ability to assume responsibility   Work well under pressure as part of a team   Responsible, resourceful, and able to implement change or policies  Efficient, supportive and flexible   Ability to work in a fast-paced, intense environment smoothly   A visionary and creative person Meticulous worker; attentive to quality and detail oriented   Able and willing to assist co-workers, supervisors, and clients in a cooperative manner Committed to providing total quality work   Dependable employee with common sense and a variety of skills   Work well under pressure to meet deadlines   Work cooperatively with a wide range [...]","what do you think about this type of role

medical office specialist
memorial family medicine
location_on jacksonville fl united states
schedule fulltime  days  hrswkdays only
business_center admitting registration clerical and scheduling    job id 
s
introductionlast year our hca healthcare colleagues invested over  hours volunteering in our communities as aan medical office specialist with memorial family medicine you can be a part of an organization that is devoted to giving back
benefitsmemorial family medicine offers a total rewards package that supports the health life career and retirement of our colleagues the available plans and programs include
comprehensive medical coverage that covers many common services at no cost or for a low copay plans include prescription drug and behavioral health coverage as well as telemedicine services and free airmed medical transportationadditional options for dental and vision benefits life and disability coverage flexible spending accounts supplemental health protection plans accident critical illness hospital indemnity auto and home insurance identity theft protection legal counseling longterm care coverage moving assistance pet insurance and morefertility and family building benefits through progynyfree counseling services and resources for emotional physical and financial wellbeingfamily support including adoption assistance child and elder care resources and consumer k plan with a  match on  to  of pay based on years of serviceem [...]"
1131,Software Developer,"SENIOR CLIENT ADVOCATE II       Accomplishments      Earned the Workgroup for Electronic Data Interchange (WEDI) Award of Merit 2 years in a row for educating the health care industry on electronic claims attachments.  Affiliations.  Health Level Seven (Standards Developing Organization) knowledge of V2 messages, Fast Healthcare Interoperable Resources (FHIR) and the Meaningful Use electronic health record standard Consolidate Clinical Document Architecture.        Summary    Motivated Business Analyst with the technical expertise and business acumen necessary to translate business requirements and objectives into scalable, highly resilient and successful system solutions.      Skills          Data analysis          Business artifacts documentation  Strategic planning          Business development  Team player          Workflow analysis  Product launches          Brand management  MS Project          SQL and databases  Risk mitigation and management    Data mapping  Service-oriented architecture          Release planning  Collaboration tools          Test case scenarios  Requirements gathering          Gap analysis              Experience     12/2002   to   12/2017     Senior Client Advocate II    Company Name   －   City  ,   State            SuppCRAIG Gabron      CRAIG Gabron orted BlueCross BlueShield of South Carolina's TRICARE (Military Health Insurance) line of business functioning in an analyst role.  This position required an ability to work in a matrix environment across cross-functional teams and the ability to produce results in a highly dynamic and formative environment.  Duties and responsibilities included: Documented business processes and analyzed procedures to see that they would meet changing business needs.  Assessed the impact of current business processes on users and stakeholders.  Conducted interviews with key business users to collect information on business processes and user requirements.  Identified process inefficiencies through gap analys [...]","rtp north carolina or remote est only

biofidelitys mission is to improve and extend the lives of patients with cancer by enabling better targeting of therapies early detection of treatment resistance and routine monitoring of treatment response our unique technology is designed to allow rapid broad adoption of our assays in testing labs around the world enabling a step change in patient care

at biofidelity we are proud to have built a culture of humanity openness and high expectations we work towards welldefined goals with a strong belief that we can bring real benefits to patients our people are keen to take responsibility for their work and share both their successes and challenges

alongside a competitive salary and opportunities for career development we offer a comprehensive benefits package including medical dental and vision coverage k bonus stock options  days per year pto allowance and  floating holidays in addition to company observed holidays

the role

biofidelity is seeking an experienced software developer to help lead development of the software used to run biofidelitys clinical laboratory the candidate will have a key role in architecting and implementing a maintainable and secure system

key responsibilities
 architect workflows and interfaces between thirdparty and internally developed software components to support laboratory operations
 implementing components of the system in clean testable code
 implementing highquality testing of the system as a whole [...]"
1132,Development Associate,"PROJECT ASSISTANT       Professional Overview    I aspire for a challenging position in a professional organization where I can enhance my skills and strengthen them in conjunction with the organization's goals. I am a multi-talented, respectful, assertive and willing-to-learn young lady whose primary vision is to improve and positively impact the world in its social, economic and political environments.  This is a multi-dimensional vision in which any aspect branching thereof I am willing to zoom into.  I enjoy being part of any team which shares my vision or that which will be a stable stepping stone in helping me achieve this vision.      Core Qualifications          KEY COMPETENCIES  Flexible and uses practical approach  Excellent report writing and communication skills  Highly computer literate on statistical packages  Inquisitive, innovative and results oriented  Initiative and eye for detail  Service orientation      Active Listening  Adminstrative management  critical thinking  grant writing  goal setting and implementation  program development  public relations  team building  writing            Accomplishments     Project Management  implemented  project with the assistance of the Senior Advisor which increased the agriculture sector productivity       Education      Bachelor of Arts  :   Development Studies   2014       Midlands State University   City  ,   State  ,   Zimbabwe      Development Studies         High School Diploma  :   Monitoring & Evaluation   2015       University of Zimbabwe   City  ,   State  ,   Zimbabwe      Executive Certificate in Project Management, Monitoring & Evaluation         March- 2014 October) Overall Degree Class: 2.1 Dissertation: Distinction Executive Certificate in Project Management,  Monitoring and Evaluation with the University of Zimbabwe ACHIEVEMENTS Certificate in Post-Harvest Management and Grading of Cereals, Pulses and Oil Seeds Certificate in Fish Farming as a Business (Aquaculture) Served in the Midlands Stat [...]","about the organization

the asian american foundation taaf is a convener incubator and investor committed to accelerating opportunity and prosperity for the aapi community taaf supports the ecosystem of advocates and organizations committed to aapi causes so that together we can more effectively take action against hate and violence and build the infrastructure needed to improve aapi advocacy power and representation across american society we were founded to solve for the longstanding lack of investment and resources provided to the aapi community  particularly as antiaapi hate and violence persist at alarming rates we strive to be a catalyzing force for creating a permanent and irrevocable sense of belonging for the  million asian americans and pacific islanders across the united states learn more at taaforg

about the role

the development associate plays a key role in advancing our mission and vision through revenue generating activities and partnerships for taaf they will provide operational support for key areas within the development team by identifying and qualifying major donor prospects supporting donor stewardship activities and communications assisting with the planning and delivery of special events and ensuring that gifts are appropriately credited

responsibilities
 provide administrative support including responding to inquiries drafting correspondence and requesting and scheduling meetings
 ensure all donations are timely reviewed and reconciled in collaborat [...]"
1133,"MARKETING COORDINATOR - HIGHER EDUCATION - Newark, NJ","SOUS CHEF       Summary     Current General Manager of Jersey Mike's in Boca Park. I strive to make every business I'm employed by succeed beyond expectations. Since becoming GM, over the past 15 months, I have increased sales by over 30%.    Bartender with more than 4 years experience in a nightclub bar setting. Driven to provide guests with exceptional service and genuine hospitality.    I'm also a talented Sous chef 7 of the 11 years of cooking. Started at the beginning of college, at the bottom as a dishwasher. Quickly moved up ranks until I was managing my own lunches, my own staff members under me, and enjoyed since. Successful at consistently delivering the highest quality food and service. I go the extra mile for any employer I work for.       Highlights         - ServSafe certified            - TAM Card          - Food Handler's Card            - Knife skills A+   - Operations Management       -Business development  - P & L management  -Complex problem solver  -  Staff development / training            Accomplishments       Business Development:  Successfully grew current business by increasing sales of Jersey Mike's over 30% since becoming the General Manager 14 months ago.         3rd place - 2013 NC Fire on the Rock - Team Canyons Cross-state competition of chefs/sous' from different restaurants on a cook off containing secret North Carolina local ingredients. We had 8 hours to complete a 4 course meal enough for 150 guests. This was a great personal experience.    I have worked full-time since I was 14.5 years old. Throughout college, I worked 40 hours weekly in the kitchen not including the 20 hours average per week I would also bartend. I am an extremely hard worker and will get any job done. Working for world renown Executive Chefs really inspired me to become as focused and determined as I am.         Experience      Sous chef   06/2012   to   08/2013     Company Name   City  ,   State       Carried out responsibilities of opening daily, preparing s [...]","gourmet

at gourmet dining  chartwells higher education people are at the core of our business together we build innovative food service concepts and serve fresh local and nutritious meals at over  college campuses across the country twice named the fastest growing brand by nations restaurant news at gourmet dining  chartwells we take pride in creating opportunities for associates to grow their careers and achieve their development goals within the company

job summary

the marketing coordinator holds duties related to sales and marketing the position entails a need for excellent communication skills ability to multitask on a variety of projects simultaneously accurate distribution of pertinent information both internally to all departments as well as to clients and related vendors excellent client skills in presentation and marketing ability

key responsibilities
 handson support at events unit set up program implementation
 database management
 coordinates content needed for marketing initiatives
 coordinates field marketing requests and activities
 works within provided budgets and guidelines
 assists with presentations and proposals
 develops and maintains strong working relationships with field managers
 works with vendors and agencies
 prepares marketing reports by collecting analyzing and summarizing data
 maintains promotional inventory fulfillment

preferred qualifications
 minimum two plus years prior experience in marketing
 background or interest in hospitalityfoo [...]"
1134,Software Engineer (Web),"PROGRAM ADMINISTRATOR           Executive Summary     Results-focused management professional offering 15 years of progressive leadership experience. Transforms high-potential staff into outstanding leaders who demonstrate the creativity and savvy that is critical to financial and operational success.       Professional Experience      Program Administrator    January 2013   to   January 2015     Company Name   －   City  ,   State      Impart support to Program Management team and Coordinated with Program Managers.  Corresponds with customers, Managed difficult and sensitive issues.  Manage difficult and sensitive issue and Interpreted technical information in easy manner and carried out data input; Aid Program Managers develop cost baselines and outlined Memorandum of Agreement.  Administer program personnel and implemented disciplinary measures; Outline program information and opportunities and computed grant budget and cuff accounts; Plan, organize, assign, direct, review and evaluate the work of assigned staff; Motivate and evaluate staff and provide for their training and professional development; Implement goals, objectives, policies, procedures, work standards and internal controls; Plan, organize and implement multi-faceted senior programs and activities; Identifying community senior citizen needs and recommending alternative or enhanced programs; Exercising sound independent judgment within general policy guidelines; Prepare clear, concise and complete reports and other written correspondence; Establish and maintain effective working relationships with those contacted in the course of the work.          CBS Banking Representative    January 2012   to   January 2014     Company Name   －   City  ,   State      Provided excellent communication skills both verbal and written, including the ability to listen and explain complex subjects and convey solutions in a calm and clear manner to clients Used excellent analytical skills with a superior level of attention [...]","responsibilities

produce clean efficient code based on specifications
develop test and implement new or existing software products and continuously looking for improvements
maintain and improve the performance of existing software
integrate software components and thirdparty applications
troubleshoot debug and upgrade existing software
provide software support for existing applications and systems
create and maintain technical documentation for reference and reporting"
1135,Customer Service Agent,"SENIOR CONSULTANT           Experience      Senior Consultant  ,     09/2015   to   Current     Company Name   –   City  ,   State      Manage the relationship between CVS Health Med D enrollment operations and EGS (Expert Global Solutions), a.  vendor contracted to process member centric requests and operational processes with 230+ employees.  Engage.  with site directors, operations managers, HR, trainers, workforce consultants, and supervisors to strategically.  resolve workflow and deliverable issues.  Ensure continued service delivery and quality satisfaction from EGS and a successful working relationship between CVS and EGS.  Travel to two main sites bi-monthly during Med D's annual enrollment period to ensure successful training execution.  Set service expectations for each line of business.  Successfully brought up a vendor site with 100+ employees with a 2-month period, including access to all systems, training and escalations.  Raised quality from 70% to an average of 98% by holding the CVS business process owner accountable for providing job aids, updating old work instructions and hosting level 3 meetings between with the CVS BPO, vendor trainers, supervisors and leads to review errors.         Consultant/Systems Consultant  ,     05/2012   to   09/2015     Company Name   –   City  ,   State      Produced MedForce Navigation, workflow work instructions, and management reporting capacities via.  Microsoft presentation.  Hosted live meeting trainings (Level 3) with various user groups.  Partnered closely with.  CVS Caremark trainers and new hires with system manuals, by building and maintaining MedForce bins,.  workflow, and scheduled jobs.  Produced cabinets, bins and workflow methods for claims corrected errors with documents routed incorrectly within MedForce.  Developed training materials for one of the major systems used at CVS Health enrollment operations department.  Trained 300+ employees on the system in-person and via level 3, while creating form [...]","are you interested in working from home and making your own schedule have you been searching for the right moment to start a new sidegig or maybe even start a new career

look no further we have the right opportunity for you

we are searching for a remote customer service agent to help others by booking memorable and amazing vacations all from the comfort of your own home

as a remote customer service agent you will be responsible for creating or completing clients trip itineraries in addition you will be the main contact in the event any issues were to arise prior to or during travel

responsibilities
 communicate with customers via phone email and chat
 provide knowledgeable information regarding travel destinations culture weather
 work with variety of vendorssuppliers to meet clients needs
 update clients records as necessary

qualifications
 must be  years or older
 must be authorized to work in usa
 must be excited  willing to learn"
1136,"Marketing Director – E-Learning – Columbus, OH","ADMISSIONS EXECUTIVE           Professional Summary     Highly motivated, creative professional with strong leadership and relationship-building skills. Experienced in applying principles of sociology to personnel handling, administration, education, management and marketing problems.         Core Qualifications          Microsoft Office  Training and development  Marketing and sales specialist  Group behavior and dynamics       Charismatic public speaker  Community resources specialist    Motivated team player    Natural leader  Organized and efficient            Experience      Admissions Executive    August 2015   to   Current     Company Name   -   City  ,   State      Evaluated program performance against expectations.  Maintained compliance with company and legal requirements.  Reviewed program needs and recruited qualified staff.  Inspired students to translate their academic interests into the real world by taking positive actions.  Counseled undergraduates in regard to educational and professional goals.  Communicated with the registrar's office to review and process requests for requirements waivers.  Organized recruitment and admission events for prospective students.  Served as an Academic Adviser for undergraduate students each year.  Worked with upper management to ensure appropriate changes were made to improve customer satisfaction.  Trained staff on how to improve customer interactions.          Customer Service Specialist    December 2004   to   August 2015     Company Name   -   City  ,   State      Developed, implemented and monitored programs to maximize customer satisfaction.  Resolved customer questions, issues and complaints..  Conducted weekly, monthly, and quarterly team meetings discussing company goals, productivity, and team building.  Developed rapport with the customer base by handling difficult issues with professionalism.  Addressed committee meetings and brought procedural ideas to steering committees promoting nutrition, physical a [...]","marketing director  elearning

resumes to careersdirecthrcom

my client is a global digital technology company with a focus on learning and educational software they are seeking to hire a marketing director responsible for developing implementing and executing datadriven marketing strategies collaborate with leadership to build the brand and support profitability and growth analyze market research and customer insights to build action plans for marketing programs and in support of profitability and growth

responsibilities
 hire mentor and manage a team
 ensure execution of marketing campaigns within budget and time constraints
 oversee department budget operations and productivity in support of business objectives
 maintain accurate and timely forecasting tools for planning and budgeting purpose
 establish targeting and campaign segmentation processes ensuring correct messaging reaches right customers
 manage datadriven marketing program development driving customer acquisitions sales pipelines and roi
 understand users and buyers to develop market messaging strategies that impact sales
 remain current on customer insights competitive research and analyze marketing trends
 maintain customer engagement in collaboration with internal depts throughout product life cycle
 continuous improvement conduct market customer and competitive research performing financial analysis and assimilating internal expertiseexperience
 ensure brand consistency alignment and quality maintaining gl [...]"
1137,Director - FP&A / Corporate Finance,"BRANCH BANKER III       Accomplishments      Maximize sales volume.  Maintain visual presentation standards that are consistent with division philosophy and direction.  Demonstrate effective written and verbal communication skills.  Assist in recruiting, training and developing Sales Associates.  Develop proficiency in all operational policies and procedures.  Manage time and prioritize tasks.  CUSTOMER SERVICE / SALES Ensure customer service is the #1 priority.  Effectively supervise the sales floor to ensure customer / associate awareness at all times.  Understand and create awareness of the factors to impact sales volume.  LEADERSHIP Motivate and develop associates to meet goals / objectives.  Clearly delegate activities and follow-up on all direction.  Demonstrate teamwork with-in store and company.  Take initiative and use sound judgement.  Lead by example.  PERSONNEL Demonstrate professional image and conduct.  Follow specific divisional dress code policy.  Ensure that store staff is treated professionally, courteously and respectfully.  Involve store staff in accomplishing store goals.  Take an active role in own development.  Communicate staff concerns to management.  Support all company / management decisions.  OPERATIONS Execute and follow-up on all operational policies, procedures and directives.  Execute and follow-up Inventory Shrinkage Improvement Program.  Ensure accuracy in all paperwork.  VISUAL PRESENTATION Maintain store appearance to reflect division standard.  Replenish merchandise on a timely basis.  Have knowledge of the store merchandise.  Have knowledge of sales floor and stockroom organization.  Keep management informed of all merchandise-related issues.  Executes markdowns and re-merchandise as needed.  POS set-up is timely and effective.  Executes and maintains divisional marketing directives.  Interpret and execute floor plans and guidelines.        Professional Summary    My objective is to continue to move up within BB&T. I have been a [...]","a tech services company in new york city is currently seeking an experienced finance professional to join their staff as their new director  fpa  corporate finance responsibilities the director  fpa  corporate finance will
 own fpabudgeting processes including creating ongoing process beginning with monthly updates
 build concrete path to becoming ebitda positive and profitable
 run ad hoc scenario analysis
 run scenario analysis for ma exploration over different time periods and assumptions
 run all financial analytics
 perform other duties as needed qualifications
  years of strong fpa experience
 bachelors degree
 experience with  modeling budgeting forecasting and planning
 previous experience in a leadership andor supervisory role
 solid analytical mathematical and research skills
 great interpersonal skills
 excellent communication skills written and verbal
 strong attention to detail
 highly organized
associated topics accounting audit banking expense finance finance director financial fiscal kpmg tax"
1138,Business Development Executive,"ASSISTANT, ACQUISITIONS AND DISPOSITIONS         Summary     Acquisitions and dispositions coordinator adept in client relations, due diligence and real estate management. Seeks a challenging position in property management with room for continued growth and professional development.       Experience      Company Name     February 2007   to   Current     Assistant, Acquisitions and Dispositions   City  ,   State      Coordinate due diligence information in the disposition of non-core properties to brokers and principals/investors  Facilitate underwriting of potential acquisitions in coordination with leasing reps and regional asset managers  Work on the capital harvesting program to sell off non-core assets and out-parcels in creating capital that can be redeployed into better-performing core assets  Manage acquisitions and dispositions network drive and update the company website as properties are sold and acquired  Organize Investment Committee Meetings for discussion and approval of redevelopment properties as well as approval of acquiring or disposing of assets  Prepare property reports such as rent rolls, tenant sales, aged receivables, and operating statements for the analysis of core and non-core properties slated for disposition           Company Name     November 2000   to   January 2007     Sales and Product Associate   City  ,   State      Supported associate Field Sales Representatives to assist with high-volume single or multi-site customers   Acted as liaison between customers and Field Representatives to generate leads and quotations for possible future sales   Diligently researched information in assisting customers and distribution companies with technical product and applications inquiries  Processed customer invoices for purchase of demonstration equipment and maintaining sales representatives' consignment accounts   Authorized requests for product returns and exchanges as well as monitored high-dollar purchase orders and customer account status [...]","this role does not require a college degree and a salary range is not included i decided to share it because you have the skills and experience to be a strong candidate and i would like to receive your feedback on this type of role all information will assist me in my search for you

job details
description
join a team of smart inspired technologyenabled leaders in the retail graphicscommunication business imagine is more than a print company for us it is about ideas thats how we create stunning visual communications for the best brands out there and the customers who love them
we are looking for curious problemsolving sales team members to join us and help retailers create environments and curate products if you have a successful sales experience in the print industry and are looking to expand your product portfolio in a financially strong marketleading creative companyimagine is the place
this is a fully remote position with regular travel to client and corporate locations 
essential duties and responsibilities
introduce and sell the imagine groups total solution offerings across our targeted vertical marketsachieve business goals by identifying and developing strategic opportunities develop prospects best suited to the company demonstrate understanding of client needs and articulate benefits of capabilities and solutions offered by imaginedeliver effective presentations at the executive level to gain customer engagementmeet and exceed sales revenue and profitability target [...]"
1139,Web Designer,"DIRECTOR       Executive Profile    Forward thinker with expertise in marketing, partner acquisition, contract negotiation, communications, project management, collaboration and consensus building, combined with a Master's Degree in Business Administration.          Professional Experience     02/1999   to   Current     DIRECTOR    Company Name   －   City  ,   State      Currently lead key discounts initiatives involving technology, branding, marketing, strategy development and the evaluation of new member benefit programs: Collaborate with clubs to ensure consensus on partner marketing, branding, technology efforts, contract negotiations and partner acquisition Actively lead club work teams including the Discounts Task Force, the Member Data Capture Team, the Member Offer Database group and the Discounts and Rewards Re-Branding Team.  Develop and present topics to the Discounts Sub-Committee Led club discussions that resulted in an unprecedented association-wide promotional commitment for discount partners Led staff efforts for the timely and successful evaluation and selection of vendors for the discounts technology solution Oversee the development of multi-channel program marketing materials for club use, including social media and other digital programs Provided thought leadership for the creation of a new system that provides analytics and insights on partner performance and marketing exposure Led sales acquisition efforts that resulted in the addition of numerous key brands to the Show Your Card & Save program, including New York & Company, Target.com, DIRECTV, Dell, Circuit City and Best Buy Successfully negotiated new partner contracts and launched new programs including AAA Prescription Savings, Target.com, Shell gasoline program, Payless, UPS and Travel Money programs.         09/1997   to   02/1999     INTERNET DEVELOPMENT PROJECT MANAGER    Company Name   －   City  ,   State      Promoted to position.  Managed overall Internet project and technical devel [...]","tuff is a growth marketing team working with clients to drive growth by creating managing measuring and optimizing highperforming user acquisition campaigns were a fully remote and small team with endless opportunities for autonomy ownership and impact

we work with clients in nearly every industry and a typical engagement with tuff includes paid search social ads seo content strategy creative and cro every account has a dedicated growth marketing lead and is supported by various channel experts

for this position we are looking for an experienced web designer to join our cro team you will be the third web designer joining the team  the cro team also includes a conversion rate optimization specialist and ux copywriter

in this role you will work on designs in figma for existing website optimizations and landing page development across  different client accounts this could include testing out different ctas remediating the homepage or other core pages adding in new landing pages refining pricing pages updating user flows redesigning blogs and more

requirements

about you
 you are a skilled web designer who has the flexibility and understanding to work on multiple established brands at once with quick mockup design turnarounds and have a strong understanding of how your designs will be translated in the web build process
 you have  years of experience managing quickturnaround designdevelopment projects in various cms platforms webflow wordpress shopify contentful etc and landi [...]"
1140,Customer Service Professional (REMOTE),"HEALTH INFORMATION SPECIALIST       Summary    Highly efficient, detail oriented HIM Specialist with extensive experience in all types of request relating to release of information and medical record management. Dedicated professional skilled in technical and clerical support with strong ability to clearly and professionally communicate with providers, patients, attorneys and insurance companies. Over 10 years Health Information experience.
Skill profile
*Enhanced knowledge of HIPAA and HITECH compliance; state and federal laws governing release of protected health information in both paper and electronic form.
*Technologically advanced in utilizing release of information database with advanced proficiency in various EMR database such as Epic, Meditech, Medilink, Centricity, Docuware, 3M Encoder, and Medisoft; various MS Applications.
*Reliable analyst to ensuring medical record readiness and completeness through management of ICR feature and audit. 
*Solid leadership in customer service, excellent interpersonal relations and problem solving and can effectively coordinate amongst diverse range of clients hence, promoting optimal outcome.        Experience     January 2016   to   Current     Company Name   City  ,   State     Health Information Specialist        Process release of protected health information to other health care facilities and providers for continuation of care; insurance carriers; attorneys; DDS; copy service organizations; employers; educational Institutions; as well as for patient's personal use in accordance with federal and state law as well SLRI  policy and procedure.  Validates and releases protected health information for legal proceedings including subpoenas and court orders; and also for the purpose of audits, regulatory requirements, research and reviews.  Assembles and ensures patient chart completeness through ICR management.  Performs most favorable guest relations interaction with diverse clients that reflects SLRI values and principl [...]","are you looking for an amazing opportunity to help service our clients from your home office

join our team

we are looking to grow our customer contact center division this opportunity will allow you the flexibility to work remotely receive topnotch training and get paid hourly to work for this fortune  company

we are currently seeking independent contractors for inbound customer service representative positions you will serve as a liaison between customers and clients you will assist with orders account questions billing service cancellations and other inquiries you are patient knowledgeable and friendly towards current and potential customers

as an independent customer service professional you would perform the following tasks
 identify customers needs and use knowledge database to recommend solutions to customer issuesconcerns
 handle large volume of phone calls in accordance with policies and procedures
 answer customer questions regarding products and services
 create tickets in the client database to document customer interactions
 maintain customer accounts eg update contact information document phone interactions update special preferences
 may sell additional services by recognizing opportunities to upsell accounts explaining new features
 enhances organization reputation by accepting ownership for accomplishing new and different requests exploring opportunities to add value to position accomplishments

requirements
 previous customer service experience preferred [...]"
1141,"Coach, Career Prep","OWNER       Executive Profile       Objective:   Driven, analytical, creative leader with 25+ years experience in business, customer service, higher education, utilities, insurance, the arts and public education. Motivated IT leader in project management, client training, and comprehensive development of innovative client solutions, and enabling creative changes across an organization. Provide customer service leadership to propel business into the public arena and meet !the business objectives. Achieve business objectives through passion, commitment and experience in:    Customer Service - Project Management - Team Leadership ­ Technology Development - New Business Development ­ International Business System Integration ­Technology Deployment - Process Improvement - E - commerce ­ !Quality Assurance -System Installation ­ Change Management ­ Consulting - Provide technology support for companies, !schools, and individuals - Database development - Web page authoring and support - Digital Media support ­ Network planning, configurations, and installation - Deployment - System Integration - Consulting ­ !Process Improvement - New Educational Technology Development                  Professional Experience     01/1998   to   Current     Owner    Company Name   －   City  ,   State      Highly skilled technology leader with proven success in providing innovative and creative application solutions, tools, and processes !across organizations.  Effective leader in applying custom business and technology solutions to maximize organizational !performance.  Create competitive advantages by utilizing cutting edge technologies, technical and business acumen, innovating solutions !and influencing positive change across an enterprise.  Provides marketing leadership to propel business into the public arena.  Achieve !corporate objectives through passion, commitment and expertise in: Customer Service - !New Business Development ­ Project Management ­ System Integration ­ Technology De [...]",mlts career prep coaches are key members of the college prep team with primary responsibility for guiding fellows successfully through the month personal and career development curriculum based on the coachs own experience in a professional work setting contributing to the development of this curriculum and of seminar content engaging with corporate partners to learn more about their job opportunities and assisting with program execution and evaluation career prep coaches also learn about and assess the qualities required for successful candidates to secure top internship and career opportunities in business and coaches are responsible for ensuring the program delivers a class of highly qualified candidates to present to corporate partner organizations to this end coaches develop a keen understanding of the success profile expected in our target industries and have the ability to nurture and guide fellows through their development until they exhibit these traitsto succeed in this role candidates need a strong understanding of the college and internship experience a strong foundation in business that demonstrates a knowledge of corporate talent requirements high emotional intelligence and motivational skills and the ability to initiate relationships and build rapport with program fellows corporate partners and mlt staffwith significant growth underway in the career prep program mlt has options for both regular fulltime and contract opportunities postcovid these positions will [...]
1142,Sales And Marketing Specialist,"SALES & TRADING INTERN           Professional Summary      5+ years of management and operational experience built on strong people skills and common sense  Experience in entrepreneurial, process improvement and growth management   • Substantial exposure to business cultures in North America, Europe, and Asia (China, Singapore & South Korea)  • Understanding the various business elements: people, operations, sales, marketing, finance & legal - & their inter-dependence         Work Experience      Company Name     July 2009       Sales & Trading Intern   City  ,   State      Worked directly with Senior Managing Directors and Associates of the firm assisting them with the introduction of their Prime Brokerage Service, LCG Primeview.  Provided asset and market analysis, conducted cold calls and communicated directly with domestic and international high net worth clients.  Reviewed merger prospectuses and provided daily Current Events summaries.  Researched particular assets in order to help shape sales pitches for brokers.          Company Name     July 2008       Investment Banking Intern   City  ,   State      Worked directly with the Senior Managing Directors and Associates of the firm assisting their Senior Portfolio Managers with client relations and account management.  Researched particular assets in order to help shape sales pitches for Associates.  Prepared business plans, a business pipeline, business summaries, and performed routine office tasks.  Attended Shareholder Meetings with Senior Managing Directors.          Company Name     July 2007       Associate   City  ,   State            Company Name     July 2006         City  ,   State            Education      Hampden-Sydney College     2010       Bachelor of Arts  :   Economics and Commerce    City  ,   State  ,   United States    GPA:   GPA: 3.3     Member of Sigma Chi Fraternity   Member of Society of '91, Student Leadership Program                   Interests            Additional Information      ACT [...]","if you have sales experience in events and can bring in business then you can join our team

and potentially become a partnerin addition to sales this person can help organize and run events"
1143,Windows System Administrator,"HR EMPLOYEE RELATIONS SPECIALIST       Summary    Dedicated and self-motivated professional with experience in providing outstanding support
to business partners. Skillful in tracking details, office management, and following-up with internal
and external partners to ensure ontime completion of projects. Possesses easily transferable skills such as organization, working with teams, time
keeping/payroll and business writing.      Highlights         ADP Payroll System  Microsoft Office Suite (Word, Excel, Outlook, Publisher and PowerPoint)             Accomplishments      As a Programs Director, created a fundraiser for the United Negro College Fund that raised over $2500.    Planned networking events for employees    Held leadership roles within the Order of the Eastern Star where responsible for membership, accounting, and event planning        Experience     02/2015   to   Current     HR Employee Relations Specialist    Company Name   －   City  ,   State      Conducted Investigations and resolutions of  workplace issues/inquiries from field employees and management.  Served as a partner for managers and employees by ensuring application of company policies and procedures.  Created and conducted training for hourly and salaried employees.  Support performance management process for all employees.  Partnered with Equifax and Unemployment Cost Control to research and respond to unemployment claims.         02/2014   to   02/2015     Store Operations Associate    Company Name   －   City  ,   State      Monitored inventory control, processed physical counts of all merchandise, organized and secured all inventory
       (including cellular devices and accessories), and responsible for shipping and receiving of inventory.  Investigated and resolved any inventory discrepancies.  Merchandising, assist with floor sets, create service desk tickets for defective equipment.  Processed customer trade-in's and returns (cellular devices and accessories).  Provided general customer [...]","grow with us
hudson is north americas leading travel retailer for over  years hudson has met the needs and wants of travelers in more than  dutyfree dutypaid and food  beverage stores we couldnt serve our customers landlords and partners in airports commuter terminals hotels and casinos without the continued support of our greatest assets our team members were dedicated to hiring and training exceptional team members who are committed to serving the customer as the travelers best friend we strive to ensure were fulfilling our team members career potentials through training skillsdevelopment and career pathways  as our team members grow and succeed both personally and professionally so does hudson

the windows system administrator position is for you if you would enjoy
coordinating with various groups and troubleshooting critical incidents
monitoring incidents and service requests and providing appropriate and timely resolution

key accountabilities  your team is counting on you as a windows systems administrator to
proactive monitoring maintenance and configuration of various it infrastructure
coordinating with various groups troubleshooting critical incidents and to increase availabilityreduce downtime of affected systems
monitoring incidents and service requests and providing appropriate and timely resolution
performing research on system technology and providing resolution to sophisticated challenges
administering and completing various activities as guided by management
c [...]"
1144,Administrative Assistant,"WELLNESS DIRECTOR         Professional Summary          Skills          SKILLS  Body composition evaluations  Telehealth experience  Group Instruction  One-on-one coaching  Health education  Data management  Supervision  Planning and Coordination  Training & Development  Leadership  Compassion  Conflict resolution  CERTIFICATIONS  Group Fitness Instructor, NIFS Certified  Certified Therapeutic Exercise Specialist, ACE Certified  Yoga, Tai Chi, Spin, TRX, Behavior Modification, Parkinson's, Health and  Wellness, Aquatics NETA, Aquatic Exercise and Science and ACE  Certified,  Mixed Martial Arts and Boxing certified Inspector, Association of Boxing  Commissioners.      Accounting, HR, Promotion  Administrative, Instructor, Public relations  Arts, Instruction, Quality  Budgets, Leadership, Quality control  Business operations, Managing, Relationship-building  Coaching, Marketing, Safety  Chi, Market, Sales  Interpersonal, Access, Statistics  Excellent, NETA, Supervision  Communication, Organizational, Team player  Conflict resolution, Personnel, Trainer  Clients, Camera, Video  Data management, Policies, Composition  Delivery, Presentations  Educator, Pricing  Finance, Processes  Financial, Profit  Forms, Program development  Functional, Progress            Work History      WELLNESS DIRECTOR  ,     09/2015   to    Current      Company Name    –    City  ,   State        Helped clients set and achieve health and wellness goals.  Conducted group wellness presentations for classes up to 80+ participants.  Demonstrated safe and correct forms for each exercise and piece of
equipment.  Conducted needs assessments or surveys to determine interest in or
satisfaction with wellness and fitness programs, events or services.  Met or exceeded monthly revenue and training goals.  Performed screenings every month for markers such as blood pressure,
weight and BMI.  Conducted needs assessments or surveys to determine interest in or
satisfaction with wellness and fitness programs, eve [...]","this position is located on rikers islandphysician affiliate group of new york pagnyis comprised of nearly  physicians and healthcare professionals who provide services to nyc health hospitals hh the largest public health system in the united states

our practitioners are highly skilled professionals with outstanding credentials who deliver the highest level of quality healthcare to patients throughout new york city

eoe mfdvbesides providing administrative and human resources services pagny also fosters an environment in its partner hospitals that allows healthcare professionals to identify and implement best practices across institutions promote training academic and research opportunities develop multidisciplinary integrated clinical service lines build new systems of care and address the impact of anticipated major changes in the nations healthcare systemwith approximately  admissions per year and  average daily population the nyc jail system is among the largest in the nationthe division of correctional health services chsof new york city health hospitals hh is responsible for the delivery of medical care mental health care and discharge planning in the jail system

approximately  of new admissions per year to the nyc jail system will receive care on the mental health service

this service strives to provide safe holistic and evidencebased therapeutic interventions for the diverse range of mental health issues that face the population from serious mental illness to the n [...]"
1145,Furniture Sales Associate,"SOCIAL MEDIA AGENT       Summary    College prepared student with over three years of front line customer service experience, excellent communication skills, with strong work ethic. Looking for opportunities in Corporate America to develop as a career professional where training, coaching, and mentoring opportunities are available. Teachable and quick to learn taking on new roles and responsibilities with flexible schedule. 
*Detail and Deadline Oriented
*Critical Thinking
*Superior Writing Skills      Highlights        Microsoft Office Suite
*Avaya Phone System
*Very accurate and rapid keyboarder
*Sprout Social Media Management              Experience     10/2015   to   Current     Social Media Agent    Company Name   －   City  ,   State      Trained and work directly with MetroPCS HQ Build social media posts, advertising and promotions across social media platforms Engage in customer service via Facebook, Facebook Latino, Twitter and Instagram Monitor online public relations and continuously send in 'Hot Topics' to create new content online Sponsorship coordinator Escalate customer concerns directly to MetroPCS markets nationwide.         01/2014   to   01/2015     Customer Appreciation Team Agent    Company Name   －   City  ,   State      Retention department for Metro PCS Cell Phone Company Inbound and outbound calls Answered customer service calls, and escalated/supervisor calls Floor walker in a call center environment to assist training agents Worked with upper management to ensure appropriate changes were made to improve customer satisfaction.  Made reasonable procedure exceptions to accommodate unusual customer requests.         01/2013   to   01/2014     Floor Associate    Company Name   －   City  ,   State      Executed store initiative related to sales, service, and customer experience.  Met and exceed assigned customer experience and reputation and productivity targets.  Resolved or escalated any customer service issues.  Responsible for display mainten [...]","we inspire purposefilled living that brings joy to the modern home with a team of more than  associates spanning  store and distribution locations across the us and canada we achieve together drive results and innovate to inspire drawn together by a shared passion for our customers and a spirit of fun we deliver highquality home furnishings that are expertly designed responsibly sourced and bring beauty and function to peoples homes from the day we opened our first store in chicago in  to the digital innovations that engage millions of customers today our iconic brand is nearly  years in the makingand our story is still unfolding

were here for it we think you should be too were looking for a driven professional with an inclusive mindset to join our team as a furniture sales associate

crate and barrel furniture sales associates have a passion for helping customers see what is possible with the latest ontrend merchandise they do this by building meaningful and longterm relationships with their customers and use their comprehensive knowledge to guide and advise customers looking to furnish an entire room or simply add an accent piece our furniture sales associates are uptodate on the latest trends and are trained to work with a range of design styles from classic to contemporary in addition furniture sales associates utilize digital tools and technology during instore and inhome consultations to show our customers how our furniture fabrics and decor can bring their vision to l [...]"
1146,Executive Assistant,"HR CONSULTANT       Summary       Subject matter expert in HR Applications, and  highly effective at incorporating creative solutions to achieve business objectives, and improve efficiency.  Energetic HR Business Analyst who is self-motivated and results-driven with strong communication, analytical, problem solving and reasoning skills.        Highlights          Analytical skills  Project management  Process improvement  Quality assurance and control  System Applications implementation  Microsoft Office Suite expert      Working independently  Strong interpersonal skills  Results-oriented  Fluent in English and Portuguese  Detail-oriented  Troubleshooting  Problem solving            Experience      HR Consultant   10/2016       Company Name   City  ,   State      HRIS - Business Analyst:   

Process demand analysis, scoping, and gathering of
requirements for small and large scale HR projects
  
Prepare Business Requirement Documents after
projects have been approved by PMO  Close the gap communication between businesses
and IS 

Support and coordinate functional testing
processes to make sure stakeholders' objectives are met  Document systems and process flows  

Document and analyze current and future
processes/systems  Deliver and Support user training
  
Process security internal control on the quarterly
basis to assess US HR/Payroll system users.   Send recommendations, and remove/add users
per business requests from local and global systems   

Investigate, coordinate, and resolve with
subject matter experts and/or IS regarding local and Global system issues

  Request HR global system back end/portal roles
for local HRBPs, COE and Front Office users (Americas)  

Responsible to coordinate system applications
changes and new requirements with IS       People Analytics lead:   

Run and deliver the monthly Department of Labor reports
  
Create, run and deliver reports that are
outside GBS People Analytics India's scope  

Support both US Front Office, GBS India [...]","overview

st josephs healthcare system is recognized for the expertise and compassion of its highly skilled and responsive staff the combined efforts of the organizations outstanding physicians superb nurses and dedicated clinical and professional staff have made us one of the most highly respected healthcare organizations in the state the largest employer in passaic county and one of the nations  best places to work in health care

job overview

provides professional services to facilitate the fulfillment of responsibilities by the executive officers collaborates with other coworkers in maintaining a comprehensive and efficient work flow by providing services to both internal and external personnel as expected by administration

qualifications

work requires a high school diploma or equivalent bachelors degree preferred and five years of previous work related experience proficiency in ms office required word excel access outlook and powerpoint work requires communication skills needed to frequently answer telephone calls and work with multiple interruptions and still sustain positive communication"
1147,Director of Finance,"CONSULTANT           Career Focus    Analytical and results oriented professional with 2+ years of extensive experience in conducting, analyzing and interpreting customer, competitor and market intelligence across the marketing spectrum on customer segmentations and product categories. Excellent analytical skills and a strong sense of structure and logic. Ability to prepare high quality presentation and spreadsheet models. Passionate about providing high quality, cutting edge research and have an understanding of the complex profile of consumers and how business can tap directly into their habits, aspirations and attitudes Hands on experience working on projects encompassing market analysis, organization structures analysis, competitive benchmarking, financial analysis and other best practice studies across industries. Demonstrated ability to work effectively, both independently and in a team environment, in an atmosphere of multiple projects, shifting priorities, and deadline pressures. A confident and concise communicator with excellent relationship & team management skills. Possess a flexible & detail oriented attitude.       Summary of Skills        Familiar with SPSS software.
   Expert at MS Word, Excel and PowerPoint.
   Proficient in databases such as Gartner, Forrester, Datamonitor, OneSource, Factiva.              Professional Experience      Consultant    April 2012   to   April 2014     Company Name   －   City        Capgemini Consulting is the strategy and transformation consulting brand of Capgemini Group, with over 3000 business consultants serving clients across 5 continents across verticals) Key Responsibilities: Investigate & understand key business issues across verticals and providing clear, concise and timely analysis & recommendations.  Capable of designing research methods and turn research findings, market data and industry knowledge into actionable insights, providing critical thinking, insightful and forward looking statements that impact c [...]","company description
project finds mission is to provide low and moderateincome and homeless seniors with the services and support they need to enrich their lives and live independently
today project find operates three supportive housing residences that are home to about  people and four senior centers with over  members
our members and residents range from the healthy and active to the frail and homebound to the homeless
for all these individuals project find is a critical resource providing housing meals and programs that help individuals navigate the challenges of aging by encouraging community engagement and healthy living
please visit our website at
projectfindorg 
job overview
as the director of finance you will be responsible for building and enhancing the financial infrastructure of project find
the director of finance is also responsible for all aspects of the financial operations for project find
reporting directly to the executive director the director of finance provides accounting budgetary operational and programmatic support to all agency programs and activities
the director of finance directly oversees and supervises the financialaccounting team
they will serve as the primary agency contact for all funding contractual matters proposals for new or extended programs and new business development
the director of finance is seen as a thought leader and partner who knows how to manage the inevitable rigidity between business objectives and resource utilization
key r [...]"
1148,Supply Chain Analyst IV,"MANAGER           Experience      Manager  ,   11/2013   to   Current     Company Name   –   City  ,   State      Manage a large global team of up to 50 Managers, Technical Leads and Software Developers across a portfolio of 25 LOB applications.  My responsibilities include:.  Vendor management, RFPs, vendor selection, scope based contractual obligations, and negotiations on Fixed Bid, Fixed Scope, T&M SOWs and 3rd Party Software licensing.  LRPs, short and long-term strategic Road Maps, Project Planning & Monitoring and Software Delivery.  Operational Excellence using Application Performance Monitoring (APM), Log aggregation, etc.  Solution Architecture & design of complex projects and enhancements to existing products.  All aspects of IT Management - Hiring, Up/Out, developing trust based on highly advanced technical knowledge, motivating actively,  
Key Contributions:.  Reshaped the SDLC within the first 90 days from an everything-goes to an Agile (SCRUM) based process, substantially improving on-time and on-budget deliveries.  Introduced Jira as part of the transformation which snowballed into centralization of fractured implementations and adoption by thousands of people across the company.  Stabilized a key VOD Rights and Windows management application with many technical challenges including performance and data corruption.  Improved the resiliency of the platform, and reduced the technical debt enabling faster features development.  Substantially improved MTTR and RCA by adopting Splunk and AppDynamics, and by establishing proactive alerts to detect problems earlier than the users.  Strongly Influenced the UI/UX of a touch-enabled web and iOS application used by top executives.  Established and delivered very stringent performance, quality and reliability requirements.  Established a cloud-native, 12-factor architecture of an application deployed on AWS using Elastic Bean Stalk, RDS, SNS, and other related AWS services.  Nominated on NBC-wide Cloud-first str [...]","supply chain analyst iv

location houston tx

key accountabilities
interprets date analyzes results using statistical techniques and provides ongoing reports including but not limited to
 gathering and analyzing company spend supply market data and other related commercial information to drive value from supply chain activities and develop sourcingnegotiation strategies
 building shouldcost and total cost of ownership economic models for materials and services
 providing analytical support for category sourcing initiatives contract negotiations and bid evaluations
 monitoring and evaluating supply risks
 supporting the supplier performance management process
 developing tools and processes in sap microsoft excel and spotfire to improve the efficiency of analytical work
 compliance with company policy and industry regulations

required and preferred skills and experience
 senior level typically  years of experience
 understands advanced aspects of discipline and is viewed as an expert in a given field
 applies broad range of competencies to develop solutions to complex problems
 influences others to achieve objectives
 often provides specializedtechnicalfunctional guidance to others within department andor business asset"
1149,Sales Associate,"PURCHASER / PRODUCTION COORDINATOR       Professional Profile    Productive, quality oriented professional eager to contribute     comprehensive skills toward actively supporting a     progressive organization as a key team member.
Featured Skills    x  Expedite / AOG / Logistics
          x  Customer Service
          x  Finance / Accounting
          x  Sales
          x  Purchasing
          x  Inventory Control
          x  Stores / Warehouse
          x  Management
          x  Shipping
          x  Receiving
          x  Bookkeeping Ability to act independently to determine methods and procedures on new assignments.
* Ability to respond consistently with a high degree of initiative to resolve issues or complex problems that may arise.
* Ability to maintain positive company image and brand.
* Ability to perform work accurately and thoroughly.
* Efficient organization and time-management skills.
* Ability to prioritize tasks and meet deadlines.
* A courteous and professional demeanor.
* Strong negotiation skills
* Ability to work well under pressure
* Intermediate to advanced computer skills. Proficient with MS Office suite and other work-related software.
Additional
Comments    I have been working in the Aviation industry for 12 years now and bring with me a total on 15 years of experience that makes me a well-seasoned professional. I bring with me experience of working with commercial, military, charter, and prototype aircraft. I am experienced and knowledgeable with Boeing, Airbus, Bombardier, Dornier, and Lockheed and have proven myself to be both versatile when working with various aircraft makes & customers.          Experience     January 2011   to   Current     Company Name   City  ,   State     Purchaser / Production Coordinator        My journey at Flightstar began with production coordinating, where I was responsible for interfacing with leads, project managers, and customer representatives regarding aircraft documentation, parts status, and any probl [...]","overview

you are a natural at putting customers at ease and enjoy starting up natural friendly conversations its just as easy for you to connect with kids as it is with their parents you enjoy sharing your enthusiasm for kids athletic sneakers and apparel its easy for you to adapt to different types of customers and you resolve issues with a smile you like to work as part of a team as you improve your individual skills on the sales floor your success in this role will be measured through personal and productivity goals plus your ability to provide a great instore experience to every customer

our global houseofbrands inspires and empowers youth culture relentlessly committed to fuel a shared passion for selfexpression we create unrivaled experiences at the heart of the sport and sneaker communities through the power of our people if you want to be a part of something bigger than you can imagine youve come to the right place to learn more about the incredible impact were making on both our local and global communities click here

responsibilities
 ensuring high levels of customer satisfaction by being knowledgeable on all products offered and teaming up with coworkers to provide excellent sales service
 delivering sales outstanding customer experience and operational expectations
 maintaining personal and productivity goals
 connects with every customer by asking openended questions to assess needs
 ability to learn and share expertise of products and trends to fit customers [...]"
1150,Director of Finance,"LICENSE CONTRACTOR           Summary     Detail-oriented specializing in Residential and Commercial construction with sales and  professional development experience with more than 30 years of expertise in all facets of the construction industry. Verifiable  track record for successful completion of multi-million dollar projects that consist of high rises located in the Las Vegas and Chicago downtown areas through coordinating trades, developing partnerships, and building positive rapport with architects, engineers, local officials, vendors and clients while maintaining costs. Well verse in contract negotiation , project budget , impending designs issues, document preparation, building code regulations, material procurement, and site management through certification of occupancy .    Areas of Expertise Include:     *leadership & Team Building               * Quality Control Management  *Permits & Building Codes                   * Workplace Safety & Compliance  *Construction Planning & Scheduling *Organization & Time Management  *Critical Path Project management      * Vendor & Materials Management  *Budget Analysis                                  * Estimating Job Cost        Highlights          Knowledge of and experience working with Paint  Experience with various hand and power tools and heavy equipment  Skid steer Loader, Meg-roller and forklift  Experience working on high-rises, deep tunnel, bridges, roofs, porches(concrete/wood) Drywall, trim work, windows, cabinets, hardwood floors, ceramic, vinyl, acoustical ceilings, train-tracks, houses, foundations, docks, water-mains, sidewalk, plumbing, HVAC, electrical  Software  MS Office Proficient          Concrete estimation  Superb management skills  Project budgeting  Cost control            Experience      License Contractor    January 2011   to   February 2016     Company Name   －   City  ,   State       Led the planning, budgeting and direction of all construction projects.  Managed projects such  as painters, [...]","company description
project finds mission is to provide low and moderateincome and homeless seniors with the services and support they need to enrich their lives and live independently
today project find operates three supportive housing residences that are home to about  people and four senior centers with over  members
our members and residents range from the healthy and active to the frail and homebound to the homeless
for all these individuals project find is a critical resource providing housing meals and programs that help individuals navigate the challenges of aging by encouraging community engagement and healthy living
please visit our website at
projectfindorg 
job overview
as the director of finance you will be responsible for building and enhancing the financial infrastructure of project find
the director of finance is also responsible for all aspects of the financial operations for project find
reporting directly to the executive director the director of finance provides accounting budgetary operational and programmatic support to all agency programs and activities
the director of finance directly oversees and supervises the financialaccounting team
they will serve as the primary agency contact for all funding contractual matters proposals for new or extended programs and new business development
the director of finance is seen as a thought leader and partner who knows how to manage the inevitable rigidity between business objectives and resource utilization
key r [...]"
1151,Retail Sales Associate,"CASHIER       Career Focus     To obtain a position with a company that can utilize my skills and lead to a career. I am a hard working individual with great problem solving skills as well as a fast learner. I am looking for a personal training opportunity that can help me to reach my full potential.       Core Qualifications          Nutrition supplement familiarity  CPR and First Aid certified  Basketball coach (Former Division II Player)  AED certification  Fitness equipment expertise  Personable and friendly       Planning/coordinating  Professional demeanor  Organizational planning  Detail oriented  Weight training expertise  Dedicated            Education and Training      Fitness Nutrition Certification , Personal Training Certification  :   Nutrition Science, Human Anatomy and Physiology Weight Loss Management    2013       National Academy Of Sports Medicine   City  ,   State         Coursework in Health and Physical Education,   Exercise Science and Kinesiology,   Personal Trainer Certificate,   Attended seminar on Weight Loss Management,   Coursework in Nutrition Science, Human Anatomy and Physiology          Bachelor of Science  :   Nutrition Science, Human Anatomy and Physiology    Clark Atlanta University   City  ,   State         Coursework in Nutrition Science,   Human Anatomy and Physiology   Member of Biological Science Club   3.12 GPA          Accomplishments      Recruited 63 new members for the fitness center in the first 2 months of employment.        Interests    Anything involving physical fitness, such as : Jogging, Playing football and basketball, weight lifting and cycling.      Work Experience      Cashier   Current       Company Name   City  ,   State       Prevented store losses using awareness, attention to detail and integrity.  Excelled in exceeding daily credit card application goals.  Worked as a team member performing cashier duties, product assistance and cleaning.  Expressed appreciation and invited customers to return to the st [...]","become a part of the nike inc team

nike inc does more than outfit the worlds best athletes it is a place to explore potential obliterate boundaries and push out the edges of what can be the company looks for people who can grow think dream and create its culture thrives by embracing diversity and rewarding imagination the brand seeks achievers leaders and visionaries at nike inc its about each person bringing skills and passion to a challenging and constantly evolving game

to work in retail is to be the face of nike inc with a relentless focus on product knowledge and customer service nike retail teams give valuable experiences to consumers every day from shanghai to san francisco every store has a unique perspective and hosts an inspiring community of sport and style devotees a career in nike retail demands creativity and ambition and offers the opportunity to grow with some of the best athletes teammates and retail partners in the industry

with all retail opportunities nationwide offering a starting wage of at least  per hour nike is looking for the next parttime athlete sales associate to join our team and provide worldclass service to the consumer

what were looking for

serves like a pro friendly team player cares for customers wants to deliver the best experience we hire for service

aims to be the best coachable goal and careeroriented learner who is innovative  influential to others

plays by the rules professional who takes attendance and integrity seriously is re [...]"
1152,Equity Research Biotech Associate,"DIRECTOR OF FINANCE         Executive Profile     Ambitious  Finance Director  who creates strategic alliances with organization leaders to effectively align with and support key business initiatives. Builds and retains high performance teams by hiring, developing and motivating skilled professionals.        Skill Highlights          Strategic Planning  Budgeting / Forecasting  Leadership   Financial Planning and Analysis      Expense Control  P&L / Balance Sheet Management  Cost Reductions  Matrix Management            Core Accomplishments      Achieved stretch targets for a turn-around business in EBIT, Cash Flow and Cost Out  Created, developed and trained FP&A Department  Analyzed channel profitability to optimize pricing and mix strategies        Professional Experience      Company Name    City  ,   State    Director of Finance   02/2014   to   Current       Oversee multiple departments responsible for Global FP&A, Productivity Tracking, R&D Analysis, Warranty, Pricing and Consumer Division Financial Reporting.  Lead Canadian Finance Group responsible for P&L, Balance Sheet, Reporting, Pricing and F/X.  Implemented improved cost-out reporting highlighting areas of concern and achieved global stretch targets in 2014.  Teamed with Sales and Marketing to achieve 2014 stretch targets in EBIT and Cash Flow through Channel Reporting, Contribution Margin Analysis, Inventory Control and Cost Vigilance.  Oversee Annual Budget, Strategic Plan and Forecast for Consumer Division.  Reorganized US and Canada reporting teams to achieve maximum performance and support multiple functions more effectively while reducing overall staff.          Company Name    City  ,   State    Financial Planning and Analysis Manager   10/2011   to   02/2014       



























Oversaw month-end
and period-end closing, management reporting, forecast and budgeting analysis
and reporting.  Created and standardized
a month-end package used by executive management with analysis of mon [...]","research

morgan stanley investment research is uniquely committed to being an essential part of our clients investment process we strive to be the sellside research provider that best understands the buy side through relevant and timely conversations with leading investors we focus resources on riskreward essentials identifying the investor debates assessing the potential outcomes and uncovering the evidence our clients need to validate their investment decisions our equity analysts cover some  stocks our economists strategists and fixed income analysts cover all major regions and other asset classes around the globe

equity research

the equity research department is responsible for researching macroeconomic and microeconomic conditions along with company fundamentals it also collects and analyses financial information to make investment recommendations on stocks in specific sectors research analysts build financial models to explore alternative scenarios examine industries and communicate with companies and investors equity research team members discuss their analysis and investment recommendations in research notes a career in investment research at morgan stanley demands a commitment to excellence and a passion for the markets as well as the highest level of integrity

we are currently seeking an experienced biotech associates

primary responsibilities
 creation and maintenance of earnings valuation and industry models leveraging skills in accounting finance and economic [...]"
1153,UI Web Designer,"LEAD INFORMATION TECHNOLOGY SUPPORT SPECIALIST         Work History            Company Name                      Company Name                Skills        Applications:      MS Office Suite 2000-2016, O365, GroupWise, HEAT Call Logging, Crystal Reports, T3 VoiceMail,  NetMotion, Novell iManager, Active Directory Client/Server:      Heatweb-fs Platforms:    Windows 2000/XP/7/8/10, UNIX, DOS            Experience     03/2016   to   Current     Lead Information Technology Support Specialist    Company Name   －   City  ,   State      Perform lead worker functions including assigning, coordinating and reviewing daily work of staff, training other employees and act as a resource to other staff.  Perform help desk systems administration; develop and document procedures.  Coordinate with technical support team, management, and users to define user needs for new or improved systems; coordinate software deployments and PC replacements; manage hardware and software inventories.  All duties as listed below.         04/2007   to   03/2016     Information Technology Support Specialist    Company Name   －   City  ,   State      Identify, troubleshoot, install, program, configure, upgrade, analyze and maintain various computer and network peripherals including mobile data computing devices.  Determine appropriate course of action and conduct repairs, modifications, procurement, and replacement of internal peripherals as needed.  Install, configure, and support enterprise class, SQL compliant database software.  Document the procedures for other support personnel to use as reference material to assist in the support of these systems.  Exceptional ability to work with a very demanding group of users in providing timely support in person, over the phone, or in remote desktop sessions.  Known for approachability, diplomacy and patience in dealing with frustrated users.  Excellent problem-solving skills relating to Access, Excel, or Word questions.  Create macros, research complex inqui [...]","if youre passionate about building a better future for individuals communities and our countryand youre committed to working hard to play your part in building that futureconsider wgu as the next step in your career

driven by a mission to expand access to higher education through online competencybased degree programs wgu is also committed to being a great place to work for a diverse workforce of studentfocused professionals the university has pioneered a new way to learn in the  century one that has received praise from academic industry government and media leaders whatever your role working for wgu gives you a part to play in helping students graduate creating a better tomorrow for themselves and their families

position summary

the web designer works on the creative side of producing a website they are responsible for designing visual elements for use online reflecting our branding and design aesthetic they create layouts for landing pages product pages homepages category pages and other areas of the website ensuring their designs are emotionally compelling unique and on strategy the position is remote

essential functions and responsibilities

this person will be part our creative team consisting of over  talented people including copywriters video editors and graphic designers the position will report to the sr manager of brand design this position works closely with the greater marketing team to create pages that will help to increase engagement and conversion within [...]"
1154,Data Entry Clerk,"STAFF ACCOUNTANT           Skills        Income Statement, Balance Sheet, Budget expense vs. Actual Expense, when necessary prepare Income Statements for Special Events 
Yearly: Compiles information and Assists in preparing Annual Budget utilizing Microsoft Office, QuickBooks & Excel            Experience      Company Name    Staff Accountant   01/2012   to   06/2014       Responsible for the review and compilation of all financial information for multiple businesses, Monthly adjustments, Closing entries, Financial Statements,  Process Payroll, Completing 1040 Individual tax returns, Compose correspondences to the IRS and NYS to address and settle client tax issues.  Book Keeping: Entering all Expenses and Revenue information, Bank & Credit Card Reconciliations
Sales Tax: Complete sales tax reporting and payments for individual companies on a quarterly basis
Adjusting Entries: Balance Sheet Accounts, Including Recording Depreciation, Interest Expense, Accounts Receivable Accounts Payable, Owners Equity Accounts
Complete Closing Entries for quarter and year end as needed 
Complete Financial Statements 
Budget Analysis: Completed yearly comparisons and assisted with budget planning for each individual business based on financial statements and businesses growth throughout the year.  Supervise Administrative Payroll Clerks: 
Responsible to train and supervise 1 full time and 2 part time employees in general office operations and to assist in data entry of payroll information
Payroll: Processing of Weekly, Bi-Weekly, and Monthly Payroll for multiple companies
Complete weekly, bi-weekly, and monthly Electronic Federal Tax Payments for 941, 944 and NYS-1 payments for multiple companies 
Complete Quarterly and year end reports: Federal 941, 944, & NYS - 45 Reports for multiple companies 
Software Proficiency: QuickBooks, Asset Manager, Pro Series, Microsoft Office Excel, Outlook, Word applications.          Company Name    Executive Administrative Assistant   01/2006   to [...]",anywhere in us   per hour   annual bonus  company paid insurance medicaldentalvisionlife  as a data entry associate youll review prepare and submit customer applications to insurance carriers for approval review and compile necessary information ensuring application packet completeness and accuracy verifying proper formatting and submitting the application using the carrierspecified channel conduct administrative tasks that support the submissions processhiring fast
1155,Development Associate,"HEALTHCARE CONSULTING PROJECT ASSOCIATE       Professional Summary     Demonstrates exceptional professional agility adding value quickly in any role.  Effectively anticipates and responds to non-static clinical, operational and financial demands.  Proven consulting and analytical expertise in physician practice management, revenue cycle and in the medical device, supply and biopharm market.  Collaborative partner with leading global health company sales teams.  Leader in strategic market expansion and operational growth.  Known for unquestionable interpersonal skills and passion for teaching, having developed robust education programs.  Dual US-EU citizen - compelled by language and global markets.       Education and Training     May 2013     Select  One  :   Health Information Technology    University of Texas   -   City  ,   State  ,   USA     Health Information Technology Executive Education        April 2010     Master of Health Administration  :   Graduate School of Public Health    University of Pittsburgh   -   City  ,   State  ,   USA            April 2008     B.A  :   Communication and Rhetoric    University of Pittsburgh   -   City  ,   State  ,   USA     Certificate in Professional German  Graduated Magna Cum Laude        August 2005       Intensive Language Studies    Die Neue Schule   -   City  ,   State  ,   Germany    GPA:   Magna Cum Laude                        Accomplishments      More  More  Awarded coveted post graduate administrative fellowship upon Master of Health Administration completion        Skill Highlights          Microsoft Excel, Word, Power Point, Visio & Access  NextGen Electronic Practice Management Super User  NextGen Electronic Health Record End User  PolicyTech      Vantage Analytics  Valify Purchased Services Analytics  PeopleSoft Financials & Supply Chain Management  Lawson Supply Chain Management            Professional Experience     10/2013   to   Current     Healthcare Consulting Project Associate    Company Name   -   C [...]","job details

job location  third corp   floor   ny

position type full time

salary range undisclosed

about us

founded and headed by gary barnett extell development company is a nationally acclaimed real estate developer of residential office retail and hospitality properties operating primarily in manhattan and other premier cities across the nation experiencing outstanding growth since its founding in  the companys growing portfolio exceeds twenty million square feet

summary of responsibilities

the development associate is responsible for driving real estate development projects from beginning to end assists the development management team throughout all project phases to include site acquisition contracts programming design finance construction and leasingmarketing and provides overall development support to the vice president of development and the senior vice president of development this position assists with sourcing new development and acquisition opportunities participates in the underwriting of development proforma and the submission review and analyses of request for proposals rfps and prepares predevelopment and development schedules

the development associate is further responsible for preparing and reviewing various analyses necessary to implement development business plans to include complex financial models cash flow projections valuation models sensitivity analyses and budgets tracking and analyzing market comparables for benchmarking performing lender du [...]"
1156,Enterprise Sales Executive,"COMMISSION SPECIALIST         Skills          BUSINESS ADMINISTRATOR  Project Manager  Data Entry  Business Manager  Performance Analyst  Results-focused, goal oriented, Business/Financial analyst with extensive experience in the business, nonprofit and health care sectors. MBA graduate with a focus on project management and administration. Superior analytical and quantitative skills with proficiency in data entry, Access, Excel, Crystal Reports and various statistical software.  Research & Analysis  Leadership & Supervision  Program/Policy Development  Data Entry  Process Improvement  Financial Cost Modeling  Report Writing  Clinical Forecasting  Trending & Troubleshooting  Software & Tools: MS Office 365 (Access, Excel, Outlook, PowerPoint, and Word), SharePoint, Visio, Sage ACT, Fastrax POS, Crystal Reports, Lotus Notes, Microsoft Expressions, IMA software, Stars software, QuickBooks, SPSS, GNU PSPP, Microsoft Dynamics.  Advanced Access and Excel, including building databases, creating forms, pivot tables, t-tests, and standard deviations.              Experience      Commission Specialist     Jan 2016   to   Current      Company Name   －   City  ,   State     Posts over 300,000 dollars in commissions each month.  Reviews and processes commission statements from 15 insurance carriers per week.  Posts all commissions with a 99 percent accuracy.  Processes adjustments to correct commission errors and/or discrepancies.  Analyses Excel spreadsheets with thousands of lines of revenue for consistency.  Performs monthly reconciliation of cash to the general ledger which is used to calculate the monthly commission payments.  Interacts with a variety of brokers and departments in Salesforce.  Enters over 10 new service lines of coverage and completes 20 tasks per week in Salesforce.  Inputs or adjusts 20 to 200 commission payment splits in proprietary commission system per month for biweekly revenue distribution.         Business and Healthcare Instructor     Jan 2015   t [...]","a client of insight global is seeking an enterprise sales executive this position is responsible for generating new sales through existing and selfgenerated leads and meeting or exceeding sales quotas the position is focused on the enterprise erp market including sage  microsoft dynamics  oracle sap ecc and others

benefits offered medical dental vision retirement plan disability and life insurance eap paid parental leave fsa pto holidays etc

quota attainment

enterprise sales executive job responsibilities include

meet or exceed monthly sales quotas as put forth by the company

maintain an acceptably high level of both monthly  daily sales activity as determined by the company

build and maintain a robust sales funnel as determined by the company

tactically execute the companys sales strategy initiating contact with potential customers performing effective discovery presenting and selling appropriate solutions

maintain proactive sales contact and continuous followup with all assigned leads and opportunities

conduct effective sales presentations via telephone with customers and prospects

generate leads to develop and expand individual pipeline

attend weekly sales meetings and educational activities to improve competitive and business process knowledge as well as professional selling skills

execute on other assignments as directed

 years of software sales exp

knowledge of erp

prior experience selling complex software solution to companies  or higher

previous experi [...]"
1157,Commercial Litigation Attorney,"Karla    Lee       Summary     Results-focused people advocate with vast experience in Wealth Management and Deposit Financial Services. Targets growth through nurturing exemplary teams and focusing on a format of listening to our clients for best outcomes. Proactive leader experienced in deep internal and external partnerships for best client outcome.       Skills          Industry partnership development  Team building  Recruiting and hiring  Process improvement  Operations oversight      Executive leadership  Problem resolution  Relationship building  Data management            Experience      Regional Director of Banking and Wealth     Mar 2018   to   Dec 2020      Company Name    －    City  ,   State      Responsible for overall growth performance of strategic marketplace.   Encouraged work environment conducive to development of high performing distinct teams by inspiring innovation and excellence in all CRM/Customer Engagement deliverables.  Outcome:  Had 3 diverse direct reports promoted to Managing Director roles in 2 years.  Revitalized client engagement routines to include cultural/geographic relevance. Engaged NY based Portfolio Managers and analysts to host clients on rotating schedule  Outcome:  Advisor acumen and loyalty to the firm increased significantly (turnover decreased by 50%), Client retention and share of wallet increased. AUM grew by client added investments and referrals. The Bay Area had the highest deposit market share gain in the country in 2019 in excess of $10b, 2nd highest AUM growth (3 consecutive years over 20%).  Aligned all Wealth Management efforts by different LOBs to include each other.  Outcome  (example). JP Morgan's Healthcare conference not only included our biggest institutional clients, but speakers were leveraged to host auxiliary sessions with Private Banking and Chase Private Clients. Chase Center suites were co-hosted by client affinities to create more engagement opportunities.  Transformed departmental operations th [...]","new york city office of a bcg attorney search top ranked law firm seeks a commercial litigation attorney with  years of experience the candidate should have ny bar admission new york federal courts southern and eastern districts a plus

this midsized east coast law firm has a widely recognized reputation for experience and excellence in litigation they represent businesses insurance companies and individuals in all aspects of civil litigation in state and federal courts in addition to the firms regional practice its attorneys regularly manage complex litigation on a national level attorneys regularly devote time and resources to various civic organizations and charitable groups the firm is committee to fostering a friendly flexible and open atmosphere furthermore the firm offers an excellent benefit package competitive salaries and an environment conducive to professional growth skills  litigation  generalcommercial"
1158,"Performance Marketing Specialist, Paid Media","3D DESIGNER/ GRAPHIC DESIGNER         Summary    I am seeking a position where my experience can used to make a positive contribution.      Skills          Photoshop  InDesign  After Effects  Maya  Illustrator  Z brush  /XP Professional/ Vista/ Windows  Mac  Microsoft Word  Windows NT/95/98   OS      Sketch up  Daz 3D  Dreamweaver  PowerPoint  Analog Integrated Circuits  Cinema 4D  Excel  HTML  XML            Experience      3D Designer/ Graphic Designer        Company Name          meeting clients or account managers to discuss the business objectives and requirements of the job;.  estimating the time required to complete the work and providing quotes for clients;.  developing design briefs that suit the client's purpose;.  thinking creatively to produce new ideas and concepts and developing interactive design;.  using innovation to redefine a design brief within the constraints of cost and time;.  presenting finalized ideas and concepts to clients or account managers;.  working with a range of media, including computer-aided design (CAD) and keeping up to date with emerging technologies;.  proofreading to produce accurate and high-quality work;.  demonstrating illustrative skills with rough sketches and working on layouts ready for print;.  commissioning illustrators and photographers;.  working as part of a team with printers, copywriters, photographers, stylists, illustrators, other designers, account executives, web developers and marketing specialists.          Receiving Manager Assistant Manager  ,   01/2014   to   01/2017      Overseeing incoming and outgoing shipping activities to ensure accuracy, completeness and conditions of shipments.  Determining work procedures, preparing work schedules and expediting workflow.  Determining shipping priorities, work assignments and shipping methods required to meet shipping and receiving schedules.  Arranging transportation that optimizes service and cost.  Inspecting incoming materials and notifying appropriate staff [...]","overview

grounded in versatility and powered by a styling community express is a modern multichannel apparel and accessories brand whose purpose is to create confidence  inspire selfexpression launched in  with the idea that style quality and value should all be found in one place express has been a part of some of the most important and culturedefining fashion trends the express edit design philosophy ensures that the brand is always of the now so people can get dressed for every day and any occasion knowing that express can help them look the way they want to look and feel the way they want to feel

the company operates over  retail and outlet stores in the united states and puerto rico the expresscom online store and the express mobile app express inc is comprised of the brands express and upwest and is traded on the nyse under the symbol expr for more information please visit 

responsibilities

position overview

the specialist performance marketing is responsible for providing support and execution of integrated media campaigns to drive traffic and sales to expresscom this person will assist digital marketing manager in the development of the optimal media campaigns for lower funnel display and paid social programs in addition this person will help manage the creative brief  traffic process develop reporting and communicate performance the specialist performance marketing will also assist the daytoday vendor relationships execution messaging strategy and communication [...]"
1159,Marketing Specialist,"SALES REP       Summary      Sales Executive  offering outstanding sales presentation, communication, closing skills,  and  team management skills. High-energy, results-oriented leader with an entrepreneurial attitude.   Desires a high-level position in a professional service oriented environment.        Core Accomplishments     Founded The Success Group and grew personal sales to $200,000.00 the first year with a steady growth for the next 5 years.     Initiated ""Program"" sales for area Auto Dealerships in Atlanta to purchase imprinted promotional items in mass with each dealership's name with the brand's logo, saving each dealership by quantity purchasing, and increasing our bottom line significantly.    Negotiated campaigns in conjunction with radio and print advertising to increase service dept.sales ( Ex: Free teddy bears given for Valentines' Day to the ladies who came in for an oil change.)     Partnered with a Non-profit organization increasing our sales to them to over $150,000.00 yearly, helping increase awareness and donations with their donors. Networked within this organization to gain business with other departments.       Experience      Sales Rep   05/2017   to   04/1993     Company Name      Telemarketed to Presidents and CEO's of successful area companies to use our services, averaging 100 calls a week, 13 appointments per wk resulting in 1 sale per wk.  Managed a tickler file to boost sales  Conducted on-air interviews with Presidents, CEOs, Physicians, and their clients for testimonials.          President   12/1998   to   Current     Company Name   City  ,   State      Strengthened company's business by leading implementation of  [project] .    Promotional Advertising Distributor)
Company and Client management expertise including:  Business development, promotional sales, interaction with client, supplier, and employees for excellent customer service, marketing communications, budget management for overall operations.  Used industry knowledge, l [...]","the ideal candidate will be responsible for creating marketing content and distributing it effectively you will help us create a strong brand presence with innovative promotional offerings online and offline marketing campaigns and marketing events you will collaborate with the sales team to ensure that your marketing efforts support their sales efforts finally your analytical skills will assist you as your monitor and report on the success of your marketing efforts

responsibilities
 strengthen our relationship with clients and company partnerships
 plan and execute campaigns and events
 track analyze and report the success of those campaigns and events
 create online and offline marketing content
 empower the sales team with marketing content and campaigns that help drive sales

qualifications
  years of marketing experience
 bsba in marketing or a related field of study
 excellent writing and communication skills"
1160,Sales Associate / Design Consultant - Full Time,"CUSTOMER CARE REPRESENTATIVE       Professional Summary    Expert communicator with strong conflict resolution skills. Extensive background in customer service, recruitment and retention, mediation and records management. Demonstrated ability to promote a team-oriented and open-door environment that is conducive to a successful staff.      Skills                    Work History      Company Name    Customer Care Representative   |   City  ,   State   |   June 2013   -   August 2014     Addressed customer service inquiries in a timely and accurate fashion, providing appropriate information while maintaining precise records and a high standard of customer service Built customer loyalty by resolving complaints, expediting orders, and locating out-of-stock or discontinued items Recommended, selected and helped locate merchandise based on customer needs and desires Communicated all merchandise needs or issues to appropriate departments and supervisors Maintained up-to-date knowledge of company policies regarding service requests, product issues, returns and exchanges, and replacement policies Promptly responded to inquiries from members, staff, and customers via phone, e-mail and fax Maintained detailed administrative and procedural processes to improve accuracy and efficiency while managing a wide variety of customer service and administrative tasks Developed effective relationships with other departments, including sales, quality assurance, and service Used humor, a positive attitude, and high standards to encourage and assist customers Participated in extensive classroom and online training seminars Promoted a positive work atmosphere by behaving and communicating in a manner that supported both staff and customers Excelled in meeting objectives through use of independent action, prioritization, persistence, and leadership skills.         Company Name    Club Manager   |   City  ,   State   |   June 2011   -   March 2013     Contributed to the overall success of the f [...]","job details

description

the sales associate  design consultant is responsible for maximizing sales and delivering an exceptional guest experience in this exciting role you are creating lasting relationships while assisting clients with the selection customization and purchase of merchandise in this retail sales role the design consultant will have the ability to read each clients need for assistance and match their requirements to the benefits of the merchandise

as a sales associate  design consultant you will be providing customer service and space planning assistance as well as maintaining a sales driven focus

if this sounds like the type of environment in which you would flourish we invite you to apply for our opening at the freehold raceway mall

essential duties  responsibilities
 meets required monthly sales and productivity standards
 demonstrates strong product knowledge furniture accessories fabrics etc
 maintains a guest book to organize generate and cultivate business
 performs proactive and consistent followup with all guests before and after the sale and at delivery
 works to improve performance based on feedback provided by store management
 promptly solves guest concerns
 performs all opening and closing duties as directed
 accurately performs all systems functions and maintain operational standards
 works in collaboration with all team members

minimum qualifications
 high school diploma required college preferred
 some work experience in a retail environm [...]"
1161,Technical Sourcing Recruiter (US Remote),"INTERN, CLAIM REPRESENTATIVE, HUMAN RESOURCES GENERALIST, PUBLIC AFFAIRS LIAISON SUPERINTENDENT         Executive Profile     To secure the role of Corporate Communications Manager in an effort to utilize exceptional verbal and written communication techniques to implement and advance the organization's strategic goals Exceptional written and verbal communication skills. Experienced implementation of institution-wide changes to promote and encourage inclusion, respect and dignity for all constituents. Highly skilled in creating a palatable business case about the benefits associated with diversity and inclusion. Proven capacity to collaborate proactively and diligently with stakeholders, while furthering the organization's diversity and inclusion goals. Dynamic interpersonal, analytical, organizational skills.    PROVEN COMPETENCIES:    Leadership, Relationship Building, Strategic Business Focus, Self-Improvement, Teamwork, Decision Making and Judgment, Adaptability, Inclusiveness, Agile, Quality, Accountability, Customer Focus (internal and external), Work Ethic, Resourcefulness, Communication (verbal and written), Critical Thinking, Flexible, Initiative        Skill Highlights          Project management  Leadership/communication skills  Human resources  Budgeting expertise  Negotiations expert      Employee relations  Self-motivated  Customer-oriented            Core Accomplishments      Project Management:     Initiated organization migration efforts which resulted in a more streamlined enterprise     Human Resources:     Spearheaded new employee engagement        Staff Development:   Launched well-received program of professional development courses for all staff.    Mentored and coached employees resulting in a 12% increase in productivity.         Professional Experience      Company Name    City  ,   State    Intern, Claim Representative, Human Resources Generalist, Public Affairs Liaison Superintendent   05/1988   to   Current       Claim Section Manager at [...]","location remote us seattle or scottsdale hq
if you are unfamiliar with axon we are a company focused on designing public safety software and are committed to developing the latest technologies to make the world a safer place public safety agencies are at the advent of a data revolution similar to what healthcare organizations went through over the past two decadesand the stakes couldnt be higher especially given the social unrest within the us helping any form of emergency personnel better understand data interpret the impact of their work and understand and action their data in unbiased ways is critical to our society
our mission is to help create transparency in our communities and the impact and relevancy of that work is rooted in all that we do here at axon
your impact
as a member of our global talent acquisition team you will be responsible for fulllife cycle recruitment efforts targeting research  development candidates who align with our mission you will be responsible for guiding candidates and hiring teams through our hiring processes helping attract and hire the best talent you are focused and driven with an interpersonal savvy that allows you to partner effectively with candidates hiring business partners peers and executives
the tech landscape is booming in this segment of tech candidates have a ton of choices and it requires a recruiter to be able to navigate compete strategies to attract and hire them an ideal person for this role is someone who can drive full l [...]"
1162,Director - FP&A / Corporate Finance,"DIRECTOR OF BUSINESS DEVELOPMENT         Executive Profile     Results-
driven and highly skilled Account Manager and Sales Leader with 10+ years of
experience developing and executing plans that cover all aspects of the sales
cycle.  Provide strategic support to
customers by leveraging trends in technology, analytical analysis, and solutions
to the challenges of their business.  Creates
effective strategies to keep the pipeline accurate, moving, and exceeding goals.        Skill Highlights          Strategic account development  Strong interpersonal skills  Team building expertise  Proven sales track record      Relationship selling   Strong deal closer    Skilled multi-tasker  Analytical problem solver            Core Accomplishments     Created
strategies to develop and expand customer sales, which resulted in a 67%
increase in annual sales.   Increased
territory penetration 25% from 19 to 25 States.   Managed a portfolio of accounts totaling
$10,500,000 in annual sales and $32,000,000 in total contract value.   Generated a pipeline of more than $150,000,000
in net new opportunities in 12 months.        Professional Experience      Company Name    City  ,   State    Director of Business Development   07/2013   to   Current       Worked closely with other company executives to identify new business opportunities, securing contracts for enterprise government software, Software as a Service (SaaS), Infrastructure as a Service (IaaS), and Managed Service solutions.  Targeted new government agencies and new product lines to close 7 deals in one year in the public sector industry.  Created strategies to develop and expand existing customer base, which resulted in an $18,000,000 contract, the largest in the history of the company.          Company Name    City  ,   State    Deputy Secretary of State   01/2007   to   07/2013        Accountable for the  Election, Corporation, Professional Licensing, Securities, and Enforcement divisions day-to-day operations  including ov [...]","a tech services company in new york city is currently seeking an experienced finance professional to join their staff as their new director  fpa  corporate finance responsibilities the director  fpa  corporate finance will
 own fpabudgeting processes including creating ongoing process beginning with monthly updates
 build concrete path to becoming ebitda positive and profitable
 run ad hoc scenario analysis
 run scenario analysis for ma exploration over different time periods and assumptions
 run all financial analytics
 perform other duties as needed qualifications
  years of strong fpa experience
 bachelors degree
 experience with  modeling budgeting forecasting and planning
 previous experience in a leadership andor supervisory role
 solid analytical mathematical and research skills
 great interpersonal skills
 excellent communication skills written and verbal
 strong attention to detail
 highly organized
associated topics accounting audit banking expense finance finance director financial fiscal kpmg tax"
1163,Real Estate Agent,"RESERVATIONS AGENT/FRONT DESK AGENT/GUEST SERVICES AGENT/PBX OPERATOR           Summary    Highly motivated and effective Sales Representative/Administrative Assistant with
extensive experience in
hospitality and office settings. Excel at organization and multi-tasking in fast paced,
dynamic, and fluid
environments. Accomplished in managing and coordinating various tasks and schedules.
Proven successful in
designing and executing community building and fund-raising events and activities. Strong
team member,
capable of leading and motivating others.
Very detail oriented and professionl      Skills          amp; Strengths  Executive & Administrative Support ~ Fluent in English, Farsi, Urdu, and Hindi  Customer Service ~ Telephone & Front Desk Reception  Organization ~ Filing, Database & Records Management  Research ~ Microsoft Office  Lightspeed  Starguest                Experience      Reservations agent/front desk agent/guest services agent/pbx operator    January 2016   to   Current     Company Name   －   City  ,   State      Generate booking requests and passenger attraction/transportation bookings
Answer and screen customer calls
Explain and sell our transfers and day tours, including up selling services
Process payment and attraction ticketing
Resolve product or service problems
Data entry and inventory accounting
Greet guests and complete the registration process to include, but not limited to,
inputting and retrieving information from the computer, confirmation of guest information
and room rate, selection of rooms, coding electronic keys, promoting marketing programs,
providing a welcome packet and ensuring guest knows location of room and/or has a bell
person accompany him/her
Assist guests with check-out including, but not limited to, ensuring rooms and services
are correctly accounted, using the point-of-sale system, handling money, processing credit
and debit cards, accepting and recording various forms of payment, converting foreign
currency, making chan [...]",thinking of a change think venezia realty group venezia realty group llc is the new standard in real estate contact us today if you want to join our family high commission splits training available advanced marketing unlimited leads get the support you need our company focuses on our agents contact  or email ncvveneziarealtygroupcom for more info or a private interview
1164,Ecommerce Manager  Remote,"SR. PROJECT MANAGER       Profile     Information Technology Professional with a diverse background and 10+ years of progressive experience as an: experienced IT professional consistently delivering exceptional vendor solutions, third party development resources, project resources and program management results. Proven track record and experience with multiple large full-scale, full life cycle implementations, managing both functional and technical teams while provide operations and maintenance support in achieving corporate goals       Core Qualifications          Web content management  Business case development  Leading execution and delivery  Vendor management  Contract negotiations  Product Roadmaps  Financial management  Sustainable applications management  Internal and External Communication        Strong analytical skills  Cross-tier components implementation  Project management  Information security  Document management  Testing  Excellent problem solving skills  Content management systems            Technical Skills        Skills    Experience    Total Years    Last Used    Windows, VMWare, SQL, Mobile Development                      Professional Experience      Sr. Project Manager   08/2012   to   Current     Company Name   City  ,   State       Responsible for software lifecycle in the Cloud Realization group Manages multiple projects that involve planning, development of business and technical requirements, testing, deployment, and operational support of new products and features for AT&T's Cloud Services Leads cross-functional project team meetings, coordinates resources, facilitates communication with stakeholders, and drives project tasks, issues, and action items to completion or resolution Develops and manages detailed project documentation including project timelines, leadership status reports and presentations, issues logs, and meeting minutes Consults directly with clients on business goals, tools, strategy and best practices for software devel [...]",are you a motorsport enthusiast trapped in a job where you work on boring websites that sell cogs and widgets do you wish you could use your skills to help race cars go faster instead have you been waiting for the right opportunity to align your career with your passion and hobby if so here is your chance apex race parts is looking for the right individual to join our team as our ecommerce manager and help us develop the absolute best website for purchasing lightweight race wheels we know our current site sucks which is why were about to launch a brand new one weve been working on it for years we may launch phase one of the site before you join our team but thats just a small first step your role would be to take ownership of the site going forward and drive many more feature enhancements site optimizations funnels and more to be successful in this position youll need strong leadership skills and project management experience as you grow the internal team while also overseeing outside agencies and contractors who already do a lot of the leg work if you havent built and managed a meaningful enterprise ecommerce website before  one that offers hundreds of landing pages and that required a team of designers developers and marketers to produce  then you likely dont have the experience this position requires were not looking for a catalog manager or someone to put up promotional banners we already have people for that we want an individual who would complement our existing skills [...]
1165,Chief Financial Officer,"AIRCRAFT SALES       Professional Summary    I expect to associate myself with a professionally driven, well-respected organization by pursuing a challenging, responsible, dynamic and rewarding career and applying my academic knowledge, expertise, skills and enthusiasm; which will assist my career development and contribute effectively to the progress of the organization and our society as well. Areas of expertise include investigative policy research and Statistical Analysis, proven ability to interact effectively with employee and the public in a professional manner. Great team leader with strong organizational skills and formidable work ethic. Seventeen years construction management experience, with industrial and commercial construction jobs valued from four million to hundreds of millions of dollars. Last six years of construction as an owner operator of an Industrial Welding Company. Retired from Ironworkers Local Union 118 Sacramento on December 7, 2001. Went back to school to Utah Valley University in 2005 received a Bachelor degree as a Professional Pilot and A Master's Degree from Arizona State University on December 19, 2012 with a Master's of Science Technology Aviation Management (Human Factors). Supervisory Skills Able to multitask in different areas:Crew resource managementGroup team leader Aviation Research and Statistical Analysis Task oriented to help improve safety and efficiency in day ­ to ­ day operations. Proficient with the FAA and Department of Transportation standards and regulations that cover Flight rules (FAR and CFR (s)) and Public Airport policy Competent in computer data processing concepts Proficient with verbal communication and visual communication techniques for various programs. Professionally educated to gather information about the human abilities, limitations and characteristics and applying it to tools, machines, systems, tasks, jobs, policies, and their environments to produce a safe, comfortable and effective work environme [...]","if you seek a truly outstanding employment experience utica national is the place for you
we are always looking for conscientious customeroriented people  whether youre a seasoned insurance professional or just starting out
we offer a supportive and friendly work environment that features a variety of career paths
we offer challenging assignments advancement opportunities full benefits packages competitive salaries and a great work environment
and were big enough to offer the opportunities you need to be successful but not so big that youll get lost in the crowd
are you up for the challenge take a few minutes to look at our job openings to explore the possibilities  then find one thats right for you and apply online today
position specific responsibilities include the oversight of the following but not limited to
provides key leadership in the development and continuing evaluation of short and longterm strategic financial objectives
management and oversight of accounting and financial functions for the organization
manages and leads finance teams including supervision progress reviews and plans for improvement and team building
responsible for integrity accuracy and timeliness of all internal and external financial reporting
builds and utilizes financial models and systems for proactive analysis of results and forecasting
collaborates  educates business unit leaders on their respective pls surfacing further opportunities for increased productivity and profitability
manages ex [...]"
1166,T Mobile Work From Home – Customer Service Associate Expert – $20/hr.,"O        SITE LEAD/PROCESS ANALYST         Summary     I am seeking a position that challenges my current experience and grants the opportunity to make a measurable impact. Much of my experience is transferable, specifically in the areas of business strategic planning, process development, problem resolution, customer service, attention to detail. I also look forward to further developing my skills and talents within the contest of the organization. I am a strong planner and problem solver, who readily and easily adapts to change. I work well individually or within the context of a team, and consistently exceeds expectations. Able to manage multiple priorities and meet tight deadlines without compromising quality.       Skills           Leadership development training     Process development      Bank reconciliations     Office Management   Conflict resolution      Complex problem resolution        Strategic planning      Records Management  performance tracking   Business recovery and sustainability    Interpersonal Customer Service  Spreadsheets/Reports  All forms of communication including verbal, written and digital          Computer skills   Microsoft office Suite  workday program  kronos  Regloginc   Arrow and CPI  Fidelity   QuickBooks               Accomplishments       Multiple awards for performance.     Cut operating expenses by 45  % year over year by   created new workflow process that enhanced efficiency      Reduced office expenses by finding smarter solutions for vendors, suppliers and services.       Five years of training on leadership development and mentorship      Completed over 50 books on leadership, people skills and business management.       ​         Experience      site lead/process analyst   City  ,   State    Company Name  /   Sep 2013   to   Current         Developed organizational change management strategies.  Reduced organizational operating costs by  45 % by streamlining processes.          Conducted activity-based analysis of busi [...]","be unstoppable with us

tmobile is synonymous with innovationand you could be part of the team that disrupted an entire industry we reinvented customer service brought real  to the nation and now were shaping the future of technology in wireless and beyond our work is as exciting as it is rewarding so consider the career opportunity below as your invitation to grow with us make big things happen with us above all beyou with us together we wont stop

job overview

associate experts work as part of a team of experts to astound customers with the effective resolution proactive account management and customer education they determine and resolve root causes to customer concerns and inquiries identify appropriate revenue and service enhancement opportunities and explore customer needs to develop loyal and profitable customers including activations payment arrangements and other collections activities when appropriate this role is a learning role where new experts are building skills and competencies in these areas while also demonstrating worldclass skills in courtesy concern timely resolution value creation and relationship building

job responsibilities
 provides astounding customer service thorugh effective and timely resolution of various customer inquiries and concerns
 builds customer loyalty and value through effective account management identifying and providing offers for appropriate additional products features and services and collecting past due balances
 uses resource [...]"
1167,"Director, Strategy & Operations","CONSULTANT           Summary     Solutions-focused, versatile management professional offering a comprehensive background supporting U.S. military operations in roles of increasing responsibility during a 30-year career in the United States Marine Corps.  Effective communicator who quickly masters new roles and technologies to achieve positive results.       Highlights          Strong verbal communication  Extremely organized  Strong Managerial Skills  Attends to detail  Effective writing skills  Top Secret/SCI Security Clearance (Clearable).  Effective team leader  CPR certified  Firearms safety training  Trained in defensive tactics  Intelligence gathering techniques      Training in Emergency response   Able to handle extreme situations            Accomplishments     Effective leader of a period spanning 30 years in the United States Marine Corps. Deployed numerous times to hardship countries to assist in relief efforts as well as combat operations. Completed both my Bachelors and Masters degree's since retirement       Experience      Consultant    October 2013   to   October 2014     Company Name   －   City  ,   State      Consultant for FSCX (Fort Sill Oklahoma).  Part time).  Assisting other doctrine writers in the efforts of revising all current doctrine, tactics, techniques and procedures manuals, to include ATP 3-09.13 (FM 3-09.13) The Battlefield Coordination Detachment (BCD) and ATP 3-09.43 Fire Support Techniques for The Battalion, utilizing the Army Doctrine 2015 format.          Primary Doctrine Writer    September 2012   to   September 2013     Company Name   －   City  ,   State      Primary Doctrine Writer for Explosive 	Hazard Operations, Army Techniques Publication (ATP) 3-34.20/Marine Corps 	Reference Publication (MCRP) 3-17.2D.  Keybridge Technologies.  Acted as the primary author for Explosive Hazard Operations, doctrinal publication,  ATP 3-34.20/MCRP 3-17.2D.  Gathered, analyzed, and wrote all information required to re-write an outdated vers [...]","about the role

we are seeking an experienced leader to lead the design implementation and operation of a prospect feeder capability for the angis marketplace businesses including ads and leads the ideal candidate will possess both the technical and operational best practices associated with sourcing aggregating and distributing sales leads for large inside sales teams

what youll do
 grow prospect database using bestinclass lead prospecting tools and cleansing sources
 bolster database quality and accuracy via data appends lead enhancement tools and lead scoring techniques
 integrate our ads leads and services databases in order to effectively and efficiently maximize revenues and profits
 define lead management and distribution guidelines that maximize profit generation for the angi marketplace across ads and leads businesses
 oversee lead quality engagement and conversion metrics to ensure continuous maximization of lead value creation
 guide the design and development data infrastructures required to enable realtime data analytics reporting and lead performance management
 manage and lead team of data sourcing management and distribution specialists

who you are
 must have direct experience with prospect development or administration in sales environment
 preferred education in sql database reporting tools and web scraping software
 proven success in developing and leading high performing teams
 excellent communication skills to translate complex problems using nontechnic [...]"
1168,Vice President Marketing,"PROGRAMMATIC MEDIA SUPERVISOR           Work History            Company Name                Experience     04/2017   to   Current     Programmatic Media Supervisor    Company Name   －   City  ,   State      Directly oversee a group of Programmatic Associates & Managers on their day to day responsibilities across 5 major pieces of agency business
Drive senior Media staff to innovate and automate their media plans through the self-service team
Formulate proposals for new client opportunities involving data driven audience buying and remarketing
Create and foster relationships with tech providers, data companies and inventory sources throughout the programmatic landscape.         04/2016   to   03/2017     Manager    Company Name   －   City  ,   State      Execute, manage, and optimize online media campaigns for agency clients through Demand Side Platforms
Evaluate data fields from multiple sources to highlight key performance indicators
Offer consultative support to media teams surrounding programmatic buying.         08/2015   to   04/2016     Media Planner    Company Name   －   City  ,   State      Act as day to day Account Manager for a set of clients cumulating over 10MM in media budget
Develop innovative online and offline media recommendations that align with the brands business goals
Train Assistant Planners on the basics of account management, media planning and industry best practices
Own and manage status meetings in regard to paid media programs with client and vendor partners.         02/2015   to   08/2015     Digital Media Strategist    Company Name   －   City  ,   State      Communicate rationale and reasoning behind integrating digital media such as Programmatic Display, SEM, Online Video, Mobile and Social into the overall media recommendation
Direct Activation Team on media plan strategy while overseeing the buying process from initial RFP to final reconciliation of vendor invoices.         12/2013   to   02/2015     Digital Media Analyst    Company [...]","about the company

webbmason is a fullservice marketing firm with offices coast to coast  from our corporate headquarters in hunt valley maryland to los angeles and just about every major metropolitan area in between for over  years weve been focused on helping activate brands at the local level through engaging content material and merchandise  providing upstream strategy creative services and technology connected to downstream production and distribution both physical and digital

effective july  webbmason marketing has merged with supplylogic combining two brands that together  provide an unmatched portfolio of techenabled marketing services for print branded merchandise point of sale and digital solutions

job summary

were looking for a creative and passionate vice president of marketing who will work directly for our chief strategy officer helping define support activate and optimize the combined companies aggregate gotomarket strategy this is a remote role based out of new york with planned travel to key office locations including the corporate office located in hunt valley maryland

ideal candidates will be able to do the following
 thrive in a fastpaced environment with the ability to manage multiple priorities
 proactively identify businessmarketing opportunities and create action plans
 manage and plan at both the strategic and operational levels
 lead creativedesign strategy everything you hear see and touch
 infuse passion creativity and innovation into our busin [...]"
1169,Business Development Manager Private Equity,"CONSULTANT         Professional Summary    Accomplished seller with marketing and entrepreneurial chops. Proven record of exceeding service standards
and outpacing performance goals. Solid technical background with a focus on B2B SAAS and programmatic
advertising. Motivated, team-oriented and enthusiastic about helping companies grow.      Skills          B2B sales  Network development  Lead prospecting  Interpersonal communication skills  Brand marketing  Business development  Product development  Content creation  Accounting, VC  Advertising, Website  Agency  B2B  Billing  Book  Brand strategy  Budgets  Business development  C      Com  Interpersonal communication  Content  Content creation  Clients  Client  Delivery  Product development  E-commerce  Editorial  Finance  Managing  Marketing  Meetings  Enterprise  Network  Sales  Selling  Staffing  Strategic  Phone  TV            Work History      Consultant  ,     01/2020   to   Current     Company Name    –    City  ,   State        Project manage drinkbumpcoffee.com and sheau.com website launches.  Oversee marketing, content creation, and 3rd
party integrations for all three brands.  Prospect and onboard 100+ traditional retailers and D2C e-commerce brands to Sheau within first 3
months through in person meetings, cold emails and phone calls.  Sourced 30+ new relationships with VC's, like-minded brands and affiliates to partner with Sohuis on
content and events.         Senior Account Executive  ,     03/2019   to   01/2020     Company Name    –    City  ,   State        Grew $500K book of business by 10% through cross-sell and up-sell opportunities while managing
pipeline of 60+ enterprise brands.  Conducted client QBR's and developed plans with internal teams to grow territory through customized
demo's, mock-ups and strategic partners.  Created new process for documenting sales ""wins"" that was implemented company wide.         Senior Account Executive  ,     04/2018   to   03/2019     Company Name    –    City [...]","the company you ll join

at carta we create owners and make private markets liquid

we live in a world where some people live on the equity stack and enjoy exponential wealth growth and preferential tax treatment others live on the debt stack and may work their entire lives for a company and retire only with the cash they ve managed to save from their paychecks
our contribution to solving the wealth inequality problem is moving people from the debt stack payroll to the equity stack
by making it as easy to issue equity to employees as it is to put them on payroll we can create more owners

at carta we are helpful transparent fair and kind
we are relentless executors unconventional thinkers and masters of our craft

learn more about our series g fundraising round here 

the team you ll work with

the business development manager private equity will represent carta inmarket and oversee the company s efforts to grow its network deepen existing relationships and develop additional business opportunities in the private equitybuyout space
the business development channel team works crossfunctionally to drive ecosystem partnerships to accelerate our growing business
ideal candidates will be energized by building and managing impactful external relationships crossfunctional collaboration digging into data finding scalable and repeatable best practices constructing strategic communications and helping to change practice across a dynamic industry

the problems you ll solve
 shape our ap [...]"
1170,Senior Accountant (Remote),"SENIOR DIGITAL MARKETING SPECIALIST       Summary    Digital marketing professional experienced in SEO, PPC and account management. Knowledgeable about conversion rate optimization, content marketing, analytics and proficient in wide variety of SEO/PPC tools.      Highlights          Excellent written and verbal communicator  Superb time management skills   Cross-functional team leadership     Focused and driven         Skilled multi-tasker           Results-oriented  Deadline-driven  Self-directed    Detail-oriented    Customer service-oriented  Quick learner  Self-motivated professional      Microsoft Office Suite   Desktop publishing software   Graphics editing software  Web analytics software   Project management software   Social media management tools   User experience (UX) design principles,   Content management systems (CMS)  HTML and CSS knowledge           Account management   Digital Marketing  Search Engine Optimization  Search Engine Marketing           Experience     03/2015   to   Current     Senior Digital Marketing Specialist    Company Name   －   City  ,   State           01/2014   to   11/2014     Senior SEO Specialist    Company Name   －   City  ,   State      Applied ethical SEO best practices when performing tasks such as keyword research, competitive analysis, content optimization, Meta tag creation, alt tag creation and social media optimization.  Analyzed, reviewed and implemented changes to improve organic search and page rank of client B2C websites.  Claimed business listings and provided location data syndication to data aggregators.  Implemented website migrations, 301 redirects, sitemaps, robots.txt file, and fixed 404 errors.  Digital Copywriter Developed grammatically sound, benefit driven and search engine friendly content for global client B2C websites.  Produced unique and engaging content marketing pieces for cross-channel partners that featured or supported LiveEdit's SaaS product and service offerings.  Created and maintained on [...]","in the minute it takes you to read this job description bluecore has launched over  individually personalized marketing campaigns for our retail ecommerce customers

bluecore is expanding our finance team and is looking for a senior accountant with a positive attitude who is highly motivated to learn and grow within a fastpaced organization this role will be responsible for supporting the monthly close processes as well as supporting and initiating general accounting and reporting process improvements to gain efficiencies and strengthen the overall control environment

this position requires a driven selfstarter who is able to work comfortably with stakeholders across the organization takes tasks from start to finish and someone who enjoys working in a fastpaced challenging environment this is a great opportunity to become a member of the finance team for a breakthrough company that is disrupting the retail market

the role
 perform monthend close activities including preparation of journal entries and reconciliations for various balance sheet and income statement accounts
 perform financial statement analysis and document meaningful explanations for fluctuations
 review revenue contracts and transactions to ensure compliance with the companys revenue recognition policies under 
 prepare memos and analyses surrounding revenue recognition under asc  for more complicated billing arrangements
 responsible for creating and maintaining commission calculation files for variable com [...]"
1171,Customer Service Representative (Work at Home),"HR SERVICES REPRESENTATIVE       Summary     A multi-skilled professional with good all-round HR imformatory skills. Very capable with an ability deal with all the recruitment/processing needs of the organization. Experienced in providing timely and up to date HR advice to both managers and employees whilst at the same time making sure both the employee and employers interests are best represented.       Key Skills           Excellent telephone manner and high standard of communication skills.  Able to deal with highly confidential matters professionally & discreetly.  Strong communicative, interpersonal, team-building, and leadership  Highly developed written, verbal and presentation skills  Good computer skills with an excellent knowledge of Microsoft Word and Excel  Possess a proactive, positive and confident attitude      Professionals in Human Resources Association  Recruiting and selection techniques            Experience     10/2012   to   Current     HR Services Representative    Company Name   －   City  ,   State      Dealing with all of the recruitment needs & employment issues of the company. Ensuring the timely recruitment of new employees into the business from the initial job offer being made through to their induction into the company including offer letters and contracts etc. Duties:   Process the enrollment of new recruits  Contacted all job applicants to inform them of their application status.  Thoroughly explained the employee handbook during new employee orientations.  Process all requests for enrollment, updates, changes and claims to Group Benefit Plans  Process application for Leave and provide information to staff and managers as requested  Making sure that any promotions, transfers and pay increase take effect as planned.  Prepare job status and reference letters as requested by employees on a weekly basis  Set up and maintain correct records of employees within system databases.  Providing employment references for past employees  Prepare [...]","minimum level of education
high school or equivalent
minimum years of experience
 year
employment type
full time
travel percentage

position summary
who we are
guest worldwide is a leading global manufacturer and distributor to the travel and leisure industry providing products to over  hotels in  countries we manufacture personal care amenities and a full range of textiles and we distribute nearly everything else you find in the hotel public guest areas in the hotel room recently achieving a billion dollars in annual revenue guest worldwide has grown its business by over  in the last  years guest worldwide is also a wholly owned subsidiary of sysco sysco is a  billion dollar industry leading global food and beverage distribution company employing thousands of employees worldwide and home to the  largest sales organization in the world 

the customer service representative provides customer and territory managers tms support with the sales of hotel and operational supplies 
work at home requirementshigh speed internetmust live in one of these states fl ga oh in tx or mt nvquiet secured workspaceprimary responsibilities
customer  territory manager support 
answer incoming calls and emails from tms research and provide information such as estimated time of arrival eta customer history data order tracking delivery issues proof of delivery etc provide customer with order history information ie item  quantity etc and pricing process orders including new cancellation or additions t [...]"
1172,Software Developer- Entry Level,"WEB DEVELOPMENT COORDINATOR         Highlights        Adobe Photoshop, Acrobat, Dreamweaver
*Content Management Systems (CMS)
*MS Office (Word, Excel, PowerPoint, Outlook)
*Quark Xpress, Interactive Designer            Accomplishments      National conference presenter, Health Care Internet Conference: Leading the Digital Transformation, Nov.  2014 National conference presenter, Health Care Marketing and Physician Strategies Summit, May 2014 Interactive Media Awards (IMA) Best in Class Award for CentraCare web site, 2013 Graduate, St.  Cloud Area Chamber of Commerce Leadership Development Program, 2007 Producer credit for 1999 Telly Award-winning and Aegis Award-winning video project, ""Renae's Story"" Writer/creative director/producer credits for four Healthcare Marketing Report Advertising Awards (national competition), 1999-2000 Writer/producer credits for six Lake Superior Ad Club (American Advertising Federation) Citations of Excellence, 1995-97.        Experience     01/2012   to   Current     Web Development Coordinator    Company Name   －   City  ,   State      Direct the strategic development of CentraCare Health web properties Consistently deliver a rewarding user experience (UX) with web-based content, services and features Develop social media strategies and manage content assets on social platforms Actively monitor, evaluate and report on web analytics; assess successful measures and implement changes Collaborate with executives, leadership and staff to achieve best in class digital content and services Spearhead efforts to launch a consumer-focused, health and wellness blog Implement new online features to promote physicians and medical staff Create educational materials and conduct software training for staff Manage, inspire and motivate web department staff on ongoing enhancements to our digital footprint.         01/2000   to   01/2012     Web Marketing Specialist    Company Name   －   City  ,   State      Directed and implemented health system web in [...]","apprentice now has an excellent tech job opportunity for individuals looking to start and build a new career in technology as a software developer our client is an industry leader in technology services and consulting providing you a great job opportunity in the tech field to get your foot in the door

you will have the opportunity to work alongside a team of professionals to solve reallife problems and learn how to make an impact they will equip you with everything you need to know to make a meaningful impact as a professional within their organization and start your new career off right this is a fulltime salaried opportunity with benefits and no prior technical experience required

software development job duties may include but not limited to

responsible for developing solutions for clients using appropriate software

involves daytoday configuration build test support and maintenance

build and test interfaces for application development assignments test all code developed as per the defined quality process standard

develop userfacing applications that address the functional requirements while providing a superior user experience to the endusers

develop software and integration flows for clients

design execute and automate scenarios scripts and procedures

document software defects using a bug tracking system

participate in trouble shooting existing software issues and implement as per the change management process

design and configure interfaces needed to transfer [...]"
1173,Correctional Officer,"SALES / FINANCE MANAGER       Summary    Looking out for a position as administration assistance with a reputed firm where I could use my core competencies and knowledge for the mutual growth and benefit. A civil engineer / projects manager with more than 10 years of vast experience in management, planning, designing, bidding and implementation of civil construction projects of buildings, Roads, hydraulic structures, solid waste transfer stations, waste water treatment plants, concrete paving, security projects and etc. 
Enthusiastic and hardworking professional with experience of travelling to project sites around the country including remote environments with limited communications or logistical support. Possess a great record of accomplishment of contributing to continued business improvement processes and meeting the projects objectives.  Professionally committed to delivering high quality engineering and environmental services. Experience of working on infrastructure, utilities, and structural and highways projects. 
3 years experience in administration, customer services, Auto finance and used cars selling with one of the best car dealership in Forest lane, Garland. Excellent experience of doing business with United Auto Credit, Westlake and Lobel.      Highlights        Operating Systems:  Windows, Mac OS X
Software:  Microsoft Office, AutoCAD, Photoshop, PDF professional, MS Outlook.              Experience      Sales / Finance Manager     Sep 2011   to   Sep 2014      Company Name   －   City  ,   State     Determining annual unit and gross-profit plans by implementing marketing strategies and analyzing trends and results.  Establishing sales objectives by forecasting and developing annual sales quotas for regions and territories; projecting expected sales volume and profit for existing and new products.  Implementing sales programs by developing field sales action plans.  Maintaining sales volume, product mix, and selling price by keeping current with suppl [...]","at corecivic we do more than manage inmates we care for people corecivic is currently seeking a correctional officer who has a passion for providing the highest quality care in an institutional secure setting

who we are

corecivic is the leading national provider of highquality security corrections and detention management services providing effective programs that enhance public safety and prepare individuals for success after release headquartered in nashville tennessee with more than  secured facilities nationwide corecivic security employees are driven by a deep sense of service high standards of professionalism and a responsibility to better the public good

what we have
 paid training  comprehensive training to start a successful career
 a supportive environment where employee growth is promoted
 comprehensive benefits package  competitive wages
 pto  paid holidays
 other great incentives

what you get to do
 change the lives of those in your care
 perform routine duties of a correctional officer in accordance with established policies regulations and procedures to maintain order and provide for the safety security care and direct supervision of those in your care during all phases of activity in the facility
 responsible for maintaining order and security of inmates in a correctional facility
 able to work any shift as you may be assigned to a variety of posts including but not limited to armorykey control housing units kitchen medical visitation etc
 corecivic recogn [...]"
1174,Senior Project Manager - Education,"RECEPTIONIST AND VETERINARY TECHNICIAN           Summary     Dedicated and focused Office Administrator who excels at prioritizing, completing multiple tasks simultaneously and following through to achieve project goals. Seeking a role of increased responsibility and authority. Receptionist who answers a high volume of incoming calls while handling in-person inquiries from clients and colleagues. Flexible and hardworking with the drive to succeed.       Highlights          Microsoft Office proficiency  Excel spreadsheets  Meticulous attention to detail  Self-directed  Time management  Professional and mature  Strong problem solver  Resourceful  Dedicated team player  Strong interpersonal skills  Understands grammar  Proofreading  QuickBooks expert  AR/AP  Medical terminology  Mail management  Self-starter      Motivated  Dependable  Power Point proficiency  Outlook proficiency  Internet research  Dedicated with a reputation for consistently going beyond what is required            Experience      Receptionist and Veterinary Technician    June 2007   to   September 2014     Company Name   －   City  ,   State      Scheduled surgeries and routine appointments   Drew blood samples   Developed X-rays   Managed inventory and documentation   Ordered medical supplies and animal food   Administered vaccines, medication and performed lab tests  Assisted in surgeries and euthanasias.          Administrative Specialist and Personal Assistant    May 2013   to   December 2013     Company Name   －   City  ,   State      General administrative responsibilities included coordination of calendars (scheduled and coordinated arrangements for meetings, anticipated conflicts and needs), processed expense reports, and regular communications for cross-functional departments.  Provided systems support, establishing appropriate documentation and tracking of business processes include budget reports, and updating church members on New Songs custom computer program, CCB   Demonstrated excellen [...]","senior project manager  education
job locations
us
posted date

 days ago
  pm
job id   of openings  category operation support type regular fulltime practice area education services

overview
about public consulting group
public consulting group inc pcg is a leading public sector solutions implementation and operations improvement firm that partners with health education and human services agencies to improve lives founded in  and headquartered in boston massachusetts pcg has over  professionals in more than  offices worldwideall committed to delivering solutions that change lives for the better the firm has four designated practice areas with extensive experience in all  states clients in six canadian provinces and a growing practice in europe often combining resources from two or more practice areas pcg offers clients a multidisciplinary approach to solve their challenges or pursue opportunities to learn more visit 
 
responsibilities
serve as a project manager across multiple special education professional development and consulting projects with local and state clientsdevelops mechanisms for monitoring project progress and problem solving with content leads and client representativesoversees and coordinates multiple projects across the team to ensure each clients deliverables are met in a timely mannerreviews status of projects and budgets manages schedules and prepares status reportsinvestigates and analyzes clients processes recommends solutions to meet the clients nee [...]"
1175,"Business Analyst, ACS Publications Sales","SALES EXECUTIVE       Summary    SALES EXECUTIVE Results driven, customer centered sales executive with 24 plus years of experience in different industries.  Proven ability to meet sales quotas and deadlines, successfully capitalizing on growth of customer base while maintaining sales integrity and positive morale. Articulate communicator and trusted associate with the ability to connect to a wide variety of customers and prospects.      Highlights          Leadership  Organization & Planning  Sales Presenting  Customer Experience  Customer Retention  Marketing Strategy  Discovering Customer Needs  Coaching & Mentoring  Revenue Generation  Knowledge Of Market  Employee Relations  Forecasting  Relationship Building  Performance Management  Customer Prospecting  Excellent Communicator  Sales Reporting  Networking & Rapport Building                Experience      Sales Executive   12/2013   to   Current     Company Name   City  ,   State       As the main sales person for the company, was in charge of Achieved 7% revenue growth over prior year, generating an 11% increase in profits Analyze current market and consumer trends thru sales data, interpreting the data to vendors, and management in an effort to capitalize on the sales and profit opportunities Full responsibility and management of cost controls, inventory control, budgeting, scheduling and P&L accountability Responsible for recruitment, retention, training, and other HR functions for over 40 employees to ensure quality and standards are executed in conjunction with corporate expectations Daily involvement with inventory accountability system; ensuring accuracy and availability Act as a liaison between numerous vendors to maintain a retail environment that consistently provides our guests with the products they desire and meets sales quotas Execute key marketing and promotional initiatives and strategies to maximize sales and profit margins in alignment with company goals Rated in top 10% of company Customer Se [...]","the publications division of the american chemical society acs publishes a weekly topical magazine cen and more than  peerreviewed journals focused on chemistry and chemistryrelated topics the division has domestic facilities in washington dc and columbus oh as well as worldwide operations in a growing number of international locations including but not limited to the uk singapore india and china the divisions publications sales department manages regional sales representatives as well as contracted distribution relationships across the globe servicing customers in over  countries with all of the challenges that come with delivering our expanding product set to a growing client base we are in search of a business analyst to join our highperforming team in columbus oh

the business analyst ba will work under the direction of the assistant director business analytics supporting primarily the global sales operations and marketing teams the ba will also play a role in developing and expanding the publications divisions enterprise data needs the ba will contribute to the comprehensive support of all activities relating to sales revenue operations and marketing in an effort to accelerate and expand sales and control expenses this includes data analysis around pricing customer behaviors and account performance the position will also work closely with the groups management team in the area of budgetsforecasting and departmental performance management additionally this position will p [...]"
1176,Travel STNA,"FIELD BASED NURSE CHART REVIEWER - HEALTHCARE INFORMATICS           Professional Summary    Seventeen years of nursing experience from multiple different facilities and hospitals: Diverse background in nursing as a Registered Nurse. Registered Nurse Manager        Experience      Field Based Nurse Chart Reviewer - Healthcare Informatics    July 2010   to   Current     Company Name   －   City  ,   State      Founder, CEO, Director of Nursing and Business Operations Provide high quality nursing care to individual and corporate clients by integrating evidence-based practices for best nursing care. Group addresses several specialized areas of Best Nursing Practices. Services include:  Electronic medical record implementation and support  Workflow system analysis and redesign  Behavioral Nurse Consultant Services  Staffing Nurse Consultant Services, Education  Nurse Consultant Services  Leadership Nurse Consultant Services  Quality Assurance Nurse Consultant Services  Safety Consultants  Healthcare Advocate Consultant Services  Legal Nurse Consultant Services  Servicing Managed Medicare Contracts. Services include:  Oversaw the Skilled Nursing and Short-term Rehab unit.  Clinical resource and coordinator for all services provided to the residents  Oversaw supervisor level support staff for the nurses, and our certified nursing assistants.  Provided a nursing contribution to the multi-disciplinary team meetings and family meetings.  Assisted in the assessment process to develop individual care plans for patients ensuring information around all aspects of their physical, psychological, social, spiritual needs are covered.  Continually evaluated the effectiveness of the care plans/dressings and medications and ensured that any required changes were carried out and communicated to all parties involved, including the patient. Services include:  Developed and oversaw the MDS schedule to ensure MDS assessments were completed per Federal Regulations. Ensured all members of the I [...]","at danbury you dont just clock in at a job you walk in the door to a work family who wants to make the day count we truly believe our employees and residents are a family that comes together to enjoy the good things in life including one another when our employees feel special so do our residents thats the danbury difference

danbury employees are not mandated to have the covid vaccine

our staffing agency brookwood staffing agency works with danbury senior living to provide lpn nurses stnas and other staff to the communities to ensure that the danbury residents receive the best care services on a consistent basis

we are currently seeking stnas to join the brookwood staffing agency these stnas will assist any of the danbury communities that need help covering shifts the location and shift for this position will vary

responsibilities

 resident care companions and stnas enjoy interacting with residents while engaging in the activities of daily living

 assist residents with daily personal care routines such as showers bathing personal hygiene etc

 help residents prepare for and escort them to meals activities social programs and appointments

 assist residents with various other daily needs as necessary

requirements

 experience working in a similar capacity in a senior living setting

 a great outlook cheerful disposition and love of seniors are a must

 ability and willingness to provide coverage at any danbury senior living community is required

 we are seeking caregiv [...]"
1177,Supply Chain Analyst,"BUSINESS DEVELOPMENT ASSOCIATE           Summary     Hungry and highly driven successful sales professional with over 10 years experience.  A strategic thinker and communicator who implements creative sales strategies to achieve and maintain high sales growth.  Adept at building excellent working relationships with corporate and/or not for profit executives focused on achieving present as well as long term goals.   Experienced in public relations, project development, account management, sales strategies to close and implementing endeavors for clients.       Highlights          Meeting/exceeding sales goals   Highly driven and motivated  Excellent communicative skills  Successful implementation of sales strategies       Negotiations expert  Tenacious closer  Consistently reliable sales  Highly intuitive to clients needs            Professional Experience      Business development Associate    May 2016   to   Current     Company Name   －   City  ,   State       Create a pipeline of prospects by establishing and maintain professional relationships with key decision makers   Research, source, make initial contact (email, cold calling, telephone prospecting), and meet potential clients at their locations to accurately qualify the prospect and establish needs;   Prepare and present proposals and close new accounts   Develop and maintain Sales Plan and ensure achievement of Company sales targets and profitability   Network and actively participate in User Groups, Associations, and Trade Shows in targeted vertical   Work closely with the Marketing team and the Business Development team to generate new leads   Strong understanding of customer and market dynamics and requirements;   Manage all activities through the Customer Relationship Management Software (CRM-Zoho), ensuring consistency and accuracy.             Ballet and Barre Instructor    August 2014   to   August 2015     Company Name   －   City  ,   State      Instructed middle school and highschool young women in B [...]","position supply chain analyst
reports to senior supply chain manager
description
we are seeking a detailed oriented supply chain analyst to join our privately owned chemical company the ideal candidate will be a fast learner as they analyze data and methods to improve berrymans delivery of products and services to our customers
essential duties and responsibilities
 analyze and assign lots to shipmentsorders
 analyze and reconcile discrepancies
 save all related documents to share drive
 work with accounting to correct any orderinvoicing issues related to inventory
 communicate with other departments to identify efficiency issues develop solutions and implement changes
 seek to improve all aspects of the supply chain department by reviewing current methodology and processes
 analyze month end reportingreconciling
 assess vendor operations and enforce compliance within quality standards
 reporting
 backup to purchasingbuyer
 backup to inventory analyst
 other duties as assigned

competencies to perform the job successfully an individual should demonstrate the following competencies

 problem solving  identifies and resolves problems in a timely manner
 interpersonal  remains open to others ideas and tries new things demonstrate kindness and respect to others while performing the duties that make up this job
 communication  strong written and verbal communication skills inclusive of active listening
 business acumen  understands business implications of decisions
 critical thin [...]"
1178,Retail Sales Associate,"SENIOR ACCOUNTANT           Summary    Experienced Senior Corporate Accountant dedicated to accounting and financial excellence, seeking to utilize skills and in-depth expertise in Accounting (GAAP), General Ledger Reconciliation, Variance Analysis, Financial Reporting, Team Management and Process Improvement to help achieve your company's goals.      Highlights          Microsoft Excel expert - Pivot Tables, V-Lookups, Formulas   Access Database Queries & data mining  Proficient in Microsoft Office, MS Word, Outlook, PowerPoint   SharePoint  PeopleSoft knowledge - Queries & data mining  Oracle   InfoLease for Lease and Financial Accounting  CITConnect Research  Internet Accounting, Finance and Tax Research - Lexis-Nexis, CCH & RIA Tax Research  STAT- FSI Track  Ultra Tax   IMAGE Scanner - Asset Manager -10-key; Printers & Scanners; general office tools   QuickBooks       Account reconciliation expert  Financial statement analysis  Working Knowledge of GAAP guidelines  and Sarbanes-Oxley  Recordkeeping expert  Highly analytical & Detail Oriented  Analytical reasoning  Complex problem solving  Solution-oriented  Strong organizational skills  Superior research skills   Effective time management  Thrives under pressure  Independent worker  Flexible and Valued team player  General ledger accounting  Public and private accounting  General and tax accounting            Education      MBA   :   Business Administration, Accounting & Finance  ,   2001    University of North Florida   －   City  ,   State  ,   USA     BBA - Accounting, CPA qualified candidate  BBA - Finance, CFP qualified candidate         Experience      Senior Accountant    September 2011   to   November 2014     Company Name   －   City  ,   State     •Special Project: Clear aged variances from Fixed Maintenance & Prepaid Maintenance GL Accounts   Starting in January 2014 reduced leasing contract variances for Fixed Pass-Through and Prepaid Maintenance accounts  Worked with Project Manager and Financial Adju [...]","overview

if you want an exciting job with one of the largest offprice retail stores in the nation join the burlington stores inc team as a retail sales associate are you an outgoing upbeat peopleperson with great organizational skills would you thrive in a highenergy environment where associates work together to drive results is it important to you to make a difference in the community where you live and work if you answered yes then this may be the right opportunity for you

retail sales associates are important ambassadors of the burlington brand at the front lines in our mission to provide worldclass service to our customers youll be responsible for greeting and assisting customers maintaining a neat organized and clean sales floor and supporting the management team with daytoday store operations retail sales associates may be assigned to work in any or all of the following departments ladies men youth sportswear shoes home or baby depot

responsibilities
 assisting customers in locating merchandise when needed
 assisting in floor moves merchandising display maintenance and housekeeping
 assisting in ringing up sales at registers andor bagging merchandise
 performing other tasks as assigned by manager from timetotime

candidates must be able to work a flexible schedule including nights weekends and holidays as required physical requirements may include the ability to lift and move boxes weighing  lbs or more and the ability to stand for extended periods of time

if you

a [...]"
1179,Equity Research Biotech Associate,"FINANCE ANALYST       Summary    Obtain a job as an Executive in your Company to provide financial expertise, 9 years of BPO Finance expertise, strong critical thinking skills, computer skills, and to contribute to the success of the business      Highlights          STRENGTHS:  Achievement Oriented with Excellent Communication  People Management Skills  Team Worker.  Ability to Manage Change with ease  Adaptability to Flexible Working Hours.  Excellent Negotiation and Analysis Skills  Quick learner with high energy level  Willing to work hard.  Eager to take responsibilities and challenges.  Operating system       		 :  Windows  Financial Accounting Packages          :  Tally Accounting Package  6.3 & 7.2 (A-Grade)                Experience     January 2009   to   May 2016     Company Name          Finance Analyst        Connecting with onshore business for review of AUC balance and updating the status of the WBSE's Scheduling Monthly with call with onshore business and Finance / Business leads to update the status of the over expenditure Leading team with regular catch up meeting and allocating the WBS creation request equally and conducting monthly connect Metrics discussion Playing a key role as a SPOC for my team in case of any Adhoc request and Statutory reporting.  OBJECTIVE OF THE PROCESS: Creation of AFE (Authority for Expenditure) Maintaining WIP balance Performing Statutory Report (A202 (US Tax), Capex Spent Report, Flux Report etc) Focal from Capital & Assets for Divestment activities Performing Asset Capitalization, Write off Taking up Audit queries from PWC local audit Connecting team meeting on daily basis and allocating works based on volumes Performing internal audit testing for legal entity Being a Control operator for Exploration Balance Sheet Review.  Capex Reporting submission to the Manage close team.  This will provide the total spent for the year.         June 2007   to   January 2009     Company Name          Process Associate        Project [...]","research

morgan stanley investment research is uniquely committed to being an essential part of our clients investment process we strive to be the sellside research provider that best understands the buy side through relevant and timely conversations with leading investors we focus resources on riskreward essentials identifying the investor debates assessing the potential outcomes and uncovering the evidence our clients need to validate their investment decisions our equity analysts cover some  stocks our economists strategists and fixed income analysts cover all major regions and other asset classes around the globe

equity research

the equity research department is responsible for researching macroeconomic and microeconomic conditions along with company fundamentals it also collects and analyses financial information to make investment recommendations on stocks in specific sectors research analysts build financial models to explore alternative scenarios examine industries and communicate with companies and investors equity research team members discuss their analysis and investment recommendations in research notes a career in investment research at morgan stanley demands a commitment to excellence and a passion for the markets as well as the highest level of integrity

we are currently seeking an experienced biotech associates

primary responsibilities
 creation and maintenance of earnings valuation and industry models leveraging skills in accounting finance and economic [...]"
1180,"Retail Sales Associate - Furniture​/Mattresses, Quaker Bridge Mall...","SALES SUPPORT           Experience      SALES SUPPORT    February 2002   to   January 2010     Company Name   －   City  ,   State      Directed team-centric initiatives to process and release 56,000+ digitally preflight pdfx1a Run of Press /magazine ads totaling $50 million in publications via Associated Press AdSend, B-Linked AdTransit, FTP sites and platforms for Macy's, Inc.  Liaised among production department and Pre-Press teams to ensure color corrections and quality control were maintained, as well as staff at major magazines doing color mark-ups on press runs / approvals for quality control.  Implemented VIO Adsend Web Application to release digital plate Macy's ads to publications, as well as Soft Proofing for both Creative and Production Departments and AdGate Adsend program for releasing ads to publication.  Served as a Stakeholder / Team Member of a Soft Proof Committee responsible for implementation of new Approve V.1.3 Digital Color Approval / Correction System on EIZO monitors.  Led transition team centralizing four 4 / Color Run of Press (ROP) operations divisions into new Macy's, Inc.  Continually aligned costs with planned budget to decrease production expenses 25% every quarter.  Increased processing efficiency 50% decreased errors 75% via a new Adsend Roadmap for Adobe Advertising Cloud team.  Created cost-controlling production schedules to coordinate an increase in Macy's ROP and Magazine Ads.  Contributing to a $200+ million sales increase for Macy's East during a 4th Quarter Holiday Season.          Marketing Project Production Manager, Production Manager    January 2010   to   February 2018     Company Name   －   City  ,   State      Led and supervised forward-thinking teams in conceptualizing, developing dynamic templates, releasing direct mail, inserts, and outdoor ads to pre-press department and external vendors.  Coordinated final direct mail/SEM ad review meetings with SVP of Marketing Operations to facilitate sales edits, and proofread [...]","location lawrence township
macys inc

  as a retail sales associate at macys youll
assist customers in all aspects of service fulfillment
determine customer needs based on personal features and other customer preference related factors
demonstrate knowledge of store products and services to build sales and minimize returns
perform sales support functions related to pos procedures"
1181,Retail Floor Leader - Anthem,"EVENT LEAD / PREP COOK / ASSISTANT PASTRY CHEF       Summary     Talented cook with a diverse culinary background encompassing family style meals, restaurant management, and on site catering. Successful history of motivating kitchen personnel to maintain high performance standards and excellence.       Experience      Event Lead / Prep Cook / Assistant Pastry Chef     Jan 2015   to   Dec 2016      Company Name   -   City  ,   State    As an Event Lead I  was expected to deliver an eating experience that reflected the integrity and reputation of the company I was employed by. In doing so I was responsible for managing an event team of up to 40 people at times. This included but was not limited to delegating responsibilities, managing break and leave times, loading/delivering, and training new employees.  As a Prep Cook I prepared food, desserts, and drinks according to recipes and specifications from the executive chef. I also cooled, stored, and labeled according to industry and health code standards. At I was able to have creative input during menu planning.  As the Assistant Pastry Chef I was responsible for completing a daily prep list  (ie. cakes, cookies, breads, pastries, and candies etc.) according to chef specifications and recipes while utilizing various baking methods and equipment. I was also in charge of training and assisting two other bakers in their daily prep. Also facilitating meeting regarding performance. After my Exec Pastry Chef left I was then responsible for scheduling, making  prep lists, ordering from various vendors, attending weekly BEO meetings, menu planning and wedding cake deliveries.        Line Cook     May 2014   to   Dec 2015      Company Name   -   City  ,   State     Prepared food items consistently and in compliance with recipes, portioning, cooking and waste control guidelines.  Verified proper portion sizes and consistently attained high food quality standards.  Maintained updated knowledge of local competition and restaurant [...]","job description
company description

now trending careers at skechers

starting pay 

join our global family of innovators who make an incredible impact every day at one of the biggest footwear brands in the world whether you love to connect with consumers on the retail floor or want to drive our awardwinning organization in new directions behind the scenes the skechers team is the place to be learn more about our brand at aboutskecherscom
job description

our floor leaders could also be known as the stores mvps they serve as experts in our stores driving operational and sales performance and ensuring a topnotch experience for our guests wellversed in our product routines these key players ensure the store looks awardwinning every day while not a management position the floor leader does hold keys to the store and performs opening or closing duties as assigned and is a mentor to other associates looking to grow their careers in retail

conducts opening and closing operational routines as needed ensuring a successful start or completion of the stores daily business

executes detailed comprehensive stock and product management routines including processing shipment and completing markdowns merchandising replenishment and fulfilling online orders

welcomes guests and assists with finding their perfect pair accessories or apparel

keeps an overview to daily operations and troubleshoots any concerns with transactions and store routines

li
qualifications

something about retail sp [...]"
1182,Marketing Advisor,"KEY HOLDER, SALES PLANNER       Summary    Art Director with strong background in production management. Specializes in sales, fashion marketing and editorial
 film making. Well versed in team building and creative planning. Extensive high-profile brand knowledge.      Experience     03/2016   to   07/2016     Key Holder, Sales Planner    Company Name   －   City  ,   State      Effectively controlled the release of proprietary and confidential information for general client lists.  Created strategies to develop and expand existing customer sales, which resulted in a 6% increase in monthly sales.  Maintained productive relationships with existing clients through exceptional personal follow-up after sales.  Worked directly with GM, Senior Visual Directors and District Leaders in order to achieve company and sales goals each month.         10/2015   to   Current     Editorial Producer    Company Name   －   City  ,   State      Worked in direct relation with designer during editorial production to create the look and feel of the brand.  Shot and produced look books for Fall2015/Spring 2016 Directed all styling and outfitting for a production cast of more than 12 actors and actresses.  Collaborated with modeling agencies, stylists, editors and designers to effectively elucidate the Altaf Maaneshia brand during production.         09/2015   to   01/2016     Editorial Director    Company Name   －   City  ,   State      Carefully maintained over $15,000 worth of brand merchandise.  Carefully maintained over $6,000 worth of production equipment.  Managed campaign and advertising budgets up to $4200.  Co-Produced, Directed and filmed editorial campaigns for FALL/WINTER 2015 merchandise.  Collaborated with brand representatives to guarantee satisfaction with advertisements.  Managed editorial content during post-production for distribution to editors Established and maintained cooperative relationships with representatives of community, consumer, employee and public interest g [...]","at compass we envision a world where the experience of selling or buying a home is simple and pleasant for everyone founded in  compass provides an endtoend platform that empowers residential real estate agents to deliver exceptional service to their seller and buyer clients all in service of our mission to help everyone find their place in the world

team overview

compass seeks a marketing advisor based in new york to join the team that shapes all of our agents marketing and branding projects from concepts and development through implementation and tracking at compass our agents are our brand and vice versa when their marketing excels then our company does this team provides vital account services and strategy to our agents to help their marketing efforts be the best they can be

you will work collaboratively with the industries best inhouse marketing  creative team as well as key external vendors to execute a wide variety of initiatives and help ensure cohesion between the compass brand and the marketingadvertising deliverables of our agents you will serve as a consultant to the agents to elevate the effectiveness of their individual efforts while playing a key role on the team refining and improving agent marketing tools developed inhouse as well as all policies processes strategies and best practices that inform our nationwide practice

at compass you will
 consult with agents daily to identify their marketing needs and help them execute tactics to deliver on those needs [...]"
1183,Executive Administrator,"VOLUNTEER HR -IVOLUNTEER       Summary    Sponsorship not required to work in the US A successful Human Resources Professional, with a Masters qualification in Human Resources and experience in a challenging environment Key skill sets include Recruitment - Recruitment efforts, scheduling, posting positions, follow up and offer letters. Seasoned executive with 10 + years Staffing, Technology Recruiting and Staffing experience with a highly successful track record at big firms such as Nokia and also Small-Midsized & Start-up IT services firms. Extensive hands-on experience in recruiting IT talent in the US and India marketplace and driving talent acquisition with sourcing teams. Besides corporate sector, have also been engaged with Non-profit sector in the same role for a while. Key Strength/ Experience include: Extensive experience with high-volume recruiting responsibilities within start-ups and corporate environments. Partnering with hiring managers to understand the skills and background requirements for each opportunity and provide expert advice and coaching to hiring managers throughout the recruitment process. Conduct employment advertising campaigns and programs by developing and managing a network of recruitment and referral resources including but not limited to networking with schools, colleges, minority organizations, state employment services, other employers and professional associations. Participate in recruitment, interview and selection of candidates for all levels of position openings and promote a work environment that openly embraces individuals with diverse backgrounds and experiences. Source, screen, evaluate and select candidates through a structured recruitment process designed to obtain the best candidates. Inform applicants of job duties and responsibilities, compensation and benefits, work schedules and working conditions, company policies, promotional opportunities and other related information. Utilize knowledge of multiple recruiting sour [...]","job details

level
experienced

job location
neptune ny  brooklyn ny

position type
full time

education level
 year degree

description

were passionate innovators and problem solvers with entrepreneurship in our dna were driven by a shared commitment to empowering each other through collaboration and pushing ourselves to exceed our customers expectationsand our own

minicircuits is a global leader in the design manufacture and distribution of rf and microwave components and integrated assemblies with design manufacturing and sales locations in over  countries minicircuits offers  product lines comprising over  active models minicircuits products are used widely in commercial industrial and military applications including cellular wireless aerospace satellite milspec catvbroadband rfid test instrumentation diagnostic imaging and many more

job brief

the executive assistant will provide highlevel administrative support to the president reporting directly to the president the executive assistant provides executive support in a oneonone working relationship the executive assistant also serves as a liaison to the board of directors and senior management teams organizes and coordinates executive outreach and external relations efforts and oversees special projects the executive assistant must be creative and enjoy working within an entrepreneurial environment the ideal individual will have the ability to exercise good judgment in a diversity of situations with strong written and [...]"
1184,Data Analyst Manager,"STAFFING MANAGER       Professional Summary     s well to change and possesses extensive expert knowledge of human resources employment process within a variety of industries.  [Job Title]  focused on improving productivity, increasing efficiency and enhancing quality. Consistently exceeds goals for staffing and retention. Human Resources Recruiter accomplished in sourcing, screening, qualifying and closing candidates, as well as coordinating interviews and follow up.      Skills          Good judgment  Human resources policies  Job fairs planning  Workforce planning  Pre-screening candidates  Time management      Sales techniques  Safety training  Pre-screening candidates  Employment laws and practices            Work History     06/2014   to   Current     Staffing Manager      Company Name   –   City  ,   State      Top performer in top quartile of expectations; Recognized for setting branch record for placements hours in first quarter; Recruited high number of new companies and candidates Recaptured previous companies business Expanded existing client relationship to generate additional job orders Recruiting and Placement Source, screen and interview qualified candidate pool based on job specifications and customer needs and preferences Present and assist client with selection candidate process to fulfill job orders ensuring qualified, capable and motivated candidates fulfill client expectations Maintain on-going contact with client companies and temporary professionals currently on assignment to ensure both receive exceptional customer service Resolve any customer service issues quickly and efficiently to maintain the highest level of customer satisfaction Develop pool of available temporary administrative professional workers to quickly fill job orders and short term assignments Candidate Recruitment and Retention: develop pool of available temporary administrative professional workers to quickly fill job orders and short term assignments Business Development D [...]","_data analyst manager will be defining and managing data models and data dictionaries to support data and analytics platforms_
_email resume and a summary of your relevant experience to madisonhaberl  michaelpageuscom
_mpi does not discriminate on the basis of race color religion sex sexual orientation gender identity or expression national origin age disability veteran status marital status or based on an individuals status in any group or class protected by applicable federal state or local law mpi encourages applications from minorities women the disabled protected veterans and all other qualified applicants_
_data analyst manager must_
  yoes in data management analytics and transformation_
 sqlpython_
 financial services background_
_email resume and a summary of your relevant experience to madisonhaberl  michaelpageuscom_
_a leading fintech company_
_email resume and a summary of your relevant experience to madisonhaberl  michaelpageuscom_
compensation is competitive and based upon experience
_email resume and a summary of your relevant experience to madisonhaberl  michaelpageuscom_
associated topics chief program officer cpo manage manager management monitor product manager project manager relationship manager task"
1185,SR. Web Designer,"DIGITAL PRODUCTION MANAGER       Professional Summary    Creative
professional with extensive project experience from concept to development.
Experienced manager with strong leadership and relationship-building skills.
Over 20 years managerial experience. Looking to join a company that will
creatively challenge and provide growth opportunities.      Core Qualifications          Strong verbal communication  Computer proficient  Conflict resolution  Quick learner  Proficiency in Adobe Creative Suite, Microsoft  Extremely organized   Office products      Excel in employee development  Team Leadership  Process implementation  Skilled Operator, iGen4, Various Digital Printing Solutions and Equipment  Proficiency in Various forms of Bindery             Experience      Digital Production Manager   10/2012   to   Current     Company Name   City  ,   State        Responsible for all aspects of Digital Production for a Premium printing/ graphic design company      Delivering the highest quality production while meeting all client directed deadlines      Provided onsite training.      Successfully led key projects which resulted in increase in productivity and reduction in labor expenditures.      Worked directly with client sales, art and bindery departments to meet client deadlines.      Monitored multiple databases to keep track of Equipment and House Stock inventory levels.            Director of Production   05/2005   to   06/2012     Company Name   City  ,   State       Supervision: Supervised team of ten Document Specialists   Project Development: Collaborated with team of Document Specialists in the completion of various printing, copy, and design projects.  Documentation: Wrote and edited documents to keep staff informed on policies and procedures.  Creative Problem Solving: Resolved production issues through quality control and team member development.  Process Improvement: Created new departmental procedures.  Assessed organizational training needs.  Protective Serv [...]","type of requisition regular

clearance level must be able to obtain none

job family web design

gdit has over  years of experience supporting the technology science and mission of the environmental protection agency gdit technologists scientists and innovators are experts in moving applications to the cloud modeling massive data sets in highperformance computing environments supporting innovative and bleeding edge technologies and scientific initiatives defending the cyber landscape and driving automation

highlevel skills
 htmlcssjavascript
 drupal 
 section  compliance expertise pertaining to pdfs adobe acrobat pro videos interactive trainings websites and web applications jaws dragon zoomtext articulate
 graphics design adobe photoshop illustrator after effects and lightroom

specific tasks
 designs and builds complex graphics page layouts and animation that suit web pages and enhance its layout to create visual appeal
 creates an advanced detailed draft of the website outlining the various web pages according to client specifications and needs
 provides thorough testing to ensure the website is userfriendly and interactive
 provides thorough review of the final webpage design for the next level production
 collaborates with other web professionals and provide guidance on the implementation of the website
 stays current with the latest design software to improve in knowledge and skills and be able to create better design quality
 provides guidance and leadership to lessex [...]"
1186,Compliance Manager,"REGIONAL ENGINEERING MANAGER       Engineering Director      Innovative, solution-driven engineering director with over 25 years' experience delivering   high-profile ITS/SCADA projects for the Transportation and Water/Waste Water industries.  Expertise includes; technical solution architecting and cost estimating, mission critical ITS/SCADA system design and delivery, disaster recovery planning, technical program management, and cross-team leadership.    ​    ​  Execution and results oriented individual with a passion for
solving business problems with innovative, cutting edge technology solutions that enable clients to achieve and exceed
desired business outcomes.           Accomplishments      Technical manager with 90%+ success rate delivering projects on time and under budget.   Proposed innovative solution that would allow client to consolidate mutliple operations centers and provide for seamless migration without service interruption, which resulted in the company being designation as the ‘highly
preferred supplier'.   Maximized efficiency and ability to scale by industrializing sales and engineering delivery
methodology and deliverables.   Originated and spear-headed product innovation ideas,
enabling the company to differentiate itself in the ITS/SCADA market.         Expertise     Architecting best practice technical solutions   Technical program management   QA/QM   Client management     Vendor management  Testing and commissioning planning and execution  Team leadership / c ross-team collaboration    Engineering cost estimating    Engineering resource management and forecasting   Process improvement  ​​       Professional Experience      Regional Engineering Manager   01/2014   to   Current     Company Name   City  ,   State       Currently directing ITS solution deliveries in Texas, Australia, New Zealand, and Chile.  ​    Lead systems solution architect responsible for technical proposal write-ups, presentations, and engineering cost estimates, which h [...]","our work matters we help people get the medicine they need to feel better and live well we do not lose sight of that it fuels our passion and drives every decision we make

job posting title

compliance manager  mapd and pdp plans  remote

job description

the compliance manager works closely with designated business areas legal and other internal partners to identify changing laws and regulations accreditation standards and client contractual compliance obligations interpret the impact and manage solutions for designated business areas this position serves as a consultant to internal stakeholders regarding the development implementation and monitoring of compliance initiatives and helps to create a culture of compliance throughout the organization

responsibilities
 executes compliance procedures and enforces policy governance across the organization and assigned function to validate regulatory reporting requirements are met and that business operations are aligned with applicable regulatory guidance designs develops implements conducts and maintains effective compliance risk assessment vendor and ethics awareness processes audits work plans and communications based on business need and risk ranking methodology
 supports the prompt and thorough investigation of reported compliancerelated issues partnering with legal and hr as appropriate
 represents the compliance organization and at times prime as a primary contact on contracts or significant enterprise projects collaborate [...]"
1187,(3) Construction Project Managers (Remote) (industrial structures),"DIRECTOR OF INFORMATION TECHNOLOGY         Executive Profile    Performance-driven and accomplished Director of Information Technology offering a unique combination of operations and management experience.  Strong leader with demonstrated success in managing and providing leadership in a diverse technological environment. Creative, dependable and enthusiastic change agent with a proven track record in improving efficiencies and reducing costs.  Visionary with superior long-term planning and project management experience.  Proven ability to implement standards and procedures that improve business processes and functionality.  Skilled coalition-builder with management practices that motivate and improve staff performance levels while forming a cohesive team.  Innovative and customer-oriented to formulate strategies to address service delivery demands and resource capacity. AREAS OF EXPERTISE Executive Leadership/Management Information Technology Project Management Networking Relationship Building Operations/Administration       Skill Highlights                      Professional Experience      Director of Information Technology  ,   05/2000   to   01/2014    Company Name   －   City  ,   State      Provides leadership in directing, planning, managing, and implementing the information technology needs of the City of Greensboro.  Provided oversight and direction for the Application Services, GIS, Network Services and Public Safety IT divisions.  Establishes guidelines and programs for effective information technology management.  Facilitates and implements City-wide strategic policy for planning, development, and deployment of information technology.  Key Achievements: Generated a savings of $400K per year with the implementation of VoIP Partnered with NCDOT and GDOT to implement a City-wide fiber optic network infrastructure Implemented on-line payments for parking tickets and utility bills.  Received over 1 million in payments to date Over the last five years, maintain [...]","we have an immediate need for  local or remote construction managers project managersconstruction to handle assignments out of our concord nh office this manager will become an integral part of the construction team and under the direction of our directors of construction as an experienced construction project manager you will work with our inhouse project design team and other licensed professional engineers governing authorities subcontractors and clients to manage construction projects in the food beverage and life science manufacturing sectors our construction manager will interface with our fortune  clients who are industry leaders to provide quality project execution and will require travel to our various client facilities

some traits and skills wanted for this position are

experience on the contract administration side of construction projects negotiating contracts develop schedules budgets and estimating putting bids together for buyouts and final presentation familiar with one or more sw packages such as procore bluebeam ms project office outlook timberline autocad revit

responsibilities

responsible for effective safe quality timely cost effective execution of industrial construction project work on site through planning coordination and control of construction resources and activities from inception to project closeout
 responsible for ensuring that all materials of construction and methods of construction conform to company industry and regulatory standards spe [...]"
1188,Warehouse Manager IV,"REVOLVING CREDIT SUPPORT SPECIALIST           Professional Background    Energetic, dedicated Support Specialist with strong interpersonal skills and 8+ years of contact center and customer service experience. Proven ability to work effectively with people of various ages, cultural backgrounds, and socio-economic statuses. Financial and Customer Support background and the ability to build new and strengthen existing relationships. Great attitude, strong work ethics and customer focused outlook. Well-developed verbal and written communication skills.      Skill Highlights        Microsoft Office Suite and Outlook              Professional Experience      Revolving Credit Support Specialist    May 2013       Company Name   －   City  ,   State      Identify inefficiencies and make recommendations for process improvements resulting in 20% higher customer satisfaction ratings.  Developed and implemented communication strategies and information programs Help associates identify strengths and weaknesses and implement plan of action to improve their skills Updated departmental standard operating procedures and database to accurately reflect the current practices Act as a Subject Matter Expert regarding bank products, policies and procedures Developed effective relationships with different lines of business through clear communication Assist customer and sales representatives with account inquiries and follow up with maintenance requests Analyzed financial information, obtained from clients, to determine strategies for meeting clients' financial objectives Successfully managed the activities of 45 team members in multiple locations Coordinated with underwriters, loan officers, and operations teams to manage and resolve account concerns Led training programs designed to implement new agent performance management standards for credit center departments.          Revolving Credit Specialist    May 2012   to   May 2013     Company Name   －   City  ,   State      Navigate and mai [...]","requisition id 

posting locations lexington

click here to view a day in the life of our teammates

our secret ingredient is our teammates

we offer great rewards competitive pay career advancement and growth opportunities

full time teammates are also eligible for
paid training
paid time off plus paid holidays
k with company matching on a dollarfordollar basis
employee stock purchase plan espp
group health insurance  medical dental vision  disability
basic and supplemental life insurance

refresh and grow your career with us

job overview

the warehouse manager iv is responsible for leading a warehouse with an annual volume of over  cases this entails leading developing and executing warehouse functions in a fastpaced customer serviceoriented environment these functions include but are not limited to safety and security inbound and outbound management labor management and talent development facility and equipment maintenance and inventory management the warehouse manager iv is also responsible for the management of the entire facility and its assets in addition the warehouse manager iv is responsible for regulatory compliance such as osha fda and others

duties  responsibilities
 leads the budgeting and workforce management activities as well as the execution of all logistics functions including but not limited to safety and security inbound and outbound management labor management talent development facility and equipment maintenance and customer service
 performs proactiv [...]"
1189,Software Engineering,"FREELANCE DESIGNER         Highlights        * Efficiently lead and coordinated all product development stages. * Research market needs for development of new products, remain up-to-date on emerging trends and competitors. * Engaging presenter and communicator; clearly communicates product features and advantages to management, clients, and vendors. * Skilled in the production of concept sketches, 3D computer models, and product prototypes. Technical Proficiencies MS Office Suite (Word, Excel, PowerPoint), Adobe Photoshop & Illustrator CS, Pro Engineer, Rhino, Alias, Hypershot, Keyshot, Wacom Drawing Tablet, Scanning Software, Digital Cameras, Table Saws, Sanders, Paint Sprayers.              Experience     07/2014   to   Current     Freelance Designer    Company Name   －   City  ,   State      Completed projects for Dick's Sporting Good, Walmart, Khol's, Cabela's, Magellan, Kryptek, Snap-On, CCA.  Created winter beanies and gloves.  Creating Tech Packs: Specific apparel information on placement, measurements and overall look of garment.  Created women's hoodies, yoga pants and tee shirts.  Created golf polo shirts.  Created designs for promotional baseball caps to be sold at four major airports.         05/2014   to   06/2014     Freelance Designer    Company Name   －   City  ,   State    Provided designs and sketches for two models of snow ski gloves. The designs were from initial concept through final design stages. The first model is a ski patroller glove where durability and value are paramount. The second model is at the upper end of the range of gloves for skiers and will be a higher performing glove.       09/2012   to   11/2013     Apparel Designer/Developer    Company Name   －   City  ,   State    Managed designs and development of new apparel lines from initial concept through production confirmation. Emphasis was on delivering projects and related samples according to predetermined timelines. Learned and applied the full scope of product development incl [...]","job summary

randstad federal

we have over a decade of experience providing talent with clearance and workforce solutions that drive bottomline value for federal agencies and the organizations that serve them learn more about what we do meet our experienced team and get an inside look at the strategic partnerships that set us apart

lets talk about the role

location cliffton nj

remote capabilities no

clearance required secret

job summary responsible for research design and development of computer software systems in conjunction with hardware product development primarily responsible for the design and development of software products for a variety software applications participates in all phases of the software development life cycle including requirements analysis design implementation integration and test of software products

location clifton new jersey

job type contract

salary    per hour

work hours  to 

education bachelors

responsibilities

responsible for research design and development of computer software systems in conjunction with hardware product development primarily responsible for the design and development of software products for a variety software applications participates in all phases of the software development life cycle including requirements analysis design implementation integration and test of software products applies computer science engineering and mathematical analysis concepts and principles in the development of software for the target [...]"
1190,Marketing Specialist,"LANDSCAPE TECHNICIAN       Professional Profile    Diligent and driven banking professional who has achieved success in a variety of roles with increasing levels of responsibility. An effective communicator and team-builder with strong analytical, management and organizational skills.       Highlights          Analytical  Detail-oriented   Excellent communication skills   Strong work ethic        Risk management expertise  Excellent time management skills  Exceptional customer service  MS Office proficient            Experience     07/2015   -   Current     Company Name   －   City  ,   State    Loss Prevention/ BSA Analyst        

Evaluate current fraud
situations and formulate recommendations to reduce in the future   Use anti-money laundering
(AML) software to review members' activity for money laundering and other
suspicious activity.    Review structuring
reports if software is not functional. Work cases and alerts
generated by software, documenting conclusions reached and actions taken.  Review member accounts to
determine those posing higher risk. 
Obtain and evaluate EDD forms and information. File Suspicious Activity
Reports (SARs) as necessary.  Provide effective written
and oral communication with members concerning extended holds, or possible
fraudulent transactions, or other security measures taken. Document all actions
accurately and timely.  Work with Fraud and
Security Managers in investigations and recoveries; with Operations (when
necessary) to ensure fraud is limited/prevented; with other financial
institutions and merchants to process fraud claims















         04/2014   -   07/2015     Company Name   －   City  ,   State    Branch Representative        Provided superior member service in the Retail branch, answering/ resolving member questions, and discrepancies; performed and processed transactions on sales side of branch- i.e. membership/ loan applications; resolving account related issues; and all cash-related responsibilities relate [...]","healthfirsts marketing specialist is responsible for the tactical execution of marketing programs related to building and maintaining brand partnerships a key player working in a team environment will lead projects that involve crossfunctional teams he she will bring to life components of healthfirsts cobranding initiatives including but not limited to maintaining partnership calendars assisting with marketing material development event coordination and collaborating with internal and external partners the incumbent will measure the impact of programs through the monitoring of marketing results and tracking data on each initiative
 assist with the creation of sales collateral and member engagement materials such as sales tools welcome kits newsletters member portal fitness rewards program birthday emails member mailings etc
 assist with the development of digital and traditional advertising executions such as tv commercials out of home advertising print ads banner and display ads seo in order to increase market share in targeted areas
 support member retention efforts across multiple lines of business
 conduct competitor marketing analysis and provide suggestions for new opportunities
 work in collaboration with other teams to ensure alignment and timely completion of deliverables

minimum qualifications
 bachelors degree from an accredited institution or equivalent experience
 communicate effectively verbally and in writing while demonstrating good grammar spelling and punct [...]"
1191,Pharmacy Marketing Representative,"BUSINESS DEVELOPMENT MANAGER       Summary    Experienced sales professional and effective leader. Currently a sales professional for CT of Wolters Kluwer.
          Highly motivated, self-driven, result-oriented consultant
          Tenacious new business prospecting, selling, negotiating and closing skills
          Skillful verbal and written communication skills including the ability to present to an executive-level
          audience
          Passion for gaining personal relationships with clients
          Strong understanding and use of strategic selling techniques
          Former professional athlete        Experience     03/2017   to   Current     Business Development Manager    Company Name          Consulted with C-level executives to develop and implement an effective, enterprise-wide strategy that maximizes the
          value delivered by solutions in order to ensure success with key initiatives
          Developed and conducted effective presentations with contract decision makers (c-level)
          Accountable for the entire sales cycle from prospecting to closing deals, forecasting, and strategic planning
July 2015 - March 2017 - Business Development Manager          Wolters Kluwer/CT Corporation
       FY 2016 104.4% for CT Corporation
       FY 2016 #1 Business Development Manager on Law Firm Segment Team
       FY 2015 109% for CT Corporation
          Primary responsibility for driving profitable customer acquisition and sales growth
          Responsible for developing and implementing relationships with existing customer base as well as pursuing new
          customers of representation and compliance services, formation/qualification services, and other on demand services
          Leverage strategic planning in order to optimize revenue generation of sales efforts
          Participate in collecting and evaluating performance metrics by participating in in-depth and on-going analysis of
          departmental services, processes, and cust [...]","pharmacy marketing representative

description

looking for a pharmacy marketing representative to continue to enhance our sales

the company

amr pharmacy is a statewide home care pharmacy looking for a client sales representative to join our fast growing team the representative will follow up on existing leads create and manage relationships and assist customers with any issues or concerns base hourly salary plus commission with a great opportunity for growth possibility for a hybrid work model

job details
 pharmacy  sales  customer relation experience
 new referrals for pharmacy services
 friendly and persistent
 able to generate leads and land new accounts
 maintain accounts and work on referrals
 excellent verbal and written communication skills
 basic computer knowledge
 outgoing and personable
 organizational skills
 ability to multitask prioritize and manage time effectively
 pharmacy experience a plus

salary

   a year commission opportunity

job type

fulltime

qualifications
 marketing  year preferred

job type fulltime

schedule
  hour shift
 day shift
 monday to friday

experience
 marketing  year preferred
 marketing  advertising occupations  year preferred

work location on the road"
1192,Vice President of Operations - Indianapolis & St. Louis,"INFORMATION TECHNOLOGY HELP DESK SPECIALIST             Highlights         Microsoft Windows Operating Systems 95, 98, 2000, ME, XP and Windows 7 along with expert knowledge in several other Applications such as Microsoft Active Directory, Microsoft Works, Microsoft Office, and Microsoft Outlook, SAP, CRM, ERP, Oracle, JD Edwards, Remedy, Great Plains, PeopleSoft, SharePoint, Avaya, Blue Pumpkin, Verint, Novell, VDI Platforms and Cognos.       Business process improvement  Cost-benefit analysis  Forecasting and planning  Advanced Excel modeling  Business systems analysis  SAP  Business requirements matrixes  Project management  Superb communication skills  Advanced problem solving abilities  Critical thinking  Decisive              Experience      Information Technology Help Desk Specialist    August 2014   to   Current     Company Name   －   City  ,   State      Diagnose and resolve technical hardware and software issues for incoming phone calls and emails while ensuring detailed documentation on all activity and communication with customers regarding their issue Display the ability to understand and communicate complex and technical information clearly and concisely Demonstrate proficiency in product knowledge and call handling skills Maintain accurate customer records & process changes Display the ability to work in a fast paced environment, providing efficient productivity while simultaneously providing superior quality service Research questions using available information resources and advise user on appropriate action Log all help desk interactions Identify and escalate situations requiring urgent attention Track and route problems and requests and document resolutions Maintain ticketing system and route all tickets to appropriate parties.          Quality Assurance IT Analyst    September 2011   to   January 2014     Company Name   －   City  ,   State      Display working ability to organize and follow complex and detailed technical procedures Responsible fo [...]","this website is audioeye enabled and is being optimized for accessibility to open the audioeye toolbar press shift   the toolbar contains the following

the audioeye help desk to report accessibility and usability related issues

the audioeye certification statement to explain the ongoing web accessibility and usability enhancements for this website

the player tool to listen to this site read aloud the player is not intended as a substitute for your screen reader

if you are unable to complete this application due to a disability contact this employer to ask for an accommodation or an alternative application process
vice president of operations  indianapolis  st louis

full time pepper pike beachwood oh us

 days ago requisition id 
 oversee and monitor both operational and financial performance of all properties
 establish and execute operations strategies
 build train and develop opportunities for growth for the property management leaders  team members
 develops and maintains a positive and productive team environment providing guidance and motivation to maximize portfolio value and streamline reporting
 direct oversight of regional managers within the specified portfolio
 maintain thorough knowledge of relevant markets including competing properties employment trends and new development
 ensure the physical properties are well maintained and capital improvements are recommended and carried out in a timely and costeffective manner
  years of property management industry e [...]"
1193,Data Entry - Brecksville,"DRIVER/MANAGER         Professional Summary    4 years of total customer service and physical labor. Great time management and interpersonal skills. The perfect team player and top of the line customer service. I'm looking to fill a position where I can not only sharpen my skills in the work place, but also contribute to any business to help it grow more.        Experience      Driver/Manager  ,   06/2015   to   10/2015    Company Name   -   City  ,   State      Loading and unloading truck at warehouse during assigned times, ensuring customers were happy with their products, unloading for individual contractors or residents upon product delivery; built relationship to better give our customers the best quality of good as well as customer service.  Further increased my role within the company, where I would manage a spoke route that would deliver merchandise by bicycle and tricycle.  I handpicked orders depending on time frame and quantity, then loaded bikes and tricycle depending on distance as well as timeframe.  Maintained.  Dispatched each cyclist to ensure we meet time schedules and budget expenses.  During deliveries and at end of day I recorded all deliveries, calculated late and early drop offs, missing or wrong orders, which cyclist delivered each order, also emailed day results to Amazon managers and warehouse managers.          Personal Accountant  ,   03/2008   to   12/2015    Company Name   -   City  ,   State      Gather and organize patient billing data, inclusive of demographics, insurance and appointment needs.  Manage front desk, inclusive of answering calls, greeting and logging patients into system, confirming appointments as necessary.  Responsible for open and close, as well as safety procedures supporting facility requirements, disposal of hazardous material, Filed Patient charts post examination and logged appointments into data base.  Reviewed patient accounts, gave references to other doctors.          Construction  ,   12/2007   to   05/200 [...]","kelly is looking for a data entry operator for the brecksville oh area
 this is a temporary assignment for approximately  months
 pay rate  an hour shift  if you have the below qualifications i would love to hear from you
 please call debbie at  ill take information from tax forms and enter into predefined fields via data entry
 the job is  data entrykeystroke input of the documents
 required qualifications  kph data entry with  accuracyyou should know your safety matters
 vaccination against covid may be a requirement for this job in compliance with current client and governmental policies
 a kelly recruiter will confirm and share more details with you during the interview process
 why kelly as a worker today its up to you to take charge of your career and look for opportunities to learn grow and achieve your potential
 helping you find whats next is what were all about
 we know whats going on in the evolving world of workjust ask the  people we employ each year
 connecting with us means getting the support guidance and opportunities needed to take your career where you may have never imagined
 about kelly at kelly were always thinking about whats next and advising job seekers on new ways of working to reach their full potential
 in fact were a leading advocate for temporarynontraditional workstyles because we believe they allow flexibility and tremendous growth opportunities that enable a better way to work and live plus did we mention we provide a ton of benefits
 connecti [...]"
1194,Enforcement Attorney,"AUTOMOBILE TRANSPORTER       Professional Summary     Dedicated, responsible Class A driver  with a clean driver's license. Self-motivated and customer-focused.Exceptional leader talented at leadership, communication, and management skills. Excellent team player with over 20 years of experience in the military and trucking industry.Talented Mechanist Tech with more than 8 years of experience developing and executing maintenance programs. Excellent troubleshooting skills. Areas of expertise include mechanics, technology, and management.          Key Skills          Quality control  OSHA regulatory compliance  Dependable independent worker  Clean D.O.T.  Good at following instructions      Solid communication skills  Strong organizational skills  Strong work ethic  Team player  Timely project completion            Work Experience     05/2014   -   Current     Company Name   －   City  ,   State    Automobile Transporter        Conducted daily DOT pre-trip inspections according to a set checklist.  Hooked and unhooked trailers from the tractor.  Coordinated daily delivery schedules based on customer schedules, peak delivery times and alternate routes.  Perform emergency repairs including service hydraulic system.  Maintain accurate records such as vehicle logs, records of cargo and billing statements in accordance with regulations.  Obeyed traffic laws and followed established traffic and transportation procedures  Transported freight from origin to destination in a safe and timely manner.         09/2009   -   05/2014     Company Name   －   City  ,   State    Driver/Car Hauler        Coordinated daily delivery schedules based on customer schedules, peak delivery times and alternate routes.  Conducted daily DOT pre-trip inspections according to a set checklist.  Maintained records required for compliance with state and federal regulations.  Interacted with customers and vendors in a friendly and timely manner.  Transported freight from origin to destination in a safe an [...]","nyc department of finance dof is responsible for administering the tax revenue laws of the city fairly efficiently and transparently to instill public confidence and encourage compliance while providing exceptional customer service

the legal affairs division serves as the inhouse legal department for dof providing professional and comprehensive legal advice and services in support of a full range of city tax and other revenuerelated matters legal affairs division attorneys and staff handle a wide range of legal issues including real property taxes and exemptions business income and excise taxes collections parking violations treasury land registry foil and employment law

reporting to the director of parking the parking enforcement unit handles claims and issues raised by vehicle owners and lien holders when cars are booted or towed to enforce city parking violation judgments attorneys in the unit meet with vehicle owners or lienholders to make determinations relating to vehicles subject to enforcement and prepare review and sign collection andor enforcement legal documents relating to the enforcement of unpaid city parking judgments

the parking enforcement unit seeks an enthusiastic selfmotivated attorney to handle the following parking and enforcement functions as directed by the unit director with latitude for independent judgment and unreviewed action and decision
 perform legal work involving issues of fact and questions of law including laws relating to parking violat [...]"
1195,Sales Associate,"LINE ATTENDANT       Summary     Results-oriented Supervisor with diverse background in management and customer service. Dedicated to providing excellent customer service and making operational and procedural improvements.       Highlights          CERTIFICATIONS/SKILLS:  Team player  Excellent multi-tasker  Strong communication skills  Cash handling accuracy  Microsoft Word Experience  Talent in obtaining/charting vital signs  Leadership skills  CPR/First Aid Certification  OSHA Certificate  Microsoft Excel Experience          Store opening and closing procedures  Outstanding communication skills  Outstanding communication skills  Training and development               Accomplishments     Competitive Analysis   Performed competitive analysis to make recommendations for future company growth.     Competitive Analysis   Performed competitive analysis to make recommendations for future company growth.          Experience      Line Attendant     Nov 2009   to   Sep 2014      Company Name   －   City  ,   State     Directed and supervised employees engage in sales, inventory-taking and reconciling cash receipts, or in performing services for customers.  Offered exceptional customer service to differentiate and promote the company brand  Assigned employees to specific duties, scheduled break, assuring they go on time accordingly.  Monitored sales activities to ensure that customers receive satisfactory service and quality goods.  Recommend, selected, and helped locate and obtain merchandise based on customer needs and desires  Called other stores within the area to find desired items  Helped customers try on and fit merchandise  Greeted customers and ascertain what each customer wants and needs  Responded to written and telephone requests for particular items for customers  Maintained knowledge of current sales and promotions, policies regarding payment and exchanges, and security practices  Answered and directed phone calls to assigned employees  Unloaded, picked, staged [...]","overview

you are a natural at putting customers at ease and enjoy starting up natural friendly conversations its just as easy for you to connect with kids as it is with their parents you enjoy sharing your enthusiasm for kids athletic sneakers and apparel its easy for you to adapt to different types of customers and you resolve issues with a smile you like to work as part of a team as you improve your individual skills on the sales floor your success in this role will be measured through personal and productivity goals plus your ability to provide a great instore experience to every customer

our global houseofbrands inspires and empowers youth culture relentlessly committed to fuel a shared passion for selfexpression we create unrivaled experiences at the heart of the sport and sneaker communities through the power of our people if you want to be a part of something bigger than you can imagine youve come to the right place to learn more about the incredible impact were making on both our local and global communities click here

responsibilities
 ensuring high levels of customer satisfaction by being knowledgeable on all products offered and teaming up with coworkers to provide excellent sales service
 delivering sales outstanding customer experience and operational expectations
 maintaining personal and productivity goals
 connects with every customer by asking openended questions to assess needs
 ability to learn and share expertise of products and trends to fit customers [...]"
1196,Sales Manager,"LEASING CONSULTANT       Summary    To attain a position with a client and team oriented business that promotes my customer service aptitude while expanding company-wide knowledge to meet office oriented goals.      Experience      Leasing Consultant     Jan 2016   to   Current      Company Name   －   City  ,   State       Associated with the
leasing of vacant units in the property to help ensure a high occupancy rate
and assisting in customer service, and resident retention of current residents.

      Assist in daily
inspections and upkeep models and target units, ensuring they are presentable
and ready to show to prospective residents.

·      Perform duties
associated with the rental of apartments, deal closing for renewals, and
off-site marketing.    Process rental
applications and complete related forms, verify all information in rental
applications. Obtain and review applicants credit report for review and final
approval of the Resident Manager.
        Record traffic sheets,
guest cards, and/or daily reports updated of leasing activity such as
inquiries, appointments, rentals, intent to vacate notices, move-ins, and
move-outs.       Assist in maintaining
required inventories for community supplies and equipment.        Assist in maintaining
up-to-date and accurate reports and completing all reports as requested by
Resident Manager and/or Corporate Office.       Collect and handle rents
and deposits. Prepares rent receipts.
       Handle resident concerns
in the absence of Resident Manager or Assistant Manager.

       Project a professional
image by meeting all Company Standards.

 

                      

         Leasing Specialist     Jan 2014   to   Jan 2016      Company Name   －   City  ,   State     Interviews prospective tenants and records information to ascertain needs and qualifications.  Tours prospects to vacant/model apartments, discusses size and layout of rooms, available amenities, such as swimming pool and saunas, location of shopping cente [...]","we are hiring a sales manager

summary

being the sales manager at a concord hospitality property means you hold an important key to the hotels success you will develop and foster hotel business through direct sales marketing telemarketing direct mail and tours of the hotel for both guest rooms and event space

responsibilities

 foster business with proactive and reactive sales efforts

 provide excellent customer service to our clients with speed and efficiency in returning calls and bookings

 exude proactive planning organizational skills and keen sense of pricing for overall efficiency of department

 provide excellent follow through on details to account and to hotel departments

 be the face of the hotel as all industry events with property representation of professionalism and character

 work with  party booking sites concord revenue management and city convention centers for maximization of key citywide events

 meet and exceed all monthly revenue and sales calls goals

 documentation of all sales activities in delphi or similar sales system for tracking and history

 be a team player at all times to assist as needed in the operation of a successful hotel

benefits

we offer competitive wages fulltime associates are eligible to participate in a comprehensive benefit package which includes medicaldentalvision plans life insurance stlt disability options  options tuition assistance discounted room rates at concord managed hotels plus training  development and career a [...]"
1197,Assistant Manager(02204) - 620 N Memorial Dr,"MARKETING AND SPECIAL EVENTS COORDINATOR       Summary    Detail oriented, organized and personable Event Coordinator relocating from the West Coast. In depth understanding of the value of planning and confirming details of events to ensure success. Brings over 6 years of experience and lessons learned to ensure all elements of an event come together smoothly.       Core Qualifications          Vendor and subcontractor negotiations/relations   Combination of big picture thinking and attention to detail  Relationship building       Prioritization  Clear communications with all parties  Time line of required actions for successful event             Skills        Desktop Publishing Software: Microsoft Office Suite  Tech savvy and able to learn new software quickly and efficiently        Experience     01/2010   to   Current     Marketing and Special Events Coordinator    Company Name   －   City  ,   State       Plan and manage weekend seminars, social retreats, fundraisers and gala dinners from concept to completion.    Design all marketing materials, brochures and fliers for conferences and events.  Developed marketing strategy based on knowledge of establishment objectives and market characteristics.  Maintain and update company website on a daily basis.         08/2009   to   12/2009     Special Events and Public Relations Intern    Company Name   －   City  ,   State      Worked on media planning and corporate budget management.   Created and maintained the company's calendar of events.  Communicated with many vendors and publications on PR events  Assisted in planning retail and wholesale events nationwide.         05/2009   to   08/2009     Bronx and Central Park Zoo Special Events Intern    Company Name   －   City  ,   State       Shadowed Special Event Coordinator on multiple special events such as the Annual Gala and Corporate Outings.    Assisted event sales manager in walk-throughs and day-of-event logistics.         11/2007   to   02/2008     Public Relation [...]","assistant managers will be responsible for learning and operating all functions within and for the dominos pizza store and in accordinance with the operating procedures and standards of dominos pizza
assistant managers will be in busy and fast paced working environment and have the ability to work well within a team atmosphere the ability to operate every job function within our system
assistant managers will need an availability during all operational hours of our store and the stores needs
for a full description and review of the job and skills please contact your local store manager or franchise operator"
1198,Senior HR Business Partner,"CONSTRUCTION MANAGER II       Summary      Excellent supervisory and organizational skills with the ability to effectively handle multiple ongoing events and time critical projects. Flexible, fast-learner who adapts quickly to new situations and enjoys working in a team setting. Strong customer service abilities and accustomed to working with a broad spectrum of personalities.           Skills          Managing large crews   Forklift and HAZMAT certified   Safe job site set-up   Power and hand tool operation   Organized and detail-oriented      Quality control   Baseline schedules creation   Blueprint fluency   MS Office proficient   Superb management skills            Accomplishments     Held a 96% success rate on assigned projects.  Led the construction of a new 146 Wireless construction project.  Trained and mentored over 23 construction workers, general laborers and apprentices.       Experience      Construction Manager II   09/2014   to   02/2015     Company Name   City  ,   State       Mobile L700 builds out for T-Mobile   Carefully coordinated plans and specs using marketing programming standards.  Educated general contractor personnel on the quality standards throughout the construction process.  Reviewed and investigated Proposed Change Order Requests (PCOR).  Submitted all project closeout documents in accordance with the contract.  Performed construction site pre-inspections and coordinated post-construction audits.  Accurately provided status information on project progress to the project management.  Efficiently recorded and rejected incorrect deliveries of material to site.  Tools used: LDO cam, Site handler, Ericsson portal, Excel.          Construction manager   09/2013   to   09/2014     Company Name   City  ,   State       AT&T RMR project, PMW Sprint / iDen project.  Colorado, Wyoming, Montana assigned market of work.  Managing construction start/Finish, closeout packaging, creating BOM, reviewing BOM with GC, scoping, and Red lining.  Maintainin [...]","about the teamat doordash people are our most important asset the hr business partner team works closely with leaders across our business to align people and strategy our hrbps assess coach and influence the business as we scale and evolve to enable our teams to accomplish amazing things
about the rolein this senior hr business partner role the client group will be the global enterprise sales team this role will work collaboratively with people leaders across our sales team this role will provide tactical support for daily challenges as well as strategic consultation on people programs to move the business forward this role will be critical to test and pilot new people programs and will significantly contribute to people team initiatives that will scale companywide this role reports to the hr director for sales
youre excited about this opportunity because you will
 coach leadership on people strategy including team structure organizational design strategic hiring performance management compensation recognition and learning and development
 partner with leadership to define execute and track progress against orgspecific people strategy objectives  key results okrs
 empower managers to build amazing teams through leadership development
 assess employee development needs and recommend solutions
 lead client groups through doordashs people programs engagement surveys performance reviews compensation reviews talent development etc
 partner with the culture belonging and people gro [...]"
1199,Marketing & Communications Intern,"ADMINISTRATIVE OFFICE ASSISTANT             Experience     01/2015   to   Current     Administrative Office Assistant    Company Name   －   City  ,   State      Provide customer service, Schedule appointments, and additional duties as needed.         01/2015   to   01/2016     Cheer Coach    Company Name   －   City  ,   State      Foster a culture of sportsmanship, teamwork, and responsibility.         07/2009   to   Current     Adjunct Faculty    Company Name   －   City  ,   State      Lecture and communicate effectively with students from diverse backgrounds.  Initiate thought-provoking discussions to help students build their critical thinking skills and translate their academic interests into the real world.  Maintain an undergraduate teaching load of 3-5 courses each semester to include Medical Terminology, Women's Health, Stress Management, Human Sexuality, Nutrition Concepts, Personal Fitness/Wellness, Student Development.         01/2008   to   Current     Substitute Teacher    Company Name   －   City  ,   State      Adapt to variety of lesson plans  to cover subject areas in grades K-12.         07/2005   to   08/2008     Fitness/Wellness Coordinator    Company Name   －   City  ,   State      Interview, hire, train, schedule, and evaluate group fitness instructors.  Maintain and manage fitness rooms and equipment.  Sign off payroll.  Navigate and use Class Track to provide access to specialty fitness classes.  Organize and maintain employee records and CPR/First Aid certifications.  Conduct monthly staff trainings and meetings.  Execute On-campus incentive program (FITRaider&RaiderXcape).  Coordinate and assist with special events (i.e., Fitness Xtravaganza, Tech Well, etc).  Rename and brand fitness program (RaiderX and X2).  Develop and manage Better U (yoga and pilates) personal training program.  Collaborate with other departments on campus for various wellness activities 
(Amazing Spring Break Race, Alcohol Awareness Week, etc).  Advise student supervi [...]","posted may   company health action council

marketing  communications intern

position description health action council is looking for a marketing  communications intern to help develop and implement communications strategies and materials that engage health action council members and prospective members promote collaboration among a broad spectrum of stakeholder groups including employers employees doctors hospitals educators policy makers and public officials and raise awareness of health action council within the broader community

position location company headquarters in cleveland ohio

intern will learn and be exposed to
 a variety of online communications that are sent on a regular basis to members and other target audiences
 participation in the planning of health action council events including the annual national conference
 participation in staff meetings as required
 opportunities to network with individuals and organizations from the public private and nonprofit sectors  particularly in the health and wellness sector  throughout ohio

key responsibilities
 support health action councils communications efforts
 contribute to the content development of various online communications tools including the health action council website newsletter and education event announcements
 help manage social media
 compile materials for eventsmeetings as necessary
 assist in the planning for the  conference  expo
 perform other duties as assigned

work hours the internship prog [...]"
1200,Staff Strategic Operations Manager,"STOREKEEPER II       Professional Summary    The purpose of this document is to secure a responsible career position that fully utilizes educational knowledge and experience while contributing to the goals and values of this organization. Having a friendly attitude and worm personality is an appreciated strong point, as it aided in building positive relationships with customers. As a result, repeat and satisfied customers were well known during career at Pioneer Packaging as well as while working for City of Peoria. Helping people is one of my best characteristics. Obtaining several years experience contacting vendors, answering phones and face to face contact with the public and governmental personnel has honed my customer service abilities. Problem solving skills and a positive work ethic makes communication easier. I am devoted and dedicated to serving in any way possible, and strive to accomplish assigned tasks quickly and efficiently. Exceptional people skills allow the ability to manage personnel and take care of conflicts, disputes and other personal needs of employees. Procurement and Purchasing: Over 10 years processing purchase orders. Primary vendor contact for Inventory Control and Fleet parts room purchases. Highly proficient utilizing inventory procurement practices and procedures.       Skills                    Work History      STOREKEEPER II       |   January 2002   -   January 2013     Maintaining and reconciling inventory through clerical support, using PeopleSoft to procure and receive shipments obtained by purchase order.  Create excel spread sheets for reports, manage inventory files and research inventory problems.  Conduct inventory cycle counts, coordinate stock and document transactions.  CSR): Provide Customer Service to Departmental and Fleet Maintenance Personnel, process work orders and fill Fleet Purchase Requisitions, contact vendors to procure fuel, parts and other automobile and truck supplies for fleet services.  Trainer: Forklift [...]","company description

at servicenow our technology makes the world work for everyone and our people make it possible we move fast because the world cant wait and we innovate in ways no one else can for our customers and communities by joining servicenow you are part of an ambitious team of change makers who have a restless curiosity and a drive for ingenuity we know that your best work happens when you live your best life and share your unique talents so we do everything we can to make that possible we dream big together supporting each other to make our individual and collective dreams come true the future is ours and it starts with you

with more than  customers we serve approximately  of the fortune  and were on the  list of fortune worlds most admired companies

learn more on life at now blog and hear from our employees about their experiences working at servicenow

job description

we are seeking a leader for strategic operations for the experience organization which is made up of product designers technical writers researchers and program managers all focused on developing products and experiences that users will love this role will be focused on all aspects of strategic operations including organizational cadence annual planning special projectsinitiatives and ongoing budget and talent management

learn more about our team here 

what you get to do in this role
 spearhead multiple complex initiatives and partnerships to build our future state organization and structure [...]"
