row_id,job_position_title,resume_text,job_description
1001,Registered Nurse (RN),"HUMAN RESOURCES PROFESSIONAL       Professional Summary     Experienced working in fast-paced environments demanding strong organizational, technical, and interpersonal skills. Highly trustworthy, ethical, and discreet; committed to superior customer service. Confident and poised in interactions with individuals at all levels. Detail-oriented and resourceful in completing projects; able to multitask effectively.       Skills          Networking and Partnership Development  Decision Making  Report Preparation  Human Resources Management Systems  Procedure Compliance  In-Person and Telephone Interviewing  Employment Data Tracking  New Hire Onboarding & Orientation      Termination Documentation  Conflict Resolution  Documentation and Recordkeeping  Willingness to Learn  Remote Conferencing and Communication  Microsoft Office  Employee and Applicant Assessment            Work History     07/2018   to   01/2021     Human Resources professional      Company Name    –    City  ,   State        With hands on experience in distribution environment.  Employee Relations/Conflict Resolution and Policy/Process guidance.  Initial workforce hiring, pre-acquisition due diligence and post-acquisition HR integration.  Completed 2 days of onboarding process every week. Ranging from initial presentation on companies' policies and overview, to revising e-verify process, making badges, and assuring system certifications (FDU) were completed upon starting in their new role.  Managed and updated personnel files for old and new hires in the Human Resources Information System database (Lawson).  Assessed and streamlined training coach program to drive consistency of company's processes.  Fostered a teamwork environment conducive to positive dialogue across the organization.  Personal efforts were cited as a great driving force behind DC employee-retention rate within an industry where high turnover is the norm.  Saved company thousands of dollars every month by reducing reliance on employme [...]","registered nurse contract fulltime

are you looking for an exciting  professional career in occupational health do you enjoy learning new roles and having a variety of job functions within the workplace then this dynamic role is for you please apply at medika north inc fort mcmurrays professional occupational health service company our modern clinic is conveniently located in the heart of taiganova industrial park we have positions for  registered nurses

job title registered nurse positions 

we are seeking registered nurses to become part of the health team in a treatment room setting this position will be onsite for an oil  gas client near fort mcmurray alberta this position plays an important role in the overall success of one of our clients and requires professionalism and high practice standards  competency

the registered nurse will be primarily responsible for first aid care within a treatment room setting working with emergency response personnel in a collaborative environment acps firefighters rns pcps performing workplace health screenings and health promotion disease prevention efforts in response to covid other duties include covid screening both antigen and pcr health screening activities such as hearing conservation program silica medical surveillance and respiratory health program drug and alcohol testing will train the right individuals

roles and responsibilities
 maintaining medika norths privacyconfidentiality policies and procedures under each program and [...]"
1002,Apple Solutions Consultant,"SOFTWARE SUPPORT SPECIALIST           Professional Summary     Dedicated Customer Service Representative motivated to maintain customer satisfaction and contribute to company success.       Skill Highlights          Strong organizational skills  Energetic work attitude  Telephone inquiries specialist  Customer service expert      Telecommunication skills  Adaptive team player  Active listening skills  Sharp problem solver            Work Experience      Software Support Specialist     Company Name   －   City  ,   State      Evaluated system potential by testing compatibility of new programs with existing programs.  Maximized use of software by training users; interpreting instructions; answering questions.  Maintained system capability by testing computer components.  Assisted customer with installation of software and hardware.          Financial Foundations Associate     Company Name   －   City  ,   State      Acquired and applies developing knowledge of products, services, and processes.  Recognized life events, understands member's needs and provides advice in order to deliver appropriate solutions to the member.  Handled basic billing inquiries focusing on ""One & Done"" philosophy.  Specific product knowledge includes Auto, Home, Renters, and Valuable Personal Property.  Assisted members with their online account.          Admission Representative     Company Name   －   City  ,   State      Execute high volume of outbound phone calls.  Contacted students with computer issues.  Completed interview process with each prospective.  Follow-up regularly with student until start of classes.          Associate     Company Name   －   City  ,   State      Handled inbound telephone inquiries from retirement plan participants.  Responded to client's requested for account maintenance and balance information.  Processed financial transactions.  Offered appropriate products and services.  Provided appropriate education regarding a participant's retirement plan.  Wells Fargo Eq [...]","description
as an asc you will be highly influential in growing mind and market share of apple products while building longterm relationships with those who share your passion 
customer experiences are driven through you and your partner team growing in an ever changing and challenging environment you strive for perfection whether its maintaining visual merchandising or helping to grow and develop your partner team

qualifications
a passion to help people understand how apple products can enrich their livesexcellent communication skills allowing you to be as comfortable in front of a small group as you are speaking with individuals years preferred working in a dynamic sales andor results driven environment as well as proven success developing customer loyaltyability to encourage a partner team and grow apple business"
1003,College and Career Advisor - Cuyahoga County,"AGRICULTURE ADVISOR AND LANGUAGE OFFICER       Professional Summary    I successfully completed the 4-years course in Agriculture from Nangarhar Agriculture Faculty in 2002 and have studied English and computer software program for 15 months, at Oxford English and Computer Center Jalalabad City. I worked as Agriculture Advisor - Language officer with provincial Reconstruction Team U.S.A for Afghanistan/ Agriculture development team U.S.A For Afghanistan (PRT/ADT) office and as part of work mandate have gained: Familiarity and good relationship with local authorities, Members, of provincial Assembly and directorates of line Ministries. Participated in different meetings i.e.  (Provincial Development Council, Private sector development, Technical working Group) meetings held at Provincial level to improve life standards of our community and bring prosperity through implementation of developmental programs. Filed visit, Collection of Agriculture data, Monitoring of Agriculture Projects. In addition, I have a valuable experience of working as an Agriculture Coordinator which gave me an opportunity as part of Management body to: Establish adequate support at the community level for the project policies and activities to ensure community participation at all levels. Traveled to different districts and provinces of the country. Identify weaknesses and problems during the implementation process and propose appropriate solutions to avoid conflicts (Social, Political, and Cultural). Attended 3 months training on Agriculture New technology in U.S Kansas State. Furthermore, I have participated in several trainings and Seminars inside and outside the country including projects planning Cycle, Projects implementation, Logical framework Analysis. Conducted numerous capacity building and training workshops on various subjects for Nangarhar Agriculture University Students including, Business Development, Marketing, Field hands on trainings, Communication skill, and many other Food s [...]","job details

job location
college now  cleveland oh

position type
full time

education level
bachelors degree preferred

college now greater cleveland

position description

position title college and career advisor full time  months

status nonexempt

standard hours  hours per day hours vary depending on school schedule and school needs

salary starting at  and increases with relevant experience

reports to manager advising programs and services

assigned to advising programs and services

position summary

the advisor helps students aspire to prepare for enroll in and find resources to pay for postsecondary education based on specific school assignments this is mainly accomplished via classroom workshops group sessions individual student meetings and parent meetings the advisor will work with students in grades that can range between   

essential functions
 work within each schools unique environment in order to best serve students while meeting college now expectations attend faculty meetings school open house college information night and financial aid night and other meetings as necessary in order to meet key school personnel promote college now services and integrate into the schools system
 provide group and individual services to students in all assigned schools these services may include
 assisting students with discerning career and college goals by providing information regarding educational options beyond high school including institutional choice career options [...]"
1004,"Vice President, Operations","OWNER       Summary     Results-oriented individual with diverse background in management and customer service. Dedicated to providing excellent customer service and Strong work ethic, professional demeanor and great initiative.         Highlights          Microsoft Office proficiency  Employee training and development  Schedule management  Results-oriented  Dedicated team player  Resourceful  Bilingual in [Language]  Arts and crafts aptitude  Meeting planning  Scheduling  Concierge duties  Operations management  Marketing and sales specialist  Excellent interpersonal and coaching skills  Recruiting and selection techniques  Interviewing  Staff development/training  Internet savvy  Able to work independently and as a member of a team  Comfortable with diverse populations  Excellent relationship building skills  Excellent writing and critical thinking skills  Interpersonal, oral, and written communication skills  Clear public speaking skills       Strong organizational skills  Seasoned in conflict resolution  Customer-oriented  Social media marketing  Event planning  Strong planning skills  Supervision and training  Client relations specialist  Exceptional writing skills  Event planning  Microsoft Office Suite  Dedicated team player  Certified in Early Childhood Education  Classroom management  Parent/teacher conferences  Behavioral/cognitive skills development  Teaching, tutoring and counseling  Effectively work with parents  Motivating students  Interactive teaching/learning  Innovative lesson planning  Conflict resolution techniques  Calm and patient  Curriculum development  Excellent classroom management  Excellent reading comprehension              Accomplishments      Customer Service     Handled customers effectively by identifying needs, quickly gaining trust, approaching complex situations and resolving problems to maximize efficiency.    Administration     Performed administration tasks such as filing, developing spreadsheets, faxing reports, photocopying c [...]","vice president operations

new albany ohio

brightview enterprise solutions

looking for an opportunity where success comes naturally then you may have found your crew were looking for a vice president operations to join our team

heres what youd do

the vice president operations will work with the senior leadership team to ensure daytoday operations function efficiently to achieve short and long term objectives the vice president operations will need to understand the business structure and culture have a working knowledge of all work processes and systems envision company goals as well as play a key role in defining the strategy ensure that systems are operating efficiently and deliver high quality services while reducing operating overhead as a member of the bes leadership team the vice president operations will work with each department to accomplish company goals and objectives

youd be responsible for
 work with senior leadership team within the bes business unit to develop and implement operating plans to achieve strategic business initiatives and deliver results
 develop implement and direct execution of operating processes policies and service delivery to improve our ability to service our clients to maximize retention and grow the business
 directs company field operations to achieve service delivery goals budget and other objectives in a dynamic seasonal business
 directs shortterm and longrange planning and budget development to support strategic business goals
 e [...]"
1005,"Sales Associate Totally Pagoda,Providence Place Mall","SALES ASSOCIATE       Career Focus    I am a dedicated, hardworking woman. I am trying to provide for a growing family. I am great with people, and handle myself well in difficult situations. I am looking to eventually go back to school and better my own life as well. As for now I am seeking any type of employment to be able to provide for the daily needs of myself and my children.      Skills      Speaking   Sales and Marketing  Customer and personal Service  Active Listening  Critical Thinking  Reading Comprehension  English Language  Judgement and Decision Making  Social Perceptiveness  Persuasion  Clerical  Coordination  Monitoring  Time Management  Negotiation  Mathematics  Service Oriented  Food Production  Active Learning  Learning Strategies  Instructing  Production and Processing        Education and Training      June 2011    Stanhope Elmore High School   －   City  ,   State      GED              Work Experience      Sales Associate  ,   11/2015   －   12/2015    Company Name   －   City  ,   State      Greet customers and ascertain what each customer wants or needs.  Recommend, select, and help locate or obtain merchandise based on customer needs and desires.  Answer questions regarding the store and its merchandise.  Maintain knowledge of current sales and promotions, policies regarding payment and exchanges, and security practices.  Place special orders or call other stores to find desired items.  Open and close cash registers, performing tasks such as counting money, separating charge slips, coupons, and vouchers, balancing cash drawers, and making deposits.  Watch for and recognize security risks and thefts, and know how to prevent or handle these situations.  Inventory stock and requisition new stock.  Ticket, arrange and display merchandise to promote sales.  Exchange merchandise for customers and accept returns.  Bag or package purchases, and wrap gifts.  Clean shelves, counters, and tables.          Server/Server Assistant  ,   08/2011   －   01/2012 [...]","working with guests helping them find jewelry that suits their needs and piercing also excellent customer service skills needed we are a division of zales jewelers part time flexible hours available hourly pay plus bonus potential

covid precautions
 plastic shield at work stations
 temperature screenings
 social distancing guidelines in place
 sanitizing disinfecting or cleaning procedures in place

paid training
 yes

management
 store manager
 assistant manager

work remotely
 no

this job is ideal for someone who is
 dependable  more reliable than spontaneous
 peopleoriented  enjoys interacting with people and working on group projects
 achievementoriented  enjoys taking on challenges even if they might fail
 innovative  prefers working in unconventional ways or on tasks that require creativity

job type parttime

pay from  per hour

benefits
 paid time off

schedule
  hour shift
 night shift
 weekend availability

supplemental pay
 bonus pay

covid considerations


ability to commuterelocate
 providence ri  reliably commute or planning to relocate before starting work required

work location one location"
1006,Program Coordinator - Adult And Community Education,"25LIVE FUNCTIONAL ADMINISTRATOR/SUPERVISOR OF I.T. HELP DESK         Professional Summary    Experienced R25/ 25Live  Administrator  committed to maintaining cutting edge technical skills and up-to-date industry knowledge.      Skills          Excellent communication skills  System upgrades  Excellent problem-solving abilities  Microsoft MSCA/MCSE Certified  Excellent problem-solving abilities  Excellent diagnostic skills  Enterprise technologies              Work History      25Live Functional Administrator/Supervisor of I.T. Help Desk    ,     10/2007  
                            to   Current     Company Name   –   City  ,
                          State    Communicate with
and identify the needs of Resource 25 usage for staff members within
the University. Set boundaries for Web
Viewers and Users. Respond to space
requests. As the
University's appointed Resource 25
Administrator, all information
on Resource 25 must be kept current by deleting
space/creating new space  .  Run
weekly reports giving key information as to the events occurring on campus and the Sports Complex. E-mail to members of the events Committee. Take leadership role
at the Events meeting
which precedes  the events meeting.  Run weekly reports  on Sports
Complex activities
and e-mail to Village of  Lisle.   Develop, review and implement policies and procedures for the Resource 25 space
reservation process.     Other
Functions:   Keep
current and communicate with IT on the need for Resource 25 upgrades and research and identify the need for
efficiencies such as the Resource 25 and
PeopleSoft interface.  Train authorized Benedictine staff members
to use Resource 25 at the User level.  Maintain/update Resource
25 web site.   Assist areas within
the Office
of
Operations during summer/vacation period.  Handle/answer inbound requests from customers.  Answer phones professionally. Answer Service
Desk requests and tickets in a timely manner. 
Use questioning and listening skills that support effective [...]",program coordinator  adult and community education columbus city schools  columbus oh sign in for commute time apply now job details parttime  contract  minutes ago qualifications communication skills adult education curriculum development bachelors degree full job description  applications must be filed online at  at columbus city schools we strive to make sure each student is highlyeducated prepared for leadership and service and empowered for success as a citizen in a global community  but we cant do it without you as an awardwinning school district in the awardwinning city of columbus ohio we are proud of the work our more than  employees including teachers coaches and administrators do every day to change the lives of our students established in  the district is under the leadership of superintendent dr talisa dixon and a sevenmember board of education with more than  students located in over  different schools around the city of columbus we know theres a position thats right for you rise up and apply to our exciting and impactful position detailed below position summary responsible for the coordination of workforce development programs for adult and community education students following the programcourse goals and objectives that are supportive of the departments mission to serve its customers responsibilities include monitoring collecting and evaluating performance and progress toward the implementation of programcourse goals and objectives essential duties the statem [...]
1007,Financial Professional – Financial / Insurance – Entry Level,"WELLNESS DIRECTOR         Professional Summary          Skills          SKILLS  Body composition evaluations  Telehealth experience  Group Instruction  One-on-one coaching  Health education  Data management  Supervision  Planning and Coordination  Training & Development  Leadership  Compassion  Conflict resolution  CERTIFICATIONS  Group Fitness Instructor, NIFS Certified  Certified Therapeutic Exercise Specialist, ACE Certified  Yoga, Tai Chi, Spin, TRX, Behavior Modification, Parkinson's, Health and  Wellness, Aquatics NETA, Aquatic Exercise and Science and ACE  Certified,  Mixed Martial Arts and Boxing certified Inspector, Association of Boxing  Commissioners.      Accounting, HR, Promotion  Administrative, Instructor, Public relations  Arts, Instruction, Quality  Budgets, Leadership, Quality control  Business operations, Managing, Relationship-building  Coaching, Marketing, Safety  Chi, Market, Sales  Interpersonal, Access, Statistics  Excellent, NETA, Supervision  Communication, Organizational, Team player  Conflict resolution, Personnel, Trainer  Clients, Camera, Video  Data management, Policies, Composition  Delivery, Presentations  Educator, Pricing  Finance, Processes  Financial, Profit  Forms, Program development  Functional, Progress            Work History      WELLNESS DIRECTOR  ,     09/2015   to    Current      Company Name    –    City  ,   State        Helped clients set and achieve health and wellness goals.  Conducted group wellness presentations for classes up to 80+ participants.  Demonstrated safe and correct forms for each exercise and piece of
equipment.  Conducted needs assessments or surveys to determine interest in or
satisfaction with wellness and fitness programs, events or services.  Met or exceeded monthly revenue and training goals.  Performed screenings every month for markers such as blood pressure,
weight and BMI.  Conducted needs assessments or surveys to determine interest in or
satisfaction with wellness and fitness programs, eve [...]",financial professional  financial  insurance  entry level description entry level or new college graduate opportunities rarely give you a financial professional agent opportunity that allows you to manage your own book of business as a new york life insurance company financial professional agent you will not only manage your own book of clients but provide clients with insurance options and customer service you will help your clients prepare for longterm financial stability and security new york life is currently seeking selfmotivated driven individuals with a passion for making a positive impact on peoples lives your collegiate experience as a student a member of student organizations a leader or a student athlete have given you the skills you need to launch a career in a company with a wellknown reputation and resources your entrepreneurial spirit and desire for personal growth can take you wherever you want to go and new york life can help as a financial professional agent you will have the freedom to build your network of insurance clients and business associates who are looking for insurance and financial solutions many of our agents started their careers with new york life right out of college entry level candidates are encouraged to apply responsibilities of financial professional  financial  insurance  entry level  schedule appointments and meet with potential clients  make product recommendations to help clients meet their financial goals  provide ongoing service and [...]
1008,Customer Service Representative,"FIELD HR ASSOCIATE           Summary    Reliable HR Field Associate with a Master's of science in Human Resource management emphasis as a Generalist. Passionate and motivated with a drive for excellence.  Handles tasks with accuracy and efficiency. 
______________________________________________________________________________
Skills
*Verbal and written communication skills 
*Time management and organization skills
*Powerpoint presentations
*Flexible 
*Recruiting
*Investigation training
*Employee engagement
*Ability to develop and execute recruitment strategies
*Analyze data and recommend opportunities for improvement 
*Experience in preparing for audits
*Assisted in the hiring process by screening resumes-Select interview process certified via FedEx Ground
* Demonstrated ability to interact effectively with employees. 
* Ability to anticipate and identify problems and use sound judgment and fact based analysis to develop effective and efficient solutions. 
* Software skills, including use of Microsoft Office software and web-based applications. 
* Ability to work day, evening and overnight hours as business needs dictate. I am sending my resume to apply for the position of HR Generalist at AccruePartners, which was posted on LinkedIn by Mr. Luther Hardings.
As you can see in my resume, I possess over 6 years of experience working as an HR professional at two renowned companies in the US, which according to your job requirements, are two most important points.
My qualifications are the exact match to your job descripton:
* Capable of carrying out the recruitment process efficiently while maintaining quality standard.
Evidence: Screened 1500 resumes, Interviewed 500 candidates and hired 150 from this pool for the new call center setup at ABC Company in only 25 days.
* Able to consistently draft new and improve HR policies and procedures to boost staff motivation.
Evidence: With new and improved policies and procedures and resolving all staff related issues, increased [...]","if you are really interested in this job read the entire post its all about the details for us

we are looking for a team player who wants to help us close more deals youll be responsible for answering the phone when customers call as well as doing some outbound sales calls texts and emails we sell vacant land across the us and have an excellent website that gets a lot of leads
 please provide a voice sample when you apply or you will not be considered there if you read that and include a voice sample you just made it to the top  of applicants if you dont include a voice sample dont bother applying as your application will be disregarded

youll be part of a highenergy team of aplayers who love to have fun while being productive

must speak perfect english both verbal and written youll be speaking with people in the us regularly so you should be friendly and professional but have a sense of urgency being nice is key

base compensation is  per hour depending on experience you should expect to make an average of  to  per hour during your first months on the job after that your commissions will increase because youve built your pipeline and can make between  and  per hour

must be willing to work  to  mountain standard time denver colorado

we look forward to hearing from you if this sounds like a good fit"
1009,Inventory Clerk,"SUPPLY CHAIN MANAGER           Summary    Operations Manager FIU College of Business MBA Programs          Experience         November 2013   to   July 2014     Supply Chain Manager   City        Achieved corporate goals through the development and execution of strategy, policy, and leadership.  Primarily, but not limited to activities relating to master planning, tactical purchasing, receiving, warehousing, and shipping, and general materials Management.  Created and implemented Supply Chain Operational Excellence plan and Business Process Improvement plan to increase inventory turns (from 4 average turns per year to 7 average annual turns per year) within a high mix, low volume global business environment.  Controlled inventory assets to include expendable aircraft parts, Rotable and exchange pool assets, chemicals, miscellaneous shop supplies and consumable items valued at 6.8 million dollars.  Achieved and maintained  KPI's related to inventory turns, purchase price variances, material availability, on-time delivery, past due backlog, customer lead time, and overtime premium expenses.  Through both strategic initiatives and tactical response, ensured material availability for fulfilling customer orders on time, meeting target customer lead times, and fulfilling revenue commitments.  Responsible for weekly cycle count program and annual physical inventory processes.  Maintained a key role in the execution of monthly Sales, Inventory, and Operations (SIOP) goals.  Implemented lean principles, change management process, and best practices, for all purchasing/procurement, material handling/storage, and logistics activities.  Developed direct reports to support departmental and organizational continuous improvement goals.  Created and managed departmental expense budgets.  Negotiated and executed supplier agreements/contracts by working with cross-functional stakeholders and suppliers to reach agreement on contract terms and conditions.  Worked closely with departmen [...]",central business park  melrose ave ste  southfield michigan  united states of america this position is responsible for maintenance storage and utilization of the dialysis facility inventory and inventory system in accordance witinventory clerk inventory clerk healthcare retail
1010,Digital Marketing Internship at EdTech Start-up,"PUBLIC RELATIONS SPECIALIST           Summary     Dedicated Communication Specialist with extensive experience in media relations and special event planning. Areas of expertise include writing for many audiences, public policy analysis and managing multiple priorities.        Highlights         Superb writer and editor  Trained in media relations and crisis communication  Print and electronic media  Deadline-driven  Exceptional problem solver  Compelling public speaker  Exceptional writing skills  Event planning  SEO knowledge  Microsoft Office Suite  WordPress  Adobe Photoshop  Quark XPress   InDesign  Final Cut Pro       Skilled multi-tasker  Focused and driven  Dedicated team player  Positive attitudeExcellent communicator   Firm grasp of Associated Press Stylebook  Social media communication (ie: Facebook, Twitter, LinkedIn, Ello, Women.com, Instagram, tsu, MySpace, Google+)            Accomplishments     Communicated with the public, elected officials, media and employees.  Ran communications and public relations efforts on hundreds of projects with minimal budgets.  Developed and implemented an innovative internal communications strategy to improve employee engagement through strategic messaging.       Experience      Public Relations Specialist    March 2012   to   January 2014     Company Name   －   City  ,   State      Created position - took over duties from PR agency  Promoted the plan to media, Health Plan members and the public  Updated and monitored social media communication and website  Wrote and implemented yearly Public Relations and Social Media plans  Arranged sponsorships of area events, promotion and event planning  Coordinated and implemented community relations programs and charitable events   Tracked negative communication about the organization on websites and blogs and developed strategies for addressing it.   Devised optimal communications strategies to reach target audiences.  Planned and publicized events, including negotiating vendor c [...]","this internship is an opportunity to
 grow your knowledge of digital marketing
 work with the closeknit team of the goodreads for kids
 gain experience in a startup environment
 increase childrens enthusiasm about reading

at biblionasium our mission and passion is to encourage excite and engage kids to read founded in  this multiple awardwinning education technology company has over a million registered students and over a hundred thousand educators we are known as the goodreads for kids where students share book ratings reviews and recommendations with their friends and members of their school community in addition we provide a host of tools for educators to monitor measure and manage student independent reading to learn more about us please visit our website

to keep in contact with our user base and to grow our network of educators and parents biblionasium is looking for a social media marketing intern who will manage part of our communication channels and our social media presence this is a great opportunity for college students who are working toward a future career in the social media marketing andor publishing fields to gain handson experience

we are looking for business marketing or communications students who also have an interest in education literacy andor the childrens publishing industry any previous experience with digital marketing or social media or completed relevant coursework will be considered a plus
this is a remote position and you can work on your own [...]"
1011,Full-Cycle Recruiter (Remote),"VICE PRESIDENT INFORMATION TECHNOLOGY - SOFTWARE ENGINEERING         Professional Summary     A results-driven and business minded technology leader with 20+ years of experience in technology and software development.  A professional who is passionate about developing people and teams to reach their greatest potential. A thought leader that partners with business to drive strategy from conception to execution. A team player that places a priority on networking, relationship building and diversity to achieve the greatest possible outcome. A progressive technology leader with an innovative and growth mindset.       Skills          People Centered Leadership  Strategic & Tactical Planning  Software Engineering  Designing & Architecting Systems      Coaching and Talent Development  Building a Culture of Innovation and Engagement  Transformation and Change Advocate            Work History      Vice President Information Technology - Software Engineering  ,     03/2018   to   Current     Company Name   –   City  ,   State      Leading all aspects of IT Application Development and Corporate Systems teams encompassing 100+ IT associates plus consultants, $20 m budget, key capital trans-formative projects for the full life-cycle of delivering world class business solutions.  Supporting company-wide Fit for Growth initiative which focuses on improving customer and associate experience by transforming business processes and leveraging modern technology solutions replacing antiquated systems.  Leading technology transformation focused on re-platforming legacy core systems to a cloud and microservices/containers-based architecture running on the AWS platform.  This allows Safelite IT to deliver business value faster (improved speed to market by ~20%).   Leading implementation of robotic process automation (RPA) by automating manual/repetitive business processes. Anticipated savings of $2-$3 M per year.         Assistant Vice President - Solutions Delivery  ,     07/2015   to   0 [...]","oomnitza offers enterprise it a compelling solution to manage the entirety of its technology investment unlike conventional siloed and complex solutions oomnitza offers unprecedented visibility control and automation to unify lifecycle management across endpoints devices applications networks and cloud our enterprise technology management solutions enable some of the largest popular and most innovative companies in the world to address critical requirements for security compliance employee experience and financial efficiencywith greater productivity and accelerated time to value oomnitza is headquartered in san francisco

oomnitza is looking for an exceptional fullcycle recruiter to join our growing company and team the right individual will be passionate about recruiting and someone that will enjoy being an integral part of a hypergrowth phase at a startup this person will have the opportunity to work on challenging projects and initiatives and be instrumental to our continued growth in 

responsibilities
 support fullcycle recruiting for sales marketing professional services customer success customer support and more
 provide an exceptional and consistent candidate and hiring manager experience with a growth mindset and integrity
 proactively source qualified candidates review resumes and prescreen candidates while moving the interview process forward in a timely manner
 become a trusted advisor to our hiring managers by providing datadriven metrics and analysis to define s [...]"
1012,Equity Research Associate - Biotechnology,"ASSOCIATE, INVESTMENT BANKING OPERATIONS         Highlights          Proficient
in Microsoft Office (Excel, PowerPoint, Word, Access), Minitab, Maple, Lingo,
and HTML Applications  Experience
in SAP programs as well as Six Sigma      Detail-oriented  Analytical​  Troubleshooting and problem solving  Superior
communication, group dynamic, time management, organizational and leadership
skills            Experience      Associate, Investment Banking Operations   07/2013       Company Name     City  ,   State             Intern, Syndicated Loan Operations   06/2012   －   12/2012     Company Name     City  ,   State     Responsible
for performing maintenance on over 150 deals with over 1000 loans, including
processing notices of loan activity, managing cash flows, and monitoring past
dues and exceptions. Identified issues and partnered with the agent banks to
define the root cause and implement a remediation plan. Prepared and distributed
weekly status updates to the agent banks for several deals. Responsible for
monthly checklist process, ensuring the integrity of month-end data.        Intern, Derivatives Operations   12/2011   －   05/2012     Company Name     City  ,   State     

Responsible for updating and
creating backend client contact details database to ensure efficient
communication with clients for successful compliance with federal regulations.
Prepared bi-monthly critical executive scorecard reports for senior management to
ensure the corporation complied with federal confirmed-trade regulations.
Improved efficiency of reporting through developing system enhancements,
including macros generating business critical compliance reports for both
equity and credit derivatives.

        Education       2013   Bachelor of Science  :  University of Delaware   -   Operations Management    City  ,   State       Minor in Economics  GPA: 3.978/4.0  

Awards/Distinctions: Distinguished Operations Management
Junior, 

Alpha Lambda Delta Honor Society, National
Society of [...]","address
 w  street

job family group
customer solutions

bmo capital markets is a leading fullservice financial services provider we offer corporate and investment banking treasury management as well as research and advisory services to clients around the world bmocapitalmarkets

bmo capital markets is a leading fullservice north americandomiciled financial services provider offering equity and debt underwriting corporate lending and project financing merger and acquisitions advisory services securitization treasury management market risk management debt and equity research and institutional sales and trading bmo capital markets has approximately  professionals in  locations around the world bmo in total has approximately  employees

the equity research department covers over  stocks across diverse sectors and provides equity strategy quantitative analysis and portfolio management services to our clients within this we are currently searching for an associate for our internet  media research team in our new york office

description

bmo capital markets is seeking an equity research associate to support one of our biotechnology analysts candidates should have strong familiarity with the biotechnology industry preferably gained through experience in equity research investment banking  consulting or work as a scientist in the biopharma industry an advanced scientific degree md or phd or mbacfa is desired but not required

as a research associate you will perform extensive fundam [...]"
1013,Admin/Clerical Recruiter,"PAID MEDIA SPECIALIST       Summary    Enthusiastic employee with a record of high quality work, excellent interpersonal skills, and a strong work ethic. I am seeking a career with a company that values hard work, open communication, and offers opportunities for growth   and personal improvement.        Accomplishments      Angie's List Developing Professionals Network    March 2014-Present.  Promote career development and employee culture through educational and social events.        Experience     08/2016   to   Current     Paid Media Specialist    Company Name   －   City  ,   State      Collaborate with agency partners and marketing leadership to execute Angie's List offline advertising strategy.  Responsible for planning and implementing 2017 offline media plan of ~$14M, which accounts for 57% of marketing's membership sales goals.  Manage relationship with radio partners, TV media agency of record, and other offline media contacts.  Work closely with online marketing team and digital agency partner to align media plans between online and offline tactics, focusing on advanced TV and OLV.         04/2015   to   07/2016     Coordinator    Company Name   －   City  ,   State      Supported the marketing leadership team, acting as a liaison across seven marketing channels and among several agency partnerships.  Coordinated and executed formal RFP process for digital, creative, and media agency searches that resulted in media buys greater than $50M.  Organized quarterly marketing summits with marketing leadership and agency partner teams.  Managed monthly marketing department wide meetings for 11 teams, consisting of ~65 employees.  Point person for contract management process, and implemented any new software and processes for marketing department, including SharePoint and Procure-to-Pay system.  Angie's List top 20% performer Q3 & Q4 2015.         06/2013   to   04/2015     Member Care Trainer    Company Name   －   City  ,   State      Constructed training plan to r [...]","knowledge services is seeking an administrativehealthcare recruiter to join our team in our brand new indianapolis office hybrid schedule offered in this role you will be part of a high performing recruiting team where you will have the support collaboration and tools necessary for success this role offers high earning potential including a strong base salary with uncapped commission and full corporate benefit package we offer the resources you will need to ensure success such as industry leading technology sourcing platforms job board access linkedin recruiter seat internal resources community networking opportunities and more if you are driven and hungry for success but also value teamwork and a positive working environment lets talk

join the nations largest government managed services provider and see why knowledge services has been voted one of indys best places to work in indiana for the past five years
 analyze candidate information to determine match between candidates and job openings
 screen and identify administrativemedical talent through passive and active sources including postings social networking job boards and internet research
 submit qualified candidates and manage them through the full recruitment process utilizing ats for documentation
 deliver a positive candidate experience while overcoming objections negotiating rates closing candidates and monitoring onboarding
 follow organization and customer processes  policies to ensure contact compliance and cus [...]"
1014,Medical Case Manager - (Remote),"MARKETING CONSULTANT           Summary     Value Creator, Marketing Executive:  Versatile strategic leader with over 15 years in corporate marketing, business development, and account management for Fortune 1000, niche, and start-up companies. Success in healthcare, technology, automotive, retail, and consumer-packaged goods. Proven ability to grow revenues and brand loyalty in B2C and B2B markets with innovative campaigns and targeted marketing programs.  Contributor to team leader with experience over million-dollar budgets. Entrepreneur mindset creative and analytical skills for measurable impact. BBA in Marketing and MBA in Management.      Skills          Strategic Planning  Forecasting, Budgets, & P & L  Brand & Product Management  Channel Strategies  Lead Generation  Account Management  Complex Selling  Software & Technology  Manufacturing   Sourcing  Sales Enablement      Business Competitive Analysis  Market Research  New Product Development  Packaging  Creative/Design  Content & Communications  Social Media & Digital   Events   Project Management, Vendor Management  CRM & Automation Apps  Call Center & Telemarketing            Experience      Marketing Consultant    May 2011   to   Current     Company Name   －   City  ,   State      Marketing services and consulting working with diverse companies in healthcare and technology.  Client roles 
vary as Consultant, Contractor, and Employee in marketing leadership and managing all areas of the marketing function and 
resources.  Experience focuses in corporate, startups and individuals seeking to thrive including:.          Marketing Director/Consultant    April 2015   to   December 2016     Company Name   －   City  ,   State      Increased profits by 60% in one year through restructure of business line.  A B2B technology & healthcare solutions provider and VAR for GE Imaging reporting to matrix executive leadership Oversaw marketing for three divisions to support revenue pipeline across diverse vertical markets [...]","company  highmark wholecare job description 

job summary

this job assures that members with complex medical andor psychosocial needs have access to high quality costeffective health care assists in the holistic assessment planning arranging coordinating monitoring evaluation of outcomes and activities necessary to facilitate member access to healthcare services advocates for the most appropriate care plan using sound clinical judgment accurate planning and collaboration with internal andor external customers and contacts follows established regulatory guidelines policies and procedures in relation to member interventions and documentation of activities related to the members care and progress across the continuum of care facilitates andor participates in interdisciplinary andor interagency meetings when necessary to facilitate coordination of servicesresources for members

essential responsibilities
 communicate effectively while performing customer telephonic interviewing and communication with external contacts
 communicate effectively while interacting with case management specialists management team physician advisors and other interdepartmental contacts
 maintain knowledge of medical terminology and medical diagnostic categoriesdisease states
 educate members in order to enhance member understanding of illnessdisease impact and to positively impact member care plan adherence pharmacy regimen maintenance and health outcomes
 collaborate with primary care physicians medi [...]"
1015,Data Entry Clerk,"HR CLERK       Summary    Translates business vision into HR initiatives that improve performance, profitability, growth, and employee engagement. Developing, improving and managing HR strategies in benefits and compensation, employee recruitment and development, ethics and corporate social responsibility, diversity, safety and security, and business strategy.  Worked with continuous improvement programs in connection to development of Lean and Six Sigma strategy programs.       Highlights          New Employee Orientation  Applicant Tracking System  Onboarding  Payroll Management includes timekeeper for Kronos Timekeeping System  Compensation and Benefits   Performance Management      Workers Compensation  General Ledger Accounting   Database Management  Continuous Improvement  Six Sigma  Lean Manufacturing  Business Strategy            Experience     02/2016   to   Current     HR Clerk    Company Name   －   City  ,   State      Coordinate and oversea recruitment and orientation program support for other HR assigned special projects.  Coordinates and support for hiring of temporary hourly employees.         01/2012   to   01/2015     Administrative Coordinator    Company Name   －   City  ,   State      Coordinates, oversees, and performs a wide variety of administrative, secretarial, and program support activities.  Serves as primary point of operational and administrative contact for internal and external constituencies, often on complex and confidential issues.  Participates in the coordination, supervision, and completion of special projects and/or events.  One project included setup up of IT Service provider contract.  HR duties included maintenance of employee records, recruitment, employee orientation and onboarding.         01/2010   to   01/2012     Administrative Assistant/Bookkeeper    Company Name   －   City  ,   State      Provides high-level administrative support for human resources, accounts payable, and purchasing departments.  Primary duties includ [...]",anywhere in us   per hour   annual bonus  company paid insurance medicaldentalvisionlife  as a data entry associate youll review prepare and submit customer applications to insurance carriers for approval review and compile necessary information ensuring application packet completeness and accuracy verifying proper formatting and submitting the application using the carrierspecified channel conduct administrative tasks that support the submissions processhiring fast
1016,"Equity Research Associate, Biotech","SENIOR FIELD APPLICATION SPECIALIST       Summary    Senior Field Application Specialist with extensive customer training experience for a large, international, biotech company. An expert on multiple In Vitro Diagnostic systems and microbial methodologies, all utilized by laboratories in the pursuit of, food science, environmental testing, pharmaceutical development, pharmaceutical research, veterinary care, blood banking, clinical research and clinical diagnostics.        Education and Training       2007   Bachelor of Science  :  Metropolitan State University of Denver   -   Microbiology and Molecular Biology    City  ,   State  ,   USA    Microbiology and Molecular Biology          Experience      Senior Field Application Specialist   06/2014   －   06/2016     Company Name     City  ,   State       Responsible for first line of customer support and troubleshooting both onsite and remotely.  Provided proficient and timely instrument training, validation and implementation for bio health care customers on the use of all Biomerieux platforms and assays; Immunoassay, microbial Identification, microbial resistance, mass spectrometry MALDI-TOF, sterility, microbial enumeration, DNA/RNA extraction, DNA strain typing, media management, and blood banking.  Strictly adhered to government guidelines and regulations.  Aided the marketing, engineering and sales groups to increase offerings and solutions.  Remained the technical expert on all products.  Organized and managed a large territory through proper reporting and proof of accountability.          Field Application Specialist   01/2008   －   06/2014     Company Name     City  ,   State       Responsible for first line of customer support and troubleshooting both onsite and remotely.  Provided proficient and timely instrument training, validation and implementation for industrial micro customers on the use of all Biomerieux platforms and assays; Immunoassay, microbial Identification, microbial resistance, mass spectromet [...]","equity research associate biotech


apply
location  avenew york nyreq number research associate biotech
locations      ave  fl new york ny  
role type      full time 
summary
ladenburg thalmann is seeking an exceptional candidate to join as a sellside equity research associate to help cover the smallcap cap biotech sector our chosen candidate will be responsible for following the progress of covered public companies as well as researching other public and private biotech companies the chosen candidate will support the research team in the efforts to analyze companies and make stock recommendations to institutional investor clients the candidate will have an undergraduate degree in life sciences ideally with a second major in finance additionally the chosen candidate will have an interest in equity research and financial modeling as it relates to the biopharma sector this position will be based in midtown manhattan new york
in addition to the resume please provide a cover letter explaining your interest in this position
responsibilities  job requirements
provide support to the senior analyst through fundamental analysis and investment research in equity markets with an emphasis on the biopharma sectoranalyze individual biotech companies to build and routinely update threestatement financial modelsbuild and maintain sales models for a variety of medicineswrite comprehensive initiation research reports and commentaryconduct primary research through expert interviews and due dili [...]"
1017,Chief Executive Officer - Healthcare - Columbus,"CONSULTANT       Summary    Business focused professional with a passion for healthcare and patients. Leverage experience and expertise to help
 businesses execute on their strategic initiatives. Experience in managing experience design and human-centered focused
 projects, strategy planning, logistical planning and execution, strategic change management, corporate communications,
 project management, and learning design. Known for an innate ability to diagnose problems and develop creative
 solutions tailored for each organization. Extensive experience leading teams and developing team members at varying
 levels in their career, as well as being able to work in complex organizations.        Experience     09/2015   to   Current     Consultant    Company Name   －   City  ,   State      Most significant projects
     § National Audit Firm - Led an experience design initiative to understand what people do, how they work
         and the systems they use.  Showed leadership where gaps existed and how to close those gaps to increase
         productivity and foster positive working relationships across the organization.  Managed an innovative and
         creative team as we used a user-centric design approach to gain a greater understanding of the major
         audiences represented, and developed a plan to effectively roll out a new service desk to the organization.  Managed client relationship and responsible for final deliverable delivery.  National Healthcare Insurer - Led the corporate communications workstream.  Executed strategic
         communications activities to support of awareness and adoption of the upcoming implementation.  Created
         dynamic communications, thinking outside the box to promote the benefits of the new system in addition
         to the impact to the organization and its customers.  Conducted pulse checks and executive interviews to
         understand level of involvement and stakeholder engagement, making adjustments along the wa [...]","chief executive officer  healthcare

columbus ohio

columbus ohios state capital is known for the scioto mile which is a string of parks on both sides of the scioto river with a huge interactive fountain and trails columbus is home to one of the nations most competitive intercollegiate programs the ohio state buckeyes of ohio state university whether you are looking to relocate or are a current resident job opportunities in columbus are abundant

the chief executive officer ceo is accountable for operational oversight of hospital systems and services ideal candidates will have prior leadership experience in a healthcare system and have a passion for improving patient outcomes

chief executive officer ceo responsibilities
 adopts an approach to hospital wide performance improvement to ensure important processes and activities are measured assessed and improved systematically
 promotes quality outcomes through effective planning and efficient utilization of healthcare resources
 directs the financial and budgetary performance of the hospital
 sets the business strategy and promotes the mission vision and values of the organization
 builds a senior management team
 successfully meets strategic operational and programmatic goals approved by the governing board
 creates and promotes a desired culture for the organization
 supports employee and patient education to enhance knowledge skills and necessary behaviors to facilitate health
 participates in systemwide policy decisions aff [...]"
1018,Marketing Intern,"PROGRAM MANAGER       Professional Summary    Highly-motivated community service professional skilled at networking, media outreach and relationship development. Flexible and versatile team player who maintains a sense of humor under pressure.      Core Qualifications          Citizen engagement  Employee relations  Media relations  Inter-governmental and legislative affairs  Social media  Event planning and logistics  Public speaking  Copywriting and copyediting  Microsoft Word and Excel expertise  Strong communication skills              Experience     10/2015   to   08/2016     Program Manager    Company Name   －   City  ,   State      Contributed to relevant blogs, conferences and events both off-line and online to increase brand awareness.       Managed the complete redesign and launch of the company's website in  [Number]  months.       Created an official company page on Facebook to facilitate interaction with customers.       Managed all social media programs, including Internet forums, blogs, social networking applications and message boards.      Presented on current promotions to the public at events and tradeshows.      Wrote newsletter marketing copy and presentation materials for special projects.     Established effective working relationships with clients, government officials and media representatives.     Developed and implemented communication strategies and information programs.     Gathered and analyzed data on community needs and interests.     Developed and published a monthly citizen newsletter.       Organized public appearances, lectures, contests and exhibits to increase product awareness.     Designed web and other content, including monthly newsletters and promotional calendars.         Managed the editorial content, design and distribution of the external company newsletter.       Conferred with production, graphic design and web-design personnel to coordinate production of corporate communications materials.         Developed corporate [...]","our team is growing were offering several different internship opportunities for innovative candidates these interns will gain experience with social media management video production client relations branding and creative marketing campaigns

since we are a growing company our interns will get to work hands on with projects that will directly impact local and national companies our work has been used as tv commercials website headers has garnered millions of impressions on social media and has been featured on accounts such as mercedes benz usa nissan jaguar usa and roush performance"
1019, Construction Project Manager,"INFORMATION TECHNOLOGY CONSULTANT           Career Overview     Accomplished information technology professional with over 18 years of diverse technology, process analysis, project management, and information management experience.  Proven ability to successfully implement technology solutions, stay within time and budget constraints, and improve efficiency through proper risk management, task coordination, and resource utilization. Core Competencies Project Management Systems / Network Reporting Proposal Development Web Design & Development SOP & Policy Writing Systems & Process Consulting Document Management Technically-advanced information technology specialist successful in software administration and data communications.Experienced Computer Systems Analyst with diverse industry experience in banking, healthcare, insurance and government. Professional expertise includes systems applications, disaster recovery planning and information protection analysis.       Qualifications         Microsoft Windows (7, 8, 2012), Apple Mac (OS 7 - X, OS X Server, iOS), Unix/Linux (Ubuntu, Red Hat, CentOS, FreeBSD, SmoothWall Express)   Server/Web Software: 	MS Exchange, MS SharePoint, MS IIS, MS Hyper-V, Apache, WordPress, CloudFlare, Documentum, CoreDossier, Oracle Workflow, DavMail HTML5, CSS, PHP, JavaScript, Java, XML, C++, Microsoft Visual Basic   Applications:	Adobe CS6 (Acrobat, Photoshop, Illustrator, InDesign, Dreamweaver, Premiere, Flash, After Effects, Fireworks), MS Office, MS Project, Office 365 MySQL, MS SQL, MS Access, Oracle 11i, Sage ACT!     Web content management  Information security  Content management systems      Hardware:	Dell, HP, IBM, Cisco, SonicWall, NetGear, FortiGateProgramming and design skills  Optimizing and performance tuning  Document management  Web content management              Accomplishments      Print Graphic Support     Collaborated with marketing and business development groups for collateral needs by creating page layout designs for [...]","overview
location of construction pm currently seeking construction project managers currently located in the northeast market near a major airport
 
travel extensive travel typically overnight tuesdaythursday weekly with potentially more travel as needed based on business needs
 
this manager of construction projects is responsible for visiting budgeting developing plans conducting formal bidding managing construction activities and conducting all contract administration including contract modifications and pay applications for new relocated and construction projects at existing stores 

responsibilities
direct general contractors architects and vendors to complete construction projects while meeting contract requirements and tractor supply company tsc required timelinesreview construction contracts and pay requests per the detailed and dynamic contract checklists and pay application checklistsreview and monitor projects by developers and landlord contractors for compliance with tsc building requirements and schedules conduct a thorough review of all hard copy documents and well as the electronic information such as the weekly project reportsnegotiate review and approve change orders for both prototype and retrofit projects as well as special projects per the change order processperform a thorough review of all new store plans including civil architecture engineering ae mechanical electrical and plumbing mpe etcupdate the standard criteria plans scp quarterly to ensure tsc s [...]"
1020,Sales Associate / Design Consultant - Full Time,"FREELANCE GRAPHIC DESIGNER           Highlights          Summary:	Marketing and design professional with nearly eight years experience supporting effective development and implementation of company marketing plan and goals. Areas of expertise include:  Development of brand identity  Layout and copy of promotional materials  Copy, editing and proofreading  Execution and design of promotional campaigns  Print production preparation  Computers: Experienced and trained in CS5: Adobe Photoshop, Illustrator, In Design, and Acrobat.  Also trained in Microsoft Windows, Word, Excel, Dreamweaver, and Quark.                Experience      Freelance Graphic Designer  ,   01/2011   to   Current    Company Name          Magazine Layout Design.  Brochure Design.  Web Design.  Web Maintenance.          Owner  ,   01/2004   to   Current    Company Name          Creative design and layout of wedding invitations.  Preparation of art files and print specifications for various clients.  Creative design of marketing materials for various clients.  Website maintenance for various clients.  E-mail marketing.          Accounts Receivable Manager  ,   01/1998   to   01/2001    Company Name          Responsible for collections of all accounts.  Maintained daily cash balance.          Event Coordinator  ,   01/2004   to   01/2010      Creative design and layout of event posters, fliers and banners.  Coordinator of five major community events.            Personal Information    Ability to work hard and accomplish duties without direct supervision.      Additional Information      Self motivated & disciplined: Ability to work hard and accomplish duties without direct supervision.        Skills    Acrobat, Dreamweaver, Adobe Photoshop, art, balance, banners, brand identity, Brochure Design, Creative design, clients, editing, E-mail, Illustrator, Layout Design, Layout, marketing plan, marketing, marketing materials, Excel, Microsoft Windows, Word, posters, Print production, promotional materials, [...]","job details

description

the sales associate  design consultant is responsible for maximizing sales and delivering an exceptional guest experience in this exciting role you are creating lasting relationships while assisting clients with the selection customization and purchase of merchandise in this retail sales role the design consultant will have the ability to read each clients need for assistance and match their requirements to the benefits of the merchandise

as a sales associate  design consultant you will be providing customer service and space planning assistance as well as maintaining a sales driven focus

if this sounds like the type of environment in which you would flourish we invite you to apply for our opening at the freehold raceway mall

essential duties  responsibilities
 meets required monthly sales and productivity standards
 demonstrates strong product knowledge furniture accessories fabrics etc
 maintains a guest book to organize generate and cultivate business
 performs proactive and consistent followup with all guests before and after the sale and at delivery
 works to improve performance based on feedback provided by store management
 promptly solves guest concerns
 performs all opening and closing duties as directed
 accurately performs all systems functions and maintain operational standards
 works in collaboration with all team members

minimum qualifications
 high school diploma required college preferred
 some work experience in a retail environm [...]"
1021,Senior Accountant (Remote),"MEMBERSHIP COORDINATOR       Career Focus    I would like the opportunity to share more about my work experience and how my skill set could contribute to the
successful day-to-day running of your company. I'd be happy to supply strong references at your request.
I am currently in pursuit of a career and believe my skills could greatly contribute to your company.
Gainful employment in a well structured cooperative environment in which my skills and hard work can be optimally
utilized. Frankly stated I am looking for a career as opposed to a ""job"".      Summary of Skills          Reliable and dependable          High customer service standards  Active listening skills          Flexible scheduling  Top sales performer          Superior organization skills  Customer service expert          Excellent multi-tasker  Opening/closing procedures          Superb sales professional  Sharp problem solver          Bar management      Time management ability  Excellent communication skills  Strong lead development skills  Goal-oriented   Focused on customer satisfaction   Customer service expert    Employee training  Clean and professional  Cold calling  Self-motivated            Professional Experience     05/2014   to   Current     Membership Coordinator    Company Name   －   City  ,   State      As Membership Coordinators I am responsible for selling memberships at the health club.  The position requires that
     the membership coordinator generate at least 60% of my own prospects through normal prospecting channels.  The other 40% may originate from club advertising and promotions.  A strong working relationship with club staff
     is expected of the membership coordinator.  Paperwork and administrative follow-up on personal sales, along with
     personal follow-up on new memberships are essential tasks.  Responsibilities and Approximate Time Distribution
     15% - Telephone solicitation, prospecting and other follow up.  4% - Sending mailings to prospects.            60% [...]","in the minute it takes you to read this job description bluecore has launched over  individually personalized marketing campaigns for our retail ecommerce customers

bluecore is expanding our finance team and is looking for a senior accountant with a positive attitude who is highly motivated to learn and grow within a fastpaced organization this role will be responsible for supporting the monthly close processes as well as supporting and initiating general accounting and reporting process improvements to gain efficiencies and strengthen the overall control environment

this position requires a driven selfstarter who is able to work comfortably with stakeholders across the organization takes tasks from start to finish and someone who enjoys working in a fastpaced challenging environment this is a great opportunity to become a member of the finance team for a breakthrough company that is disrupting the retail market

the role
 perform monthend close activities including preparation of journal entries and reconciliations for various balance sheet and income statement accounts
 perform financial statement analysis and document meaningful explanations for fluctuations
 review revenue contracts and transactions to ensure compliance with the companys revenue recognition policies under 
 prepare memos and analyses surrounding revenue recognition under asc  for more complicated billing arrangements
 responsible for creating and maintaining commission calculation files for variable com [...]"
1022,Human Resources Manager,"OPERATIONS MANAGER       Executive Summary     A highly accomplished, versatile and respected professional with over 12 years in Terminal Operations at the Port of Los Angeles. Terminal Operations is a time sensitive, high pressure, and diverse environment which you collaboratively work with customers, the union work force, and internal management along with federal, state and local agencies to navigate a myriad of contract rules, regulations, lease agreements  and  laws.  As an Operations Manager, I have advanced knowledge in working with all facets of terminal operations; Customer Service, Rail, Vessel, Terminal planning and yard functions. Initiated cost reductions, stream-lined dock work functions and similar to an industrial designer reconfigured and maximized the use of terminal space to accommodate the growth in volume. Consistently achieves outstanding results in complex situations while building and maintaining strong, loyal relations with clients, colleagues and staff.  Being a leader in this environment challenges you to think beyond the simple choice and reach for the impossible answers while maintaining the integrity of all the moving parts.       Core Qualifications          Extensive knowledge of all operating aspects of Vessel, Rails, Yard and Terminal Operations.  Dynamic Leadership-Team Building  and Staff Training  Strategic planning  Cross Departmental Communications      Service Quality Improvement  Customers Relations  Budgeting Analysis, Forecasting and Cost Reductions  Productivity Reporting  Contract Compliance            Professional Experience      Operations Manager   01/2002   to   Current     Company Name   City  ,   State       Managed Yard and Terminal Operations Center  SuperIndendent of RailRoad Department, Vessel Operations and Customer Service   Solicited operational feedback from Union and implemented those recommendations, improved by 23%  Improvements in productivity thus reduced operating budget from $52M to $48M a year  U.S. [...]","about the role

as a human resources manager for tql you will be the hr pointofcontact for a designated group of teams across the country our hr team is obsessed with the wellbeing of our people and thrive on building trusting relationships with their internal customers we can promise no day will be the same here and youll have the opportunity to be a strategic partner for employees and leadership while contributing to the continued growth of tql

whats in it for you
 competitive compensation benefits and bonus package
 biannual bonus opportunity
 paid relocation to tql headquarters cincinnati oh
 join a growing team within a robust and innovative hr department
 lead all things hr for a select region of a  organization
 we win wherever we go  voted a top workplaces usa   and forbes americas best employers 

what youll be doing
 partner with sales marketing and support leadership to assist with organizational policies employeerelations issues and compliance with federal state and local laws
 serve as a resource to employees handling questions and helping to resolve workrelated matters and escalating issues or questions as necessary
 maintain confidentiality establish trust and credibility be approachable and fair and balance business needs with employee needs
 create and maintain documentation relating to personnel
 monitor employment law postings in office to ensure compliance with state and federal requirements
 assist the onboarding team with dayone activities including pre [...]"
1023,Retail Sales Associate,"BUSINESS DEVELOPMENT CONSULTANT         Executive Summary     Dynamic financial services and business development leader with 17+ years of combined experience across diverse banking and sales platforms. Dedicated to delivering services excellence while surpassing revenue objectives, working closely with teams and clients to address needs. Enforces adherence to organizational policies, procedures, and standards as well as industry regulations. Blends strong analytical and communications acumen to generate comprehensive research and reports - supporting planning and decision-making. Senior loan operations specialists skilled in collaborating with multidisciplinary teams throughout application and financing processes.        Core Qualifications          Loan operations & documentation   Compliance guidelines  Risk mitigation  Team leadership & support  Investments management  Home & commercial mortgages   Microsoft Office      Business development  Negotiations  Stakeholder relations  Customer service  Sales life-cycle  Underwriting requirements   Financial & credit data analysis  Prospecting & referrals            Professional Experience      Company Name    City  ,   State    Business Development Consultant   02/2019   to   04/2020        Delivered expert consulting services in financing, operations, sales, and marketing.      Fueled revenues and achieved top client satisfaction / referrals, maintaining top producer ranking by securing up to 50 new clients monthly.    Forged and cultivated productive relationships with customers and team members, facilitating full sales process by identifying and addressing individual needs.    Developed and implemented process improvement plans based on client feedback and operational monitoring.    Served as key expert in products and services, skillfully representing brand and overall offerings.            Company Name    City  ,   State    Business Development Manager   03/2017   to   02/2019       Spearheaded new business develo [...]","are you a high energy outgoing person who loves to help others and work as part of a team are you interested in starting a career in retail do you thrive in fast paced environments

then you may be the perfect addition to our team

guest service associates provide an exceptional guest shopping experience by greeting our guests and keeping our stores instock clean and organized as a guest service associate you will support the manager in day to day operations you will be crosstrained in all areas of the store gaining valuable operations experience looking for growth opportunities our parent company eg america operates nearly  locations across the united states

here are some of the tasks you will complete here
 we like to make sure all guests are greeted with a warm welcome and a smile after all we are known for delivering exceptional guest service
 operating the cash register in an efficient manner
 ability to adjust to whatevers thrown your way the environment here is fast paced no  days are alike thats what keeps it fun
 brewing coffee stocking shelves coolers and freezers
 juggling various tasks
 we love to keep a clean store we work as a team and do our part to maintain impeccable standards

we take great pride in the important role we play in the communities we serve our doors are always open to our guests rain or shine and on weekends  holidays each team member contributes to delivering the best experience to our guests by participating in all parts of the job

if you h [...]"
1024,Part-Time Retail Sales Associate,"ACCOMMODATION SERVICE EXECUTIVE LL       Professional Summary    Customer service and sales expert who identifies customer needs and delivers
solutions to problems. Driven to exceed sales and customer satisfaction goals and build long term
relationships with the clients. Creates a positive experience through high quality
customer care.
Bilingual manager able to build, lead and train efficient and friendly service teams.      Core Qualifications          Client-focused  Results-oriented  Quick learner  Superior communication skills  Cheerful and energetic  Effective team player              Experience      ACCOMMODATION SERVICE EXECUTIVE ll   12/2016   to   Current     Company Name   City  ,   State       Communicate with Partners by telephone or by e mail to provide guidance and assistance regarding Booking.com platform Extranet.   ​   Provide commercial advise and orientation to  partners based on Booking.com business model.      Gather information to solve partner and guests issues regarding reservations in order to coordinate assistance with Customer Service department.      Review and process new partnership registrations and set them ready to open on Booking.com webpage.      Keep partners and guests as center of all our operations to guarantee maximum satisfaction.     ​         CUSTOMER SERVICE EXECUTIVE   02/2016   to   11/2016     Company Name   City  ,   State       Communicate with customers by telephone or by e mail to provide information
    about hotel reservations, take or enter information, cancel reservations,  gather complaints details .  Keep records of customer interactions or transactions, recording details of
    inquiries, complaints, or comments, as well as actions taken.  Check and ensure that appropriate changes were made to resolve customers'
    problems.  Contact customers to respond to inquiries or to notify them of claim
    investigation results or any planned adjustments.  Refer unresolved customer grievances to designated department [...]","at kohls our strategy is to become the most trusted retailer of choice for the active and casual lifestyle be part of a team culture that values diversity and inclusion works hard to help each other succeed and celebrates each others wins to deliver a bestinclass experience for our customers

about the role
in this role you will engage and connect with our customers by providing excellent customer service through our hospitality mentality approach you will offer information to the customer on current merchandise assortment store promotions and events and execute operational processes effectively and efficiently to drive sales

key accountabilities
support sales hospitality operations people and conversion through our shop  program

drive sales
 drive sales by providing an inspiring environment that motivates customers to add to their basket

build trust to solve the customer shopping needs
 leverage omni channel offerings to deliver a frictionless customer experience
 accurately deliver on our operational processes bopus boss mls sfs

build rapport and make a genuine connection with the customer
 acknowledge and assist customers through our company programs
 complete transactions accurately and efficiently while engaging customers
 courteous and responsive to requests and questions
 answer questions quickly and accurately

be a savings consultant to help customers save with a kohls card
 converts opens and activates kohls card applications
 promote our loyalty programs by edu [...]"
1025,Staff Accountant,"ACCOUNT SERVICE REPRESENTATIVE II/TECH           Summary    Professional Account Manager trained in building strategic network ties and increasing salesrevenues. Cultivates and maintains strong customer relationships.        Accomplishments      Prospecting and cold callingExcellent communicatorStrong interpersonal skillsCustomer service-focusedTeam building expertiseTech-savvySkilled in MS OfficeProject managementProven sales track recordPromotional campaignsPowerPoint expertLeadership/communication skillsSkilled multi-taskerStrong organizational skillsStrong communicatorActive listening skillsExceptional customer service skillsSelf-motivated.  Accomplishments.  Named ""Employee of the Month"" in 02/2014 at C Spire.Winner of the ""C Spire Employee of the Quarter"" Award, 1st Quarter 2014.Maintained 100% Survey Rating entire tenure at Foshee Residential.Top 5 in New Accounts at Foshee Residential (2012)1st Place Southeast Regionals American Kickboxing Academy Tournament (3x) for ShogunMMA.        Experience      Account Service Representative II/Tech    January 2012   to   May 2014     Company Name   －     State      Project Design & Development LeadMay 2014.  Henderson-Thomas * Birmingham, Alabama.  Discover, design and build new user experiences to drive the next generation of portals,applications and Web properties, including mobile.  Design visually stunning, cutting-edgegraphics, animations and interactions for Web sites, portals and applications.  Produce visualassets needed by development team.  Contribute to building the Company brand on portals,applications, mobile apps and Web sites by executing user interface design consistently on alldeliverables.  Refine low to high-fidelity wireframes into designs for the informationarchitecture, navigational models, process flows, page layout, information displays andinteractional components based on user research and in partnership with user experienceinteraction designers.  Research and communicate trends and best-pract [...]","greenlight is a fintech company that makes a debit card for kids and companion apps for the family we proudly serve more than  million parents and kids with inapp tools for sending money setting savings goals monitoring balances managing chores automating allowance and investing
last year greenlight was valued at  backed by leading venture capitalists and institutional investors now it takes a special kind of person to join a neverbeendonebefore mission like ours we need people who love working with each other because they know it makes us stronger people who look to others and ask how can i help and then how can we make this even better if youre ready to roll up your sleeves and help parents raise a generation of financially smart kids apply to join our team today
we are seeking a staff accountant who will work with other greenlight accounting  finance team members and other greenlight employees on various challenging assignments the successful accountant will be passionate about helping support greenlights fullcycle accounting process and willing to grow into new areas of the accounting operation to support our rapid growthwhat youll be doing
 perform bookkeeping function on cash and expenses including keeping track of daily accounts payable and treasury transactions ensuring accurate entries in the accounting system and following up on invoice and expense report approvals
 perform reconciliations of cash accounts payable accrual payroll and other balance sheet accounts as [...]"
1026,Sales Specialist,"AUDIT AND RECOVERY SPECIALIST         Summary    Proficient and highly skilled Customer support specialist with years of experience seeking to use my extensive background in customer relations, collections and sales into an intermediate-level position with future advancement.      Experience      Company Name    City  ,   State    Audit and Recovery Specialist   01/2016   to   Current       Review, investigate, analyze, and resolve key issues at the provider and client level.  Manage outstanding inventory as assigned by maintaining daily call volume and inventory turnover rate expectations.  Adhere to all escalation timeframes and re-status inventory according to department guidelines.  Interface and collaborate with various levels at the provider level to communicate outstanding inventory issues and attempt continuous follow-up throughout the order to cash revenue cycle.  Utilize and contribute to refining department policy and procedures.  Identify and communicate process improvements which result in operational efficiencies.  Ensure systematic data oriented efforts to improve consumer and/or client services.  Serve as resource and subject matter expert to less experienced staff.  Collaborate, coordinate, and communicate across disciplines and departments.  Ensure compliance with HIPAA regulations and requirements.  Demonstrate commitment to the Company's core values.  The position responsibilities outlined above are in no way to be construed as all encompassing.  Other duties, responsibilities, and qualifications may be required and/or assigned as necessary.          Company Name    City  ,   State    Healthcare Collections Specialist   06/2015   to   01/2016       The handling of inbound and outbound calls from client customers.  Conduct account research and general analysis in order to assist customers.  Interacting with customers in order to resolve outstanding account balances and assist with payment plan set-ups.            Following up with customers on pay [...]","minimum qualifications
bachelors degree or equivalent practical experience years of experience in saas or productivity tools businessexperience managing enterprise accounts with sales cycles
preferred qualifications
 years of experience building strategic business partnerships with enterprise customersability to work through and with a reseller ecosystem to scale the businessability to plan pitch and execute a territory business strategyability to build relationships and to deliver results in a crossfunctionalmatrixed environmentability to identify crosspromoting and uppromoting opportunities within the existing account baseexcellent account management writtenverbal communication strategic and analyticalthinking skills
about the job
as a member of the google cloud team you inspire leading companies schools and government agencies to work smarter with google tools like google workspace search and chrome you advocate the innovative power of our products to make organizations more productive collaborative and mobile your guiding light is doing whats right for the customer you will meet customers exactly where they are at and provide them the best solutions for innovation using your passion for google products you help spread the magic of google to organizations around the world
the google workspace team helps customers transform and evolve their business through the use of googles productivity collaboration and content management suite of applications as part of an entrepreneuri [...]"
1027,Senior Sales Marketing Specialist (Programmatic),"BUSINESS SYSTEMS ANALYST I           Qualifications        TECHNICAL SKILLS: Business Applications: SAP Web Intelligence, Informatica Data Explorer, MS Visio, MS Project, Rational Rose, Business Objects Languages: SQL, UML,C, C++ , Core Java , Perl Web Development: HTML, XML, PHP Operating Systems: Windows XP/Vista/7, Linux Databases: Netezza, MS SQL Server 2005/2008, Oracle 9i/10g              Accomplishments      Organized workshops for SQL Server 2005 during the technical fest at Mumbai University Active member of Student Council of Asian Students at University of Maryland. Interface with the client and multi-disciplinary teams within Merkle (Business Intelligence, Information Technology, Database and Data Warehouse Developers) to support the solution delivery process  Work closely with clients to understand their marketing goals, design their marketing databases, facilitate optimum segmentation and provide platforms and reports to measure their marketing ROI.  Involved in designing and rolling out global marketing databases (North America, Europe and Middle East, Latin America) and thus well versed with Customer Data Integration and international data hygiene and standardization concepts. Enable the client to generate reports for Measuring ROI, effective channels , successful campaigns and optimum segments , trend analysis etc using tools like Business Objects Sound understanding of a projects life cycle, from demand generation to understanding the customer requirement and converting it into technical specifications and finally implementing the project. Jusitn: - Served as subject matter expert on marketing data and database design for European and Asia Pacific regions Involved the support of client requests such as adhoc reporting and campaign execution. Also responsible for identifying gaps in deployed functionality and building necessary new functionality alongwith correcting issues with current solution -data integration,data hygiene, cleansing CDI -created [...]","the trade desk is changing the way global brands and their agencies advertise to audiences around the world how with a mediabuying platform that helps brands deliver a more insightful and relevant ad experience for consumers  and sets a new standard for global reach accuracy and transparency

so if youre talented driven creative and hungry to bring something entirely new and wildly ambitious into the world and have some fun doing it then we want to talk

what youll do

the trade desks commercial activation team is the sales strategy and enablement arm of the global commercial team our strategists are internal consultants working to help identify and scale opportunities to drive revenue developing expertise in building solutions for brands around our proprietary technology the commercial activation team partners with business developmentsales and client services at the trade desk to provide highquality narratives for the products and services we offer our clients this team responds to and develops rfps and rfis for business across the globe collaborating crossfunctionally with product marketing business intelligence legal and other teams to ensure alignment with sales collateral and the trade desks clientfacing materials these cover capabilities product features roadmaps advertising solutions and positioning within the broader ad tech ecosystem

what youll do

as a senior sales marketing specialist programmatic you will
 learn the business inside and out you become very famili [...]"
1028,Sales Associate Full Time - Market Mall,"PURCHASER / PRODUCTION COORDINATOR       Professional Profile    Productive, quality oriented professional eager to contribute     comprehensive skills toward actively supporting a     progressive organization as a key team member.
Featured Skills    x  Expedite / AOG / Logistics
          x  Customer Service
          x  Finance / Accounting
          x  Sales
          x  Purchasing
          x  Inventory Control
          x  Stores / Warehouse
          x  Management
          x  Shipping
          x  Receiving
          x  Bookkeeping Ability to act independently to determine methods and procedures on new assignments.
* Ability to respond consistently with a high degree of initiative to resolve issues or complex problems that may arise.
* Ability to maintain positive company image and brand.
* Ability to perform work accurately and thoroughly.
* Efficient organization and time-management skills.
* Ability to prioritize tasks and meet deadlines.
* A courteous and professional demeanor.
* Strong negotiation skills
* Ability to work well under pressure
* Intermediate to advanced computer skills. Proficient with MS Office suite and other work-related software.
Additional
Comments    I have been working in the Aviation industry for 12 years now and bring with me a total on 15 years of experience that makes me a well-seasoned professional. I bring with me experience of working with commercial, military, charter, and prototype aircraft. I am experienced and knowledgeable with Boeing, Airbus, Bombardier, Dornier, and Lockheed and have proven myself to be both versatile when working with various aircraft makes & customers.          Experience     January 2011   to   Current     Company Name   City  ,   State     Purchaser / Production Coordinator        My journey at Flightstar began with production coordinating, where I was responsible for interfacing with leads, project managers, and customer representatives regarding aircraft documentation, parts status, and any probl [...]","sales associate

want to be a part of something big now is an amazing time to join our growing family

wow mobile boutique is looking for people who love people and are passionate about helping everyday shoppers connect with the perfect mobile solution through unbiased advice and meaningful conversations

customer experience is what we do as advocates for a better wireless journey our whole team is passionate about retail  focusing on the customers needs and helping them make the right call when selecting a solution for their lifestyle it helps that we are supported by canadas best wireless carriers telus rogers koodo fido and chatr and carry the coolest lineup of accessories

dont have wireless experience dont sweat it we will provide you with all the necessary training and support to help make you successful our focus is on talented individuals who have been successful and continue to have a desire to deliver an exceptional customer experience
 enjoy working in a fun dynamic and results driven team culture
 actively engage mall shoppers and follow the  nonnegotiable selling standards
 generate hype and awareness within a mall environment by being a brand ambassador
 identify customers needs and present a customized wireless solution
 deliver on our brand promise by offering customers a unique unbiased professional fun friendly and thoroughly enjoyable retail shopping experience that will consistently generate a response of wow
 achieve all key business metrics including sal [...]"
1029,Remote Education Advocate,"SENIOR VP - INFORMATION TECHNOLOGY       Executive Profile      CORE SKILLS      Demonstrates ability to be a strong leader in a fast paced environment with strong interpersonal skills, both written and oral, and a positive attitude toward sharing expertise and assisting others to learn. Exceptional ability to manage a group of individuals, and coordinate and distribute daily tasks and unexpected issues that may arise An organized, detail-oriented, and conscientious self-starter, able to strategize and prioritize effectively to accomplish multiple tasks and stay calm under pressure Creative, resourceful and flexible, able to adapt to changing priorities and maintain a positive attitude and strong work ethic        Skill Highlights          Expertise  Technology Optimization  Budgeting & Operational Cost  Team-Building, Training, & Leadership  Goal-Setting & Business Planning  Policy & Procedure Creation  Conflict Resolution & Management  Productivity, Efficiency, & Performance Improvements  IT Security  Project Management  Vendor Relations  Data Center Operations      Operating Systems: Windows 7, XP, Server 2013, 2008, 2003, Microsoft 
Active Directory, SharePoint, Exchange Server: 2003, 2007, 2013, VM 
Ware, Trend Micro, Cisco Infrastructure Routers and Switches, Palo Alto,
 EMC storage solutions, Data Center Management Market Data & Trading
 Systems: Open Bloomberg and Server API, FactSet, Fidessa, Tethys, Lava,
 LEK, ICE, Tradeware, Reuters Eikon, Thomson One, Reuters Station, 
Instinet, NASDAQ Trader, Advent            Professional Experience      Senior VP - Information Technology   08/2014   to   09/2015     Company Name   City  ,   State       Experienced technology leader with expertise in managing all aspects of front and back office systems in the Financial Services Industry.  A solid leader who can utilize his diverse background of information technology and business management skills to create winning teams to support mission-critical infrastructure SVP [...]","social media advocate

grassroots education marketing

employment type

parttime

about us

our mission is to improve lives by offering a literacy empowerment achievement delivery system combining the powers of government corporate america and educators with that of local employers employees and financial professionals we can dramatically improve the lives of our communities

we are seeking professionals with creativity and social media knowledge of posting and generating engagement this position plays a key role in generating leads of employers who would need benefits for their employees for little to no cost

responsibilities

work from home remote ability to furnish your own computer and internet

social media knowledge utilize all social media platforms with gem static or video content to drive lead generation

social media content creation creating developing and managing compelling social media content to build and increase client engagement

social media campaigns execute social media advocate marketing campaigns when asked by management

qualifications

ability to work remote efficiently

experience in social media posting

graphicvideo design is a plus

internet

show initiatives coupled with accuracy and attention to detail

a strong work ethic

why work for gem

grassroots education marketing offers a unique opportunity to join a fastpaced innovative organization that is passionate about thinking differently to generate leads while taking care of american employees [...]"
1030,Software Engineer (Web),"BUSINESS DEVELOPMENT MANAGER           Summary    With 11 years of diverse managerial and marketing experience penetrating in domestic and international markets including Manufacturing, Engineering, Food and IT, I have honed my communication and marketing research abilities to gauge demand for products and explore new clients. Having managed several big projects, I have learnt to maintain equanimity under pressure and achieve goals both as a cross functional team member and individual contributor.      Skills          Determined team player.  Versatile sales techniques.  Team Building  Time management skills with ability to prioritize results.  Proficient in PowerPoint, Word, Excel and online survey tools. MS Access, Oracle basic  Operating Systems: Windows 95/98/2000/XP/Vista/NT servers, MS DOS, Linux, Mac OS X  ERP: Basic SAP R/3, SAP PP, SAP MM knowledge  Software/ Applications: Internet Explorer, Outlook, Outlook Express, QuickBooks  Editing Tools: Adobe Photoshop, Corel Draw  General Productivity: MS Office  Project Management Tools: Microsoft Word, Excel, PowerPoint              Experience      Business Development Manager    February 2015   to   May 2017     Company Name   －   City        Responsibilities in Project 1:.  Closed $200 million deal for fabrication and welding work of burners with Reliance Industries (India) in Partnership with Precision Industries Inc.  LA, USA).  Oversaw all aspects of new plant development and after work at Rajkot (India).  Saved $20 million for Reliance Industries in burner designs.  Supervised a team of 18 including Direct and Indirect People.  Negotiated and saved 15% on purchase cost of new welding machineries valuing $7.5 million.  Responsibilities in Project 2:.  Introduced and represented Genie, a Terex Co.  world leader of Material Lifts and Aerial Work Platforms in India.  Oversaw advertisement, promotions and sales & services from launch.  Sales grew by $10 million within a year and saw an increase of 5% next year. [...]","responsibilities

produce clean efficient code based on specifications
develop test and implement new or existing software products and continuously looking for improvements
maintain and improve the performance of existing software
integrate software components and thirdparty applications
troubleshoot debug and upgrade existing software
provide software support for existing applications and systems
create and maintain technical documentation for reference and reporting"
1031,Sales Associate - Dalhousie,"SENIOR ACCOUNT MANAGER         Professional Summary          Skills          Administrative  Administrative support  Budget  Business operations  Clients  Customer service  Senior management  Fashion  Inventory  Logistics      Managing  Marketing  Meetings  Office  Negotiating  PR  Pricing  Reporting  Sales  Supervision  Unique            Work History      SENIOR ACCOUNT MANAGER  ,     03/2015   to   11/2020       City  ,   State        Dynamic professional with experience enhancing executive productivity and improving
business operations.  Results-driven and operates well with minimal supervision to meet
demanding objectives.  Seeking to apply unique abilities as an Executive Assistant or related
position at Drunk Elephant where professional experience will be effectively utilized with the
opportunity for advancement.  Managed daily business operations for the QVC account including allocations, inventory,
purchase orders, sales reporting, analysis, QVC digital business, and on-air show
production.         PUBLIC RELATIONS COORDINATOR  ,     09/2012   to   03/2015     Company Name    –    City  ,   State        Identified and implemented the company's PR, marketing and special event activities at
store-level by collaborating with management and vendors to maximize event strategies.  Created detailed run-of-show for seamless flow of events and executed all logistics.  Actively managed the PR budget and cut cost by negotiating pricing with vendors while
maintaining relationships.         MARKETING ASSISTANT  ,     07/2006   to   08/2012     Company Name    –    City  ,   State        Planned and executed all store-level events including fashion productions, sales
promotions, charity partnerships, and new customer acquisition.  Liaised between all impacted departments and vendors to ensure proper
communications and reporting practices for a successful event outcome.         EXECUTIVE ASSISTANT     Provided highly diverse administrative support to the CEO and executive [...]","job description

welcome to plantlife cannabis were so excited to lead canada with one of the fastestgrowing cannabis retail companies we currently have  retail operations opened andor in development and the growth doesnt stop there we are currently hiring for our calgary  dalhousie location

our plans for vast expansion necessitates a team of allstars to help us achieve our goals our retail locations demand a lot out of our team and therefore we are seeking the best of the best to keep our stores and customers satisfied

question  do you
 have experience and enjoy working with a team or individually
 have a passion for the cannabis industry
 have the drive to educate and guide new and current customers with exceptional service
 have determination and are ready to set goals for yourself and your team
 want to be involved in a fastgrowing company that gives you the potential to advance

if the answer is yes we want you

requirements
 proven experience as a sales advisor or another customer servicesales role
 experience in handling cash and utilizing pos system
 able to balance a customeroriented and a resultsdriven approach
 patient and comfortable dealing with customer complaints

why work for us

good question there are a few reasons why we think youd love to be a part of our team
 find some likeminded people who may even become your best buds
 advancement opportunities that open up everyday
 training and education of the industry will always be there for you to utilize and [...]"
1032,Registrar,"MANAGER OF FINANCE         Professional Summary    Highly motivated individual with demonstrated proficiency in listening to clients needs, and formulating the tactical plan to achieve the best results for all parties involved. Constantly explores new and challenging opportunities to further elevate client loyalty and boost revenues.  Known for honesty, integrity and a genuine passion for setting and achieving goals for self, while helping others attain theirs. Superior interpersonal dynamics interface seamlessly with others from all levels, backgrounds and cultures. Respected for maintaining a professional and positive demeanor. Career Achievements Quickly recognized financial instability within the company. Immediately identified the cause and formulated a plan that successfully resulted in the avoidance of bankruptcy which showed the stability needed to acquire an additional million dollars from investors. Finance and Operations Director for a multi million dollar premium finance company as well as agent within the parent company, simultaneously. Developed professional partnerships through interpersonal skills, integrity and honesty. Successfully obtained licenses through the state of North Carolina allowing me to become an Insurance agent for Property and Casualty for home and auto. Developed and streamlined a system of ""checks and balances"" to ensure proper resolution of financial situations, resulting in a 95% return of premium after cancellation. Trained 27 agents on standard operations and ethical practices to ensure professional service that proved successful in the overall growth and financial stability of the company. Qualification Highlights Intermediate level profiency with Microsoft Office, Advanced with FinanceMaster and Jenesis software, both Financial and Client support databases. Outstanding ability to multi-task while working two separate software programs, provide technical support for both programs and maintain a website with ease, still providi [...]","registrar


hca florida memorial hospital
location_on jacksonville fl united states
schedule fulltime  days rotating weekends
business_center admitting registration clerical and scheduling      job id 

description
shift days rotating weekends
schedule fulltime


are you looking for a work environment where diversity and inclusion thrive submit your application with hca healthcare today and find out what it truly means to be a part of a team

we are committed to providing our colleagues with the support they need we offer an array of medical dental and vision packages as well as several addon perks to make your benefits package truly customizable to you some of our unique benefits we offer include
tuition reimbursementassistance programsstudent loan  matching k based on years of serviceidentity theft protection discountsauto home and life insurance optionsadoption assistanceemployee stock purchase program esppwe value your contributions our employee recognition programs encourage our teams to raise the bar come be a part of the change

as a registrar you will work directly in the facility to ensure the highest quality of care is provided to our community our team is dedicated to helping others in their time of need

in this role you will
welcome patients and family members in a professional manner providing exemplary customer servicecontact the nursing staff for emergency medical needs and answer patient and visitor questionsinterview patients at workstation or at bedside to [...]"
1033,Sales Associate,"CONSTRUCTION BOOKKEEPER         Summary     Accounting Professional offering 13 years experience in bookkeeping and an effective, analytical approach to identifying and solving complex problems.       Highlights          Intuit QuickBooks specialist  General ledger accounting skills  Ethical approach to finance  Strong communication skills  Complex problem solving  Accounting operations professional  Fiscal budgeting knowledge  Managerial aptitude  Manufacturing and job costing experience      Proficient in outlook, excel, word  Broad knowledge of office equipment   Excellent computer skills  Web Savvy  Benefits and 401 k administration  HR experience  Pa Notary Public            Accomplishments      Increased efficiency and alleviated work loads by creating a new Excel financial recording system.  Increased profit by working with vendors to reduce cost of goods Established new credit criteria for new accounts.  Customize reports for individual businesses  Track expenses and accounts receivable  Reduce paper clutter, organize files  Successfully worked through accounting system change over. Trained staff on Quickbooks   Implemented on line services to improve efficiency        Experience      Construction Bookkeeper  ,   09/2016   to   12/2016    Company Name   －   City  ,   State    Completed a temporary roll for a construction company located in Southern New Jersey. In this roll I cleaned up and organized the data that was and was not entered into Quickbooks, worked with Builder Trend to map information correctly in to Quickbooks. Entered all vendor bills and expenses and invoices   into Builder Trend for job costing, paid high volume of accounts payable. Balanced monthly bank statements and credit card accounts. Ran monthly reports in Builder's Trend and Quickbooks. Provided accountant with end of year information as requested.        Bookkeeper  ,   01/2015   to   08/2016    Company Name   －   City  ,   State      AR/ AP  Payroll Administration  Sales Tax Filing [...]","sales representative

at cpf we pride ourselves on being a leading distributor in the wholesale flower industry by providing beautiful and unique flowers to many of the country s top wedding and event florists and offering exceptional customer service cpf is a dynamic and growing company

position summary

responsible for building strong customer relations through knowledge and exemplary customer service plan and carry out all sales activities on assigned accounts responsible for ensuring customer satisfaction managing the quality of products and services

essential functions

establish new accounts by planning and organizing a daily work schedule

service existing accounts

obtain orders

develop sales proposals

participate in sales events

generate and qualify leads

source and develop client referrals

develop and maintain a customer database

collaborate with sales manager to strategize sales action plan for new and existing business

comprehension of all sales programs

communicate needs to buyer

develop and maintain sales and promotional materials

monitor competitors market conditions and product development

understand and aid in transportation solutions

ensure customer service satisfaction and good client relationships follow up on sales activity

perform quality checks on product and service delivery

resolve customer complaints by investigating problems developing solutions

other functions as required

minimum qualifications

knowledge of customer service princ [...]"
1034,Sales Representative / Sales Associate,"EXEC DIRECTOR OF SALES, CONSULTANT, STRATEGIST           Executive Profile     10+ year proven track record in Digital, Mobile, and Social, Business Development & Sales Leadership experience, working with top tier clients and agencies in revenue generation, sales team management, across Retail, CPG, QSR, Electronics, Entertainment, among other verticals, leading sales teams to exceeding quota and new market expansion       Skill Highlights          Business development leader  Sales team management  Revenue and market expansion  Self-motivated      Leadership/communication skills  Negotiations expert  Market research and analysis  Customer-oriented            Core Accomplishments      Sales    Management and Leadership  :     Built and managed sales teams to over $25MM in annual quota achievement  Business Development leadership in     Business Development Expertise  :     Spearheaded programs which increased revenues 150% YoY and successfully expanded into new markets and territories         Professional Experience      Exec Director of Sales, Consultant, Strategist      Current     Company Name   －   City  ,   State      Work with clients and agencies to build and implement in-market strategies and extend revenue streams across digital, mobile, and social messaging channels   Drive revenue across Retail, CPG, e-Commerce, Technology, and Entertainment clients   Manage and Develop go-to-market strategies and positioning to achieve optimal goals   Build Mobile + Social Planning, Marketing & Messaging Strategies via Multi-Platform and Omni-Channel execution, also to be executed digitally via live on-the-ground events   Develop and Strengthen Strategic Partnerships across disciplines and tech partner organizations.          Advisor, Strategy, Business Development, & Sales and Media / Marketing Strategist.      Current     Company Name   －   City  ,   State      Drive Business Development and Strategy through sourcing new client relationships.  Develop holistic digital [...]","symmetry financial group is seeking motivated careerminded individuals to join our team helping american families protect their families we are currently looking for representatives ranging from entry level to experienced professionals seeking a different more rewarding career and lifestyle

symmetry was named by as a top  place to work has an average rating of  stars on  and has been named one of inc magazines fastest growing companies  years in a row mentoring and back office support are provided flexible hours  work as much or as little as youd like uncapped commissions simple and straightforward advancement track to gain raises every  months with leadershipmanagement advancement opportunities

start parttime or fulltime and build your own empire within our fast growing company
 no cap on income average agents make  per year good agents make  per year and superstars make 
 we hire performers not backgrounds
 meet with clients only two days per week all leads provided no cold calling or prospecting
 one of americas fastest growing companies inc   for 
 luxury all expense paid vacations free worldclass travel to reward you for your production
 passive income eventually youll have the ability to replace your personal production
 decreasing agent population according to limra  average age of agent is  years
 clear blueprint to reach  or  figure goals there is no limit to your income potential
 untapped market potential demand nationwide has not been sufficiently met by our pro [...]"
1035,Administrative Assistant,"CUSTOMER SERVICE SPECIALIST III       Summary    To attain a position in public and/or legal administration or similar field.      Highlights          Notary Public 2002 - presentl
NYS Division of Budget; NYS Contract Mgmt. System; NYS Grants Gateway and SFS Financial System
Software Proficiency Intermediate in Microsoft Office Suites, Outlook, Excel, Access, PowerPoint; Adobe, Acrobat; SiteFinity, 4.7; WordPerfect 5 - 10; DOS, SFS Financial Management System/Oracle, Lotus Notes and Heavy Dictaphone/transcription skills; Dual Monitor experience.
 Able to work with a diverse group of people and all levels of management and staff; both independently and as a team; adapts quickly to new work environments.      Computer Applications  Citrix Applications, Internet Explorer, familiar with multiple office copy machines/scanners, able to learn new software programs quickly and efficiently.  Managed cash and daily summary reports              Accomplishments    Acquired 2 Master's degrees within three and a half years, graduating Summa Cum Laude.  It shows I can get things done that I put my mind to, no matter the difficulty.  I excel well in a challenging work environment. Able to work well with a diverse group of individuals.      Experience      Customer Service Specialist III     Mar 2016   to   Aug 2016      Company Name   －   City  ,   State     Provided great customer service to consumers who call the Health Marketplace for insurance Properly validated and authenticated consumers seeking assistance with their marketplace accounts Assisted consumers with enrollment into various types of health insurance through the Marketplace Informed consumers about their Marketplace accounts and make any updates as needed Assisted consumers in applying and renewing their coverage as well as walking them through the process Set up and validated family members as authorized representatives to speak on behalf of account holder.         Mgmt. Specialist & MWBE Liaison     Sep 2015   to [...]","this position is located on rikers islandphysician affiliate group of new york pagnyis comprised of nearly  physicians and healthcare professionals who provide services to nyc health hospitals hh the largest public health system in the united states

our practitioners are highly skilled professionals with outstanding credentials who deliver the highest level of quality healthcare to patients throughout new york city

eoe mfdvbesides providing administrative and human resources services pagny also fosters an environment in its partner hospitals that allows healthcare professionals to identify and implement best practices across institutions promote training academic and research opportunities develop multidisciplinary integrated clinical service lines build new systems of care and address the impact of anticipated major changes in the nations healthcare systemwith approximately  admissions per year and  average daily population the nyc jail system is among the largest in the nationthe division of correctional health services chsof new york city health hospitals hh is responsible for the delivery of medical care mental health care and discharge planning in the jail system

approximately  of new admissions per year to the nyc jail system will receive care on the mental health service

this service strives to provide safe holistic and evidencebased therapeutic interventions for the diverse range of mental health issues that face the population from serious mental illness to the n [...]"
1036,Fraud Investigator,"ACCOUNTANT       Professional Profile      Certified Accountant with more than 10 years experience working with company financial statements.   Vast experience in preparing tax returns.   Ability to critically review financial statements   Highly motivated manager with excellent administrative, organizational and communication skills.  Reliable person with more than 20 years work experience.        Highlights          Professional Accountant   Tax Auditing  Proficient in Microsoft office      Management expert  General and tax accounting  Expert in taxation             Skills      Good Communication  Customer Service   Problem Solver  Team work  IT Skill  Proficient in Quickbooks        Accomplishments      Setup a large taxpayer unit which collected over 70% of domestic taxes revenue.  Increased revenue collection by 20% over a period of two years.  Lead team that introduced the Tax Identification Number (TIN).  Developed a new process for employee evaluation which resulted in marked performance improvement.  Developed an enforcement process that improved revenue collection.  Improved customer relations.        Experience      Accountant     Jun 2013   to   Nov 2013      Company Name   －   City  ,   State     Performed debit, credit and total accounts on computer using specialized accounting software.   Managed accounting operations, accounting close, account reporting and reconciliations.   Received, recorded, and banked cash, checks, and vouchers as well as reconciled records of bank transactions.   Assisted the Managing Director with the production of the monthly financial and management reports.   Prepared financial and regulatory reports required by boards of directors.          Commissioner of Taxes     Apr 2011   to   Apr 2012      Company Name   －   City  ,   State     Managed over 80 staff responsible for the collection of domestic revenue   Managed the formulation and implementation of the annual operational plan and budget of the domestic taxes departmen [...]","description fraud investigator  remote

our client is seeking financial crim sar filing investigators to join their team for an excellent remote contract opportunity this person will assist with researching check and electronic fraudrelated activities and will be responsible for endtoend management of assigned cases ideal candidates will have previous experience as a financial crimes investigator in a similar position individuals must have their own equipment dual computer monitors required and strongreliable internet access to perform the role

the fraud investigator will be tasked with analyzing check and electronic fraud related activities by leveraging an internally built tool the tool will extract the information requested by the investigator from various systems and compile datatransactions to allow for actionanalysis to be taken and specific findings reported

 conduct investigations  investigate more complex fraud cases including multichannel and third party related to check electronic identity theft elder financial exploitation and loan fraud

 interviewing and sar prepfiling  deliver consistent high quality with maintaining case data and supporting documentation for each case ensure accurate and detailed record keeping when updating case document clear and concise reports and case summaries

 loss and risk mitigation  work with business partners to appropriately mitigate risk to the bank

required skills  qualifications

 minimum  years previous experience in riskco [...]"
1037,RN Supervisor,"HR SENIOR SPECIALIST       Career Overview      Dedicated Service Representative Professional motivated to maintain customer satisfaction and contribute to company success.       Core Strengths         Excel, Data entry systems, Outlook, Microsoft systems   Amisys, Access.     Able to master, process and apply new skills and concepts quickly.      Customer service expert  Telephone inquiries specialist  Courteous demeanor            Accomplishments      Customer Assistance     Worked with company systems such as Live Support and diligently completed all assigned tasks, working overtime as needed.     Customer Service     Researched, calmed and rapidly resolved client conflicts to prevent loss of key accounts.         Work Experience      HR Senior Specialist   09/2006   to   Current     Company Name   City  ,   State       Health insurance/Benefit Specialist Administrative Xerox Corporation - Xerox is a leader in BPO and IT Outsourcing across a variety of industries and the public sector.  Thousands of companies rely on Xerox to help improve their processes, manage client operations, and focus on their core business.  Duties: Provide administrative support functions relating to personnel, retirement benefits and special projects.  Specific Responsibilities: Assist participants with questions regarding Medicare/Medicaid questions, eligibility and their specific state's guidelines to qualify for the Medicare/Medicaid Explain Health and Insurance coverage, primary doctors and specialists, hospitals and treatments covered by their medical insurance and what the Medicare/Medicaid covers.  Explain the changes in their insurance of choice.  Keep up to date with the changes in the health and insurance coverage, processes and changes.  Responsible for processing and calculating retirees' pension.  Educate participants on their retirement plan benefits.  Handle inbound and outbound calls for the team and handle the administrative tasks associated with these calls.  Work speci [...]","position purpose assesses plans implements and evaluates the nursing care of residents within the skilled nursing setting responsible for ensuring continuity of care of the residents between shifts by providing direct care as well as supervising the care given by cnas lpns and supportive staff members participates in resident and family teaching maintains role as resident advocate with a focus on the facilitys mission

educational requirements graduation from an accredited program in nursing

experience required minimum of year long term care rn supervision experience strong leadership and excellent clinical skills required

professional licensure and certification required current unencumbered rn license in ny state current cpr and iv certifications

physical requirements while preforming the duties of this job the employee is regularly required to stand walk talk and hear and use hands and arms to handle items lift feel and reach the employee is frequently required to sit stoop kneel or crouch

interpersonal relationships communicates effectively with residents families visitors coworkers physicians and other employees

essential functions
 coordinates the administration and clinical activities for the nursing department on a designated shift in accordance with current regulations that govern long term care facilities
 ensures that new admissions are completed in a thorough manner and that all pertinent assessments are completed
 addresses any emergent resident needs antici [...]"
1038,Special Agent,"CUSTOMER SERVICE AGENT           Professional Summary     To obtain a position that will provide me with the necessary tools in order for me to provide excellent customer service. One that will allow room for advancement and continued educational training.       Skill Highlights          Medical terminology	  Close attention to detail  ICD-9 (International Classification of Disease		  Adept multi-tasker	  Office support (phones, faxing, filing)  Records maintenance professional	  Excellent verbal communication  Familiar with commercial & private insurance	  Resourceful and reliable worker  Excellent problem solver  Insurance and collections procedures	      Composed and professional demeanor   10 key (11000kpm)   Administrative Assistant   Billing   CPR certified   CPT  Data entry   NexGen    EHR  Dispatching   Documentation filing   Goldmine  Scanning & indexing  Lawson    Medisoft   Microsoft Excel    Typing 45wpm,  Workflow Onbase   Heat   Fast Track  Allegra  Artiva            Professional Experience      Customer Service Agent    February 2015   to   Current     Company Name   －   City  ,   State     Answering phones   Discussing patient accounts with the patients  Providing assistance to patients with their bills  Reading EOB's to provide information  Collecting payments  Scheduling payment plans for large balance accounts  Updating patient information in Allegra  Changing the strategy on accounts   Update insurance information  Schedule claims to be sent  Print and mail documents (Financial Assistance Forms, Itemized Bills, Statements, & Receipts)   Fax documents  All other duties as assigned by management         File Clerk    July 2014   to   February 2015     Company Name   －   City  ,   State      Sorting & prepping paper termed Employee Files Accurately removing any confidential patient information from all Employee files prior to scanning and indexing them.  Working a daily report in Onbase Workflow to ensure all applications and background check inform [...]","please read this job posting in its entirety
who may apply
this special agent sa posting is open to all qualified candidates within the united states us and its territories the fbi will use this to fill multiple vacancies around the country
job summary
the mission of the federal bureau of investigation fbi is to protect the american people and uphold the constitution of the united states
about us
were looking for people with unique skills experiences and backgrounds to become special agents the one thing every sa shares is a belief in the mission of the fbi they have the drive to help keep our nation safe become part of something bigger than themselves and take pride in making a difference in the communities they serve
special agents are
driven to find solutions to all types of problemscompassionate and respectful to everyone they meetadaptable to a variety of situations and able to keep a calm demeanor in the face of challengeswellspoken wellwritten and enjoy meeting speaking and collaborating with people from different backgroundsphysically fit and able to pass the physical fitness test pftkey requirements
you must meet the following requirements at the time of application
please click on the link and go to the listed page number if applicable for further explanation
be a us citizenbe between  and  years of age exceptions have a bachelors degree or masters degree  from a usaccredited college or university you should not apply if you have not received your bachelors degreeha [...]"
1039,Patient Engagement Liaison,"DIRECTOR OF APPLICATIONS         Profile    Accomplished Healthcare Professional with an exemplary background in Healthcare IT.
Progressive leadership experience in Healthcare IT.
Proven ability in strategic planning, business requirements gathering, creating roadmap with short term and long term goals, budget estimation and management, negotiation, return on investment and return on value analysis. 
Proactive leader with an excellent work ethic and commitment to exceptional customer service.      Skills          Graduate Assistant - Team Lead  Lead implementation of Optical Character Recognition (OCR) system in Registrar Office.  Technical Proficiencies  HCIS/EHR:	     Meditech Magic, CS 5.6x and 6.x; Athena.  PM Tools:	     MS Word, Excel, Power point, Quick Base, SharePoint, Project, Visio.                Professional Experience      Company Name     July 2013   to   Current     Director of Applications   City  ,   State      400+ licensed bed non-profit faith based Hospital with Residency Program, two Nursing Homes and ten outpatient Physician Practices Report to the VP/CIO of IT.  Management of all IT Applications (Administrative, Clinical, Revenue Cycle, Ambulatory, Ancillary).  Manage $5M budget.  Evaluate organizations IT needs, create strategic plan and implement new projects.  Negotiation: Saved over $250,000 when purchasing new products.  Manage staff: 7 Application Analysts, 2 Team Leads and 2 Consultants.  EHR workflow re-design and optimization: Integrating standalone applications and systems to automate the workflow.  Consolidating and eliminating redundant applications.  Initially there were over 125 applications and systems, so far eliminated 25 redundant applications.  ARRA Meaningful Use: Gathered documentation for Meaningful Use Stage 1 CMS Audit, submitted audit documentation and passed the Audit.  Lead Team to prepare for MU stage 2 attestation.  Currently leading Team to prepare for MU Stage 3 attestation.  ICD 10: Working collaboratively with [...]","fern

this is a fulltime remote position that requires much travel i understand that you want minimal travel outside of your home and parttime i still wanted to share this position to receive feedback on the role would you be interested in this type of role you would like if it was available as parttime andor flexible hours and involved less traveling i know you desire to advocate for patients caregivers and family members

locations
remote united states

time type
full time

posted on
posted  days ago

job requisition id

job description summary 
the patient engagement pe liaison is responsible for creating partnerships and establishing relationships with patient advocacy organizations paos and patient families within their identified therapeutic area they will serve as a representative of the patient voice during each phase of the drug development process they are responsible to support the patient advocacy strategy and execution for therapeutic areas being studied in our pipeline they will provide oversight for patient recruitment retention and engagement and in addition this person will assist in ensuring a smooth transition of relationships from clinical to commercial teams

job description
responsibilities
identify patient advocacy organizations pao within the targeted disease states and collaborate with global patient engagement pe clinical development and commercial development teams to identify appropriate strategies for each organizationensure adherence to best prac [...]"
1040,"VP, Marketing - Advertising Revenue","SENIOR MANAGER OF CUSTOMER SUPPORT       Summary     Charismatic business professional successful at managing business ventures and profit positions. Effectively guides new products and services from concept to market acceptance. E  xperienced in sales management, marketing, technical presentation creation and service training. Devoted to   building strategic partnerships through persuasion, negotiation and personal presence.        Highlights          Driven to succeed   Organization assessment   Leadership/Management Skills   Dependable   Time Management   Flexible   Friendly   Personable  Persuasive  Enthusiastic team player         New program and promotion implementation    Marketing savvy    Meticulous attention to detail    Focused on customer satisfaction    Excellent written and verbal communicator    Trade shows    Presentations            Accomplishments      Spearheaded all company-wide prospecting, marketing and closing endeavors.   Brought on  NASA and Southwest Airlines  as clients.     Collaborated with prospective clients to prepare efficient product marketing strategies and drive business development.  Consistently generated additional revenue through skilled sales techniques.       Experience     02/2016   to   Current     Senior Manager of Customer Support    Company Name   －   City  ,   State      Perform all Manager of Customer Support duties in addition to the following:.  Meet with major airlines domestically and internationally to secure future business contracts.  Reserve travel including airline and hotel accommodations for my department.  Utilize company leads to expand current customer base and follow up on all leads promptly via phone, email
and customer visits.         06/2013   to   01/2016     Manager of Customer Support    Company Name   －   City  ,   State      Develop maximum sales potential out of major airline customers with excellent customer service techniques
and knowledge of products and services, as well as competition's st [...]","insider inc is looking for an experienced creative and passionate marketer to lead marketing for the advertising revenue organization as our vp of marketing this role will be responsible for growing preference and consideration among trade marketing leaders and agency partners and will drive revenue by partnering closely with sales and planning teams in delivering innovative highimpact strategic and creative proposals both proactive and rfirfp the role will manage marketing activations marketing operations integrated marketing and marketing research functions

primary responsibilities include
 becoming an active partner on the executive team and leading the development of insiders voice in the market
 focusing on defining the product suite the gotomarket strategy to build energy and structure around driving significant growth
 redefining what insider advertising means to clients the market and to our team acting as a key advocate and driving force
 leading the teams responsible for building collateral media campaigns and activations along with the creation of general presentations sizzle reels inhouse and paid media for sales support purposes additionally leads teams responsible for external communications including corporate websites and social accounts and organizationdevelopment of thought leadership industry povs and category insights to feed into lead generation for marketing and new content ideas
 defining and directing research to inform and support insiders gtm narrat [...]"
1041,Sr Manager - Business Development,"INFORMATION TECHNOLOGY PROJECT MANAGER SYSTEM ANALYSIS (SYSANALSYS) [GS-2210-12]       Professional Overview      Highly-qualified Department of Defense (DoD) Program Manager (PM) professional, driven to maximize Mission Partner (MP) operational efficiency through  planning, project management and Infrastructure Technology (IT) expertise. Excels at building dynamic team relationships and achieves project management process improvements. Looking to continue federal career as a strategic planner possessing exceptional knowledge understanding support agreements, basis of estimates, fiscal analysis, financial reporting, cost projections, business proposals and increased overall responsibilities within federal service.          Relevant Professional Experience     January 2010   to   Current     Company Name    City  ,   State    Information Technology Project Manager System Analysis (SYSANALSYS) [GS-2210-12]            *Holds Active Security Clearance*      Member of the Development and Business Center for Defense Logistics Agency (DLA), Defense Finance and Accounting Service (DFAS) Program Management Office (PMO), as well as the Mission Partner Engagement Office (MPEO)/Engagement Executive (EE) team (BDM11).      Principle Job Duties:    Engage with various DISA mission partners to provide critical IT requirement proficiency and Project Management support leveraging the DISA End-to-End (E-2-E) Business Flow Process   Positioned as the DISA Program Manager for DLA's dynamic and complex Enterprise Business Systems (EBS) Test and Development (TD) environment which generates $39 million in annual revenue for the agency   Also serving as the primary DISA Subject Matter Expert (SME) government Program Lead (PL) for the DoD mandated Federal Data Center Consolidation Initiative (FDCCI) providing IT and project support for Defense Contract Management Agency (DCMA), Defense Manpower Data Center (DMDC), Office of Personnel Management (OPM) and DFAS      DISA Project Manager suppo [...]","senior manager business development

at directv we re connecting the world through the latest tech topoftheline communications and the best in entertainment
innovation powers all that we do and our groundbreaking solutions deliver compelling communication and entertainment experiences to millions of customers worldwide
as part of our team your next big idea could be our newest innovation
here s your opportunity to combine your passions for entertainment media and technology to transform our company and your career

directv advertising connects brands and agencies with consumers across directv and directv stream through smart and effective advertising solutions
as leaders in addressable and advanced tv we continue to innovate within the advertising space pushing the boundaries of how clients can address engage and measure
at directv advertising we don t do anything on autopilot
as a part of our team share our love for tv and the loyalty we hold for consumers and advertisers

the significant growth of the directv audience  addressable tv and video advertising business drives continued growth opportunities for the right individuals
as part of the directv business development team the successful candidate will develop issue and manage requests for informationrequests for proposals for a variety of products services and information with prospective customers and vendors lead the negotiation of customer licensing agreements as well as vendor contracts manage contract documentation [...]"
1042,Registered Nurse Casual Mount Royal,"SECURITY AIDE I         Professional Summary     A Compassionate Security Aide that has strong experience working with developmentally disabled adults and creating individualized recreational plans to assist them with community integration.       Skills           Strong verbal communication    Data management    Extremely organized    Project management    Client assessment and analysis    Powerful negotiator    Self-motivated    Staff development    Conflict resolution    Team leadership    Risk management processes and analysis    Process implementation       •	Huge experience with therapeutic recreational services, activities and programs •	Outstanding knowledge of psychiatric patient care techniques •	Thorough knowledge of working in acute care, assisted living and other healthcare setting •	Good understanding of abuse reporting protocols •	Familiarity with recreational therapy and therapeutic recreation programs. •	Amazing ability to develop recreational therapy plans •	Ability to design, implement, and coordinate therapeutic programming •	Immense ability to build positive working relations with patients and colleagues •	Remarkable ability to provide therapies independently or in groups            Work History      Security Aide I  ,     2017   to   Current     Company Name   –   City  ,   State       Obtained documents, clearances, certificates and approvals from local, state and federal agencies.    Performed initial client assessment and analysis to begin research process.    Analyzed departmental documents for appropriate distribution and filing.    Worked directly with department, clients, management to achieve result..    Developed new process for employee evaluation which resulted in marked performance improvements.    Responsible for creative design for prominent project.    Supported Chief Operating Officer with daily operational functions.          Student Worker  ,     01/2016   to   01/2017     Company Name   –   City  ,   State       Complete cleri [...]","registered nurse casual mount royal  agecare mount royal  calgary

the opportunity

the rn is responsible to the director of care collaborating on the delivery of resident care to meet individual needs within hisher level of competency heshe integrates and applies the knowledge skills judgment and interpersonal attributes required to provide safe and ethical professional nursing services to residents

the rn provides quality and safe resident care the rn promotes teamwork and a culture that supports agecare mission vision and guiding principles of respect teamwork quality and encourages practices that respect resident family and staff rights individuality and diversity the rn promotes health and safety awareness in the workplace

within the scope of this position the rn takes on a key role to continually provide an environment promoting a culture of resident safety and freedom from harm and injury

key responsibilities

 work to your full scope of practice

 ensure all care needs are coordinated

 become a part of a resident  familycentered environment

 join an interdisciplinary team involved in best practice programs

 make a difference every day by enriching the quality of life for albertas aging population

qualifications
 bachelors degree in nursing

 registration and membership in good standing with carna

 minimum two years of experience in a continuing caregerontology environment preferred

 knowledge of supportive living long term care  dementia care

 certified in c [...]"
1043,Project Intern,"ENGINEERING TEACHER       Professional Summary    To obtain a challenging position in the field of Engineering and to work within a team environment, where I can contribute my skills and experience to a client focused, dynamic organization.      Core Qualifications          Proficiency in  AutoCAD    Computer proficient      Microsoft Office    Autodesk Civil 3D    GIS    Construction cost estimating    HVAC Design    Autodesk Inventor Pro    Autodesk Revit                    Experience      Engineering Teacher   09/2014   to   Current     Company Name   City  ,   State       Update lesson plans each semester to stay relevant in the field of engineering and technology.  Utilize variety of teaching styles, such as group discussions, lectures and simulations to maximize student interest, participation, and comprehension.  Integrate creative learning strategies for students who are learning engineering design project presentations.  Provide students with hands-on CAD software activities and an overall concept of engineering and technology.  Assist in two robotic clubs for students who wish to excel in science, technology, engineering, and mathematics projects.  Attend a variety of ongoing professional development workshops centered on learning goals.  Sponsor in multiple seminar field trips for students who are interested in pursuing an engineering career path.          Civil CAD Supervisor   10/2013   to   09/2014     Company Name   City  ,   State       Provided hands on software training for each CAD drafter to utilize the latest version of Autodesk Civil 3D.  Supervised the CAD drafting department with design projects to ensure quality control and manage production.  Coordinated with professional engineers, surveyors, inspectors, consultants and construction managers concerning active projects.  Ensured all assign work to be completed in a timely manner and attended project management meetings to focus proactively on the scope or work for each project.          Adj [...]","summary

this position will provide technical and laboratory support to dr
rui chen within the hgsc
the position will work within the lab under the guidance of dr
rui chen

job purpose

internships are a temporary professional learning experience in which participants gain practical work experience related to a studentâ  s field of study or career interest
interns must be a part of an established baylor college of medicine internship program or receiving course credit at their college of university

job duties

responsible for one or more of the following duties
 provides office administrative support
 provides research administrative or technical support

minimum qualifications
 must be a high school or college student undergraduate or graduate
 no experience required

baylor college of medicine is an equal opportunityaffirmative actionequal access employer




estimated salary  to  per hour based on qualifications"
1044,Real Estate Agent,"ACCOUNTANT       Summary    To achieve a job as an Accountant that utilizes my accounting, communication, analytical & leadership skills.      Highlights          MS Office (Excel, Word, PowerPoint), SAP R/3, Adobe Reader, QuickBooks, Lacerte, Prosystems & Tax base  Accounts Payable Processes & Management  Invoices/Expense Reports/Payment Transactions  Corporate Accounting & Bookkeeping  Finalization of Trial Balance & Balance Sheet/Income Statement.  Spreadsheets & Accounting Reports  Tax Reporting, Planning & Filing of returns.  Handle Customer Relations.  Journal Entries & General Ledger  Bank Reconciliation & General Ledger.  Teambuilding & Staff Supervision                Experience     09/2014   to   Current     Accountant    Company Name          Working for all Clients in USA Implemented Quickbooks Accounting v.  2013 and 2016 for all the Companies including but not limited to chart of accounts.  Implemented Quicbooks payroll v.2016 from scratch Working on processing of journal entries, accounts  payable & receivables using Prosystems software.  Bookkeeping of small and midsized companies Worked on bank reconciliation, cash management and financial statements analysis.  Preparation and finalization of federal and multi state tax returns for Individuals & Corporate using Lacerte software.  Worked on preparing and processing payroll returns and sales and use tax returns Worked on preparation of W2's and 1099.  Lead  in finalizing monthly and yearly accounting closing entries.  Perform MS Office Excel spreadsheets and databases for financial reporting for financial reporting.  In process of learning VLookup and Pivot table.  LeadForus, Nonprofit Organization							   Apr'14- Nov'14 Working on processing of accounting entries.         06/2013   to   11/2013     SAP Consultant    Company Name          Configured G/L Masters, Accounts Payable, Accounts Receivable, Cash Journals, House banks, Chart of Accounts, Posting Keys, Customer/Vendor Accounts Groups, & Custo [...]","job description

my newest agent will earn over six figures this year with no previous real estate experience my second most recent agent who made no income for six months with one of the large national brokerages has a sale a pending sale and two listings with our proven lead generating system she has only been with us for six weeks

red diamond realty has by far the highest commission split in the industry at  to you day one deal one no franchise fee no office fee no tech fee we tell you this commission up front because it is by far the highest in the industry

we personally train you and we offer you leads good leads sometimes homes already listed

we take the fear and the cost out of being a new agent or an agent willing to earn contact tom diamond today to learn more

company description
we are a team concept real estate brokerage basically this means we are still a family no stolen leads from a corporate office no pressure and no added fees from the broker rdr was built and created to provide the agent with the opportunity to succeed in fact you are the client in the eyes of management other real estate brokerages think of you as a number in a journal we train you give you leads offer from day one the highest pay in the industry and we help you succeed with equipment and support at no extra cost"
1045,Work From Home - BEGIN IMMEDIATELY - Data Entry Clerk,"ADMINISTRATIVE ASSISTANT         Summary    To acquire a challenging position with a reputable agency that will allow me the opportunity to showcase and further develop my skills and gain experience.       Highlights          Bilingual- Fluent in both English and Spanish  Active U.S. Security Clearance granted on March 2013  JPAS access  Experience living abroad in Quito, Ecuador  Ability to plan, organize, coordinate and direct Technical Proficiency  Macintosh & Windows Software  Microsoft Office: Word, PowerPoint, Excel, Outlook  Adobe Creative Suite 5: InDesign and Photoshop  SharePoint  Social Media                Experience      Company Name    City  ,   State    Administrative Assistant   08/2013   to   Current     I directly support the Hospitality sector and attend weekly conference calls in which I record and draft the meeting minutes for later distribution amongst the team. I create and edit monthly reports for current hospitality projects on InDesign and review for proper accuracy. I receive invoices from multiple projects and I am responsible for compiling the information and forwarding to the Project Manager for their approval before distributing the invoice packages. I schedule and coordinate appointments and sector meetings as needed. I assist the office by setting up conference calls and transferring calls to the appropriate person. I have developed various correspondences, spreadsheets and have drafted RFPs, RFIs and project contracts. I have successfully managed to coordinate and direct group conferences. I send out Courier/ FedEx/Mail as needed for Project Managers and update the internal vendor contact list.        Company Name    Consular Visa Clerk   05/2013   to   07/2013     (Bureau of International Narcotics and Law Enforcement Affairs Section, previously known as NAS). I assisted the INL Officer by coordinating and managing their meetings and travel arrangements. I provided travel support to several agencies by assisting them with inquiries [...]","part time jobs work from home  data entry clerk  customer service representatives  entry level  no experience  part time work from home folks needed

thank you for your interest come check out various ways to work from home online either full time or part time and gigs too  work when you want from home were actively seeking people who are unable to work due to circumstances or are looking for either a new line of work looking to supplement current job or gig those looking for work from home opportunities to be connected with companies who are hiring employees directly to work from their homes or recruiting people for short terms gigs

were a company that connects people who want to work from home to work from home jobs gigs and opportunity

were looking for a variety of folks from industries such as administrative assistant customer service representative truck driver warehouse data entry clerk social media influencer health care works seeking part time gigs to make extra money and more get started today

job requirements

requirements
 computer  laptop  tablet or smart phone is required to perform work
 internet connection required any connection is fine as long as it is secure
 you should be okay working on your own from home without immediate in person supervision who doesnt want that
 read and follow written instructions
 typing is essential  data entry of at least  words per minute
 what youll be doing ability to give feedback on various company services product testing [...]"
1046,Digital Marketing Specialist,"DIRECTOR, BUSINESS DEVELOPMENT           Executive Profile     Passionate sales executive and recognized, respected leader.  Forward and creative thinker producing bottom line results.  Cultivates, nurtures and maintains long-term customer relationships to boost sales and grow brand visibility.  Consistently exceeds revenue goals, opens new accounts and generates new business opportunities.  Extensive experience in account and customer management.  Proven track record of success.       Skill Highlights          National account management  Business development  Powerful negotiator  Revenue production  Sales forecasting and analytics  Relationship cultivation        New opportunity prospecting  Strategic planning  Category management  Enthusiastic, professional demeanor  Market analysis  Project Management            Core Accomplishments       Launched CPG division of a 23 year old sales and marketing firm 90 days after employment began  Top sales person nationally two months into plan at NCR  Grew territory by 53% in the first year at NCR; Top 8% of sales representatives nationwide  Increased revenue with Walmart by an additional $3.3M during first quarter at Azteca Milling  Grew the business with Sam's Club at Glazer's by 15.98% in first year  Increased item distribution by nearly 100% in one high-profile Sam's Club while at Glazer's        Professional Experience      Director, Business Development    October 2014   to   Current     Company Name   -   City  ,   State      Solely built and launched  the CPG division of 2020 Companies within 90 days of hire  Created strategic alliance with similar company that expanded our reach into Canada  Closed business with 3 new CPG clients within first 6 months of employment  Oversees projects from conception to completion to ensure flawless execution for clients  Consistently arranges client meetings locally and domestically to attain new or additional business  Designed and implemented supporting sales reporting systems; de [...]","this is a unique opportunity to launch a national brand exercises your creativity and have a direct impact on outcomes flexible work schedule and the opportunity to earn equity in a fast growing startup

responsibilities
 create a series of email newsletters
 manage social media channels
 coordinate work and collaborate with outside marketing and ad teams
 design landing pages and site marketing content

qualifications
  years of direct digital marketing experience preferred
 willingness to take on a wide range of responsibilities
 two years of email campaign management preferred
 experience with wordpress canva elementor and email marketing programs

company

owner actions was founded in  with the mission to create more successful small business through their owner actions portal business owners receive free stepbystep guidance for each stage of their lifecycle along their path business owners are connected with services to help them accomplish their goals

we have partnerships with over  services providers ranging from boutiques to fortune  companies our owner actions portal is the most complete resource for business owners available today

hybrid work schedule

up to three days per week in the office primarily work from home columbus oh"
1047,Correctional Officer,"VOLUNTEER HR -IVOLUNTEER       Summary    Sponsorship not required to work in the US A successful Human Resources Professional, with a Masters qualification in Human Resources and experience in a challenging environment Key skill sets include Recruitment - Recruitment efforts, scheduling, posting positions, follow up and offer letters. Seasoned executive with 10 + years Staffing, Technology Recruiting and Staffing experience with a highly successful track record at big firms such as Nokia and also Small-Midsized & Start-up IT services firms. Extensive hands-on experience in recruiting IT talent in the US and India marketplace and driving talent acquisition with sourcing teams. Besides corporate sector, have also been engaged with Non-profit sector in the same role for a while. Key Strength/ Experience include: Extensive experience with high-volume recruiting responsibilities within start-ups and corporate environments. Partnering with hiring managers to understand the skills and background requirements for each opportunity and provide expert advice and coaching to hiring managers throughout the recruitment process. Conduct employment advertising campaigns and programs by developing and managing a network of recruitment and referral resources including but not limited to networking with schools, colleges, minority organizations, state employment services, other employers and professional associations. Participate in recruitment, interview and selection of candidates for all levels of position openings and promote a work environment that openly embraces individuals with diverse backgrounds and experiences. Source, screen, evaluate and select candidates through a structured recruitment process designed to obtain the best candidates. Inform applicants of job duties and responsibilities, compensation and benefits, work schedules and working conditions, company policies, promotional opportunities and other related information. Utilize knowledge of multiple recruiting sour [...]","at corecivic we do more than manage inmates we care for people corecivic is currently seeking a correctional officer who has a passion for providing the highest quality care in an institutional secure setting

who we are

corecivic is the leading national provider of highquality security corrections and detention management services providing effective programs that enhance public safety and prepare individuals for success after release headquartered in nashville tennessee with more than  secured facilities nationwide corecivic security employees are driven by a deep sense of service high standards of professionalism and a responsibility to better the public good

what we have
 paid training  comprehensive training to start a successful career
 a supportive environment where employee growth is promoted
 comprehensive benefits package  competitive wages
 pto  paid holidays
 other great incentives

what you get to do
 change the lives of those in your care
 perform routine duties of a correctional officer in accordance with established policies regulations and procedures to maintain order and provide for the safety security care and direct supervision of those in your care during all phases of activity in the facility
 responsible for maintaining order and security of inmates in a correctional facility
 able to work any shift as you may be assigned to a variety of posts including but not limited to armorykey control housing units kitchen medical visitation etc
 corecivic recogn [...]"
1048,Sales & Marketing Specialist,"SUPERVISOR, ACCOUNTANT       Professional Summary    Motivated sales professional with 10+ years sales representative experience. Customer service and sales expert. Qualified with 10 plus years in fast-paced customer service and call center environments. Warehouse Worker with 1 year. Machine Operator with 5 years experience reviewing work orders and running several different machines simultaneously in a 5S environment. Experience in a warehouse pick/pack fulfillment and distribution environment. Machine Operator with positive attitude and a commitment to safety, quality, customer service and lean manufacturing. Skilled in exceeding sales goals and company expectations by expanding client base and maintaining high standards of customer service. Year Experience in running a Aftermarket Radiator Company which duties included bookkeeping, working with excel, supervising a sales team to make quality sales for our business and keeping a inventory on our parts. Very outgoing, friendly, hard worker and works well with others with a very positive attitude.       Core Qualifications        Initiative to work independently          Customer service Quality inspection          Team building Excel spreadsheet          Strong initiative Energetic work attitude          Outstanding customer service Active listening skills          Strong communication skills Call center experience          Strong organizational skills Strong Organizational Skills          Telecommunication skills Proper phone etiquette          Opening/closing procedures Knowledgeable of quality          Excellent communication skills control standards          Strong interpersonal skills            Experience     01/2002       Supervisor, Accountant    Company Name   －   City  ,   State      Supervised and trained sales team.  Kept track of product inventory.  Filed documents for business.  Managed incoming and outgoing calls.  Scheduled and confirmed appointments.  Communicated with other business and customers [...]","description prodigy acquisitions has recently expanded with a new client and are looking for a sales marketing specialist to help support the sales and management teams we are focused on developing and enhancing the competitive nature and willingness to lead within every potential candidate this is a valuable opportunity for those who want experience in team leadership sales entrepreneurship and anybody with a competitive mindset

our team enjoys
 an excellent work environment where fun meets success
 guaranteed base pay and weekly bonuses
 oneonone mentorship
 paid training bonuses and weekly leadership development meetings
 travel opportunities

responsibilities include
 utilizing strong leadership skills to build a high performance crossfunctional team environment
 assisting in the daily operations with client and keeping up to date with client promotions
 managing customer acquisition and retention by driving sales with a high level of customer service

job requirements
 competitive individuals with a winning mentality
 team captains ready to lead and train
 candidates who are serious about a longterm career with a growing industry"
1049,Vice President/Practice Leader of Tax,"HR MANAGER         Summary      Human Resources Manager with practical understanding of business needs. Areas of expertise include conflict management and employee training.  Human Resources Generalist who promotes a team-oriented and open-door environment that is conducive to a successful staff. Offering  [Number]  years of experience and knowledge in training, orientation and incentive program creation.   [level of management] -level ma Human Resource executive who works with other executives to translate business strategies into HR actions that drive business results.  nager with  [years of experience]  years of managerial experience. Strong strategic-planning and people-management skills.         Highlights          Compensation/payroll  Regulatory compliance  Staff development  Compensation/benefits administration  Policy/program development  Salary structure/compensation analysis      Performance management strategies  Interviewing expertise  Staffing and recruiting professional  Hiring and retention  Training and development  Employee relations            Experience      Company Name    City  ,   State    HR Manager   04/2016   to   Current       Sunningdale Tech (Thailand) Co.,Ltd. .   Type of business	: 	Tooling and Plastic Injection.          Company Name    City  ,   State    HR & Admin.Manager   09/2013   to   04/2015       Responsibility	:	Report directly to CEO Transformed HR from administrative role to strategic business partner, including working with management level to drive key business and implement performance initiative, conducted extensive analysis of existing HR Organization and Development business plan to up dated all policies, procedure, service, program and operation.  Direct HR function including recruiting, hiring practice, benefit and Compensation.  Develop standardized organizational model to clarify authority and responsibilities.  Learning and development as providing guidance on learning and development for manager and their team a [...]","come join legalzoom asthe vp  practice leader for lz tax legalzoom is building the next frontier of services for our customers business tax advisory and preparationwere proud that more than smbs have trusted legalzoom to help them form their business entity and we recognize that a key part of their immediate and ongoing success is also having the right tax and accounting expertise and guidance thats why weve launched lz tax

in this role youlllead the team of experts who deliver tax preparation advisory and accounting services to smb customers who launch their businesses with legalzoom youll be responsible for ensuring quality work meeting efficiency targets and scaling the team as we continue to grow you will report to the coo and be a critical part of the leadership team for this highimportance highvisibility business

responsibilities 

manage the team of experts to deliver all tax services to lz tax clients  this role is responsible for meeting expert productivity targets and quality measures

be accountable to scale the practice  enable margin expansion  define where the practice is going and how to get there

build and execute a strategy that enables the team to optimize their work including

identify efficiency opportunities and work with crossfunctional stakeholders to unlock them product operations

identify quality improvement opportunities and unlock them with crossfunctional partners where needed

ensure experts have the tools they need to be successful training t [...]"
1050,Vice President/Sr. Director Business Development - CME,"HEALTHCARE DOCUMENTATION SERVICES DELIVERY MANAGER       Professional Summary     A dependable and motivated professional experienced in managing multiple projects in a fast paced deadline driven environment. Posses strong organizational and communication skills. Strong technical proficiency that includes: working knowledge of Microsoft Office Word, Excel, Access and Outlook with the ability to quickly learn new technology and software applications. Works well independently with the ability to prioritize and multi-task efficiently with minimal  supervision       Skill Highlights          New employee orientations  Staff training and development  Microsoft Office Suite expert  Maintains confidentiality  HR policies and procedures expertise  People-oriented  Organized  Exceptional communicator       Schedule management  Problem resolution  Deadline-oriented  Report analysis  Results-oriented  Self-directed  Time management  Professional and mature  Dedicated team player  Strong interpersonal skills            Education and Training          Rowland High School   City  ,   State        High School Diploma                East San Gabriel Valley Occupational Program    City  ,   State      Microsoft Office Specialist Course                 Skills     Human Resources, Scheduling and Payroll  Interviews, New Hire Training and Orientation  Microsoft Word, Excel, Access, PowerPoint and Outlook  Electronic Time Card and Scheduling Applications   Multitasking in a fast paced environment  Extremely Organized, Communication Proficiency  Team Oriented with the ability to build strong relationships with Individuals at various levels   Dead-line results driven, Time Management   Works well with little or no supervision        Professional Experience     January 2009   to   January 2014     Company Name    City  ,   State    Healthcare Documentation Services Delivery Manager         Directly responsible for customer satisfaction in clinical document turnaround time and quality  Dire [...]","spire learning united states remote

spire is dedicated to the design development and implementation of clinically relevant innovative highquality cmece activities
this is primarily a business development position that offers the flexibility of working remotely from anywhere in the continental us

are you a dynamic and experienced cme professional looking for your next opportunity are you a healthcare or communication industry business development professional who thrives on overcoming challenges to achieve success is energized when working in a fastpaced environment and is comfortable learning about pharmacotherapy advances in a number of therapeutic areas if so this role might be a match for you

at spire we believe that healthcare education has the power to transform lives
our passion and empathy drive our enduring commitment
come join our team

responsibilities

lead the creation and execution of therapeutic areaspecific grants and education strategies including identification cultivation and successful securement of cmece grant opportunities

establishment of compliant relationships with potential grant supporters

development of collaborative partnerships that advance the delivery of quality accredited healthcare professional education

alignment of instructional design elements with educational needs

oversight of outcomes reporting for funded projects

collaboration with accreditation bodies to ensure compliance with all accme standards

maintenance and expansion of c [...]"
1051,Chief Executive Officer - CEO Consultant,"OPERATIONS MANAGER       Professional Summary    Excellent time management abilities with sound relationship and building skills.  Able to manage effectively at all levels, strong leadership skills and strong financial/analytical understandings. Developed and managed monthly and yearly budgets Implemented Total Quality Management (TQM) and empowered staff to maximize their growth potentials. Profit/loss statements (graphs) to show supervisors (CEO, President) month to month statements on how each department and/or company was doing, along with recommendations on what should be done to continue or improve on previous months and trends. Managed multiple sites Program development Hire and terminations of all employees Highlights of Accomplishments Increase profits by increasing both billing revenue and productivity of employees. Improve customer satisfaction through education and decreasing scheduling conflicts. Decrease loss revenue through billing department Working with customers and payments Educating customers on their responsibilities to pay Improve employee production Decrease the amount of employee sick time through incentive programs Highly analytical healthcare management professional combining more than   28 years    of work in healthcare with proficiency in financial management, leadership and positive clinical outcomes.      Skills          Budgeting proficiency  Strategic planning capability  Analytical thinker  Quality improvement competency  Promotes positive behavior      Accomplished leader  Independent judgment and decision making            Work History     03/2004   to   02/2008     Operations Manager      Company Name   –   City  ,   State      Performed all business responsibilities for the Rehab Department of a Physician group practice.  Program development, business growth, and customer service.  Skillfully developed departmental goals, objectives, standards of performance, policies and procedures.  Led the planning and achievement of goals and [...]","company overview

exechq is a consulting firm comprised of executives with extensive csuite eg cfo coo cmo ceo etc experience delivering ondemand and costeffective solutions for complex business problems faced by ceos and business owners

we offer fractional interim or projectbased services to clients that need a higher level of expertise or experience than they currently have or have the ability to retain on a fulltime basis we believe that every company deserves the right executive we believe that many ceos andor business owners can better focus on their core responsibilities and reach maximum effectiveness when they are able to take off some of their multiple hats delegating these areas of responsibility to trusted business advisors

job summary

consulting ceo to work with the other principals in our firm to provide the best solutions to our clients across the globe apply your knowledge and expertise gained from your experience as a fulltime or consulting ceo to help business owners andor ceos help their organizations as they need we are looking for ceos with an entrepreneurial spirit who want to work with a firm who treats their consultants as its  priority and clients a close second

responsibilities and duties
 apply your skills and knowledge as a chief executive officer to assist your clients as needed with leadership turnarounds taking them to the next level executive coaching building effective teams etc
 employ our training and coaching to expand your business netw [...]"
1052,Executive Assistant to CEO at Chartis Federal (Hybrid: Remote ...,"HR ASSOCIATE MOBILIZATION COORDINATOR       Summary    Professional with extensive experience in Human Resources in Oil & Gas Company.  Want to be part of an organization that allows me to utilize my strongest skills to achieve the goals for the company, as well as my own personal goals.      Accomplishments      MVP Award, Houston, 2009.  Meeting Project Client set goal of mobilizations to Escravos GTL project year end 2008.  Training Focus The basicc of Expatriate and Foreign Nationla Taxation, Houston, 2007 Death Notification Training, KBR Employee Assistance Program, Houston, 2008.        Skills        MS Office (Word, Excel, Outlook and powerpoint) SAP database, Applicant tracking system. * Strong organizational and Adminstrative skills * Develop and implement creative solutions with cost, efficiencey and deadlines. * Articulate and effective communicator and trainer * Committed to achieving company and personal goals and high quality performance standards.            Experience     01/2009   to   Current     Company Name   －   City  ,   State      HR Generalist Mobilized high volume exployees overseas on short/long term in accompanied /unaccompanied status.  Point of contact form the beginning till the end of expats/Inpat assignment.  Directed and implemented human resource policies and procedures and provided guidance to field human resources managers.  Created assignment offers compensation packages to include uplifts and base pay, per diem allocation, additional payments and benefits.  Directed employee to employee relations, policy development, training, recruitment, payroll and benefits administration.  Attended corporate planning meetings and assisted in re-writing international assginment policies and procedures.  Sit in interviewes and trained new employees.  Administer the Good and Services review program twice a year.  Evaluated new hire documents and employee evaluations, and provided extensive training to staff members.  Prepared and presented trai [...]","chatterboss is recruiting for a directhire role at chartis federal

about chartis federal

chartis federal is a systems engineering and integration firm that specializes in missioncritical it and communications for public safety law enforcement homeland security and defense we have more than  staff in  states providing services and solutions across the globe with yearoveryear growth chartis has been a member of the washington technology fast  two times and ranked on the inc  five consecutive years

notably chartis is among the highest awarded prime contractors on the  department of homeland security dhs tactical communications strategic sourcing vehicle taccom i and taccom ii

our mission is to keep americas heroes safe and connected  on the battlefield on the border and in our backyards

learn more about chartis federal here

the opportunity

this is an exciting opportunity for an executive assistant hybrid role with  days remote and  day in the office at the dc metro location this person will be the right hand of the ceo this individual excels at organization project management and research this role is the glue that keeps the ceo running while working closely with internal teams for strategic objective compliance

responsibilities
 managing ceo schedule coordinating meetings events providing necessary prep items documenting and managing followup items
 managing ceo email reviewing and drafting responses adding to task management  email accounts
 creating competitive resear [...]"
1053,Pharmacy Marketing Representative,"ADMINISTRATIVE ASSISTANT         Summary    To acquire a challenging position with a reputable agency that will allow me the opportunity to showcase and further develop my skills and gain experience.       Highlights          Bilingual- Fluent in both English and Spanish  Active U.S. Security Clearance granted on March 2013  JPAS access  Experience living abroad in Quito, Ecuador  Ability to plan, organize, coordinate and direct Technical Proficiency  Macintosh & Windows Software  Microsoft Office: Word, PowerPoint, Excel, Outlook  Adobe Creative Suite 5: InDesign and Photoshop  SharePoint  Social Media                Experience      Company Name    City  ,   State    Administrative Assistant   08/2013   to   Current     I directly support the Hospitality sector and attend weekly conference calls in which I record and draft the meeting minutes for later distribution amongst the team. I create and edit monthly reports for current hospitality projects on InDesign and review for proper accuracy. I receive invoices from multiple projects and I am responsible for compiling the information and forwarding to the Project Manager for their approval before distributing the invoice packages. I schedule and coordinate appointments and sector meetings as needed. I assist the office by setting up conference calls and transferring calls to the appropriate person. I have developed various correspondences, spreadsheets and have drafted RFPs, RFIs and project contracts. I have successfully managed to coordinate and direct group conferences. I send out Courier/ FedEx/Mail as needed for Project Managers and update the internal vendor contact list.        Company Name    Consular Visa Clerk   05/2013   to   07/2013     (Bureau of International Narcotics and Law Enforcement Affairs Section, previously known as NAS). I assisted the INL Officer by coordinating and managing their meetings and travel arrangements. I provided travel support to several agencies by assisting them with inquiries [...]","pharmacy marketing representative

description

looking for a pharmacy marketing representative to continue to enhance our sales

the company

amr pharmacy is a statewide home care pharmacy looking for a client sales representative to join our fast growing team the representative will follow up on existing leads create and manage relationships and assist customers with any issues or concerns base hourly salary plus commission with a great opportunity for growth possibility for a hybrid work model

job details
 pharmacy  sales  customer relation experience
 new referrals for pharmacy services
 friendly and persistent
 able to generate leads and land new accounts
 maintain accounts and work on referrals
 excellent verbal and written communication skills
 basic computer knowledge
 outgoing and personable
 organizational skills
 ability to multitask prioritize and manage time effectively
 pharmacy experience a plus

salary

   a year commission opportunity

job type

fulltime

qualifications
 marketing  year preferred

job type fulltime

schedule
  hour shift
 day shift
 monday to friday

experience
 marketing  year preferred
 marketing  advertising occupations  year preferred

work location on the road"
1054,Licensed Insurance Agent Remote Executive Sales Manager,"VP OF FINANCE       Executive Profile     Ambitious Chief Executive Officer who creates strategic alliances with organization leaders to effectively align with and support key business initiatives. Builds and retains high performance teams by hiring, developing and motivating skilled professionals.       Skill Highlights          Small business development  Project management  Leadership/communication skills  Self-motivated      Product development  Product line expansion  Business operations organization  Business operations organization            Core Accomplishments      Increased sales by [Number]% by rolling out a revamped social media marketing initiative.  Increased annual revenue from $[Amount] to $[Amount] in just [Number] years.  Grew business from [Number] employees to [Number] employees in [Number] years.  Garnered more than [Number] excellent performance reviews and testimonials from clients.        Professional Experience      VP of Finance   01/2014   to   Current     Company Name   City  ,   State       Direct the accounting, finance and administrative functions of this newly formed hospitality management company currently overseeing 8 hotels.  Delegate with all aspect of monthly forecasting and budget planning for $16M in annual revenues Facilitate Tax Credits & other related incentives for new hotel development with mixed-use developers Assist President of the company to build a experienced hospitality executive team to further relationship with exclusive brands such as Hilton, Marriott and Starwood Hotels Establish new relationships with experienced personnel for efficiency, to increase revenue by 20% per hotel Propose feasibility report to alter strategic initiatives to assist newly acquire assets and distressed assets Reduce average payable liability by $1.2M annually by analyzing exceptions in the procure-to-pay payment process.          Managing Partner   06/2012   to   12/2013     Company Name   City  ,   State       Managed all departments [...]","job description
commission only

licensed insurance agent remote executive sales manager

organization description

come join the hill agency and excel with the cuttingedge technology and proprietary lead generation system use our directtoconsumer link for immediate customer satisfaction utilize our digital dialer virtual assistant to help you find the right product for the client and take advantage of our expansive training platforms on a daily basis and enjoy an amazing team culture various insurance markets available such as mortgage protection participating whole life and burial and wealth management products

job details

this position is commission only all income is commensurate with your activity and based on your placed sales as a remote agent you must have the ability to reach out to each client by telephone and book appointments to go over their insurance needs connecting with clients is done by zoom remotely or alternatively in the field which is the choice of the independent agent each agent must be skilled on the computer and follow up with the insurance carriers for issued placed business

additionally each producer will have the unique opportunity to become an agency owner through team building mentorship is provided to assist you in building your own organization to earn a passive income our business model is duplicatable

your benefits include but are not limited to exclusive leads system discounted health insurance plans free life insurance for the  year fa [...]"
1055,Windows System Administrator,"BANKING CENTER MANAGER           Summary     Professional/Manager skilled at informing clients about products and services and recommending the best options to meet their needs. Excellent interpersonal skills.   *Versatile Sales Professional with background in banking and finance. Consistently meets bank and customer service standards.   *Results-oriented professional with over 7 years in sales and branch management.   *Highly detail-oriented professional successful at meeting and exceeding branch goals. Expertise in customer service relations and sales management. Seeking a fulfilling position that offers growth opportunities and allows me to utilize my leadership skills and experience.       Highlights          Exceptional customer service  Sales expertise  Reliable  Excellent communication skills  Strong work ethic      Friendly  Energetic  Approachable  Flexible  Team player  Organized            Accomplishments      Consistently achieved a quarterly goals   Consistently helped associates development for new roles(promotions)   Selected to Market leadership team for Financial Center Managers         Experience      Banking Center Manager    August 2012   to   Current     Company Name   －   City  ,   State      Banking Center Manager is responsible for managing a consumer banking center.  BCM is responsible for leading, managing and coaching a team of sales and service professionals to meet and exceed sales targets, ensure the operational excellence of the banking center and create an excellent customer experience.  BCM acts as 'general manager' and is responsible for executing the One Team model by ensuring collaboration between banking center teammates and on-site specialists.  BCM demonstrates key behaviors to drive banking center success.  BCM ensures customer's needs are met by executing lobby leadership.  Observe banking center team in action through the eyes of the customer.  Supervise and coach teams on proper execution of key banking center plays.  Commu [...]","grow with us
hudson is north americas leading travel retailer for over  years hudson has met the needs and wants of travelers in more than  dutyfree dutypaid and food  beverage stores we couldnt serve our customers landlords and partners in airports commuter terminals hotels and casinos without the continued support of our greatest assets our team members were dedicated to hiring and training exceptional team members who are committed to serving the customer as the travelers best friend we strive to ensure were fulfilling our team members career potentials through training skillsdevelopment and career pathways  as our team members grow and succeed both personally and professionally so does hudson

the windows system administrator position is for you if you would enjoy
coordinating with various groups and troubleshooting critical incidents
monitoring incidents and service requests and providing appropriate and timely resolution

key accountabilities  your team is counting on you as a windows systems administrator to
proactive monitoring maintenance and configuration of various it infrastructure
coordinating with various groups troubleshooting critical incidents and to increase availabilityreduce downtime of affected systems
monitoring incidents and service requests and providing appropriate and timely resolution
performing research on system technology and providing resolution to sophisticated challenges
administering and completing various activities as guided by management
c [...]"
1056,Software Developer- Entry Level,"GLOBAL BUSINESS DEVELOPMENT MANAGER/MARKETING       Summary     Professional Account Manager trained in building strategic network ties and increasing sales revenues. Cultivates and maintains strong customer relationships.        Skills          Prospecting and cold calling  Strategic account development  Team building expertise  Proven sales track record   Strong communicator         Skilled in MS Office  Strong interpersonal skills  Relationship selling  Product training and placement  Strong deal closer  Exceptional customer service skills            Accomplishments      Established thirty new accounts in a single year through successful business development/management skills. A company record. (GigaSpaces Technologies)  ​​  ​    Turned a one thousand dollar a year territory into a one million dollar territory in just a little under 2 years. (Buzz Food Service)​    Earned the 2012  ""Spirit Of Generosity Award ."" Given once a year to a salesperson who demonstrated an outstanding commitment to customer service in a way that improved both company reputation and work environment. (Buzz Food Service)    Master of Brand Advantage/Master's level meat course. (Buzz Food Service)         2006 Employee of the Year, Education, Employment and Training Department. (Goodwill of the Kanawha Valley)         Experience      Global Business Development Manager/Marketing   09/2015   －   Current     Company Name     City  ,   State        Grew customer base from  10  accounts to  35  accounts in  a year's time .     Established over 30 new international sales relationships.  Closed deals with several Fortune 500 companies.  Recognized for aggressive lead generation and work ethic.  Trained sales teams on educational products at seminars and special events.    Worked closely with company executives to identify new business opportunities.       Gathered all relevant materials for bid processes and coordinated bidding and contract approval.              Sales Rep.   09/2012   －   08/20 [...]","apprentice now has an excellent tech job opportunity for individuals looking to start and build a new career in technology as a software developer our client is an industry leader in technology services and consulting providing you a great job opportunity in the tech field to get your foot in the door

you will have the opportunity to work alongside a team of professionals to solve reallife problems and learn how to make an impact they will equip you with everything you need to know to make a meaningful impact as a professional within their organization and start your new career off right this is a fulltime salaried opportunity with benefits and no prior technical experience required

software development job duties may include but not limited to

responsible for developing solutions for clients using appropriate software

involves daytoday configuration build test support and maintenance

build and test interfaces for application development assignments test all code developed as per the defined quality process standard

develop userfacing applications that address the functional requirements while providing a superior user experience to the endusers

develop software and integration flows for clients

design execute and automate scenarios scripts and procedures

document software defects using a bug tracking system

participate in trouble shooting existing software issues and implement as per the change management process

design and configure interfaces needed to transfer [...]"
1057,COORDINATOR - MARKETING,"ACCOUNTANT         Skills        Timberline, MRI, YARDI, Peachtree, Peoplesoft, OneSite, QuickBooks
Microsoft Word and Excel            Experience     07/2014   to   Current     ACCOUNTANT    Company Name   －   City  ,   State      I am an experienced and goal-oriented Accountant with a demonstrated track record in preparation and analysis of financial reports to summarize and forecast financial position.  Independent contributor committed to superior quality, teamwork and proficient internal and external customer service.  An Accountant experienced in driving efficiency, productivity, and implementation of process improvements to support achievement of overall corporate goals and objectives.  Core competencies include:.  Accounting Management.  Cash Management FDH Velocitel provides all the services needed to design, build, optimize, upgrade and maintain broadcast and wireless infrastructure.  FDH Velocitel develops innovative solutions for evaluating the condition of heavy civil structures, such as bridges, dams and levees.         04/2010   to   07/2014     Accounting Manager    Company Name   －   City  ,   State      Responsible for financial management functions including preparation and delivery of monthly/quarterly financial statements, and variance analysis for several cost centers.  Responsible for processing of general accounting functions, balance sheet account reconciliation, time and material and AIA billing for Government work, inventory, and job costing.  Responsible for coordination of annual audit and government auditing.  Implemented an inventory system.  Assisted in implementation of percentage of completion reporting for revenue.  Assisted in Accounting system upgrade Northwood Ravin is a leading multifamily development, construction and property management firm serving the Southeast.         05/2005   to   06/2009     Senior Accountant    Company Name   －   City  ,   State      Responsible for property and development accounting for several enti [...]","job summary

the team member in this position is responsible for providing superior service to both internal and external guests the marketing coordinator is responsible for assisting the director  manager of marketing in executing the propertys marketing plan and daytoday operations

essential duties  responsibilities
 guest relations as it involves interacting with guests during deployment of special events and promotions
 deployment and coordination of property contests including ordering selection of materials setup décor and selection of prizewinners
 management and maintenance promotional materials such as décor promotional merchandising and other promotional tools
 working as event staff to setup events administer contesting issue prizing and ensure proper procedures or rules are followed
 coordination of property activation events with players club personnel and or any promotional agencies
 uploading and managing photo galleries for contest winners and communicating relevant information to the companys digital agency for social media
 special projects as assigned by the lead for marketing operations
 assist with and participate in activities related to audio visual and digital media
 coordinate maintain and assist with group sales
 comply with our drug  alcohol free workplace subject to post offer for cause and postaccident drug tests
 be a customer experience owner act in ways that will surprise and delight our guests leave guests with positive feelings about our pro [...]"
1058,Senior Marketing Specialist,"REGISTERED NURSE       Professional Summary    To provide safe, efficient, and quality care to patients and their families while adhering to policies and procedures.      Licenses    Completed coursework in Anatomy and Physiology, Anatomy Lab, English Composition, Cardiopulmonary Resuscitation, Microbiology and Microbiology Lab, and Medical Terminology      Skill Highlights        Microsoft Office, Word, Excel, PowerPoint, and Outlook            Professional Experience     06/2016       Registered Nurse    Company Name   －   City  ,   State      Self-motivated leader with over 8 years of experience in emergency medicine and health care.  Self-starter who is able to maneuver through tasks and make sure the job is done in a timely and proficient manner.  Trainer and teacher who can effectively break down tasks so they can be understood and executed without flaws.  Facilitator of group projects to help others understand the objective and how to produce an effective outcome of the job being presented.  Creative mindset that can present an outcome in more than one way with many options being available.  Able to communicate with other team members from diverse backgrounds and incorporate the needs of every individual to create a positive atmosphere.  Able to recognize abnormalities and report them in a timely and efficient manner.  Flexible by being able to quickly adapt to change at the last minute and complete the project without delays.  Mentored those in the health care field to understand the emergency medical system and reporting standards, while having the knowledge to formulate and present reports to the next echelon of care.  Knowledgeable of regulatory requirements in order to adhere to healthcare standards and protocols.  Completion of over 120 clinical hours of Medical Surgical, Pediatric, and Psychiatric health services.         11/2010   to   05/2013     Medical Technician/ Healthcare Specialist    Company Name   －   City  ,   State      Supervisor: SSG Stov [...]","we are more than a health system we are a belief system we believe wellness and sickness are both part of a lifelong partnership and that everyone could use an expert guide we work hard care deeply and reach further to help people uncover their own power to be healthy we inspire hope we learn grow and achieve more  in our careers and in our communities

job description summary

this marketing sr specialist supports the ohiohealth strategic imperative of growth by supporting marketing activities for the ohiohealth system the position is accountable for developing and executing integrated marketing plans that align and fulfill ohiohealths mission vision values and strategic priorities the marketing sr specialist supports coordinates and helps execute strategic integrated marketing and communications activities for internal and external audiences contributes to marketing plan development implements marketing projects and events and develops webbased marketing content and manages project timelines etc this position collaborates with other marketing  communications team members on matrixed workgroups to support activities across various service lines and care sites and participates as an active member of integrated teams throughout the organization the marketing sr specialists must be able to effectively manage multiple projects with extreme attention to detail and deliver results on tight timelines strong writing and editing skills and good prioritization and time management skil [...]"
1059,Real Estate Attorney (4+ yrs),"BUSINESS DEVELOPMENT MANAGER       Professional Summary    Experienced, driven and successful Sales Professional recognized for consistently growing sales revenues and profitability. Frequently selected by management to open new territories and rapidly develop sales pipelines through the use of innovative and imaginative sales and marketing programs that achieve maximum market exposure and penetration. Parlays commitment to community and passionate for causes supported into strong networking and business alliances. Proficiencies: Solution Based Sales  Key Relationship Management  Business Development  Project Management  Product Knowledge Territory Management  Customer Education & Training  Marketing & Brand Positioning  Stakeholder Engagement      Skills                    Work History     09/2013   to   08/2014     Business Development Manager      Company Name   –   City  ,   State      Provided leadership and drove sales for organization providing workforce solutions to Aerospace & Defense, Engineering,.  Government, Health Care, Life Sciences, Information Technology and Telecommunications industries.  Accomplishments: Consistently grew sales revenues and profitability Extend coverage of Indianapolis office to cover Midwest region Rapidly developed the sales pipelines with innovative and imaginative sales and marketing programs.        01/2012   to   01/2013     Network Solutions Consultant      Company Name   –   City  ,   State      Provided sales and leadership expertise to various departments including mentoring junior sales staff enhancing organizational sales for organization catering to Information Technology industry in providing staffing solutions.  Accomplishments        01/2011   to   01/2012     Relocation Consultant      Company Name   –   City  ,   State      Served as recognized expert and solutions partner to clients of leader in the relocation industry in National Account and Commercial Relocations while managing contract administration and comp [...]","phillips lytle is looking to expand our talent within our real estate practice team phillips lytle has an excellent reputation and a roster of high profile clients including fortune  and fortune  companies in industries such as telecommunications technology energy nanotechnology manufacturing healthcare and life sciences

the real estate practice team seeks to hire an attorney with at least  years of experience handling sales and acquisitions of commercial properties commercial leasing financing transactions and related areas of commercial real estate

we offer a flexible workplace a commitment to advancement and significant client contact and responsibility we value community engagement and an entrepreneurial spirit we are focused on growing our firm across our entire footprint and welcome associates who are looking for an inclusive and equitable environment where mentoring feedback and training are emphasized

to apply submit a cover letter resume writing sample and an official transcript to sandra e langs esq

apply here

note phillips lytle is not working with any search firms
in connection with filling this position"
1060,Senior Web Designer (REMOTE),"DIGITAL MARKETING ASSOCIATE       Summary    Dynamic and highly enthusiastic individual with keen business acumen seeking a position in Marketing and Advertising to apply advanced customer service skills and uncommon creative mindset to bring a positive initiative to your business operations and an upward curve to your company revenue growth Skilled marketing professional focused on exceeding revenue goals, driving high-volume new user acquisition, and growing subscription-based businesses Well versed in all aspects of marketing campaigns from concept development to execution and launch Highly organized individual with strong knowledge of business organization and processes as well as management techniques who constantly strives for self-development and education welcoming every opportunity to expand intellectual, cultural, and professional horizons Highly competitive team player and multitasker seeking to positively contribute to overall team performance and the achievement of all established corporate objectives Efficient communicator with an uncommon ability to relate to people and provide excellent customer service Responsible professional with strong analytical skills and a proven ability to produce a range of solutions as well as work under stress still delivering good results Account Management Brand Development Sales Promotion	Multi-Media Marketing Campaign Planning & Execution CRM & Profit Maximization	Strategic Media Placement Market Analysis Customer Service	Advertising       Experience     05/2016   to   11/2016     Digital Marketing Associate    Company Name   －   City  ,   State      PatientPop is one of the top 20 fastest growing startups in Los Angeles and is the first growth-focused platform that accelerates new patients growth by automating practice marketing and eliminating the need for dedicated marketing resources.  Optimize web presence and visibility of healthcare professionals.  Create, oversee and audit social media pages, health directory p [...]",the apply with seek option will be utilized for international applicants mainly australia if this does not apply to you please use the apply optionsenior web designer remoteif you care theres a place for you herefor a career path that is both challenging and rewarding join sedgwicks talented team of  colleagues around the globe sedgwick is a leading provider of technologyenabled risk benefits and integrated business solutions taking care of people is at the heart of everything we do millions of people and organizations count on sedgwick each year to take care of their needs when they face a major life event or something unexpected happens whether they have a workplace injury suffer property or financial loss or damage from a natural or manmade disaster are involved in an auto or other type of accident or need time away from work for the birth of a child or another medical situation we are here to provide compassionate care and expert guidance our clients depend on our talented colleagues to take care of their most valuable assetstheir employees their customers and their property at sedgwick caring counts join our team of creative and caring people of all backgrounds and help us make a difference in the lives of othersopen to remote work all locations within the usprimary purpose  conceptualize and design user experience projects and initiatives and oversee designers to ensure highquality work throughout the entirety of the projectessential functions and responsibilities creat [...]
1061,"Vice President, Head of Global Medical Affairs","DIRECTOR OF BUSINESS DEVELOPMENT       Professional Summary     Extensive experience in LTAC Marketing in a hospital setting. Ability to build strong rapport with physicians, patient's families, case managers and health care community. Managed and lead team of clinical, admissions and marketing liaisons and efficiently communicated patients' needs to clinical staff. Expert in planning and executing marketing strategies to build relationships in new territories and increased referral sources. Track record of consistent growth in census of hospital through demonstrating strong professional relationships with referral sources and turn potential referrals into admissions. Self driven and innovative with a strong desire to compete with other LTACHs to increase hospital census. High recommendations by leading physicians based on performance and work ethics.       Highlights          Excellent interpersonal communication skills with the ability to keep professionalism.  Confident public speaker.  Highly motivated marketer.  Patient care oriented, increasing and securing walk-in tours for patients' families and catering to their needs.  Cultural awareness and sensitivity towards patients and physicians.   Trained by physicians and nurses to evaluate patients' charts and make recommendations for LTAC based on diagnoses.      Proven ability to manage marketing team and yielding results.  Strategically develops marketing plans.  Track record of financial management by efficiently using budgets to organize networking events, company functions and annual galas.  Effectively influences team members by showing motivation and drive to perform.  Understands and explains the continuum of care model to patient families.   Clinical knowledge in identifying LTAC patients with proper diagnoses and treatments.            Experience     04/2013   to   10/2014     Director of Business Development    Company Name   －   City  ,   State     Managed and lead by example a team of qualified marke [...]","work at rocket pharma and help cure rare diseases

rocket pharma is a fully integrated clinicalstage company advancing gene therapies with curative potential for multiple rare childhood diseases rocket places enormous value on people and considers team member progress and wellbeing to be as important as the progress of its pipeline we are looking for handson team players who enjoy collaborating with colleagues we share a passion for seeking gene therapy cures for devastating diseases and making a difference for patients this is an opportunity to become an integral part of a small highly productive team and to help grow an entrepreneurial scientifically driven organization that is increasingly recognized as a leading biotechnology innovator in addition to a competitive compensation package featuring a generous  match and stock options the position includes excellent health benefits

we are seeking a vice presidenthead of global medical affairs to oversee development of a global organization supporting rockets development and launch of innovative and transformative gene therapies for lifethreatening blood cardiovascular and immunologic disorders reporting to the chief medical officer the vp medical affairs will be responsible for development of a medical affairs team that will partner with rockets clinical development and commercial teams to enable successful latestage development launch and lifecycle management across rockets multiple clinical and registrationalstage gene ther [...]"
1062,Software Developer- Entry Level,"O        SITE LEAD/PROCESS ANALYST         Summary     I am seeking a position that challenges my current experience and grants the opportunity to make a measurable impact. Much of my experience is transferable, specifically in the areas of business strategic planning, process development, problem resolution, customer service, attention to detail. I also look forward to further developing my skills and talents within the contest of the organization. I am a strong planner and problem solver, who readily and easily adapts to change. I work well individually or within the context of a team, and consistently exceeds expectations. Able to manage multiple priorities and meet tight deadlines without compromising quality.       Skills           Leadership development training     Process development      Bank reconciliations     Office Management   Conflict resolution      Complex problem resolution        Strategic planning      Records Management  performance tracking   Business recovery and sustainability    Interpersonal Customer Service  Spreadsheets/Reports  All forms of communication including verbal, written and digital          Computer skills   Microsoft office Suite  workday program  kronos  Regloginc   Arrow and CPI  Fidelity   QuickBooks               Accomplishments       Multiple awards for performance.     Cut operating expenses by 45  % year over year by   created new workflow process that enhanced efficiency      Reduced office expenses by finding smarter solutions for vendors, suppliers and services.       Five years of training on leadership development and mentorship      Completed over 50 books on leadership, people skills and business management.       ​         Experience      site lead/process analyst   City  ,   State    Company Name  /   Sep 2013   to   Current         Developed organizational change management strategies.  Reduced organizational operating costs by  45 % by streamlining processes.          Conducted activity-based analysis of busi [...]","apprentice now has an excellent tech job opportunity for individuals looking to start and build a new career in technology as a software developer our client is an industry leader in technology services and consulting providing you a great job opportunity in the tech field to get your foot in the door

you will have the opportunity to work alongside a team of professionals to solve reallife problems and learn how to make an impact they will equip you with everything you need to know to make a meaningful impact as a professional within their organization and start your new career off right this is a fulltime salaried opportunity with benefits and no prior technical experience required

software development job duties may include but not limited to

responsible for developing solutions for clients using appropriate software

involves daytoday configuration build test support and maintenance

build and test interfaces for application development assignments test all code developed as per the defined quality process standard

develop userfacing applications that address the functional requirements while providing a superior user experience to the endusers

develop software and integration flows for clients

design execute and automate scenarios scripts and procedures

document software defects using a bug tracking system

participate in trouble shooting existing software issues and implement as per the change management process

design and configure interfaces needed to transfer [...]"
1063,Vice President Marketing,"EXECUTIVE CHEF       Executive Profile     More than twenty years of progressively responsible experience as a dynamic, resourceful and skilled Executive Chef with a proven success record in both fine dining and catering. Associate of Occupational Studies in Culinary Arts from The Culinary Institute of America. Supervised a staff of 40 to prepare as many as 5,000 meals per day. Highly organized; initiated and coordinated all pastry production for four restaurants and a catering company. Very professional; experienced in developing new food concepts and applications        Skill Highlights          Multi-operation hospitality management  High degree of drive and determination  Proven leadership skills       Special dietary needs expert  Adaptable  Staff development talent             Core Accomplishments     Directed the operation and organization of kitchens and all food-related activities, including the presentation and serving of food.Created and explored new cuisines. Milwaukee Journal Sentinel Carol Deptolla's Top 30 Restaurants of 2011.       Professional Experience      Executive Chef   11/2014   to   Current     Company Name   City  ,   State       Effectively plan and develop menus for the club considering factors such as product availability, food and service cost, marketing conditions and business volume.  Ensure the correct preparation and presentation of a consistent level for all food items prepared through production and demonstration.  Full accountability and responsibility for all Café/Kitchen operational functions. Additional roles in Ordering, Receiving, Inventory and Loss Prevention.   Developed Scratch Pastry Program to produce and distribute from Bristlecones's kitchen to sister clubs.          Premium Club Chef   01/2014   to   11/2014     Company Name   City  ,   State       Directly responsible for food and labor costs, menu development, recipe creation and standardization of recipe production to ensure consistency.  Promote positive public r [...]","about the company

webbmason is a fullservice marketing firm with offices coast to coast  from our corporate headquarters in hunt valley maryland to los angeles and just about every major metropolitan area in between for over  years weve been focused on helping activate brands at the local level through engaging content material and merchandise  providing upstream strategy creative services and technology connected to downstream production and distribution both physical and digital

effective july  webbmason marketing has merged with supplylogic combining two brands that together  provide an unmatched portfolio of techenabled marketing services for print branded merchandise point of sale and digital solutions

job summary

were looking for a creative and passionate vice president of marketing who will work directly for our chief strategy officer helping define support activate and optimize the combined companies aggregate gotomarket strategy this is a remote role based out of new york with planned travel to key office locations including the corporate office located in hunt valley maryland

ideal candidates will be able to do the following
 thrive in a fastpaced environment with the ability to manage multiple priorities
 proactively identify businessmarketing opportunities and create action plans
 manage and plan at both the strategic and operational levels
 lead creativedesign strategy everything you hear see and touch
 infuse passion creativity and innovation into our busin [...]"
1064,Retail Sales Assistant,"SALES ASSOCIATE         Core Qualifications        Working knowledge of Microsoft Office (Word, PowerPoint, Excel, Outlook, Publisher            Education and Training     May 2016     Bachelor of Science  :   Communications Public Relations Political Science    SALEM STATE UNIVERSITY   －   City  ,   State      Communications Public Relations Political Science          Work Experience     12/2016   to   Current     Sales Associate    Company Name   －   City  ,   State      Respond to member inquires via email or phone.  Establish referral programs using OTF sales system.  Sell memberships or upgrades.         08/2016   to   11/2016     Marketing Coordinator    Company Name   －   City  ,   State      Promote ridesharing programs by hosting events at client locations.  Develop marketing flyers using Publisher.  Manage all aspects of event production.  Support Field Directors in project management.  Manage social media accounts (Facebook, Twitter).          Intern    Company Name   －   City  ,   State      Helped film the Malden holiday parade using editing skills.  Designed brochures for upcoming events.  Collaborated with members of the Malden neighborhood.          Staff Writer    Company Name   －   City  ,   State      Student -run campus newspaper.  Researched information for news articles using library and web sources.  Composed and edited informational articles as well as conduct interviews.  Gained knowledge in taking photographs and writing captions and sidebars.         11/2013   to   06/2016     Customer Service/Sales Representative    Company Name   －   City  ,   State      Help customers resolve billing questions, collect payments, and renew oil contracts.  Answer inbound calls and make outbound calls.  Promote oil as a safer choice.  Train new hires.          Skills    billing, brochures,  client, editing, email, event production, film, marketing, Excel, Microsoft Office, Outlook, PowerPoint, Publisher, Word,sales,salesforce","retail sales assistant job at eg  calgary ab
 our shop is looking to hire a full time retail sales associate

job responsibilities

receive customers in a welcoming manner

help them to select products

pack the purchases and process the payments

alert the team of potential security issues

stock merchandise

clean and organize the store

about  hours per week   per hour  fixed schedule that involve weekends 

no retail experience needed will train the right person 

ideal for those on the food sector that want to move to the retail sector

occasional heavy lift 

job types fulltime permanent

salary  per hour

schedule

shift availability

about the company

company eg 

company location calgary ab

estimated salary"
1065,Administrative assistant,"SERVER         Professional Summary    Ambitious student looking for an opportunity to use my knowledge and experience to learn about the mental health
field.      Skill Highlights          Superior communication skills  Solution-focused counseling  Exceptional problem solver  Positive attitude                Professional Experience      Company Name    City  ,   State    Server   01/2017   to   Current       Spoke with patrons to ensure satisfaction with food and service
     Displayed enthusiasm and knowledge about the restaurant's menu and products.  Communicated with other kitchen team members to ensure food was prepared on time and correctly.          Company Name    City  ,   State    Server   08/2016   to   12/2016       Provided friendly and attentive service and exceptional hospitality.  Set dining tables according to type of event and service standards.  Consistently offered professional, friendly and engaging service.  Stocked service stations with items such as ice, napkins, and straws.          Company Name    City  ,   State    Front Desk   01/2014   to   05/2015        Promoted club programs, products and services to participants     Trained all new sales employees on effective techniques.       Listened to customer needs and preferences to provide accurate advice.         Corrected dangerous movements and suggested alternate exercises.             Education and Training      High School Diploma     2012     Jackson Liberty High School  ,   City  ,   State              Associate of Science  :  Psychology    University of South Florida          Psychology        Associate of Science  :  Psychology    Temple University  ,   City  ,   State      Psychology","greets visitors prospective candidates and other visitors answers telephones and directs the caller to the appropriate associate

maintains and manages calendars for conference rooms receives sorts and forwards incoming mail coordinates the pickup and delivery of express mail services fedex ups etc

assisting in the payroll process for facility workers requirements  prior front desk administrative and office experience

flexible schedule is a must high school diploma excellent communication skills solid computer and basic mathematical skills

very positive attitude with an ability to work in a fastpaced environment location  bronx nyadministrative assistant administrative assistant healthcare

last updated"
1066,"Furniture Sales Associates - Bridgewater, N.J.","TERRITORY HR MANAGER       Executive Profile     Territory Human Resource Manager offering outstanding presentation, communication and cross-cultural team management skills. High-energy, results-oriented leader who ensures a fair, diverse, and engaged workforce.        Skill Highlights          Human Resources Leadership  Employee Relations  Certified Strategic Workforce Planner  Employee Development  Performance Analysis, Coaching, Counseling       Leadership/communication skills  Advising and navigating crucial conversations  Employee Engagement  Wage Analysis  Legal Compliance            Core Accomplishments      Successfully leads all Human Resource/Employee Relations functions for a 14 state Territory, with 250 stores, 25,000 Non-Exempt Employees (peak), and 750 Exempt Employees.  Improved Employee engagement for the Territory from 77% in 2013 to 85% in 2016.  Significantly reduced risk, liability, and loss to the company through business partnerships and  providing internal solutions to Employee relations issues.    Lead the industry in lowest EEOC charges along with being the lowest Territory in the company.   Effectively trained and developed leaders at all levels to effectively navigate through difficult Employee Relations Issues.  Leads the company in the highest training compliance.              Professional Experience      Territory HR Manager     Oct 2010   to   Current      Company Name   －   City  ,   State     Serves as an advisor for managers on issues related to all discipline.  Assists in analyzing barriers to performance and devises a strategy to meet challenges regarding performance expectations.   Counsels staff and management to consistently and efficiently apply policies to people-based issues in compliance with state/federal law.    Plans, organizes and controls all human capital activities for the territory and participates in the development of workforce plans, succession plans, talent management, and strategic direction.    Advocates dire [...]","are you enthusiastic and passionate about helping people do you love to provide excellent customer service are you ready for career advancement we want to hear from you fortunoff backyard store has a passion for people and our commitment to our employees allow us to offer an environment that is conducive to both professional and personal success we are a highly successful organization as a result of our commitment to hire and retain highly energetic and motivated sales professionals who perform

our company is seeking energetic goaldriven sales professionals who appreciate working in a fun friendly and dynamic furniture retail environment while earning a generous income

fortunoff backyard store is  years old and we look better than ever the fortunoff backyard store has a worldclass company culture that you can experience with us our compensation and benefits are exemplary as well as our outlook on worklife balance additionally we provide performancebased promotions we are strong and continue to grow fortunoff backyard store is the largest outdoor furniture specialty furniture retailer in the united states with some of the strongest buying power in the industry

a guaranteed annual salarywage plus commissionbased sales are more lucrative than just getting paid one way we pay you three different ways every two weeks you get paid a solid guaranteed salarywage all year long plus commissions plus incentives every two weeks youre getting all three every two weeks no waiting for mo [...]"
1067,Data Entry - Brecksville,"COORDINATOR, DONOR RELATIONS       Summary     Highly organized Communications Specialist with [Number] years in the communications field. Areas of expertise include web and print content development, public speaking and project management.   Highly qualified, detail-oriented and hardworking [Job Title] with more than [Number] years of experience. Proficient in research, writing, case management and client relations. Expert computing and technology skills including competence in multiple software applications, website design (HTML), CMS and hosting, networking issues and social media.       Highlights         Dedicated team player  SharePoint  Microsoft Office Suite  Event planning  Exceptional writing skills      Exceptional problem solver  Print and electronic media  Budgeting and forecasting  Project development and lifecycle            Accomplishments     Developed and implemented an innovative internal communications strategy to improve employee engagement through strategic messaging.   Formulated an inclusive design manual reference guide with more than [Number] design templates.       Experience     01/2013   to   Current     Coordinator, Donor Relations    Company Name   －   City  ,   State      Track and analyze donor data received from volunteer projects to effectively cultivate relationships   Research, identify, and analyze past campaign activities to develop effective campaign growth strategies and forecasts   Identify strategies to strengthen social media presence and increase engagement   Produce internal and external communications collateral (digital and print)   Generate ideas to develop communication strategies, for donor cultivation, solicitation, and stewardship   Maintain and utilize email marketing platforms to distribute email campaigns   Design and create presentations that effectively communicate complex data and information   Assist with the development and implementation of changes to volunteer programs, policies and procedures   Monitore [...]","kelly is looking for a data entry operator for the brecksville oh area
 this is a temporary assignment for approximately  months
 pay rate  an hour shift  if you have the below qualifications i would love to hear from you
 please call debbie at  ill take information from tax forms and enter into predefined fields via data entry
 the job is  data entrykeystroke input of the documents
 required qualifications  kph data entry with  accuracyyou should know your safety matters
 vaccination against covid may be a requirement for this job in compliance with current client and governmental policies
 a kelly recruiter will confirm and share more details with you during the interview process
 why kelly as a worker today its up to you to take charge of your career and look for opportunities to learn grow and achieve your potential
 helping you find whats next is what were all about
 we know whats going on in the evolving world of workjust ask the  people we employ each year
 connecting with us means getting the support guidance and opportunities needed to take your career where you may have never imagined
 about kelly at kelly were always thinking about whats next and advising job seekers on new ways of working to reach their full potential
 in fact were a leading advocate for temporarynontraditional workstyles because we believe they allow flexibility and tremendous growth opportunities that enable a better way to work and live plus did we mention we provide a ton of benefits
 connecti [...]"
1068,Vice President Operations,"REGIONAL ENGINEERING MANAGER       Engineering Director      Innovative, solution-driven engineering director with over 25 years' experience delivering   high-profile ITS/SCADA projects for the Transportation and Water/Waste Water industries.  Expertise includes; technical solution architecting and cost estimating, mission critical ITS/SCADA system design and delivery, disaster recovery planning, technical program management, and cross-team leadership.    ​    ​  Execution and results oriented individual with a passion for
solving business problems with innovative, cutting edge technology solutions that enable clients to achieve and exceed
desired business outcomes.           Accomplishments      Technical manager with 90%+ success rate delivering projects on time and under budget.   Proposed innovative solution that would allow client to consolidate mutliple operations centers and provide for seamless migration without service interruption, which resulted in the company being designation as the ‘highly
preferred supplier'.   Maximized efficiency and ability to scale by industrializing sales and engineering delivery
methodology and deliverables.   Originated and spear-headed product innovation ideas,
enabling the company to differentiate itself in the ITS/SCADA market.         Expertise     Architecting best practice technical solutions   Technical program management   QA/QM   Client management     Vendor management  Testing and commissioning planning and execution  Team leadership / c ross-team collaboration    Engineering cost estimating    Engineering resource management and forecasting   Process improvement  ​​       Professional Experience      Regional Engineering Manager   01/2014   to   Current     Company Name   City  ,   State       Currently directing ITS solution deliveries in Texas, Australia, New Zealand, and Chile.  ​    Lead systems solution architect responsible for technical proposal write-ups, presentations, and engineering cost estimates, which h [...]","do you want to work on some of the most interesting commercial roofing projects in the columbus area we are now hiring for a vp of operations when you join our team you wont be given impossible deadlines or unrealistic performance quotas we believe in creating a work environment that allows you to enjoy the projects you work on and giving you the resources you need to be a leader in our industry we have been setting the standards for commercial roofing in columbus for over  years and look forward to continued growth

what we offer

paid holidays

regular mf schedule

pretax benefits like fuel health dental vision and life insurance

no overnight or outoftown travel

companypaid phone and computer

great worklife balance

what youll be doing

manage and coordinate job details between the field and office

participate in the transition of the job from estimating to project management

measure  organize jobs

communicate with customers and subcontractors

hybrid role  field  office

what we look for

minimum of  years of commercial roofing experience

familiar with major commercial roofing systems such as singleply and bur

reroof in epdm pvc tpo and kee

carpentry metal and shingles experience preferred

valid drivers license

osha  year preferred

attention to detail and ability to recognize discrepancies"
1069,Commercial Construction Manager,"HR ASSISTANT       Professional Profile     Skilled Program Coordinator bringing extensive background in technology and business process. Organized, resourceful and detail-oriented with exceptional planning and decision-making abilities.       Qualifications          Human resources understanding  Scheduling proficiency  Market research proficiency  Report generation  Critical thinking  Eye for detail      Self-directed nature  Analytical problem solving  Contracts  Social media and networks  Microsoft Office Suite  PowerPoint  Exceptional telephone etiquette  Patient and diligent            Relevant Experience     Coordinated all department functions for team of 120+ employees.  Planned and executed all aspects of a major office headquarter move.  Increased office organization by developing more efficient filing system and customer database protocols.Successfully planned and executed corporate meetings, lunches and special events for groups of 100+ employees.       Experience     01/2014   to   09/2015     HR Assistant    Company Name   -   City  ,   State      Pay for registration and conference fees with purchasing card  Reconcile purchasing card every 2 weeks to assure there are no taxes or additional charges   Fill out Verification of Employment paperwork as it comes in  Assess needs of the office and order any supplies that may be needed   Assist Office Manager with monthly budget   Onboarding/organizing training of new employees   Trained on all AV equipment in 9 conference rooms   Back up Office Manager when she's out of office   Train new employees/students on front desk and mail room procedures   Off boarding for terminated or retired employees  Organizing/verifying all technology purchases through DoIT   Take meeting minutes for Managers weekly meetings   Assist with setting up/participating in phone and in person interviews- 5 to 30 at a time   Coordinate and organize ETF/Finance meetings in house   Create external recruitments and post on websites   Cre [...]","full job description 

commercial construction manager 
johnson creek development is actively seeking a commercial construction manager the selected candidate will manage the overall construction of commercial projects and will supervise a team of subordinates subcontractors and suppliers johnson creek development embraces those with entrepreneurial instincts and forwardthinking views we reward our employees who acquire new clients propose new forms of revenue recruit new high performing team members and explore cutting edge business ventures within the commercial realestate construction market our working environment is fast paced and performance expectations are high however we recognize the importance of family and a healthy balance between our employees personal and professional life 

mandatory requirements
bs in engineering construction management or related discipline preferredhs diplomaged  plus years of experience requiredosha  certifiedexperience managing and estimating commercial projects from  to  with managing union personnelavailability to travel to jobsites in the champaignurbana areaexperience in preconstruction tasks post construction tasks managing change orders and building schedulesability to write and comprehend rfis potential change orders project schedules week outlooks and other project documentsability to utilize microsoft office suite and adobeability to clearly communicate to office owner and subcontractors
primary responsibilities
provide leadershi [...]"
1070,Sales Associate - Dalhousie,"ADMINISTRATIVE ASSISTANT       Professional Summary     Highly motivated and enthusiastic individual with multiple years experience in both fast-paced office settings and on-site construction settings. Resourceful, professional, hardworking team player offering expertise in various fields such as customer service, sales, clerical support, office management, data entry, project management, inventory allocation, general construction labor, painting, residential cleaning, general landscaping, customer relations, communications, and technical support. Self-motivated work ethic with the ability to perform effectively in independent or team environments. Responsible, punctual, and productive professional with high attention to detail and strong organizational skills. Ability to handle multiple projects simultaneously with a high degree of accuracy as well as anticipate professional needs and proactively identify and resolve problems while boosting operational efficiency. Attentive and personable worker eager to learn and take on new challenges while maintaining efficient and accurate operations.       Skills          Spreadsheet Management  Program Files Maintenance  Advanced MS Office Suite Knowledge  Customer & Client Relations  Multi-line Telephone Systems  Office & Team Management  AVImark Veterinary Software Knowledge  AutoCAD Software Knowledge  FoxitPDF Software Knowledge  Sales & Marketing  File Conversion & Sharing  Expense Reporting  Invoice Processing  Transcription & Dictation  90 WPM Typing Speed  Residential Painting & Preparation      Heavy Equipment Operations  Flooring Removal & Installation  Data Entry  Telemarketing  Billing & Collections  Cloud Database Management  Cash Register Operations  Inventory Management & Support  Contract Negotiations  Project Management  Business Correspondence  Contract Preparation  Recordkeeping  Purchase Order Preparation  Conference Planning            Work History      Administrative Assistant     04/2019   to   11/2020 [...]","job description

welcome to plantlife cannabis were so excited to lead canada with one of the fastestgrowing cannabis retail companies we currently have  retail operations opened andor in development and the growth doesnt stop there we are currently hiring for our calgary  dalhousie location

our plans for vast expansion necessitates a team of allstars to help us achieve our goals our retail locations demand a lot out of our team and therefore we are seeking the best of the best to keep our stores and customers satisfied

question  do you
 have experience and enjoy working with a team or individually
 have a passion for the cannabis industry
 have the drive to educate and guide new and current customers with exceptional service
 have determination and are ready to set goals for yourself and your team
 want to be involved in a fastgrowing company that gives you the potential to advance

if the answer is yes we want you

requirements
 proven experience as a sales advisor or another customer servicesales role
 experience in handling cash and utilizing pos system
 able to balance a customeroriented and a resultsdriven approach
 patient and comfortable dealing with customer complaints

why work for us

good question there are a few reasons why we think youd love to be a part of our team
 find some likeminded people who may even become your best buds
 advancement opportunities that open up everyday
 training and education of the industry will always be there for you to utilize and [...]"
1071,Software Developer,"LANDSCAPE TECHNICIAN       Professional Profile    Diligent and driven banking professional who has achieved success in a variety of roles with increasing levels of responsibility. An effective communicator and team-builder with strong analytical, management and organizational skills.       Highlights          Analytical  Detail-oriented   Excellent communication skills   Strong work ethic        Risk management expertise  Excellent time management skills  Exceptional customer service  MS Office proficient            Experience     07/2015   -   Current     Company Name   －   City  ,   State    Loss Prevention/ BSA Analyst        

Evaluate current fraud
situations and formulate recommendations to reduce in the future   Use anti-money laundering
(AML) software to review members' activity for money laundering and other
suspicious activity.    Review structuring
reports if software is not functional. Work cases and alerts
generated by software, documenting conclusions reached and actions taken.  Review member accounts to
determine those posing higher risk. 
Obtain and evaluate EDD forms and information. File Suspicious Activity
Reports (SARs) as necessary.  Provide effective written
and oral communication with members concerning extended holds, or possible
fraudulent transactions, or other security measures taken. Document all actions
accurately and timely.  Work with Fraud and
Security Managers in investigations and recoveries; with Operations (when
necessary) to ensure fraud is limited/prevented; with other financial
institutions and merchants to process fraud claims















         04/2014   -   07/2015     Company Name   －   City  ,   State    Branch Representative        Provided superior member service in the Retail branch, answering/ resolving member questions, and discrepancies; performed and processed transactions on sales side of branch- i.e. membership/ loan applications; resolving account related issues; and all cash-related responsibilities relate [...]","rtp north carolina or remote est only

biofidelitys mission is to improve and extend the lives of patients with cancer by enabling better targeting of therapies early detection of treatment resistance and routine monitoring of treatment response our unique technology is designed to allow rapid broad adoption of our assays in testing labs around the world enabling a step change in patient care

at biofidelity we are proud to have built a culture of humanity openness and high expectations we work towards welldefined goals with a strong belief that we can bring real benefits to patients our people are keen to take responsibility for their work and share both their successes and challenges

alongside a competitive salary and opportunities for career development we offer a comprehensive benefits package including medical dental and vision coverage k bonus stock options  days per year pto allowance and  floating holidays in addition to company observed holidays

the role

biofidelity is seeking an experienced software developer to help lead development of the software used to run biofidelitys clinical laboratory the candidate will have a key role in architecting and implementing a maintainable and secure system

key responsibilities
 architect workflows and interfaces between thirdparty and internally developed software components to support laboratory operations
 implementing components of the system in clean testable code
 implementing highquality testing of the system as a whole [...]"
1072,Administrative Assistant - Remote / Online / Work From Home (PT/FT),"BANK TELLER       Professional Summary    Personable, high-energy nursing professional. An ambitious individual who has a demonstrated ability to address patient's needs in a timely manner. Proven success in dealing with patients and families from different backgrounds. Eager to work in a busy environment to achieve the highest level of patients' satisfaction.      Licenses     CPR certified through American Heart Association        Skills     Medical Terminology  Vital Signs & Patient Monitoring   Electronic Health Record  HIPPA Regulations/ Privacy  Patient Safety & Care  Patient Advocacy and Support  Medication Administration   ​       Professional Experience     09/2015   to   Current     Bank Teller    Company Name   －   City  ,   State       Professional tellers are responsible for providing a positive customer experience that leads to improved satisfaction and sales.  Professional tellers process transactions accurately and efficiently in a fast-paced environment while simultaneously introducing products and services that meet the customer's needs and encouraging customers to expand their relationship with Bank of America.  Your duties may include, but are not limited to the following: Create a connection and develop rapport with customers to provide outstanding, personalized service Listen carefully and connect with customers to understand their top financial priorities and to uncover products and solutions that will benefit them Ensure customers/clients are quickly connected to the appropriate teammate with the expertise to meet their needs Meet or exceed sales goals by influencing customers to learn about products/services that will benefit them Build, develop and maintain partnerships with teammates and specialists to maximize effectiveness and serve customers.         09/2014   to   05/2015     Retail Sales Consultant    Company Name   －   City  ,   State      Interacting among clients with a primary focus on business retention and new business roll outs [...]","our assistants are our frontline employees and a very important they work diligently to sort and make sure packages are in the correct route to ensure proper delivery timelines they work closely as a team to make sure all the behind the scenes work is done safely and successfully no day is the same we are looking to expand our team with people that care about safety quality and work at a fast pace

work when you want and get paid daily immediate openings

   per hour

flexible hours available

duties  essential job functions

 monitor the employees shipping dashboard for incoming orders and packages

 stay available to receive shipments at the designated address

 inspect product boxes for damage and take and upload photos

 consolidate or process outbound shipments according to customer wishes and instructions provided

 deliver packages to local postal locations and ship them using provided shipping labels

 working at your own at home or home office

benefits

 highly competitive compensation depending on your experience with an annual increase based on performance

  program

 health insurance

 paid time off

 medical and other employee benefits

 opportunity for longterm employment and advancement

qualifications

 no hs diploma or ged required

 prior work experience in a wholesaleretail environment preferred but not required

 the company will provide training during the probationary period

we are an equal opportunity employer in compliance with federal and state emp [...]"
1073,Program Director / Supervising Attorney,"TRAINING ASSISTANT       Summary    Project Management and special events
Training, curriculum development, needs assessments
Outside sales, recruitment and marketing
Non-profit management and office administration          Experience      Training Assistant     Jan 2008   to   Current      Company Name   －   City  ,   State     Develop and implement projects which create a positive presentation of ProEquities.  Analyze and develop solutions for internal processes Coordinate and implement logistics for training events Coordinate the BDU Scholarship program Provide duties such as the maintenance of databases, preparation of PowerPoint presentations, spreadsheets, editing, mail merge and special project reports Field all incoming phone calls for ProEquities; greet guests.         Market Game Coordinator/Office Manager     Jan 2005   to   Jan 2007      Company Name   －   City  ,   State     Organized and maintained Alabama Stock Market Game activities Coordinated teacher recruitment and workshops  -  Provide technical support and communication to teachers Coordinated stockbroker mentor program Promoted programs through correspondence, workshops and public speaking Coordinated day-to day  office activity Provide support to fund development, client service, marketing, financial reporting and special projects Assist in bookkeeping activities.         Advertising Administrator     Jan 2003   to   Jan 2004      Company Name   －   City  ,   State     Ensured compliance of company policy for Yellow Page and White Page directory advertising Addressed and resolved company wide directory listing issues Coordinated acquisition, distribution and billing of inventory of financial center merchandising hardware and graphics for over 700 financial centers throughout eight-state area Provided accounts receivable and payable tasks and general ledger account reconcilement for directory advertising, merchandising hardware, graphics and holiday signs Coordinated design, job biding and dist [...]","company overview since  brooklyn a has provided free legal services for lowincome residents of brooklyn pursuing neighborhoodbased mission of justice empowerment and community development
 for over half a century we have utilized an array of legal and advocacy strategiesâ community organizing affirmative civil rights litigation and eviction defense to defend the rights of individuals and families
 collaboration with the city state and federal officials to enforce housing laws and develop legislative solutions is also an integral part of our strategy
 brooklyn a has three core programsâ preserving affordable housing pah program consumer  economic advocacy cea program and community  economic development ced programâ each of which has unique initiatives and plays a vital community role to ensure basic needs are met and fundamental rights affirmed
 the program director is responsible for the overall management and supervision of the ced program and in coordination with the executive director and the rest of the senior leadership team will represent ced to its funders community partners the media and the public
 the director will work with train and supervise ced staff to ensure that clients receive highquality legal representation
 they will identify program priorities and develop the ced capacity to holistically and responsively address the needs of its clients and the communities brooklyn a serves
 the director will supervise data collection and management general reporting and [...]"
1074,Realtor,"OWNER/PRESIDENT           Professional Profile    A seasoned marketing professional who delivers results in alignment with strategic business plans by developing and executing marketing campaigns as well as managing external agencies.      Qualifications             Strategic marketing planning  Results measurement  Strategic development  Experiential customer events  Plan execution  NASCAR sponsorship  Video production      Execution of Webinars  Product positioning  Brand developmentIntegrated marketing communications  Account relations  Tactical planning            Relevant Experience     Oversaw campaign that exceeded annual goals and increased brand relevance with consumers/       Experience      Owner/President    January 2013   to   Current     Company Name          Freelance communications and digital content creation for corporate and independent businesses.  Development and production of video content for internet and social media.          Strategic Marketing Manager    January 2010   to   January 2012       Formulated, directed and coordinated marketing activities to promote products and services Maximized marketing budget and coordinated media buys.  Provided oversight of PR and trade show activity.  Created strategies to stretch marketing and promotional budgets while improving brand impact in the marketplace.  Adjusted marketing mix and implemented an improved integrated strategy.  Took ownership of and executed an experiential NASCAR marketing program that raised awareness for one of our brands and increased pull-through rate for the product resulting in a 15% increase in production volume and sales and $3 million of total branded TV exposure as estimated by Joyce Julius.  This program also resulted in strengthening a relationship with a major customer.  Reduced shipping and set-up costs for trade show properties by $3000 per event by refreshing tradeshow properties and displays.  Developed impactful displays designed and engineered to be lighter and [...]","full job description

bh properties is looking for a hungry individual to join a unique real estate brokerage primarily focusing on residential rental showings in brooklyn ny

we have developed relationships and technologies over  years that allow for great monetizable opportunities with the right mentality and training we are now accepting applications for both entrylevel and experienced sales agents as well

who we are

we are a tech infused brooklyn brokerage focused on residential rentals we offer a fresh solution to finding the perfect home in brooklyn

bh properties tries to marry the needs of all the partners involved in a transaction and make everyones lives easier and increase monetizable opportunities for our agents time  

our team is comprised of licensed experienced agents and an international full time operation that have seen just about it all

what we are looking for

fulltime sales agent

professional and personable with great communication skills

techsavvy

what we offer

 qualified leads

 our proprietary automated solutions that can be accessed anywhere anytime

 free branding and smm assistance awareness

 personalized website

 stream of hot new leads directly to you on a daily basis

 a team in the field and on discord available full time focused on you making money

 personalized intensive training sessions

 crm software  text marketing tools  online application automation along with a set of tools to accomplish most things virtually

pleasant atmosp [...]"
1075,"Sales Associate Totally Pagoda,Providence Place Mall","CONSUMER BANKING DEFAULT MANAGEMENT SUPERVISOR           Summary     Innovative Customer Service Manager who effectively executes process changes to improve operational efficiency.  Dedicated to providing excellent customer service and making operational and procedural improvements.            Highlights          Microsoft Word, Microsoft Excel, Microsoft  Access, Microsoft Power Point, Management, Payroll,  Staffing/Scheduling    Strategic Management,   Lotus Notes, Hogan, Lease Master, ALS, CPI, CACS, HIS, 10-key,         Client relations specialist  Conflict resolution techniques  Team management  Management of remote employees  Focused on customer satisfaction  Skilled multi-tasker  Training and development  Scheduling            Accomplishments     Developing Leaders - Management Training Program.     Reduced staff turnover by  20 % in one year by implementing several well-received team and morale-building programs.         Experience      CONSUMER BANKING DEFAULT MANAGEMENT SUPERVISOR    October 2007   to   Current     Company Name   －   City  ,   State      Supervising a team of up to 7 - 10 collectors in a proactive and caring way to achieve the delinquency targets provided by upper management.  Managed daily operations, dealt with customers and supported and worked with the management to motivate growth.  Working with the CBDM team to understand and proactively supervise the daily and weekly performance data that is provided to me.  Work closely with upper management to implement efficiency improvement ideas and process improvement initiatives.  Assist the Auto Dialer Team in managing and measuring call handling within collections to ensure efficiency of call volume and maintenance if queues.  Manage the incentive plan with my team and provide spot incentives as a motivational tool.  Listen, document and disperse call recordings for Quality Assurance & training purposes.  Monitored progress against strategic objectives Daily coaching of employees in custome [...]","working with guests helping them find jewelry that suits their needs and piercing also excellent customer service skills needed we are a division of zales jewelers part time flexible hours available hourly pay plus bonus potential

covid precautions
 plastic shield at work stations
 temperature screenings
 social distancing guidelines in place
 sanitizing disinfecting or cleaning procedures in place

paid training
 yes

management
 store manager
 assistant manager

work remotely
 no

this job is ideal for someone who is
 dependable  more reliable than spontaneous
 peopleoriented  enjoys interacting with people and working on group projects
 achievementoriented  enjoys taking on challenges even if they might fail
 innovative  prefers working in unconventional ways or on tasks that require creativity

job type parttime

pay from  per hour

benefits
 paid time off

schedule
  hour shift
 night shift
 weekend availability

supplemental pay
 bonus pay

covid considerations


ability to commuterelocate
 providence ri  reliably commute or planning to relocate before starting work required

work location one location"
1076,Large Law Real Estate Associate Attorney,"PLACEMENT AGENT / DORADO BEACH RESORT               Accomplishments      GPA: 3.6 / 4.0 - NCAA / ITA Varsity Scholar-Athlete Award Winner  Yale University Varsity Tennis Team / Division 1 NCAA - Recipient of Stuart B. Ludlum Award '69  Skills & Licenses  Proficient in DBC Finance (Municipal Bonds), Argus Real Estate, SNL Financial, Bloomberg, Capital IQ, Thomson One  Banker, Factset and all Microsoft Office products (expert in Excel); FINRA Series 7 License  Athletics & Interests  Marathon Running, Tennis, N.Y. Yankees, N.Y. Giants, Military History, Politics and Traveling        Professional Experience         May 2014   to   Current     Company Name   －   City  ,   State      Organized and structured the Platinum Banking team of FirstBank Puerto Rico (NYSE: FBP). Led the development of a private banking group dedicated strictly to Act 20 and Act 22 (Tax Exemption Laws of 2012) clients that moved to Puerto Rico.  Led a team of experienced and motivated private banking professionals dedicated to serving Act 20/22 clients on all suitable financial needs  Provide a broad range of services including business and individual deposit accounts, commercial loans, cash management services, high-yield accounts, credit cards, mortgages, leasing, OREOs and other resources available at the Bank          Placement Agent / Dorado Beach Resort    January 2007   to   January 2012     Company Name   －   City  ,   State      Representative Highlights: ◦ Achieved 45% market share with over 200 clients in less than 1 year - aggregate deposits of over $30 mm ◦ Achieved highest rank among officers in deposits, accounts and cash management sales (Platinum and Business Banking) UBS Financial Services Incorporated of Puerto Rico Investment Banking - Corporate and Public Finance Group / San Juan, P.R. (Associate Director 2007 - 2012 / Director 2013 - 2014)  Created dynamic financial models, including DCF, tax credit analysis, investment return analysis, capitalization rate-based and multiple- [...]","essential qualifications 
 candidate should be well versed in handling a wide variety of real estate transactions including financing acquisition and development transactions
 experience drafting and negotiating sophisticated loan and transaction documents including purchase  sale agreements loan agreements notes mortgages assignments and related documents
 understanding of all aspects of real estate due diligence review including title  survey review corporate governance and authority review opinion review and negation
 familiarity and comfortably in speaking to clients and opposing counsel on real estate related transactions
mpi does not discriminate on the basis of race color religion sex sexual orientation gender identity or expression national origin age disability veteran status marital status or based on an individuals status in any group or class protected by applicable federal state or local law mpi encourages applications from minorities women the disabled protected veterans and all other qualified applicants
 juris doctor degree jd
 new york state bar admission
 commercial real estate experience
 transactional legal background
 effective and persuasive writing and oral communication skills including experience speaking directly with clients and opposing counsel
 ability to manage multiple priorities and assume a high degree of responsibility
one of the nations largest law firms founded in ohio who prides themselves on their midwestern collegial spirit is looking to [...]"
1077,Therapeutic Coach Team Lead,"PRODUCTION ASSOCIATE       Summary    Conclude your application letter by thanking the employer for considering you for the position. Include information on how you will follow-up. Complimentary Close Sincerely, Signature The following application letter template lists the information you need to include in the letter you submit with your resume when applying for a job. Use the application template as a guideline to create customized letters to send to employers with your resume. Then review letter samples to get ideas on writing your own application letters. The first paragraph of your job application letter should include information on why you are writing. Mention the job you are applying for and where you found the position. If you have a contact at the company, include it. Middle Paragraphs: The next section of your cover letter should describe what you have to offer the company. Make strong connections between your abilities and the requirements listed in the job posting. Mention specifically how your skills and experience match the job. Expand on the information in your resume, don't just repeat it. Try to support each statement you make with a piece of evidence. Use several shorter paragraphs or bullets rather than one large block of text. Conclude your application letter by thanking the employer for considering you for the position. Include information on how you will follow-up. State that you will do so and indicate when (one week's time is typical). You may want to reduce the time between sending out your resume and follow up if you fax or email it. View More Free Email Newsletter Top of Form Let About.com send you the latest from our Job Searching Expert. You can opt-out at any time. Please refer to our privacy policy for contact information. Bottom of Form Copyright Alison Doyle This cover letter takes the position requirements and matches the applicant's skills to those requirements. This way, the resume reviewer can see the candidate's relevant qualif [...]","if you are a current yai employee please click this link to apply through your workday account
 the start systemic therapeutic assessment resources and treatment model serves people diagnosed with intellectualdevelopmental disabilities and cooccurring behavioral health conditions
 this comprehensive model of service supports and optimizes independence treatment and community living for individuals with idd and behavioral health needs mission statement yai yai is a network of agencies offering people with intellectual and developmental disabilities a comprehensive range of services across all ages
 yai empowers people with disabilities to reach their goals every day
 our enthusiastic staff of over  professionals believes that everyone has a fundamental right to live love work and learn
 if you share our vision and want to help support people to live the fullest lives possible apply to this position
 key responsibilities  provide oversight and supervision of the start ihtc coaches and track training requirements are current for ihtc coaches
 work with the coordinators and clinical director in all scheduling related to ihtc utilization including assuring availability of emergency ihtc services when deemed necessary by the team
 yai is an equal opportunity employer
 all qualified applicants will receive consideration for employment without regard to race color religion sex sexual orientation gender identity national origin age disability or status as a vietnam or disabled veteran"
1078,Construction Project Manager,"MANAGER         Professional Summary    Talented individual with a educational background in Economics from the University of California Irvine, seeks a career in the financial sector. Extensive knowledge in management, Microsoft applications, and economic theory. Always committed to approach tasks with tenacity and attention to detail. Very dependable and willing to take on added responsibility to learn and grow with every employment opportunity.
SKILLS l   Critical thinking          l   Customer service-oriented l   Strategic sales knowledge          l Articulateandwell -spoken l   Training development aptitude          l   A cc u rate and de tai le d l   Quick learner          l   Excellent planner and coordinator      Skills                    Work History      Manager  ,     04/2012   to   03/2014     Company Name   –   City  ,   State      l Trained staff and administered performance evaluations to track employee development.  l Analyzed budgets, financial reports and projections for accurate reporting of financial standing.  l Implemented innovative programs to increase employee loyalty and reduce turnover.  l Prepared payroll.  l Oversaw inventory and office supply purchases.  l Screened applicant resumes and coordinated both phone and in-person interviews.  l Provided an elevated customer experience to generate a loyal clientèle.  lConductedweeklywalk -throughs with the store owner to discuss interior visual displays, including store window presentation.         Public Relations Manager  ,     05/2010   to   04/2012     Company Name   –   City  ,   State      l Cultivated and managed relationships with key clients, vendors and community partners.  l Coordinated and participated in promotional activities and trade shows.  l Directed the hiring, training and performance evaluations for marketing and sales staff and supervised their daily activities.  l Ordered and distributed office supplies while adhering to a fixed office budget.  l Answered and managed inc [...]","job details
description
the purpose of your role as a project manager 
as a project manager you will will provide project management support during all phases of hvac construction to ensure project standards budget deadlines and communications are maintained
manage safety compliance and foster a culture of safetydocument control and reviewmanage scope of workbasic schedule management and field resourcesprocurement management  coordinationestimationfinancial managementdevelop build  maintain relationshipssupport sales processtravel or temporarily relocate to project sites until project is completedwhat were looking for in you
bachelor degree preferred or equivalent years experience  years knowledge or experience in the building and construction industry strong understanding of mechanical systems design techniques tools and principlesproven ability to read and comprehend construction documentsproficient knowledge of microsoft office suite and estimating softwarepmp certification and osha  a plusleed accreditedknowledge a plusability to travel and relocate to different project sites as neededyour life at harris
as one of the countrys leading mechanical contractors harris offers you the best of both worlds the stability resources and opportunities of a national company and the team culture creative spirit and customer loyalty of a local business if you thrive on variety and new challenges we want to meet you
from stadiums to manufacturing facilities power plants to hospitals conc [...]"
1079,Executive Administrator,"DIRECTOR OF INFORMATION TECHNOLOGY       Executive Profile    Director of Information Technology
Project Manager * Business Analyst * Technical Support Analyst
Visionary and highly accomplished Information Technology executive with success spanning 20+ years in high-performance, multi-faceted environments.  Innovative and quality-driven professional to oversee enterprise resource planning, data and voice networking, software development, performance analysis and other critical business processes.  Expertise establishing strategies and spearheading long-term initiatives to devise deploy and support IT infrastructures in alignment with business objectives.  Adept administrator of enterprise projects and organizational budgets.      Skill Highlights          Innovative Leadership  Change Management  Infrastructure Design  Strategic Planning  Technology Development  Collaboration and Liaison  P & L Oversight  Organizational Development  Mentoring and Coaching                Professional Experience      Director of Information Technology     08/2005   to   Current      Company Name   City  ,   State      Manage software development and infrastructure projects.  Direct daily operations and oversee vendor relationships.  Define project requirements and aligning efforts with clients and corporate needs and assess outcomes.  Develop and see change management processes, release control, maintenance and support activities and employee training programs.  Determine needs analysis for infrastructure and software requirements.  Establish corporate policies pertaining to staff and employee usage of technology.  Provides 24 x 7 technical support, Service Level Agreements (SLA's) and root cause analysis reporting.  Directed staff of 7 IT professionals comprising of an IT Manager, Network Administrator, Programmer,  IT Trainer and 3 Helpdesk Analysts supporting approximately 675 employees in 18 branches within the state of Florida.  Interact with various departments in Corporate to d [...]","job details

level
experienced

job location
neptune ny  brooklyn ny

position type
full time

education level
 year degree

description

were passionate innovators and problem solvers with entrepreneurship in our dna were driven by a shared commitment to empowering each other through collaboration and pushing ourselves to exceed our customers expectationsand our own

minicircuits is a global leader in the design manufacture and distribution of rf and microwave components and integrated assemblies with design manufacturing and sales locations in over  countries minicircuits offers  product lines comprising over  active models minicircuits products are used widely in commercial industrial and military applications including cellular wireless aerospace satellite milspec catvbroadband rfid test instrumentation diagnostic imaging and many more

job brief

the executive assistant will provide highlevel administrative support to the president reporting directly to the president the executive assistant provides executive support in a oneonone working relationship the executive assistant also serves as a liaison to the board of directors and senior management teams organizes and coordinates executive outreach and external relations efforts and oversees special projects the executive assistant must be creative and enjoy working within an entrepreneurial environment the ideal individual will have the ability to exercise good judgment in a diversity of situations with strong written and [...]"
1080,Furniture Sales Associate,"CASHIER           Professional Summary     Results-oriented, strategic sales professional with two years in the Retail industry. Cashier who is highly energetic, outgoing and detail-oriented. Handles multiple responsibilities simultaneously while providing exceptional customer service. Reliable and friendly team member who quickly learns and masters new concepts and skills. Passionate about helping customers and creating a satisfying shopping experience.       Core Qualifications         Cash handling accuracy  Mathematical aptitude  Organized  Time management  Detail-oriented      Excellent multi-tasker  Strong communication skills  Flexible schedule  Proficient in MS Office            Experience      Cashier    October 2014   to   Current     Company Name   －   City  ,   State      Receive payment by cash, check, credit cards, vouchers, or automatic debits.  Issue receipts, refunds, credits, or change due to customers.  Assist customers by providing information and resolving their complaints.  Establish or identify prices of goods, services or admission, and tabulate bills using 	calculators, cash registers, or optical price scanners.  Greet customers entering establishments.  Answer customers' questions, and provide information on procedures or policies.  Process merchandise returns and exchanges.  Maintain clean and orderly checkout areas and complete other general cleaning duties, 	such as mopping floors and emptying trash cans.  Stock shelves, and mark prices on shelves and items.  Count money in cash drawers at the beginning of shifts to ensure that amounts are 	correct and that there is adequate change.  Calculate total payments received during a time period, and reconcile this with total sales.  Monitor checkout stations to ensure that they have adequate cash available and that they 	are staffed appropriately.  Assist with duties in other areas of the store, such as monitoring fitting rooms or bagging 	and carrying out customers' items.  Sort, count, and wr [...]",crate and barrel furniture sales associates have a passion for helping customers see what is possible with the latest ontrend merchandise they do this by building meaningful and longterm relationships with their customers and use their comprehensive knowledge to guide and advise customers looking to furnish an entire room or simply add an accent piece our furniture sales associates are uptodate on the latest trends and are trained to work with a range of design styles from classic to contemporary if you enjoy working with customers in a competitive team environment have a passion for helping customers with their home interiors and have a proven ability to drive sales this position has the potential to offer you a creative and rewarding career
1081,Sales Associate,"NATIONAL SALES MANAGER           Summary     It is my desire to advance my professional development through marrying the management, purchasing, and guest-oriented skills honed over a 20 year professional career in educational musical sales with a teaching passion that began with 6 plus years as an educator.        Highlights          Innovative teaching methods  Leadership/communication skills  IMEA member  Board of Education member  Client account management  Midwest Band and Orchestra Annual Clinic  Exhibitor         Employee relations  Vendor relations            Self-motivated   Committed to cultivating a successful team            Customer-oriented            Accomplishments     As the National Sales Manager at Universal Melody Distribution I increased sales from 2013 to 2014 by 53%. I've worked hard to develop a successful team and profitable relationships with many well known manufacturers in the music industry.       Experience      National Sales Manager    January 2009   to   Current     Company Name   －   City  ,   State      Oversee the daily operations of United Musical Distribution.  Oversee the daily operations of the online sales division, including competitive presence on Amazon and Ebay among other internet forums.  Complete and submit institutional bids to schools throughout the nation.  Responsible for creating sales opportunities and driving them to success as leader of a sales team.  Develop quarterly sales goals and implement plans to reach our goals.  Oversee the daily operations of the retail sales division.  Oversee the daily operations of our warehousing staff.  Analyze sales history for merchandise and submit purchase orders to vendors.  Attend the annual winter NAMM show as a buyer.  Negotiate special pricing for high volume items with vendors.  Develop and maintain strong working relationships with vendors.  Observe sales trends for new merchandise and incorporate new items into our quarterly sales goals.          Director of Education [...]","overview

you are a natural at putting customers at ease and enjoy starting up natural friendly conversations its just as easy for you to connect with kids as it is with their parents you enjoy sharing your enthusiasm for kids athletic sneakers and apparel its easy for you to adapt to different types of customers and you resolve issues with a smile you like to work as part of a team as you improve your individual skills on the sales floor your success in this role will be measured through personal and productivity goals plus your ability to provide a great instore experience to every customer

our global houseofbrands inspires and empowers youth culture relentlessly committed to fuel a shared passion for selfexpression we create unrivaled experiences at the heart of the sport and sneaker communities through the power of our people if you want to be a part of something bigger than you can imagine youve come to the right place to learn more about the incredible impact were making on both our local and global communities click here

responsibilities
 ensuring high levels of customer satisfaction by being knowledgeable on all products offered and teaming up with coworkers to provide excellent sales service
 delivering sales outstanding customer experience and operational expectations
 maintaining personal and productivity goals
 connects with every customer by asking openended questions to assess needs
 ability to learn and share expertise of products and trends to fit customers [...]"
1082,Human Resources Internship - Corporate  (Year-Round),"INFORMATION TECHNOLOGY CONSULTANT           Career Overview     Accomplished information technology professional with over 18 years of diverse technology, process analysis, project management, and information management experience.  Proven ability to successfully implement technology solutions, stay within time and budget constraints, and improve efficiency through proper risk management, task coordination, and resource utilization. Core Competencies Project Management Systems / Network Reporting Proposal Development Web Design & Development SOP & Policy Writing Systems & Process Consulting Document Management Technically-advanced information technology specialist successful in software administration and data communications.Experienced Computer Systems Analyst with diverse industry experience in banking, healthcare, insurance and government. Professional expertise includes systems applications, disaster recovery planning and information protection analysis.       Qualifications         Microsoft Windows (7, 8, 2012), Apple Mac (OS 7 - X, OS X Server, iOS), Unix/Linux (Ubuntu, Red Hat, CentOS, FreeBSD, SmoothWall Express)   Server/Web Software: 	MS Exchange, MS SharePoint, MS IIS, MS Hyper-V, Apache, WordPress, CloudFlare, Documentum, CoreDossier, Oracle Workflow, DavMail HTML5, CSS, PHP, JavaScript, Java, XML, C++, Microsoft Visual Basic   Applications:	Adobe CS6 (Acrobat, Photoshop, Illustrator, InDesign, Dreamweaver, Premiere, Flash, After Effects, Fireworks), MS Office, MS Project, Office 365 MySQL, MS SQL, MS Access, Oracle 11i, Sage ACT!     Web content management  Information security  Content management systems      Hardware:	Dell, HP, IBM, Cisco, SonicWall, NetGear, FortiGateProgramming and design skills  Optimizing and performance tuning  Document management  Web content management              Accomplishments      Print Graphic Support     Collaborated with marketing and business development groups for collateral needs by creating page layout designs for [...]","responsibilities
parkers internship program was established in  to identify and help develop promising college students by providing realworld experience in disciplines critical to parkers business as an intern you will gain experience while supporting the hr departments function

provides specialized expertise in one or more human resources functional areas and assists in generalist responsibilities for the location aids with projects and programs of diverse scope relating to hr functions assists in organizational development and change that supports key business objectives observes and promotes adherence to all ethical standards applies continuous improvement measures and methods for creating efficient hr administrative processes

responsibilities

depending on candidate experience and departmental needs the hr internship may provide exposure to
 hr generalist responsibilities  onboarding processes record keeping and retention auditing
 social responsibilityevent planning  team member recognition programs community outreachphilanthropy and other events
 hris administration
 sort and process incoming resumes
 schedule interviews
 maintain the college recruiting microsoft teams site
 update career pages of 
 schedule info sessions and provide resources needed to execute events
 market employment opportunities to target audiences
 assist in planning and executing summer internship workshopsevents
 complete assigned research related to college recruiting and generate reports
 t [...]"
1083,Marketing Visionary,"INFORMATION TECHNOLOGY SPECIALIST           Career Overview    Permanent            Certifications    ITNW 1458 CompTIA Network+ ITMT 1350 MS 70-270 Managing and Maintaining an MS Windows 2003 Environment ITMT 1355 Server 2003 Network Infrastructure ITMT 1400 MS 70-270 Implementing and Supporting MS Windows XP Professional Job Related   Microsoft Certified IT Professional (MCITP) Apr 2012 Training:     CompTIA Security+ Certified Professional (Mar 2010) Microsoft Certified Professional (MCP) Oct 2008 CompTIA Network+ Certified Professional (May 2008) CompTIA A+ Certified Professional (Apr 2008) Language      Language          Spoken          Written          Read Skills:       Spanish          Advanced          Advanced          Advanced References:   Name        Employer          Title        Phone        Email William     407th AFSB        Supervisor   254-287-7798 william.cook2@conus.army.mil Cook (*) Mr. John    First Army        Chief,      254-553-5006 Ciesiolka   Division West     Information (*)          Systems
8 of 9          9/2/2015 7:58 AM
USAJOBS - Resumes          https://my.usajobs.gov/Applicant/Resume/ListResumes Name        Employer          Title      Phone        Email Division Leonard     DEFENSE          IT Manager 714-385-4605 Flemons     CONTRACT (*)         MANAGEMENT          leonard.flemons@dcma.mil      Work Experience      Company Name     May 2012   to   Current     Information Technology Specialist   City  ,   State      Indicates professional reference.             October 2009   to   May 2012       Salary: 65,150.00 USD Per Year Hours per week: 40 G6, IT Specialist (CUSTSPT) (This is a federal job Served as a systems administrator for First Army Division West Command and Staff.  Administered over 800 NIPR workstations, 300 SIPR workstations and 100 ARNET workstations.  This includes hardware, software, and Local Area Network (LAN)and Wide Area Network (WAN) infrastructures.  Monitored system resources, the installation and integratio [...]","platform partners is a forward thinking development and operating company of behavioral health hospitals substance abuse rehabilitation centers and behavioral health providers serving the population

we are now seeking to fill the key position of chief executive officer ceo for rivervista the chief executive officer is responsible for providing strategic leadership for all operational and financial affairs of the facility

responsibilities
 develops and executes strategic initiatives to achieve goals related to the successful operation of the overall strategic plan of the sud center
 provides for communication and interface with all newvista divisions to insure integration and compliance with all relevant federal state and local standards guidelines and regulations
 implements controls for the effective and efficient utilization of physical and financial resources and monitors a system of accountability for the budget of the facility
 develops and maintains sound business relationships with key people in the community so as to promote the center as a quality professional sud services organization

project management
 responsible for supervision of program directors and marketing directors
 negotiate contracts with medical directors thirdparty payors community mental health centers and other agencies on behalf of various projects
 provide overview and supervision of jcaho survey preparedness medicare surveys state licensure surveys as necessary
 develop new program specialties [...]"
1084,Administrative Assistant to Global Real Estate Institutional...,"CONTRACT SENIOR ASSOCIATE MEDIA PLANNER AT SAPIENTNITRO       Summary    To obtain a mid-level leadership position in media that will utilize my strong analytical, negotiation and creative- thinking skills.      Experience      Contract Senior Associate Media Planner at SapientNitro   07/2014   -   Current     Company Name     City  ,   State       Clients: KPMG, Citizens Bank, The Institutes, Moven     Involved in all aspects media planning and buying process, from client briefing to post buy reporting Provide POVs for new vendors and opportunities Compile RFPs for potential partners and negotiate media costs.  Secure media placements and issue approved vendors IOs Create strategic and tactical media recommendations with traditional and online components Analyze campaign reporting and provide clients with optimizations Assist media finance team in vendor payment and client billing Lead status updates calls with clients, present media recommendations and POVs.          Freelance Sales Planner   04/2014   -   05/2014     Company Name     City  ,   State       Served as primary POC for Major Projects brought in by Ad Sales Team.  Created media plans and PPT decks for incoming RFPs and meetings for Ad Sales Team.  Coordinated with multiple departments within the Ziff Davis Organization; ensuring programs have all necessary requirements to launch timely and effectively.  Managed client and agency expectations, creative approvals, project timelines, and asset allotment for Ziff Davis programs and projects.  Managed the expectations of Ad Sales, Operations, Sales Development, Tech, Finance, and Editorial, to guarantee internal protocols and workflows are met with each program.  Worked with Editorial staff to coordinate Ad Sales and Editorial Programs.  Brainstormed with Marketing team to create innovative ideas for the Ziff Davis organization and prospective advertisers.          Freelance Associate Media Planner, Digital   01/2014   -   02/2014     Company Name     City [...]","wellknown global investment firm is seeking a new fulltimepermanent executive administrative assistant to support one managing director and one principal within its global real estate institutional client solutions division one executive is super easy to work withdoesnt need a lot and the other needs to be reined in  both are super nice candidates should have a minimum of  years of applicable highlevel executive administrative experience preferably in financial services or real estate and a bachelors degree is requiredstrongly preferred experience with investor meetings and handling roadshows is a huge plus as both executives are very clientfacing ideal candidate should be extremely polished and professional organized and detailoriented with strong interpersonal and communication skills both verbal and written and the ability to interact with all levels of executives in a fastpaced environment heshe should be a dynamic gogetter who is enthusiastic driven proactive and able to prioritize and take initiative sound judgement is key in this role this is a fantastic opportunity for someone to join a growing and extremely successful team that is a huge revenuedriver for the company

salary depends on experience  base plus paid overtime and generous discretionary bonus eligibility

hours are 

responsibilities
 provide highlevel executive administrative support to managing director and principal
 schedule and organize extensive externalinternal meetings conferencevideo calls and app [...]"
1085,Chief of Staff,"HEALTH ADVOCATE         Professional Summary     I am an empowered health advocate with excellent communication and active listening skills with a strong motivation to succeed. I am seen as reliable and approachable employee who quickly learns and masters new concepts and skills. I am motivated and enthusiastic about helping patients and the community navigate rights and responsibilities during treatment. Personable demeanor with priority on care and service. Seen as a friendly team player with talent for operating in fast-paced, dynamic environments.       Skills          Public Safety  Administrative Support  Proficient in Lytec  Proficient in GSuite  Patient rights  Data entry      Time management  Problem-solving skills  Decision-making abilities  Crisis intervention  Crisis communication            Work History      Health Advocate  ,     03/2017   to   Current     Company Name   –   City  ,   State      Assisted patients in understanding individual rights and responsibilities in regards to care, coverage and payment  Reviewed all patient paperwork for accuracy, including claims, bills and medico-legal documents  Responded to 15 or more patient concerns and questions with compassionate and knowledgeable service in a day  Entered continuing medical documentation into computer systems and managed database of information  Compiled and reviewed medical charts  Manages approximately 30 incoming calls, emails, faxes per day from patients, pharmacies, and doctor offices  Used Lytec to schedule and manage patient appointments  Balanced cash deposits, credit card payments each day  Took co-payments, compiled daily financial records  Worked effectively with staff from all departments to coordinate resolutions  Helped vulnerable individuals navigate complex healthcare system  Developed and implemented training classes to educate team members and community residents  Resolved patient flow problems, improved operations and provided exceptional client support         Securit [...]","your future evolves here

evolent health has a bold mission to change the health of the nation by changing the way health care is delivered evolenteers make a difference wherever they are whether it is at a medical center in the office or while working from home across  states we empower you to work from where you work best which makes juggling careers families and social lives so much easier through our recognition programs we also highlight employees who live our values give back to our communities each year and are champions for bringing their whole selves to work each day if youre looking for a place where your work can be personally and professionally rewarding dont just join a company with a mission join a mission with a company behind it

why were worth the application
 we continue to grow year over year
 recognized as a leader in driving important diversity equity and inclusion dei efforts  
 achieved a  score two years in a row on the human rights campaigns corporate equality index making us a best place to work for lgbtq equality
 named to parityorgs  list of the best companies for women to advance  
 continued to prioritize the employee experience and achieved an  overall engagement score on our last employee survey
 published an annual dei report  to share our progress on how were building an equitable workplace

what youll be doing

the chief of staff will be a part of the evolent health services ehs team and positioned to support the presidentchief operating off [...]"
1086,MARKETING SPECIALIST,"INSTRUCTIONAL DESIGNER         Summary    Dedicated, efficient, and versatile professional credited with combining project management and data analysis, and grant writing expertise to lead companies toward improved collaboration, organization, and productivity. Proven track record of developing and implementing record-keeping and organizational systems that streamline operations. Demonstrated ability to create and foster strong working relationships with colleagues and clients. Strong communicator, with particular expertise in grant writing, new program implementation, and deadline adherence.      Highlights          Course Design   Project Management  Verbal & Written Communication  Payroll & Budget Management  Data Collection and Reporting  Grant Writing  Hiring/On-Boarding & New Hire Orientation  Event planning  Cross-Functional Collaboration  New Process Implementation  Deadline Adherence              Experience      Company Name    City  ,   State    Instructional Designer   11/2016   to   Current       Assist faculty in designing online, hybrid, and face-to-face courses.  Assist faculty in identifying, testing, and implementing innovative and new technologies.  Assist faculty in designing appropriate assessments mapped to course, program, or institutional objectives.  Assist faculty in in ensuring compliance with copyright, intellectual property, and accessibility.  Provide one-on-one faculty training and guidance on use of in-class and online technologies.  Attended workshops on learning goals, classroom management, student motivation and engaging learning activities.   Developed partnerships with industry and secondary education institutions.   Contributed to ongoing staff training sessions.                Company Name    City  ,   State    Grants and Contracts Coordinator   01/2007   to   01/2012       Associate recruited to manage students' financial accounts.  Reconciled new institutional loans and advances with financial aid, processed deferment and forb [...]","marketing specialist job description
the marketing specialist will be responsible for creating developing and implementing maryhavens strategic messaging through all available channels which include social media print radio and television to support and increase patient population recruiting and retention the marketing specialist will also have an active role in fundraising marketing projects and grant writing opportunities for local state and federal funding sources

marketing specialist requirements
 bachelors degree in business administration marketing communications or a related field required
 strong knowledge of various marketing and analytic tools such as google analytics crm systems eg blackbaud and content management systems
 strong written and verbal communication skills
 thorough understanding of state local and federal funding sources and the ability to locate potential sources for funding
  years of experience in marketing preferred
  years of experience in grant writing experience highly preferred

marketing specialist benefits
 salary commensurate with experience
 medical vision  dental
 paid time off
  paid holidays
  b retirement savings plan
 continuing education and tuition reimbursement options
 a wellfunded and managed nonprofit organization driven not by the bottom line but by helping its customers"
1087,Executive Assistant,"LICENSED PRACTICAL NURSE- STEP-DOWN UNIT       Summary       Licensed Practical Nurse with 15 years in providing direct care under RN and MD supervision in diagnosis, treatment prescription and follow-up with patients from pediatrics to geriatrics. Additional expertise includes management and staff supervision. Strong desire to focus on preventative care and health education.   Energetic and motivational and leader dedicated to driving top-quality patient care. Looking for a position in a top-notch facility with a commitment to innovative processes.         Nursing Expertise      Geriatrics  Pediatrics  Correctional Nursing  Occupational Health  Med- Surg  Home Healthcare   Hospice Care   School Nursing     Travel Nursing Agencies  Hospitals  Doctor Offices  Nursing Homes   ​       Education     2012     Bachelor of Science  :   (Pre-Med) Foundations in Counseling    Samford University   －   City  ,   State  ,   U.S           2009       Pre- Nursing RN    Lawson State Community College   －   City  ,   State  ,   U.S           2003       Licensed Practical Nurse    Bessemer State Technical College   －   City  ,   State  ,   U.S            Experience     01/2017   to   09/2017     Licensed Practical Nurse- Step-down Unit    Company Name   －   City  ,   State       Recorded patients' medical history, vital statistics and test results in medical records.        Administered IV therapy and medications per MD orders                    Monitored post-op vitals, set up PCA, fluids, reviewed post-op orders and orient patients to unit.                           Developed and maintained quality care systems and standards, including but not limited to, creating and improving medical protocols/guidelines.                            Sound, ethical and independent decision-making ability consistent with medical protocols.                 Disciplined, energetic employee who quickly establishes rapport with patients and colleagues.                                       Performed all [...]","overview

st josephs healthcare system is recognized for the expertise and compassion of its highly skilled and responsive staff the combined efforts of the organizations outstanding physicians superb nurses and dedicated clinical and professional staff have made us one of the most highly respected healthcare organizations in the state the largest employer in passaic county and one of the nations  best places to work in health care

job overview

provides professional services to facilitate the fulfillment of responsibilities by the executive officers collaborates with other coworkers in maintaining a comprehensive and efficient work flow by providing services to both internal and external personnel as expected by administration

qualifications

work requires a high school diploma or equivalent bachelors degree preferred and five years of previous work related experience proficiency in ms office required word excel access outlook and powerpoint work requires communication skills needed to frequently answer telephone calls and work with multiple interruptions and still sustain positive communication"
1088,"Regional Sales Manager, Video Conferencing (East)","AGENCY SALES RESOURCES       Summary    Seeking to secure a position with a well established company that prides in the growth of its employees. With
the ability to showcase versatile knowledge in auxiliary mechanic I hope to build a lasting partnership with
whom I gain employment.      Skills          2011 - 2012 2014  Regular care coordinator  Perform household task and run errands  Perform personal care activities; hygiene, ambulation, eating, dressing, toileting and shaving  Talk and give company to clients and participate in resident activities  Take and record vital signs  Assist with moving to Bath, bed, and wheelchairs  Take care of pets  Nurse Assistant/Caregiver  Medical Case Management - Fort Worth, TX - 2009 to 2011  Maintain and set up patient rooms  Perform preventive maintenance on emergency equipment  Assist with patient and family education  Assist R.N. and L.V.N with sterile and non-sterile dressing changes  CPR Qualified  Answer multi-line phone, operate fax and copy machine  Prioritize patient daily care according to acuity and scheduled patient procedures Conduct analysis and recommend suitable solutions to real time performance issues (4 years), Handle  inbound calls and provide one-call resolution to problems reported (2 years), Responded to client calls and  provided instructions for troubleshooting (2 years), Provided technical and analytical support at the call  center (1 year), Proficient in MS Excel, word and various database management applications  Proven ability  to learn and operate software applications quickly (8 years), Analytics (1 year), Problem Resolution (Less  than 1 year)              Accomplishments      February 2014 to February 2017
Program: Non Lethal Weapons training to include; OC Certification, Baton Employment, and Close Range
Subject Control (CRSC) Techniques
ADDITIONAL INFORMATION
The machinist deals with a series of different operations associated with machining work.  It requires good
training and skills to handle [...]","the regional sales manager will report to the vice president of sales
 this role will be an integral part of avers national sales team the regional sales manager will be responsible for developing and executing an aggressive net new customer acquisition campaign in the video conferencing market as well as retaining our current base of video conferencing customers across a defined region of the us
 this position will cover the east coast and the ideal candidate will be located in nj ny fl il etc
 this person will need to demonstrate the ability to align new product and service offerings to the video conferencing market
 heshe will also be responsible for expanding relationships with customers and our resellervar network
 this position requires the effective and successful management of an assigned territory and ability to develop build and maintain successful partnerships and relationships and exceed revenue goals all while delivering exceptional customer service to our channel partners and customers
 about aver information
 founded in  aver is an awardwinning provider of technology and video collaboration camera solutions that improve productivity and enrich learning
 avers solutions leverage the power of technology to help people connect with one another to achieve great things
 we strive to provide industry leading service and support that exceeds our customers expectations
 we are also deeply committed to our community the environment and employ stringent green processes i [...]"
1089,Healthcare Administrative Assistant – Urgent Hiring,"PATIENT ADVOCATE           Summary    Seeking an opportunity in an Management/HR Department where my professional experience and education will allow me to make an immediate contribution, as an integral part of a progressive organization.      Education and Training        HealthCare Administration- Human Resources  ,   2017    Herzing University- Online   －   City  ,   State  ,   Unitted States            Bachelor of Science   :   Management - Human Resource Management  ,   2009    Kaplan University   －   City  ,   State  ,   United States              Business Administration Management  ,   2007    Kaplan University   －   City  ,   State              WFHM Reverse Mentoring Senior Management   :     1983    MSTA Business College   －   City  ,   State      WFHM Diversity Program                  MBA   :     2011            - Chuck Bishop/ Eric Stoddard 
          Diverse Leaders Program CRA Best Practices Project   :     October 2011            Business Administration Management Learning and Development	Springfield, IL Human Resources Mentor- Jennifer Cultip Smith HR Manager NC          Experience      Patient Advocate    May 2017   to   Current     Company Name   －   City  ,   State    As a patient advocate, I am responsible for the developing, revising and implementing policies and procedures as needed.  Facilitates the patient complaint/grievance process, with positive patient experience.  Making rounds to each unit daily, visit all new admissions and also identify patients' needs or issues and then visit the patients to advocate on their behalf.  Actively working with unit leaders and staff to assign and assure follow-up action is taken quickly to resolve all issues.  Documenting and reporting trends in patient attitudes and /or obstacles to delivery immediate service recovery.  Investigates referrals/complaints through review of records and discussion with appropriate individuals in an objective, thorough and tactful manner.  Participates in staff and community [...]","healthcare administrative assistant  urgent hiring jobs in new york ny at discovery health md

title healthcare administrative assistant  urgent hiring

company discovery health md

location new york ny

we are searching for an energetic healthcare administrative assistant to join our allstar team at discovery health md in seattle wa

growing your career as a full time healthcare administrative assistant is an awesome opportunity to develop excellent skills

if you are strong in persuasion adaptability and have the right drive for the job then apply for the position of healthcare administrative assistant at discovery health md today

who are weour story began in  at the docks and aboard the vessels of washington states beloved maritime companies where our founders dr ray and ann jarris were approached by numerous vessel operators requesting our unique insight and medical expertise it was here that discovery health md found our stride thru the provision of expert medical advice and creative solutions for the challenging logistics of remote workers we ferry our founders passion for disrupting norms by changing the paradigm for delivering care in remote environments then pushed beyond these roles and went even further during the pandemic by expanding our efforts into covid testing and vaccinations to help protect not only our maritime community but our surrounding communities in which we live and operate

why work for usat discovery health md everything we do is focused on the b [...]"
1090,Data Entry Operator - REMOTE,"ENUMERATOR       Summary    Recent graduate with BA in Business Administration looking to obtain a position as an Administrative Assistant in which my organizational abilities can be fully utilized. Hard working and goal-oriented professional with four years of experience seeking a to achieve career growth where I will get an opportunity to utilize my skills and abilities in handling the clerical and administrative support work, and activities.      Highlights          Time Management  SAP and SRM  Cash Request / Cash handling  Check Request  Purchase Orders   Microsoft Office: Word, Excel, PowerPoint, Outlook.  Data Entry  Filing and Maintaining Records  Account receivable and Payment posting  Timekeeping  Calendar Maintains              Accomplishments     Received a merit raise for strong attention to detail, exemplary customer service and team-player attitude.        Experience     04/2016   to   Current     Enumerator    Company Name   -   City  ,   State      Collect demographic, economic and housing data on behalf of the U.S.  Census Bureau.  Responsible for canvassing neighborhoods, then documenting and reporting the information.  Conducts surveys about the U.S.  population, economy, governments and communities.  Responsible for verifying household addresses and ensuring that all maps and address lists are correct.  All collected census information, as well as documentation of hours, miles and expenses encountered Assist residents by reading forms and answering questions about the census.         10/2015   to   03/2016     Healthcare Advocate    Company Name   -   City  ,   State      Respond to and resolve on the first call, customer service inquires and issues by identifying the topic and type of assistance the caller needs such as benefits, eligibility and claims, financial spending accounts and correspondence.  Help guide and educate customers about the fundamentals and benefits of consumer-driven health care topics to include managing their health and w [...]","we are seeking a detailoriented remote data entry operator to compile capture and maintain our digital database as a data entry operator you will be required to compile merge and format documents for data entry check documents for errors input data and update the database and manage the digital filing systems

to be a successful data entry operator you should possess excellent typing skills and be attentive to detail skilled data entry operators should be able to quickly identify data errors and demonstrate precision in their work

responsibilities
 gathering collating and preparing documents materials and information for data entry
 conducting research to obtain information for incomplete documents and materials
 creating digital documents from paper or dictation
 reviewing all documents and information for accuracy and informing the supervisor of any errors or inconsistencies
 capturing data into digital databases and performing regular backups
 updating and maintaining databases archives and filing systems
 monitoring and reviewing databases and correcting errors or inconsistencies
 generating and exporting data reports spreadsheets and documents as needed
 performing clerical duties such as filing monitoring office supplies scanning and printing as needed

requirements
 high school diploma or ged
  year experience as a data entry operator or similar
 excellent typing abilities
 excellent time management and multitasking abilities
 proficiency in data capturing and office [...]"
1091,Special Agent,"ADMINISTRATIVE ASSOCIATE II, CONSTRUCTION MANAGEMENT DEPARTMENT       Professional Overview     Committed and motivated Administrative Assistant with exceptional customer service and decision making skills. Strong work ethic, professional demeanor and great initiative.            Summary of Skills          Professional verbal and written communication  Type 80+ wpm   Strong analytical and organizational skills  Excellent interpersonal skills  Professional phone manner and office etiquette  Schedule management  Self-starter  Employee training and development  Microsoft Office proficiency  Meticulous attention to detail  Results-oriented  Self-directed  Spreadsheet development        Deadline-oriented  Staff motivation  Time management  Professional and mature  Strong problem solver  Resourceful  Strong interpersonal skills  Understands grammar  Proofreading  Mail management  Meeting planning  Legal administrative support  Detailed meeting minutes            Work Experience      Administrative Associate II, Construction Management Department   09/2015   to   Current     Company Name   City  ,   State      •Provide administrative and secretarial support to the Department Chair, students, faculty, industry advisory board members, and the public.    •Supervision of Student Assistants and adviser to both grad students and assistants.  •Maintain documentations necessary to the Construction Management Department.  •Manage calls to the main departmental phone number.  •Maintain excellent customer service within the office for both students and parents.  •Establish rapport with business professionals, representing the department and KSU in a professional manner.  •Email, phone, staff/faculty and departmental communications, as well as contact with local public school educators and administration.  •Generate purchases and payments.  •Set-up courses and prerequisites in Banner, and help students at the time of registration.  •Assist project staff/faculty in preparation of insti [...]","please read this job posting in its entirety
who may apply
this special agent sa posting is open to all qualified candidates within the united states us and its territories the fbi will use this to fill multiple vacancies around the country
job summary
the mission of the federal bureau of investigation fbi is to protect the american people and uphold the constitution of the united states
about us
were looking for people with unique skills experiences and backgrounds to become special agents the one thing every sa shares is a belief in the mission of the fbi they have the drive to help keep our nation safe become part of something bigger than themselves and take pride in making a difference in the communities they serve
special agents are
driven to find solutions to all types of problemscompassionate and respectful to everyone they meetadaptable to a variety of situations and able to keep a calm demeanor in the face of challengeswellspoken wellwritten and enjoy meeting speaking and collaborating with people from different backgroundsphysically fit and able to pass the physical fitness test pftkey requirements
you must meet the following requirements at the time of application
please click on the link and go to the listed page number if applicable for further explanation
be a us citizenbe between  and  years of age exceptions have a bachelors degree or masters degree  from a usaccredited college or university you should not apply if you have not received your bachelors degreeha [...]"
1092,"Program Manager, Blended Learning","CONSULTANT         Highlights           Employee relations     Performance management strategies   Excellent interpersonal and coaching skills    Course Prep for SHRM-SCP (May 2017)       Employee handbook development  Event management  Manager coaching and training  Employee relations  Hiring and retention            Experience      Consultant     Aug 2015   to   Current      Company Name   －   City  ,   State    Create professional business presentations.  Contacted new and existing customers to discuss how specific services could meet their needs.    Developed innovative business plans and sales strategies for customers.  Rese  arched economic processing factors to determine the best process and sales strategies.   Coordinated and managed major proposal processes from initiation to implementation.  responses.  Formulated a comprehensive business plan complete with clear and actionable sales goals and targets.   Analyzed client requirements, created a business plan and drove strategy development.    Planned and negotiated media buys, including TV, radio, print and digital.          Director     Apr 2012   to   Aug 2014      Company Name   －   City  ,   State    Carefully selected, developed and retained qualified staff, as well as trained  [number]  new staff annually.   Created annual goals, objectives and budget and made recommendations to reduce costs.   Assisted in the design and execution of programs that contributed to a  [%]  growth of the organization in the  [year]  fiscal year.   Administered, directed and coordinated the activities of the agency.   Served as liaison between management, clinical staff and the community.   Expertly planned, coordinated, organized and directed all operations of the agency.   Actively maintained up-to-date knowledge of applicable state and Federal laws and regulations.   Regularly evaluated employee performance, provided feedback and assisted, coached and disciplined staff as needed.   Organized and led weekly personnel mee [...]","program manager blended learning
at general assembly view all jobs
us remote
who we are
since  general assembly has transformed tens of thousands of careers through pioneering experiential education in todays most indemand skills as featured in the economist wired and the new york times ga offers training in web development data design business and more both online and at campuses around the world our global professional community boasts  alumni  and counting
in addition to fostering career growth for individuals ga helps employers cultivate top tech talent and spur innovation by transforming their teams through strategic learning more than  employees at elite companies worldwide have honed their digital fluency with our corporate training programs ga has also been recognized as one of deloittes technology fast  and fast company has dubbed us leaders in worldchanging ideas as well as the  most innovative company in education

position description
the program manager is responsible for managing multiple complex stakeholder intensive programs related to general assemblys blended learning initiative this individual has experience leading concurrent programs that have financial regulatory instructor and learner implications  all of which must be weighed prioritized and advanced through the appropriate product technology and delivery channels 
this role is part of a crossfunctional team of product and learning experts supporting the development of a new learning experience to supp [...]"
1093,Executive Assistant to CEO,"SALES ASSOCIATE       Summary      Customer-focused management professional, with successful track record of leading and managing teams . Quality-oriented and proactive in resolving issues with exceptional organizational and communication skills. Self-starter with a positive, can-do attitude who is driven to learn, improve and succeed.       Skills    billing, billing system, budgets, budget, business management, cold-calling, client, customer service, data analysis, database, facilities
maintenance, financial reports, hiring, information systems, instruction, inventory management, inventory, leadership, lesson plan, logistics, loss prevention, managing, mentoring, merchandising, office, management information systems, networking, operations management, personnel, policies, POS, pricing strategies, progress, project management, quality assurance, receiving, recruiting, retail, risk management, safety, selling, sales, staffing, store merchandising, strategic, supervision, teacher, training programs, vendor relations.      Education and Training      Ph.D.  :   Management Information Systems    Walden Universtiy   City  ,   State               MBA  :   Business Administration   2001       Webster University   City  ,   State               Bachelor of Science  :   Public Relations   1996       University of Florida   City  ,   State               Experience      Sales Associate   02/2016   to   07/2017     Company Name   City  ,   State       Build personal connections with customers styling and style advice.  Create excitement for the brand and the products via fundamental knowledge of the Lucky
Brand.  Apply key selling behavior to connect personal, store and company wide sales goals.  Inform customers about specifics of each product.          Substitute Teacher   01/2016   to   Current     Company Name   City  ,   State       Responsible for providing instruction and managing the classroom environment.  Encourage, monitor and promote student progress.  Follow the le [...]","steiner nyc is a boutique real estate development and construction firm that has built over  million square feet we own develop build and manage all property types residential retail commercial industrial and special purpose our goal is to develop class a buildings that we can be proud of with respect to quality of construction design excellence and user satisfaction

job description

steiner nyc is seeking an executive assistant to provide a broad range of administrative support to the ceo as well as provide handson office support to the entire staff in a fastpaced environment this candidate must be extremely detailoriented a team player and able to prioritize work under deadline pressure the candidate must exercise initiative be highly organized and capable of multitasking

responsibilities
 assist with document preparation including letters leases proposals and legal agreements
 create corresponding files and follow the existing document tracking process
 maintain ceos schedule by planning and scheduling meetings conferences teleconferences
 handle confidential documents and email correspondence with discretion and timeliness
 help organize inoffice events and meetings including management of conference rooms food orders and greeting guests
 assist with special projects ie research event planning merchandise management
 general administrative duties ie answeringtransferring phone calls copying filing and mailings
 additional adhoc requests as needed
 proactively provide in [...]"
1094,Work From Home Part Time Administrative Assistant / Customer...,"PMC/PSM/ SALES MANAGER/ SALES ASSOCIATE         Career Focus       Performance Management Consultant  with more than10 years of experience planning, developing and implementing  behavioral and operationally focused procedures to enable sales and productivity . Currently r esponsible for maximizing performance across
the Corporate-Owned Retail team in the Southwest Territory by working collaboratively with Director of Sales and Area Managers in addressing key issues sales
skills, leadership development, performance improvement, retail operations and
customer engagement for the territory.
I play a critical role in creating an infrastructure that enables sustainable,
measurable improvement in an evolving environment and am constantly working to improve internal
processes and efficiencies within technical systems and behavioral
procedures of our associates.
       Summary of Skills          Ability to clarify the nature of a problem, evaluate alternatives, propose viable solutions and determine the outcome of the various options  Detail oriented and able to present information and ideas clearly and concisely  Able to review different points of view or ideas and make objective judgments; investigates all possible solutions to the problem  Able to draw specific conclusions from a set of general observations or a set of specific facts, able to synthesize ideas and information  Maximized efficiency and team productivity through the development of collaborative quality initiatives    Continually evaluated the organizations' skills and work performance to identify and implement improvements    Results oriented, customer-focused, respected team builder who drives quality and productivity initiatives, and leads teams in business growth through operational excellence.         Ability to translate the company strategy into
specific goals to ensure a focus on delivering results  Strong
ability to quickly understand complex issues and identify priorities  Focus
on key points that c [...]","work from home part time administrative assistant  customer service  receptionist jobs

remote work from home job  entry level position

were actively seeking people who are unable to work or are looking for either a new line of work looking to supplement current job or gig those looking for work from home opportunities to be connected with companies who are hiring employees directly to work from their homes or recruiting people for short terms gigs you will find both fulltime and parttime remote opportunities in a variety of career fields

work from home part time administrative assistant  customer service  receptionist  learn new skills earn money from home add to and bolster existing skills have fun while working from home

job requirements
 computer with internet access
 quiet work space away from distractions
 must be able and comfortable to working in an environment without immediate supervision
 ability to read understand and follow oral and written instructions
 data entry or administrative assistant experience is not needed but can be a bonus
 we are recruiting those who have a background in health care ware house worker delivery drivers customer service etc  we welcome all backgrounds so long as youre ready to learn

you must apply on our website only

job requirements

our paid focus group members come from all backgrounds and industries including remote data entry clerk administrative assistant receptionist sales assistant customer service agent warehouse or facto [...]"
1095,Retail Sales Associate,"SENIOR MANAGER           Skill Highlights          Windows / Mac OS, MS office suite, HRMS oracle applications  Training Attended  Year  Title  Location  Organised by  2011  Basic Leadership Skills  Jamshedpur                Professional Experience      Company Name       09/2008         Tata Consultancy Services is India's largest IT and IT outsourcing organization with a global workforce of over 305,000 employees spread across more than 45 countries.  In North America, TCS is headquartered at New Jersey and employs over 30,000 employees.  A seasoned HR professional with over 7 years of HR experience, currently working as the Head of Talent Acquisition and Resource Management Group for BPS North America at Tata Consultancy Services in Cincinnati, Ohio Past experience includes working as the HR Generalist for TCS BPS across various locations like Midland, MI, Cincinnati, OH in the US and Mumbai and Chennai in India.  Expertise in full-cycle recruiting, screening resumes, behavioral based interviewing, and managing the hiring process.  Hands-on experience in recruitment in the IT and IT Services.  Most productive in a fast-paced, high energy, team environment.  Major strengths include building relationships, multi-tasking, time management, adapting to new procedures as business climates change and communication skills.  Work experience of over 3 years in the US Geography as the Head Talent Acquisition and Resource Management Group - BPS North America.  Prior to this I have worked at Satyam BPO at Hyderabad from Mar 2007 to Sep 2008 as the HR Employee Relations Specialist in the HR team for a US based process.  My areas of specialization are Employee relations, Recruitment, Performance Management, Organization Development and Change Management.          Company Name    Senior Manager   03/2007   to   09/2008       Period			Since Sep 2008 Position	Head Talent Acquisition and Resource Management Group - BPS North America Work Location		Midland, Michigan, Cincinnati, Ohi [...]","overview

if you want an exciting job with one of the largest offprice retail stores in the nation join the burlington stores inc team as a retail sales associate are you an outgoing upbeat peopleperson with great organizational skills would you thrive in a highenergy environment where associates work together to drive results is it important to you to make a difference in the community where you live and work if you answered yes then this may be the right opportunity for you

retail sales associates are important ambassadors of the burlington brand at the front lines in our mission to provide worldclass service to our customers youll be responsible for greeting and assisting customers maintaining a neat organized and clean sales floor and supporting the management team with daytoday store operations retail sales associates may be assigned to work in any or all of the following departments ladies men youth sportswear shoes home or baby depot

responsibilities
 assisting customers in locating merchandise when needed
 assisting in floor moves merchandising display maintenance and housekeeping
 assisting in ringing up sales at registers andor bagging merchandise
 performing other tasks as assigned by manager from timetotime

candidates must be able to work a flexible schedule including nights weekends and holidays as required physical requirements may include the ability to lift and move boxes weighing  lbs or more and the ability to stand for extended periods of time

if you

a [...]"
1096,Business Development Executive,"MANAGER, INDUSTRY ANALYST RELATIONS       Summary     Creative communications professional with over a decade of experience in planning and implementing strategic, results driven communication programs that integrate traditional public relations with emerging social and digital media communications strategies. Extensive experience in semiconductor, wireless networking, telecommunications, cloud computing and PCB design market segments.       Skills      Proficient in Microsoft Office Suite  Experienced with multiple media databases, including: Vocus, Cision and MyMediaInfo.  Familiar with social media and influencer management tools, such as Hootsuite, Buffer, SocialBro, TrendKite and BuzzSumo.        Experience      Manager, Industry Analyst Relations     Aug 2015   to   Current      Company Name   -   City  ,   State    •Contributed to the development of a strategic analyst relations plan designed to communicate overall vision and major initiatives around comprehensive eCommerce suite and marketing solutions.  •Cultivate and strengthen relationships with key influencers at major industry analyst firms, ensuring that they are up to speed on company strategy, objectives, capabilities, client case studies and messaging.  •Collaborate with product marketing, subject matter experts and executives to advance company rankings in analyst benchmark reports, including Forrester Waves™ and Gartner Magic Quadrant.  •Provide strategic insights to senior management and cross-functional marketing teams on analyst research reports to help guide product strategy and roadmaps.  •Support in the negotiation of industry analyst firm subscription contracts during renewal process.        Account Director     Sep 2014   to   May 2015      Company Name   -   City  ,   State    Clients included: Alcatel Lucent, Rajant Corporation, ASE Group, Inc., Altium, The City of Fremont   Served as lead day-to-day strategic advisor on client programs and initiatives including: strategic planning, comp [...]","about us
yipitdata is the leading market research firm for the disruptive economy and recently raised  from the carlyle group at a valuation of over 

we analyze billions of data points every day to provide accurate detailed insights on ridesharing ecommerce marketplaces payments and more our ondemand insights team uses proprietary technology to identify license clean and analyze the data many of the worlds largest investment funds and corporations depend on

we are one of incs best workplaces  a fastgrowing technology company with offices located in nyc where we are based in hong kong and shanghai backed by norwest venture partners and the carlyle group with a strong culture focused on mastery ownership and transparency

about the role and challenges youll be helping to solve

we are looking to add an experienced business development executive to our team who will act as a main growth driver to position yipitdatas musthave products within our base of active clients

as a business development executive you will be responsible for effectively managing the commercial relationship with current clients developing rapport with key decision makers identifying upsell opportunities running the sales process from the beginning to the end and negotiating enterprise agreements you will create advocates for our products and constantly assist clients in finding answers to their key questions by collaborating closely with our client strategy research and data product teams
this is a remote [...]"
1097,"Executive Vice President & Chief Executive Officer (CEO), Medical...","INTERN           Professional Summary     Client Negotiation and Mediation skills. Client Relationship building/management derived through experience. Problem identification and Solution Development Impressive management experience in systemization and regulatory compliance.  Possess excellent oral and written communication skills, as well as, interpersonal skills among colleagues and outside vendors. Strong customer/client focus with the ability ascertain and analyze customer needs. Result-driven professional who has a positive attitude that serves as a foundation to deliver strong sustainable results. Maintains the skillfulness to envision new program conceptions to effectively network, collaborate, and maintain positive partnerships with staff, community and vendors. Complex problem solving skills, compassionate, safety-conscious self-starter.        Education and Training      Prairie State Jr. College     May 2012       Associate of Arts  :   Psychology     City  ,   State  ,   USA            Governor's State University     December 2014       Bachelor of Health Administration  :   Health Administration    City  ,   State       Deans List (2014) Academic Achievement Award         Governors State University     2014       Associate of Arts  :   Nursing Home Administration    City  ,   State  ,   USA    GPA:   Dean's List     NHA certification         Skill Highlights          Proven patience and self-discipline  Motivation techniques specialist  Confident public speaker  Conflict resolution  Government relations knowledge  Patient-oriented  Personal and professional integrity  Relationship and team building      Cultural awareness and sensitivity  Critical thinking proficiency            Professional Experience      Company Name     September 2014   to   July 2015     Intern     State      Updated proposals in compliance with CME operational standards.  Developed a working knowledge of the continuing medical education department processes and functions at Advoca [...]","about the company

large public research university in ohio

industry

higher education

type

educational institution

founded



employees



categories
 education
 big 
 buckeyes
 college
 healthcare
 hospitals  clinics
 osu
 ohio
 ohio state
 ohio state university
 the
 scarlet and gray
 the ohio state university
 university
 higher education
 universities

specialties
 teaching
 research
 service
 international
 student experience
 and faculty excellence

about the role

travel percent

less than 

functions
 ceopresident
 medical carehospital administration"
1098,Data Entry Clerk,"HR GENERALIST       Professional Summary    Dependable and responsible Human Resources Generalist with over fourteen years experience in a fast-paced
environment. Solid team player with great positive attitude and exceptional people skills. Experience in many areas of HR
including benefits, compensation, employee relations, recruiting, payroll and processing of new hires and terminations.
Strong customer service and detail oriented.      Core Qualifications          Conflict resolution & creative problem solver	Able to adapt and implement change  Excellent communication skills		Quick learner  Strong Word, Excel, PowerPoint			Training and development  Accomplishments ADP, Benefits, coaching, excellent communication, conflict resolution, consultation, customer satisfaction, employee  relations, interpretation of policies, leadership, Excel, PowerPoint, Word, Payroll, People Soft, performance reviews,  performance management, personnel files, implementing policies & procedures,recruiting              Experience     02/2013   to   06/2015     Hr Generalist    Company Name   －   City  ,   State      Process Improvement Implemented new Bio-metric clock and  attendance policy for hourly employees Advised managers and implemented a discipline action policy Created and monitored new vacation calendar Coordinated employee engagement activities to create positive enviroment Protective Services Applied safety procedures and policies as outlined in Department Safety Manual Provided HR related support and advice to management and staff on a range of HR functions including talent acquisition and retention, employee relations, performance and compensation planning, learning & development, and effective leadership practices Managed employee relations investigations resulting from complaints and recommending resolutions Implemented and enforced human resources policies and procedures and ensure managers are consistent applying all policies and procedures Managed the merit increases a [...]",anywhere in us   per hour   annual bonus  company paid insurance medicaldentalvisionlife  as a data entry associate youll review prepare and submit customer applications to insurance carriers for approval review and compile necessary information ensuring application packet completeness and accuracy verifying proper formatting and submitting the application using the carrierspecified channel conduct administrative tasks that support the submissions processhiring fast
1099,Correctional Officer,"SENIOR ASSOCIATE       Executive Profile    Seasoned Financial Markets professional with over 12 years of experience in Global Financial Markets Sales & Trading across the Corporate and Institutional space in India.      Skill Highlights            Developing and sustaining strong client relationships. 
    Demonstrated ability to deliver solutions to clients, based on excellent analytical skills.    Compatibility for both, independent and teamwork.      Project management   Product development    Risk management assessor            Core Accomplishments       Created strategies to develop and expand existing & new customer relationships, resulting in a  150 % increase in annual Global Markets sales revenue     Helped grow bank's Global Markets revenue by  200 % from $ 0.5M  to $ 1.5M         Acquired 20 new clients in the past year, with total trading volume of $10B through professional networking, loan reviews and marketing             Professional Experience      Senior Associate   12/2012   to   06/2016     Company Name   City         Primary responsibilities included providing Advisory & Execution to Corporate & Institutional clients across Foreign Exchange, Interest Rates & Commodities products in line with their Credit & Risk profile   Reviewed clients' accounts and results regularly to determine whether life changes, economic developments or financial performance indicated a need for plan revision    Analyzed financial information obtained from clients to determine strategies for meeting clients' financial & risk management objectives     Communicated regularly with management regarding portfolio performance and new loan transaction quality      ​   Interpreted data on price, yield, stability, future investment-risk trends, economic influences and other factors affecting investment programs   Involvement in product structuring function to offer tailor made products to clients to meet internal & regulatory requirements.            Active involvement in develop [...]","at corecivic we do more than manage inmates we care for people corecivic is currently seeking a correctional officer who has a passion for providing the highest quality care in an institutional secure setting

who we are

corecivic is the leading national provider of highquality security corrections and detention management services providing effective programs that enhance public safety and prepare individuals for success after release headquartered in nashville tennessee with more than  secured facilities nationwide corecivic security employees are driven by a deep sense of service high standards of professionalism and a responsibility to better the public good

what we have
 paid training  comprehensive training to start a successful career
 a supportive environment where employee growth is promoted
 comprehensive benefits package  competitive wages
 pto  paid holidays
 other great incentives

what you get to do
 change the lives of those in your care
 perform routine duties of a correctional officer in accordance with established policies regulations and procedures to maintain order and provide for the safety security care and direct supervision of those in your care during all phases of activity in the facility
 responsible for maintaining order and security of inmates in a correctional facility
 able to work any shift as you may be assigned to a variety of posts including but not limited to armorykey control housing units kitchen medical visitation etc
 corecivic recogn [...]"
1100,"Manager, Data Analytics","EXEC DIRECTOR OF SALES, CONSULTANT, STRATEGIST           Executive Profile     10+ year proven track record in Digital, Mobile, and Social, Business Development & Sales Leadership experience, working with top tier clients and agencies in revenue generation, sales team management, across Retail, CPG, QSR, Electronics, Entertainment, among other verticals, leading sales teams to exceeding quota and new market expansion       Skill Highlights          Business development leader  Sales team management  Revenue and market expansion  Self-motivated      Leadership/communication skills  Negotiations expert  Market research and analysis  Customer-oriented            Core Accomplishments      Sales    Management and Leadership  :     Built and managed sales teams to over $25MM in annual quota achievement  Business Development leadership in     Business Development Expertise  :     Spearheaded programs which increased revenues 150% YoY and successfully expanded into new markets and territories         Professional Experience      Exec Director of Sales, Consultant, Strategist      Current     Company Name   －   City  ,   State      Work with clients and agencies to build and implement in-market strategies and extend revenue streams across digital, mobile, and social messaging channels   Drive revenue across Retail, CPG, e-Commerce, Technology, and Entertainment clients   Manage and Develop go-to-market strategies and positioning to achieve optimal goals   Build Mobile + Social Planning, Marketing & Messaging Strategies via Multi-Platform and Omni-Channel execution, also to be executed digitally via live on-the-ground events   Develop and Strengthen Strategic Partnerships across disciplines and tech partner organizations.          Advisor, Strategy, Business Development, & Sales and Media / Marketing Strategist.      Current     Company Name   －   City  ,   State      Drive Business Development and Strategy through sourcing new client relationships.  Develop holistic digital [...]","founded in  as a manufacturer of writing instruments montblanc today creates exclusive products including watches jewelry writing instruments and leather goods which reflect our high demands with respect to culture quality design tradition and craftsmanship
 with more than  subsidiaries and  boutiques montblanc is present all over the world
 at montblanc north america we are proud to employ talent from many different backgrounds experiences and identities
 we believe that when diversity and inclusion are fully embraced and empowered creativity and knowledge emerge to deliver excellence
 we continue to work towards creating a workforce that represents the diversity of our clients and our communities
 manager data analytics  new york position overview the manager of data analytics is responsible for supporting montblanc north america in its digital transformation journey to become a crossfunctional and industry leader by establishing predictive insights from data use
 this role will implement and maintain a trusted scalable and efficient data analytics platform to drive data democratization through reporting and visualization
 the data analytics manager will work with all sales channels and key internal stakeholders to define develop and centralize data into an omni reporting platform while enhancing the user experience"
