row_id,job_position_title,resume_text,job_description
301,Vice president marketing,"ENGINEERING PROJECT MANAGER III       Summary    Results-focused, safety conscientious team leader/player with more than 15 years of successful experience in the aviation industry as Field Engineer, Maintenance Support Engineer, A&P Mechanic, and Avionics Technician on various types of rotary and fixed wing aircraft. Experienced in all phases of commercial and military aviation maintenance, aviation business, engineering, logistics, support, and supply. Analytical & Troubleshooting Skills, Project Management, Quality Control, Maintenance, Management, Logistics, Electronic & Mechanical Technology, Program Management, Quality Assurance/Control, Safety Compliance, Risk Management, Change Control Processes      Skills          Electronic & Mechanical Technology  Maintenance Management  Project Management  Program Management  Lean/six sigma principles  Mechanical Component Troubleshooting  Quality Assurance/Control  Material Management  Staff Development/Leadership  Technical Interface  Safety Compliance Microsoft Office, Microsoft Project, Microsoft Access, SAP, SharePoint              Experience     02/2018   to   Current     Engineering Project Manager III    Company Name   －   City  ,   State      Performs a variety of duties associated with the development and revision of aircraft maintenance work instruction cards.  Utilize an automated publishing system to author certain work instruction cards.  Supervises the initiation and maintenance of project files Ensures effective technical coordination with Customer representatives and as such participates to good communication with Customers Ensures that engineering activity is compliant with project milestones.  Alerts project management in case of unforeseen variation and suggests if needed mitigation measures Participates to project planning definition by providing engineering milestones and requirements Ensures effective interdisciplinary coordination through weekly meetings.  Takes the necessary technical decisions i [...]","company introduction

kashable is a fast growing venture backed fintech startup based in nyc we provide socially responsible lowcost credit to american employees offered as a voluntary benefit through their employers

we were founded in  by a team of serial entrepreneurs with deep experience and expertise in the specialty finance industry and have since become the leading provider of personal loan financing solutions at the workplace catering to employers that run the gamut from fortune  companies and small businesses to nonprofits and governments

we are a dynamic ambitious and hardworking team that is redefining financial wellness for working americans

as vp marketing at kashable you will help shape and build our brand and how we go to market tangibly impacting the companys bottom line

you will drive the strategic growth of our direct marketing channels and our  partners through your analytical insights your ability to identify marketing opportunities scope out solutions and independently and collaboratively present solutions to the management team

you will lead our growing marketing team and build it to meet the ongoing challenges and opportunities in our market

were looking for great problem solvers who take a datadriven approach to provide informed direction partner effectively with internal and external stakeholders to win together and take ownership in bringing our financial wellness products to market

if you have a strong desire to be part of an innovative team a [...]"
302,Remote RN Case Manager,"FINANCIAL AID SPECIALIST           Summary    Dedicated results-oriented business professional experienced in customer service and financial aid administration. Superior communication and training skills, builds positive relations with internal and external clients. Versatile problem solver who implements plans that exceed objectives. Technically proficient in Sunguard's Banner and Ellucian's Datatel Colleague student information systems as well as Microsoft business applications: Additional capabilities in:
		Customer Service		Budget Management		Business Analysis	
		Problem Resolution		Productivity Improvements		Process Enhancements	
		Training		Documentation		Planning/Organization          Professional Experience      Financial Aid Specialist    January 2012   to   Current     Company Name   －   City  ,   State      Counsels and advises students concerning financial aid opportunities, application processes and financial management strategies.  Educates students in the identification of all sources of financial aid available, including the requirements and regulations within programs.  Successfully manages $30,000 annual childcare assistance budget.  Interprets, implements and ensures the College is in compliance with state and federal agencies by maintaining a thorough knowledge of federal and state financial aid, scholarship rules and     regulations.  Determines eligibility and awards financial aid applicants utilizing various software packages.  This  includes processing applications and corrections, document tracking, completing the verification process, generating tracking and award notifications.  Develops and maintains effective working relationships with client/customer in order to initiate, facilitate, and complete work in assigned student service program area.  Prepares, updates and coordinates policies and procedures for administering the Federal Pell Grant,     North Carolina Community College Grants, Education Lottery Scholarship, and childcare assist [...]","are you an experienced registered nurse  rn case manager thats a certified case manager  ccm  acm  looking for a new opportunity to support activeduty military veterans and their dependents do you want the chance to advance your career by joining fortune  company if you answered yes to any of these questions  this is the position for you

advantages of this remote registered nurse rn case manager  ccm  acm  position
 competitive salary  annual salary bonuses and merit increases
 fully remote work in the comfort of your own home
 generous pto package  days pto  paid holidays   sick days
  w matching
 tuition reimbursement
 hsa and fsa  so much more

remote registered nurse rn case manager  ccm  acm  requirements
 active rn license
 clinical experience in a healthcare environment
 case management experience preferred in an mcohealth plan
  ccm or amc required 
 previous experience telecommutingworking remotely

hours for this registered nurse  rn case manager  ccm  acm  position
 mon  fri  am   pm pst or   mst fully remote no nights weekends or holidays
must live in pst or mst time zones to be considered for the position

duties for this remote registered nurse  rn case manager  ccm  acm  position
 assesses medical records for appropriateness level of care provided and criteria determination
 provides community resources to patients and their families that are in network with their health plan

interested in being considered for this remote registered nurse  rn case manager  cc [...]"
303,Content Creator,"DIGITAL MEDIA PRODUCER       Summary    Experienced and innovative Digital Media Producer with expertise in video production, as videographer, sound recordist, editor and post-production artist. Able work autonomously or collaborate with a team to produce highest quality production standards. Passion for constantly learning, developing and sharing new video skills with colleagues.      Highlights          Advanced Shooting Skills  Experienced with Video Cameras and DSLRs  Advanced Editing Skills using Adobe Premiere Pro  Expertise in Sound Recording and Sound Mixing  Ability to Bring Stories to Life with Visuals & Music  Experienced Aerial Imaging Drone Pilot  Experience with Teaching Students      Experience Directing On-camera Talent  Able to Work on Multiple Projects Simultaneously   Able to Collaborate with a Team, or Lead a Project     Able to Create Animated Titles and VFX    Proficient with Adobe Photoshop & Illustrator    Excellent Communication & Writing Skills             Experience      Digital Media Producer   05/2010   to   Current     Company Name   City  ,   State     Produced video and audio content to the highest quality production standards to promote clients' objectives, and bring their stories to life, including content for corporate applications, web sites, education, commercials, and other applications. Maintained awareness of developing technologies and best practices for media production; interacted with clients, providing excellent customer service. Maintained library of digital assets.        Teaching Assistant / Computer Lab Technician   09/2009   to   05/2010     Company Name   City  ,   State     Assisting Professor Philip Palombo, served as teaching assistant for a freshman class in video production and editing; Led discussions, screened relevant videos, and hands-on assisted them in the lab. Also served as the Computer Lab Tech during that time, troubleshooting problematic computers and software in use.        Education      Master of [...]","about us

we are noble people a modern creative media agency we worked with the best creative agencies in the business and left to do things our own way 

we are an agency that wants to develop original bold and provocative media ideas

media ideas that arent media

media that isnt freaking boring

brand ideas that people love

we do communications strategy media planning and buying and reporting and optimization  but with a lens that respects creativity and without the bullshit that comes along with most media agencies we are passionate we have strong values based on integrity and honesty we find smarter ways to make an impact we strip out the nonsense and do away with the old rules we take a modern transparent and innovative approach to media  again always through a creative lens

we partner with some of the best creative agencies in the business including opinionated and preacher and others you will know we also have relationships with some of the most innovative brands in business today including wetransfer venmo nickelodeon and whoop

who you are

the ideal candidate already creates content for themselves or on behalf of others in a way that demonstrates creativity resourcefulness and an understanding of the platforms
 you are detailoriented
 you can exercise active listening and can effectively communicate verbally visually and in writing
 you know when to ask questions formulate solutions and take initiative
 you have excellent organizational skills and can multitask p [...]"
304,Sales Associate,"CUSTOMER SERVICE ADVOCATE       Summary    Talented Customer Service manager skilled at balancing customer needs and company demands. Effectively builds
loyalty and long-term relationships with customers while achieving all individual sales goals. A sales manager skilled in
exceeding sales goals and company expectations by expanding client base and maintaining high standards of customer
service.      Skills        Superb sales professional          Store planning and design
       Strong communication skills          Detail-oriented
       Personnel training and development          Time management
       Proficient in MS Office            Accomplishments      Awarded annual merit increases during the first 15 years of employment.  Consistently exceeded daily sales targets with
an average of 5000+ in sales each day.  Managed a successful sales team of 20 members who consistently exceeded
sales goals by 80% each month.  Successfully managed $1.4 million in merchandise per day.  Fulfilled all supervisory
duties when Store Manager was on vacation.  Interviewed applicants and successfully staffed any vacancies throughout
store, focusing primarily on assigned areas.  Routinely helped as many as 20 customers each day in a high-volume retail
outlet.  Promoted to Call Center lead within 6 months of employment.        Experience     03/2015   to   10/2016     Customer Service Advocate    Company Name   －   City  ,   State     Addressed customer service inquiries in a timely and accurate fashion.  Maintained up-to-date records at all times.  Provided accurate and appropriate information in response to customer inquiries.  Demonstrated mastery of customer service call script within specified timeframes.            10/1995   to   02/2014     Sales Manager    Company Name   －   City  ,   State      Delivered excellent customer service by greeting and assisting each customer.Addressed customer inquiries and
resolved complaints.Design and implemented customer satisfaction metrics. [...]","sales representative

at cpf we pride ourselves on being a leading distributor in the wholesale flower industry by providing beautiful and unique flowers to many of the country s top wedding and event florists and offering exceptional customer service cpf is a dynamic and growing company

position summary

responsible for building strong customer relations through knowledge and exemplary customer service plan and carry out all sales activities on assigned accounts responsible for ensuring customer satisfaction managing the quality of products and services

essential functions

establish new accounts by planning and organizing a daily work schedule

service existing accounts

obtain orders

develop sales proposals

participate in sales events

generate and qualify leads

source and develop client referrals

develop and maintain a customer database

collaborate with sales manager to strategize sales action plan for new and existing business

comprehension of all sales programs

communicate needs to buyer

develop and maintain sales and promotional materials

monitor competitors market conditions and product development

understand and aid in transportation solutions

ensure customer service satisfaction and good client relationships follow up on sales activity

perform quality checks on product and service delivery

resolve customer complaints by investigating problems developing solutions

other functions as required

minimum qualifications

knowledge of customer service princ [...]"
305,Program Compliance Manager,"CONSTRUCTION MANAGER / PROJECT COORDINATOR / INSPECTOR       Summary    To demonstrate my architectural and construction management skills, which will help contribute to an
organization's success.      Skills        Paradox, Microsoft Office Suite            Work History            Company Name                      Company Name                Experience     01/1995   to   01/2001     Construction Manager / Project Coordinator / Inspector    Company Name   －   City  ,   State      Maintained management information system to provide data essential to planning and control of project
 development.  Scheduled, monitored and reported on the progress of approximately 90 assigned projects.  Ensured adherence to time schedules and compliance with contracts requirements.  Responded to all contractors' correspondence on behalf of the agency.  Monitored the contractor' performance, quality and work progress.  Ensured compliance with plans and specification for construction projects.  Reviewed and identified any necessary changes to the contract based on field conditions.  Provided technical guidance to the development staff.  Maintained accurate records and subsequent authorization of payments.         02/1989   to   02/1994      Resident Engineer/Construction Proj Mgr    Company Name   －   City  ,   State      Special Projects Unit Construction Manager
 Supervised reconstruction/restoration of $8 million NYC recreational center.  Managed approximately 15-20 jobs simultaneously.  Coordinated and inspected contractor work daily.  Conducted weekly site coordination meetings and monthly progress meetings.  Coordinated contractor work between local utility companies and City agencies.  Negotiated all change order work and authorized contractor payments.  Managed interpretation of blueprints and specifications for project contracts.  Established job specifications and established project goals and procedures.  Ensured projects' compliance with applicable New York City rules and regu [...]","program compliance manager  remote

category project management

main location united states ohio columbus

position id 

employment type full time

position description

this position is  remote you must live in the state of ohio to be considered

some travel is required per client needs

cgi federals housing sector team that partners with public housing authorities phas and the us department of housing and urban development hud to assist in the provision of affordable housing has an opening for a program compliance manager this is an opportunity to join an energetic team with a collaborative management group and work with affordable housing providers new team members receive indepth training to prepare them for their role additional training and professional development opportunities are also available for both the affordable housing industry and general business skills

the program compliance manager is responsible for ensuring that the housing choice voucher hcv program is administered in compliance with established housing authoritys policies procedures and hud rules and regulations the program compliance manager will oversee quality control housing assistance payments hap and utility allowance payments uap processing internal and external reporting fraud recovery informal reviews hearings and reasonable accommodation functions

your future duties and responsibilities

the program compliance manager will support the collection of data for regulatory filings coordinate an [...]"
306,"Marketing Director – E-Learning – Columbus, OH","DIRECTOR OF BUSINESS DEVELOPMENT         Summary     Dedicated and driven sales and marketing strategist with 8+ years' experience in cloud software industry.  Proven ability to research, develop, and implement technical sales and marketing plans.  Expert in the technical content development of sales collateral that effectively reinforces the solution benefits.  Skilled writer, trainer and presenter.  Fast learner, works well under pressure, committed to team success.       Highlights          DIRECTOR OF BUSINESS DEVELOPMENT, PRIVACY DATA SYSTEMS, LLC  Dedicated and driven sales and marketing strategist with 8+ years' experience in cloud software industry.  Proven ability to research, develop, and implement technical sales and marketing plans.  Expert in the technical content development of sales collateral that effectively reinforces the solution benefits.  Skilled writer, trainer and presenter.  Fast learner, works well under pressure, committed to team success.  skills & core competencies   Presales and Implementation Support  Development of Marketing Strategies  Competitive Analysis, Market Research  Development of Training Materials  Product Positioning & Branding  Product Demonstrations  Development of Sales Collateral  Public & Media Relations  Web & Print Content Development  Client Support (Post sales)  Ability to listen, understand, and relay business needs to technical and development teams  Adobe Creative Suite: Photoshop, Illustrator, InDesign, Adobe Acrobat  CRM: Proficiency in administration of Salesforce and Microsoft Dynamics CRM applications including but not limited to customization, reports and dashboards, and data import/export  Planning/Organization  Exemplary planning and organizational skills, with high degree of detail orientation  Innovative problem-solver who can generate solutions using creativity and past experience  Resourceful and efficient project manager  Skilled at wearing many hats and thinking outside of the box                Ex [...]","marketing director  elearning

resumes to careersdirecthrcom

my client is a global digital technology company with a focus on learning and educational software they are seeking to hire a marketing director responsible for developing implementing and executing datadriven marketing strategies collaborate with leadership to build the brand and support profitability and growth analyze market research and customer insights to build action plans for marketing programs and in support of profitability and growth

responsibilities
 hire mentor and manage a team
 ensure execution of marketing campaigns within budget and time constraints
 oversee department budget operations and productivity in support of business objectives
 maintain accurate and timely forecasting tools for planning and budgeting purpose
 establish targeting and campaign segmentation processes ensuring correct messaging reaches right customers
 manage datadriven marketing program development driving customer acquisitions sales pipelines and roi
 understand users and buyers to develop market messaging strategies that impact sales
 remain current on customer insights competitive research and analyze marketing trends
 maintain customer engagement in collaboration with internal depts throughout product life cycle
 continuous improvement conduct market customer and competitive research performing financial analysis and assimilating internal expertiseexperience
 ensure brand consistency alignment and quality maintaining gl [...]"
307,"Construction Project Manager- (Remote in Detroit, Cleveland, or...","LEAD AEROSPACE ASSEMBLER         Summary    Accomplished and highly motivated aerospace assembler/technician with a solid history of achievement in completing large structural assemblies, micro/miniature component repair and cable repair for rotary and fixed-wing aircraft platforms. Proficient in interpreting blueprints, working with others and meeting production deadlines. Seasoned leader with experience in tactfully communicating with others in order to train them to be competent at their job.      Skills     Critical Thinking                   Decision Making  Hand/Power Tools  Thoroughly Inspects Work  Problem Solving  Time Management   Troubleshooting       Experience      Company Name    City  ,   State    Lead Aerospace Assembler   06/2016   to   Current        Trained and led a team of six assemblers to quickly and efficiently build landing gear beams    Ensured all equipment was properly installed and working correctly.     Planned work and determined appropriate tools and equipment needed for the workday.   Processed work orders and prioritized jobs.  Communicated with prior shift to assess work needs for the day.          Company Name    City  ,   State    Aviation Electronics Technician   09/2011   to   10/2015       Adjust, repair, or replace malfunctioning components on assemblies
or circuit boards by using hand tools or soldering irons.  Test and troubleshoot instruments, components and assemblies, using multimeters.  Connect components to assemblies such as transformers, relays, switches, in-flight refueling systems, 
etc.  Read and interpret maintenance manuals, technical publications, and engineering diagrams to determine
the feasibility and method of repairing defective components.  Keep records of maintenance and repair work.  Coordinate work with engineers, technicians and other aircraft maintenance personnel.  Inspect completed work to certify that maintenance meets standards and that aircraft are ready for
operation.          Education and Tra [...]","akron  ohio  united states of america cleveland  ohio  united states of america columbus  ohio  united states of america detroit  michigan  united states of america fort wayne  indiana  united states of america

remote in detroit cleveland or columbus with some travel

job summary

the purpose of this position is to lead individual multidisciplined real estate project solutions for clients with direct accountability for project delivery

characteristics of responsible projects

complexity medium

risk medium

duration midterm weeks to months

value typically   million usd

essential duties and responsibilities

manages all facets of project management budget schedule procurement quality  risk for individual real estate projects including planning design construction occupancy and closeout

demonstrates capability to read understand and apply standard to moderately complex documents affecting real estate projects including but not limited to agreementscontracts leases work letters project charters surveys and drawings

interfaces directly with clients to define project requirements prepares scope of work project delivery resource requirements cost estimate  budget work plan schedule  milestones quality control and risk identification

identifies project delivery resources from prequalified lists or through individual project qualification process conducts standard request for proposals completes bid analysis recommends resources to clients

leads project delivery resourcesteam [...]"
308,File Clerk Remote,"AUTOMOBILE SERVICE MANAGER       Summary    Attentive Automobile Service Manager with comprehensive knowledge of the automobile industry. Adept at providing an
optimal level of customer support that includes speedy resolutions to customer service issues. Specialize in managing an
able staff to meet customer expectations.          Experience     05/2013   to   Current     Automobile Service Manager    Company Name   －   City  ,   State      Ensured that warranty specifications were upheld when work was performed Managed vehicle repair requests and regular service appointments Maintained inventory of replacement parts and prepared purchase orders Prepared shop displays of auto parts Inspected vehicle repairs Provided regular employee evaluations Ensured compliance with shop standards.         06/2011   to   05/2013     Automobile Service Manager    Company Name   －   City  ,   State      Clearly defined employee responsibilities and tracked performance.  Assisted with initial diagnostics and supervised vehicle work.  Ensured that customer and employee areas were kept clean and organized.  Managed service requests and prepared a database listing such requests.  Ensured timely completion of vehicle services.  Coordinated with sales team to prepare marketing strategies.          Education and Training     2011     Bachelor's Degree  :   Automotive Technology    University of California   －   City  ,   State      Automotive Technology       2014     Associate's Degree  :   Business Management    University of California   －   City  ,   State      Business Management Want more? Check out our other examples.          See More Examples        Skills    vehicle repairs, database, inventory, marketing strategies, sales","we are looking for a well organized and neat file clerk to join our team

as a file clerk you will take care of file management and maintenance

you will be responsible for organizing all the paperwork according to an efficient filing system

responsibilities

track and manage all the incoming paperwork and make copies before filing and distributing

sort all papers alphabetically

sort according to content type dates significance etc

create and update records

store all paperwork in designated places

enter paperwork into an electronic system

manage file access requests and keep logs

develop an efficient filing system

always strive to make retrieving easier and more efficient

follow policies and procedures for personal data protection

monitor and manage inventory of files paper clips etc and report shortages

requirements

good knowledge of filing systems

good knowledge of ms office and office equipment

team player

good timemanagement skills

great interpersonal and communication skills

great attention to detail

high school degree or equivalent"
309,Youth Career Coach,"SECURITY AIDE I         Professional Summary     A Compassionate Security Aide that has strong experience working with developmentally disabled adults and creating individualized recreational plans to assist them with community integration.       Skills           Strong verbal communication    Data management    Extremely organized    Project management    Client assessment and analysis    Powerful negotiator    Self-motivated    Staff development    Conflict resolution    Team leadership    Risk management processes and analysis    Process implementation       •	Huge experience with therapeutic recreational services, activities and programs •	Outstanding knowledge of psychiatric patient care techniques •	Thorough knowledge of working in acute care, assisted living and other healthcare setting •	Good understanding of abuse reporting protocols •	Familiarity with recreational therapy and therapeutic recreation programs. •	Amazing ability to develop recreational therapy plans •	Ability to design, implement, and coordinate therapeutic programming •	Immense ability to build positive working relations with patients and colleagues •	Remarkable ability to provide therapies independently or in groups            Work History      Security Aide I  ,     2017   to   Current     Company Name   –   City  ,   State       Obtained documents, clearances, certificates and approvals from local, state and federal agencies.    Performed initial client assessment and analysis to begin research process.    Analyzed departmental documents for appropriate distribution and filing.    Worked directly with department, clients, management to achieve result..    Developed new process for employee evaluation which resulted in marked performance improvements.    Responsible for creative design for prominent project.    Supported Chief Operating Officer with daily operational functions.          Student Worker  ,     01/2016   to   01/2017     Company Name   –   City  ,   State       Complete cleri [...]","johns hopkins intrastaff is the internal staffing agency for the johns hopkins health system and partner hospitals providing temporary support to a variety of the johns hopkins locations our employees are the strength of our service intrastaff is unique because its one of the very few agencies where a person has the benefit of being a temporary employee and also feels like a member of a large organization working at hopkins means joining a culturally diverse team that includes some of the best nurses physicians and allied health professionals in the world directly or indirectly youll have exposure to cuttingedge technology and groundbreaking medical research

summary

serves as a career coach and guide for employees seeking career counseling and skills upgradingenhancement for jhm arranges andor administers workforce development andor training assessments to support employees educational  career goals provides followup counseling to employees which will enable them to receive the job advancement training required to earn a promotion or transition to other viable positions within the organization provides job retention services facilitates information exchange and acts as a support liaison between hospital departments and program administrators coordinates skills upgrading and occupational trainingeducation with the offices skills enhancement services community training programs and postsecondary institutions performs case management and data management duties to record and mo [...]"
310,Fraud & Compliance - AML/BSA Specialist,"INFORMATION TECHNOLOGY HELP DESK SPECIALIST             Highlights         Microsoft Windows Operating Systems 95, 98, 2000, ME, XP and Windows 7 along with expert knowledge in several other Applications such as Microsoft Active Directory, Microsoft Works, Microsoft Office, and Microsoft Outlook, SAP, CRM, ERP, Oracle, JD Edwards, Remedy, Great Plains, PeopleSoft, SharePoint, Avaya, Blue Pumpkin, Verint, Novell, VDI Platforms and Cognos.       Business process improvement  Cost-benefit analysis  Forecasting and planning  Advanced Excel modeling  Business systems analysis  SAP  Business requirements matrixes  Project management  Superb communication skills  Advanced problem solving abilities  Critical thinking  Decisive              Experience      Information Technology Help Desk Specialist    August 2014   to   Current     Company Name   －   City  ,   State      Diagnose and resolve technical hardware and software issues for incoming phone calls and emails while ensuring detailed documentation on all activity and communication with customers regarding their issue Display the ability to understand and communicate complex and technical information clearly and concisely Demonstrate proficiency in product knowledge and call handling skills Maintain accurate customer records & process changes Display the ability to work in a fast paced environment, providing efficient productivity while simultaneously providing superior quality service Research questions using available information resources and advise user on appropriate action Log all help desk interactions Identify and escalate situations requiring urgent attention Track and route problems and requests and document resolutions Maintain ticketing system and route all tickets to appropriate parties.          Quality Assurance IT Analyst    September 2011   to   January 2014     Company Name   －   City  ,   State      Display working ability to organize and follow complex and detailed technical procedures Responsible fo [...]","job description
responsible for fulfilling the antimoneylaunderingbank secrecy act requirements through identification and investigation of suspicious activity analyze customer account transactions to detect suspicious activity and make decisions on appropriate action to take work cooperatively with business line to establish procedures for identifying suspicious customer transactions specific to money laundering including the proper method for reporting such activity to the antimoneylaundering group provide guidance support and recommendations to business lines regarding customer aml risk ratings and account activity based on the outcome of the investigation analyze and determine whether or not a suspicious activity report sars must be filed with the federal government for any identified suspicious activity work cooperatively with internal departments financial institutions and local state or federal authorities to obtain and analyze necessary info

skillsexperience
 responsible for the reviewing of currency transactions and suspicious activity in accordance to the bank secrecy act
 under general supervision and guidance responsibilities are varied and moderate to complex
 follows defined procedures policies and precedents
 refers unusual situations that require exceptions to manager or supervisor
 supervisor schedules work however incumbent prioritizes assigned tasks
 may serve as a resource for less experienced staff and assist in their training
 knowledge of banks operati [...]"
311,Career Coach (Remote),"IT DIRECTOR               Accomplishments      CXA- 206-1 | Citrix XenApp 6.5 Basic Administration; IT Security Essentials; Spiceworks 101: Foundations & Lab Introduction to SQL Military UA Army, Ukraine  Senior Sergeant.        Experience      IT Director    August 2015   to   Current     Company Name   －   City  ,   State      Formulate and deploy long-term strategic plans for acquiring and enabling efficient and cost effective information processing and communication technologies.  Manage IT department operational and strategic planning, including business requirements, project planning, and organizing and negotiating the allocation of resources Operational Management Where necessary, reengineer applications support to ensure it aligns with business processes, tactical planning, and strategic vision.  Define and communicate project milestones, service level agreements, and resource allocation to executive team, department leads, support staff, and end users.  Develop and review budgets for and from IT department divisions and ensure they comply with stated goals, guidelines, and objectives.  Review performance of IT systems to determine operating costs, productivity levels, and upgrade requirements.  Benchmark, analyze report on, and make recommendations for the improvement of the IT infrastructure and IT systems.  Develop bid requirements for all hardware and software upgrades, reviews submitted bids for compliance with stated requirements, and makes the appropriate award.  Authorize and oversee the deployment, monitoring, maintenance, development, and support of all hardware and software based on department needs.  Develop business case justifications and cost/benefit analyses for IT spending and initiatives.  Direct research on potential technology solutions and implementations in support of new initiatives, opportunities, and procurement efforts.  Oversee provision of end user services, including help desk and technical support services.  Develop and implemen [...]","medcerts  a stride inc company nyse lrn  is a national online training provider strengthening the workforce through innovative elearning solutions focused on certifications in highdemand areas of allied healthcare and it it serves individuals from all backgrounds including the military and their families career changers and the under and unemployed medcerts delivers career training through hdquality videobased instruction virtual simulations games and animations and onthejob training through experiential learning solutions since  the company has developed over  career programs trained and upskilled more than  individuals across the country and partnered with over  american job centers and more than  healthcare and academic organizations to build talent pipelines and provide the option of articulated college credit to our students in  medcerts was acquired by stride inc stride has transformed the teaching and learning experience for millions of people by providing innovative highquality techenabled education solutions curriculum and programs directly to students schools the military and enterprises in primary secondary and postsecondary settings for more information visit medcertscom

the primary focus of the career coach is to prepare students for securing employment through resume development interview preparation and coaching on effective job search strategies the career coach works collaboratively with job search specialists and clinical coordinators to identify relevant e [...]"
312,Bank Teller,"GRANTS MANAGER           Summary     Finance professional successful in not-for-profit and for-profit organizations wanting to resume career after meeting personal goals and obtaining unrestricted work authorization.        Skills     Accounting, administration, preparing trial balance, balance sheet analysis, bank reconciliation, billing, budgeting, forecasting cash flows, cash management services, contracts, credit risk, due diligence, financial analysis and modeling, financial reporting, financial statement analysis, general ledger, government grant proposals, inventory management, investment Banking, invoicing, accounts payables, accounts receivables, legal issues, risk analysis, investment valuation.        Experience              Grants Manager    December 2009   to   July 2014     Company Name   －   City  ,   State      Perform due diligence on potential grant opportunities and monitor current funds portfolio.  This included reading all government updates on healthcare research funding, related financial matters and audits.  Worked as an integral person in all facets of financial administration in a small team with a culture of inclusion.  Have been appreciated and respected for my hard working skills and eagerness to learn.  Having worked with some of the best researchers in the healthcare field, I have had to wear multiple hats and work with tight deadlines.  Specialized in preparing grant proposals for both federal and non-federal sponsors that included various grants mechanisms, Clinical Trails, Research Contracts and IPAs.  Held a key role in pulling together and maintaining a large and complex international grant that involved 21 sites (domestic and international).  This role enabled me to become an excellent team player.  Managed all post-award administration for all types of sponsored research projects including, subaccounts, budgeting, creating purchase orders, invoicing, monitoring, expense processing and reconciliation, financial reporting, IRB, OM [...]","monday through friday no weekends

full time  hour week example  am to  pm or  am to  pm alternating shifts part time monday through friday hours vary based on applicant need locally owned financial institution family atmosphere  no sale quotas no pressure excellent working conditions and benefits for full time employees experience not necessary will train

job types fulltime parttime

pay    per hour

benefits
 k
 k matching
 dental insurance
 health insurance
 life insurance
 vision insurance

physical setting
 office

schedule
  hour shift

work location one location"
313,Senior Statistical Programmer,"HR GENERALIST       Professional Summary    9 years of experience in Human Resources, benefit administration, employees relations, recruitment and on-boarding, training and development, payroll administration (11 years' experience), customer relations (18 years' experience), and retail management (9 years' experience). I have developed workplace policies and procedures as well as implementation and training on these policies and procedures. I have developed training programs on a variety of different topics, from recruitment and on-boarding to sexual harassment. I have demonstrated skills in solving problems, leading teams and managing staff. Proficient in payroll administration policies and procedures, able to analyze, interpret and implement relevant laws and regulations. Strong work ethic, ability to forge working relationships and foster a level of trust among employees while maintaining neutrality and confidentiality within the workplace. Able to manage office workload, prepare correspondence, maintain records and coordinate events. I have excellent interpersonal and verbal communication skills, and I am able to lead change and build trust.      Core Qualifications          Benefits Administration (10+ years), Employee Relations (10+ years), Human Resources (9 years), Payroll  9 years), Training & Development (10+ years), Recruitment (5 years)  LINKS  http://beknown.com/kelly-simard https://www.linkedin.com/pub/kelly-simard/2b/523/3 Intermediate knowledge of most Microsoft office programs, Word, Outlook, Excel and Powerpoint, Prezi, Tableau.  Knowledge of various different payroll programs, Core, Core Advanced, Paychoice, Paychoice Online, Encore, and Encore Online, ADI Time, Ultipro  Other systems utilized, Hire Centric, Onboarding Hire Centric, Auto-Bene, Taleo and Successfactors.              Experience     11/2015   to   Current     HR Generalist    Company Name   －   City  ,   State      Provides Human Resources support for various locations.  Produces new [...]","be part of our empowered parexel statistical programming team today the senior statistical programmer with sdtm experience will contribute to meaningful advances that benefit patients in need

as a senior programmer you will be recognized as a subject matter expert providing technical support and expert advice to internal and external sponsors parexel will provide you with the perfect opportunity to expand on your experiences and develop new skills in a stimulating work environment

key responsibilities include not an exhaustive list of duties
 input into and negotiate statistical programming timelines
 ensure that timelines are adhered to coordinate and lead a statistical programming team to successful completion of a study within given timelines and budget
 monitor project resourcing project budgets and identify changes in scope
 ensure quality control qc on all process and technical activities related to derived dataset table listing and figure programming in accordance with corporate quality standards
 maintain all supporting documentation for studies in accordance with wsopsguidelines to ensure traceability and regulatory compliance
 provide a broad range of leadership and influencing capabilities to achieve the business objectives and goals for both parexel and sponsors
 provide leadership project specific training stakeholder management external sponsor support resource management and project management for the required programming tasks supporting clinical trial activ [...]"
314,COORDINATOR - MARKETING,"HEALTHCARE EFFECTIVENESS AND INFORMATION SET COORDINATOR (HEDIS)       Summary     To obtain a position which utilizes and enhances my education and work experience with the Potential for career advancement. Recognized for long hours, commitment to customers, attention to detail and follow up. Work well as a team member or independently and under pressure. Demonstrates ability to meet the needs of patrons, dependable, hardworking and punctual. Excellent basic clerical and computer skill including knowledge of Microsoft Office. Excellent interpersonal, listening and communication; both written and spoken skills. Sound ability to keep sensitive information confidential. Sound organization skills, goal- oriented, proactive, and excellent at reporting.         Highlights          Proficient with Healthcare Effectiveness Data and Information Set (HEDIS)  Proficient with Georgia's Medical Management Information System (MMIS)   Proficient with Georgia Registry of Immunization Transactions and Services (GRITS)      Excellent communication skills  Advanced clerical knowledge  Filing and data archiving  Medical billing            Accomplishments     Provided award winning customer service to Consumer Cellular as well as AARP   Members with ordering easy to use cell phones       Experience      Healthcare Effectiveness and Information Set Coordinator (HEDIS)   04/2014   to   Current     Company Name   City  ,   State       Handle inbound/outbound member calls and assist them in obtaining service, appointment scheduling, arranging transportation, and initiating reminder calls, e-mails and/ or faxes.  Educate and inform members about current and past due clinical services which improves member health outcomes and increases Health Plan HEDIS rates.  Conduct HEDIS provider chart request calls to support medical record capture for HEDIS supplemental data review and abstraction.  Record and document all member and provider outreach activity using Microsoft Office Suite applications [...]","job summary

the team member in this position is responsible for providing superior service to both internal and external guests the marketing coordinator is responsible for assisting the director  manager of marketing in executing the propertys marketing plan and daytoday operations

essential duties  responsibilities
 guest relations as it involves interacting with guests during deployment of special events and promotions
 deployment and coordination of property contests including ordering selection of materials setup décor and selection of prizewinners
 management and maintenance promotional materials such as décor promotional merchandising and other promotional tools
 working as event staff to setup events administer contesting issue prizing and ensure proper procedures or rules are followed
 coordination of property activation events with players club personnel and or any promotional agencies
 uploading and managing photo galleries for contest winners and communicating relevant information to the companys digital agency for social media
 special projects as assigned by the lead for marketing operations
 assist with and participate in activities related to audio visual and digital media
 coordinate maintain and assist with group sales
 comply with our drug  alcohol free workplace subject to post offer for cause and postaccident drug tests
 be a customer experience owner act in ways that will surprise and delight our guests leave guests with positive feelings about our pro [...]"
315,Senior Vice President of Property Management,"FINANCE AND OPERATIONS MANAGER         Executive Profile     Results-driven, efficiency-conscious International Business Management Executive with extensive experience including financial management, organizational development, business development and team building within diverse industries. Skilled in planning, coordinating and executing successful strategic business and financial  programs, with track record of improving operational stability, efficiency, and profitability. In-depth knowledge of a diverse array of core financial and business processes, with demonstrated capacity to successfully improve bottom-line profitability, and further corporate objectives. Collaborate with senior stakeholders to effectively prioritize activities and achieve defined objectives, translating business requirements into solutions to achieve corporate performance goals and targets.       Skill Highlights          Organizational Development  Business Development and Expansion in Domestic and International Markets  Global Business Expertise  Financial and Strategic Planning and Execution  Contracts Management  Risk Management  Staff Development and Management       Multimillion-dollar P&L Management   Budget and Forecasting Development and Management  Policy and Process Development and Implementation  Financial Reporting and Analysis  Performance Management/Project Accounting  Maintain Service Relationships            Professional Experience      Finance and Operations Manager  ,   03/2015   to   09/2016    Company Name   －   City  ,   State     A senior business partner participating in the development of the strategic direction, leadership, management and growth of the organization. Key accomplishments include:   Led the 2016 strategic planning process (Oct 2015) resulting in a detailed 2016 delivery plan for all departments with a 3yr outlook.  Developed a timely and accurate financial and operations reporting package to management highlighting business issues, potential risks a [...]","let us tell you about this position

equity ecs is a full service commercial real estate firm our comprehensive platform includes development construction brokerage program management and property management services that are tailored to provide solutions to each clients needs as svp property management you are responsible to oversee the operation of the portfolio of commercial properties and the property management team across all regions this position is responsible for supporting and executing the company strategies on new business related to property management you direct team members on assigned portfolio implementing policies procedures and practices to ensure each property meets and exceeds budgeted financial goals and achieves operational performance objectives equity ecs has offices in columbus cincinnati dayton chicago atlanta austin san antonio orlando and tampa

what are the key objectives

partner with executive leaders to plan business objectives develop organizational policies coordinate functions and lead operational planning including budgeting improving overall performance of properties client experience and financial profitability garner additional assignments for property management by marketing the capabilities of the division creating trusting relationships with clients and potential clients and closing engagements work closely with real estate servicesfinance to facilitate annual budget process monthly ap and client reporting mentor develop and coach te [...]"
316,"Executive Administrative Assistant, Brokerage","INFORMATION TECHNOLOGY SPECIALIST(DISCOUNTPCFIX)       Summary     I am obsessed with technology. It's power to change everything. Technology fuels my passion and commitment to helping organizations do what they set out to. When I engage, I bring fresh ideas that help your team galvanize performance. Refine your strategy. Spark new energy. 
The future—and how we get there—depends on those who build, connect, create and transform our world.  Accomplished with over 10 years of information technology support experience.  Highly articulate Capable experienced installing and updating hardware and software systems for users. Known for effectively optimizing systems to meet changing demands, enhancing collaboration and improving security.  Experienced Operations Analyst with first-rate skills in organizing, problem solving and project management. Ready to apply experience and abilities to take on new professional challenges.  Passionate and driven professional with remarkable analytical and problem solving skills.  Expert quality assurance tester offering five years of experience in detailed technical and system specifications.  Provides a collaborative style and has well-developed communication skills. Seeking a role in test reporting and defect resolution.  Well-rounded team player with dynamic written and verbal communication skills.  Hardworking and resourceful team player.  History of going above and beyond to achieve notable results.  Offering excellent blend of technical aptitude and creative ability. Inspires design teams with engaging management techniques and innovative thinking. Resourceful Technical Support Engineer polished in restoring system functionality by quickly assessing and resolving diverse hardware and software problems.       Skills          Issue escalation  Reporting and analysis  Quality control  Schematic understanding  Critical thinking  Data management  Network Administration  Experience in leadership  Improvement plan knowledge  Supervision [...]","job title
executive administrative assistant brokerage

job description summary
cushman  wakefields new york midtown branch is seeking an executive administrative assistant to support a group of our most successful brokers in handling all administrative tasks required to facilitate the transaction of cws real estate business as well as play a significant role in increasing broker productivity

job description
 meet or exceed broker administrative and marketing support expectations
 identify and meet needs of internal and external clients
 ability to take direction research projects and work independently
 create emails letters and notes on behalf of brokers
 coordinate and update broker calendars and itineraries keep broker on time for appointments ensure meeting materials are prepared transportation and travel arrangements reservations etc
 update broker contacts especially current telephone numbers and email addresses
 organize and input broker expenses and charitable contributions track payments and allowances
 produce errorfree correspondence and presentation materials
 update and enter deals in engage
 create invoices  proposals

minimum qualifications
  years of eaa experience real estate background preferred
 bachelors degree desirable
 required skills
 excellent oral and written communication skills
 advanced people skills
 adobe creative suite and microsoft power user skills
 organized
 takes initiative
 team player
 early workday start with a flexible schedule
 mult [...]"
317,"Senior Data Security Engineer, Vice President - Remote","DIRECTOR FINANCE AND FP&A           Executive Profile    I'm a senior finance leader who thrives when working closely with the executive team in removing obstacles to directing the company beyond targeted growth. Early in my career I learned the value of looking beyond how things are currently done in order to continually search for how we can do things better. Working in cooperation with senior leadership throughout the organization, my finance teams are built with this focus and the results are enhanced analytics and dynamic reporting tools.      Skill Highlights          * Leadership  Forecasting    Accounting  Financial Analysis / Reporting   Strategic Financial Planning Operations Management  Data Development  Process Improvement  Functional Integration  Budget Creation  Tool / System Development  Team Building / Management  System Integrations  Cost Control  Mergers & Acquisitions  Project Management  Turnarounds/Restructurings  International Hyperion Essbase * Hyperion Enterprise  Hyperion Retrieve  MS Access  MS Excel  MS PowerPoint  MS Word  FileMaker  Minitab  Storm  WordPerfect  4D  FAS 1000  Strategen  AccPac  BOSS  Business Objects  Daly & Wolcott  Great Plain Dynamics  Lawson  MacPac  OneGlobe  Oracle *  PeopleSoft  QuickBooks  SAP  Magnitude  TMS  nSIMMS  Monarch  Razorsight  Sage  SQL  Strategen      Small business development  Project management  Leadership/communication skills  Business operations organization  Budgeting expertise  Self-motivated  Customer-oriented           Professional Experience      Director Finance and FP&A     Company Name   －   City  ,   State      A.T.  Cross has a 169 year tradition of crafting fine writing instruments, A private equity firm held $120M global company, I was brought on board by the prior CFO to create a dynamic finance function as the company transitioned through two acquisitions.  Major Achievements: In my first three months at A.T.  Cross I developed an enhanced global budget tool that delivered budget on [...]","do you want your voice heard and your actions to count

discover your opportunity with mitsubishi ufj financial group mufg the  largest financial group in the world across the globe we re  colleagues striving to make a difference for every client organization and community we serve we stand for our values building longterm relationships serving society and fostering shared and sustainable growth for a better world

with a vision to be the world s most trusted financial group it s part of our culture to put people first listen to new and diverse ideas and collaborate toward greater innovation speed and agility this means investing in talent technologies and tools that empower you to own your career

join mufg where being inspired is expected and making a meaningful impact is rewarded

this is a remote position a member of our recruitment team will discuss location preferences with you in more detail

this role can be remote in any of these states arizona texas north carolina washington oregon california illinois kentucky georgia new york connecticut massachusetts new jersey district of columbia utah nebraska minnesota missouri arkansas indiana ohio tennessee alabama florida south carolina virginia

job summary

senior data security engineer will ultimately be responsible for the design innovation operation architecture and thought leadership for the firm s user behavior analytics solution ueba this position will collaborate with the rest of the engineers and act as the senior [...]"
318,Sales Executive Fiber,"EXEC DIRECTOR OF SALES, CONSULTANT, STRATEGIST           Executive Profile     10+ year proven track record in Digital, Mobile, and Social, Business Development & Sales Leadership experience, working with top tier clients and agencies in revenue generation, sales team management, across Retail, CPG, QSR, Electronics, Entertainment, among other verticals, leading sales teams to exceeding quota and new market expansion       Skill Highlights          Business development leader  Sales team management  Revenue and market expansion  Self-motivated      Leadership/communication skills  Negotiations expert  Market research and analysis  Customer-oriented            Core Accomplishments      Sales    Management and Leadership  :     Built and managed sales teams to over $25MM in annual quota achievement  Business Development leadership in     Business Development Expertise  :     Spearheaded programs which increased revenues 150% YoY and successfully expanded into new markets and territories         Professional Experience      Exec Director of Sales, Consultant, Strategist      Current     Company Name   －   City  ,   State      Work with clients and agencies to build and implement in-market strategies and extend revenue streams across digital, mobile, and social messaging channels   Drive revenue across Retail, CPG, e-Commerce, Technology, and Entertainment clients   Manage and Develop go-to-market strategies and positioning to achieve optimal goals   Build Mobile + Social Planning, Marketing & Messaging Strategies via Multi-Platform and Omni-Channel execution, also to be executed digitally via live on-the-ground events   Develop and Strengthen Strategic Partnerships across disciplines and tech partner organizations.          Advisor, Strategy, Business Development, & Sales and Media / Marketing Strategist.      Current     Company Name   －   City  ,   State      Drive Business Development and Strategy through sourcing new client relationships.  Develop holistic digital [...]","joining our team comes with perks now offering a  sign on bonus to join our best in class sales team

at att were transforming the speed of business our national sales team works at the center of the deal offering our millions of customers integrated business solutions to meet their needs in cybersecurity fiber wireless cloud iot and more as part of our team youll play a pivotal role in redefining how our customers grow their businesses and connect to the world its a huge opportunity to close the deal on a career with global connections and even bigger rewards

as a sales executive fiber youll work at the intersection of people and technology proactively sell atts predeployed fiberbased broadband network assets to small business and midmarket customersyoull serve as a lead generator  uncovering your own leads through external networks andor cold callingyour ability to drive sales and maintain a selfstarter mindset will help you to grow your own territory as you make daily sales calls build relationships and identify new sales opportunities youll also partner with clients to uncover their needs and deliver custom solutions that add value and solve customers strategic business priorities your success will require tech savvy resiliency and the ability to learn quickly act boldly and move fast

youll be tasked with

 prospecting and qualifying leads within assigned territory via phone door knocking or prem visits

 understanding the communication and technology needs of small and [...]"
319,"Assurance Senior, Public Accounting","ASSISTANT BANKING CENTER MANAGER I         Summary    Experienced in Signals analysis, Geo-Spatial analysis, Electronic Warfare analysis, Networks and Threat analysis, and DNR.  Limited knowledge of performing DNI analysis.  Basic knowledge of computer network applications from the World Wide Web, printers, email, and instant messaging.  Knowledge in Local Area Networks as well as Wide Area Networks.  Expert working knowledge and experience with Google Earth, Microsoft Office Suite, various SIGINT Geospatial Analyst/Signal Analysis/SIGDEV collection, identification and analysis processing tools, applications, and databases.  Experienced in analytic research and development techniques along with management of analysis databases, and products.  Excellent oral and written communication skills, regular displays of high levels of professionalism and problem-solving skills.  Bloomberg certified as of 2014.  Highly adaptive to changing environments, a self-starter and people motivator with a broad set of analytical and technical skills.  Proficient in Governmental Health Care programs and regulations; eg. Medicare Advantage.      Highlights        RT-RG suite, Belleview, Metrics, Anchory, Globalreach, SEDB, SIGNAV, NSAnet, Target Profiler, MS Office Suite, ArcMap, ArcGIS, Google Earth, Analyst Notebook, Dishfire, JWICS, Bloomberg, Archtics, Ticketmaster, MarX, Continuum, FACETS, MEDCO, Med Informatics, Care Advance, Verint, Cisco, CITRIX              Experience      Company Name    City  ,   State    Assistant Banking Center Manager I   03/2016   to   Current       Knowledgeable in all aspects of running Retail Banking Center Building Operations; Audit policies and procedures, general management, TEAM building, Comerica Securities, and all Retail Financial Products.  Preparation of internal instructions, operating policies, Standard Operating Procedures (SOPs), and guidelines.  Skilled in assessing Fraudulent Issues; plans and conducts investigations designed to achieve ca [...]","compensation   hr

location fully remote nationwide work from home

duration  months with the potential to extend directhire opportunities available

commitment parttime or full time  hours per week

about beech valley

beech valley is a techbased staffing firm that connects top tier public accountants to highly soughtafter freelance consulting opportunities we seek multiple public accountants within assuranceexternal audit for clients across the country in need of your expertise these are remote careerbuilding project opportunities with cuttingedge firms embracing the gig economy within the public accounting profession

your qualifications
 experience in auditing financial statements at a public accounting firm at the level of senior associate or above
 babs in business with an emphasis in accounting
 cpa preferred
 strong verbal and written communication skills
 strong interpersonal supervisory and customer service skills required

description
were looking for a remote assurance senior associate to perform financial statement audits and attest engagements for top cpa firms across the united states

this position pays by the hour so this is an opportunity for experienced auditors to earn far more than they would as full time employees through the busy season

if you have public accounting experience performing financial statement audits within any of the following industries and would like to work for yourself then wed love to speak with you
 notforprofit
 employee benefit p [...]"
320,Business Development Specialist,"AVIATION TECHNICIAN       Summary     I have grown up with a maintenance background having always worked on my own vehicles and equipment. I started my professional career in automotive as a lube technician, I quickly was moved into a technician role and was factory trained on Mitsubishi automobiles. Once completing the Aviation Maintenance Technician Airframe and Powerplant licenses, I started working for SkyWest Airlines and was trained on maintaining commuter aircraft.  At this time I completed an Associates of applied science in aviation technology. I have always been interested in working professionally on helicopters and got the opportunity to work on EMS helicopters for Air Methods. Air Methods provided me with factory training on Bell Helicopters and Airbus Helicopters among other training opportunities.        Highlights          Dedicated worker  Driven individual  Works well in group situations  Willing and able to lead or train others      Thorough troubleshooting  Problem solving   Knowledge of aircraft systems is in high regard   Caring individual             Accomplishments     Received Salt Lake Community College  presidents award  four times and graduated from Salt Lake Community College with an Associates degree in Aviation Technology received high honors GPA 3.89.         Received 2nd place in skills USA state competition for Aviation.             Experience      Aviation Technician   10/2007   to   Current     Company Name   City  ,   State       Perform aircraft maintenance, preventative maintenance, repairs, and alterations.   Research schedule inspections, and parts on BK117-C2, Bell 206, Bell 407, Bell 430, and Pilatus PC-12.  Base mechanic and single mechanic on BK117-C2 at the main receiving facility          Aviation Technician   08/2006   to   01/2007     Company Name   City  ,   State       Performed aircraft maintenance, aircraft alterations, and aircraft repairs.  Gained training on all systems for Embraer Brasilia, Bombardier CRJ-200 [...]","city wide facility solutions is actively seeking a business development specialist for our franchise location in northern new jersey westwood nj

do you have experience in a lead generation or social media role do you enjoy setting up potential leads for sales are you looking for opportunity to make commission and enjoy a competitive base if you answered yes we would like to hear from you

city wide the nations leading management company in the building maintenance industry provides solutions to a wide range of issues clients face at their facilities in this position you will serve the city wide facility solutions  northern new jersey team one of more than  markets covered across the united states and canada our mission at city wide is to create a ripple effect by positively impacting the people and communities we serve

objective

the primary responsibility of the business development specialist is to make  outbound sales calls to prospective clients offering janitorial and nonjanitorial services qualify prospects and schedule appointments for our sales team

essential functions
 find and research businesses that would benefit from city wides services
 make a combination of  of sales calls and emails per day to prospective clients
 schedule qualified appointments for city wides outside sales team
 manage and update the customer relationship management crm database microsoft dynamics including  scheduled calls updated client records notes from each call and appointments set [...]"
321,Software Developer- Entry Level,"SALES       Career Overview     During the course of my career as an IT Professional, I have developed a varied set of I.T. and business related skills.  I hold expert knowledge in applying technology to business processes resulting in a more cost effective and efficient enterprise.  My accomplishments as a major player in the successful pioneering and implementation of the ""Paperless Office"" in 33 local Virginia agencies, created a paradigm shift in the culture of how agencies currently do business.  The experience of being a road warrior leading the day to day ""hands on"" training of the user afforded me a ""real life"" work experience and invaluable insight in user training needs, challenges, acceptance and buy-in.  The knowledge I gained from the users resulted into successful problem solving, change management and implementation outcomes of enterprise management systems. This kind of knowledge and experience cannot be gained in a classroom or from a white paper.  I have a strong ability to quickly capture business rules, policies, procedures, workflow issues, functional requirements and resolve client and technical roadblocks hindering successful implementation.  I maintain a reputation of improving the work environment via technology and delivering a solution that surpasses client expectations. Strong analytical skills used in business and requirements analysis for a variety of industries. Keen problem solving skills allowing rapid assimilation and resolution of complex problems. Ability to anticipate issues, think proactive, and use critical thinking skills to plan stakeholder elicitation sessions. Ability to quickly scope training and implementation requirements of project. Able to excel in fast-paced environments, with aggressive project timeliness. Excellent problem analysis, troubleshooting, and resolution skills. Quick to identify weak links in enterprise implementation and ability to effectively find solutions. Planning Extensive team management experience [...]","apprentice now has an excellent tech job opportunity for individuals looking to start and build a new career in technology as a software developer our client is an industry leader in technology services and consulting providing you a great job opportunity in the tech field to get your foot in the door

you will have the opportunity to work alongside a team of professionals to solve reallife problems and learn how to make an impact they will equip you with everything you need to know to make a meaningful impact as a professional within their organization and start your new career off right this is a fulltime salaried opportunity with benefits and no prior technical experience required

software development job duties may include but not limited to

responsible for developing solutions for clients using appropriate software

involves daytoday configuration build test support and maintenance

build and test interfaces for application development assignments test all code developed as per the defined quality process standard

develop userfacing applications that address the functional requirements while providing a superior user experience to the endusers

develop software and integration flows for clients

design execute and automate scenarios scripts and procedures

document software defects using a bug tracking system

participate in trouble shooting existing software issues and implement as per the change management process

design and configure interfaces needed to transfer [...]"
322,"Manager, Business Strategy And Operations","ADVANCED LEVEL WHEELED VEHICLE MECHANIC       Career Focus    To obtain a challenging, rewarding position in a professional and structured environment, where I can utilize my vast military experience, work ethic and training to become an integral contributor to a growing and productive organization. Skills Proven excellence with budgets, schedules, coordination, supervision, training, management, and maintenance of projects and programs at all levels, effectively interpreting and communicating requirements across functional organizations. In depth knowledge of OSHA, NAVOSH, and the handling, storage and disposition of Government Owned Property, and capable of providing effective employee training on all related topics. Verbal, interpersonal skills: able to facilitate cooperation among team members. Managerial skills with time management and delegation with the initiative to take on tasks and resolve problems immediately. Deeply instilled discipline, work ethic, customer astuteness, and conceptual thinking. A fast learner who will be an immediate asset to any workplace. Windows Server 2008 - planning, deploying, configuring, and maintaining AD infrastructure, environment, and objects.      Core Qualifications          Installation, Configuring, and Management of Windows 7  Active Directory Windows Server 2008 R2  Administration of Active Directory  Managing Windows Server 2008 R2 Components  IP Addressing & Name Resolution  Network Components of Windows Server 2008 R2  Windows Server 2008 R2 MCSE 70-640, MCSE 70-642 and MCSE 70-646 Key Differences between Server 2003 and Server 2008.  Windows 7 Domain Integration & Client Support. DHCP, WINS, RRAS, IPSEC, TCP/IP, & Computer Troubleshooting.  Installing and supporting Windows 7 and Windows Server 2008 in virtual environment.  IP and IP Routing; IPsec; DHCP; Remote Access. Installing, configuring, managing, and maintaining hardware.  Configuring Domain Name Resolution, Network Connectivity; Installing and Deploying Win [...]","circle is a global financial technology firm that enables businesses of all sizes to harness the power of digital currency and public blockchains for payments commerce and financial applications worldwide
 circle platforms and products provide a suite of internetnative financial services for payments treasury infrastructure and capital formation
 circle is also a principal developer of usd coin usdc which has become the fastest growing dollar digital currency in the world
 usdc has grown to over  billion in circulation and supported over  trillion in transactions in the past year
 circles payments and treasury infrastructure services available through the circle account and apis helps bridge the legacy financial system and digital currency and blockchain based finance
 circles seedinvest service brings internetnative fundraising and capital formation to startups and growth companies
 combined circles suite of services helps companies to participate in a more open global and inclusive financial system
 with the mission to raise global economic prosperity through the frictionless exchange of financial value circle was founded on the belief that the internet blockchains and digital currency will rewire the global economic system creating a fundamentally more open inclusive efficient and integrated world economy
 we envision a global economy where people and businesses everywhere can more freely connect and transact with each other with new technologies for digital money and inte [...]"
323,"Vice President, Marketing, MSNBC","FOUNDER/STRATEGIC ACCOUNT DIRECTOR       Links       www.hyvemyanmar.com         Professional Summary      To utilize my expertise and international experience as an Entrepreneur, Strategic PR & Digital Marketing Professional, and Creative Thinker.  A dynamic professional with over 10 years of experience and a strong background playing a vital role in the development, management, growth, and retention of key accounts and clients.  Service-oriented leader dedicated to fueling revenues, enhancing client's experience, and achieving top brand loyalty.  Highly adept in performing within high-pressure and deadline-driven environments, driving full project lifecycles with a focus on high-quality deliverables.        Skills          Management and Operational Leadership  Critical Thinking and Problem Solving  Networking, Business Development, and Stakeholder Relations  Detail-Oriented and Results-Driven  Creative Thinker and Effective Writer  Strategy Development & Strategic Planning  High-impact Proposal Presentation      Key Account Management  Project Management  Research, Data Analytics, and Reports  Social Media Strategy and Content  Creative Mind with Love for Visual Design  Articulate Planning an Effective Communication  Don't Take No For An Answer            Work History      Founder/Strategic Account Director     08/2016   to   10/2020      Company Name    –    City  ,   State  ,   myanmar      Responsible for the overall Operation and Management of the Agency specializing in Integrated Public Relations, Strategic Communications, and Digital Marketing Services.  Developing overall strategy, conducting market and competitor analysis, coordination with clients and media - overall media strategy and execution guidelines for high-level projects - consultation on corporate strategy development - networking and business development - media and government relations and overseeing creative projects.  Built and strengthened industry partnerships to improve product placement [...]","responsibilities
the vice president marketing msnbc is the daytoday marketing lead for msnbc working in the nbc news and msnbc marketing department as part of the nbcuniversal news group the vp marketing collaborates with msnbc editorial leadership to expand the brand and our content offering to reach news consumers wherever theyre consuming news this includes assisting in the visioning development and marketing of msnbc product extensions that go beyond television such as msnbc digital products including msnbccom and msnbc daily the msnbc daily newsletter msnbcs presence on the nbcu streaming service  peacock audio including podcasts showcasts and msnbc on sirius xm radio and collaborating with the msnbc social lead and individual show social leads on social accounts the vp marketing msnbc is responsible for articulating and evolving the msnbc brand promise and helping to ensure that msnbcbranded products live into that promise at every touchpoint

the successful candidate has exceptional expertise in all areas of marketing and proven experience
 building brands that cultivate and nurture a relationship with their audience
 formulating successful growth strategies through analyzing and gleaning insights from qualitative and quantitative research and analytics
 leading development of compelling and innovative marketing communications across all channels
 partnering with stakeholders across an organization to understand the objectives of business leads help to formulate busine [...]"
324,Vice President Marketing,"MULTIMEDIA SALES CONSULTANT         Professional Summary      Experienced Marketing/Sales Consultant looking to leverage 35 years of marketing/sales/production, into a professional Consultant role in the Baton Rouge area. Strong analytical and problem-solving abilities with outstanding team management skills. Track record of achieving exceptional results in reaching goals and maintaining strong relationships with customer base.        Skills          Persuasive negotiator  Highly organized  Analytical  Excellent work ethic  Strategic account development  Enthusiastic about networking  Strong interpersonal skills      Detailed-oriented  Resolution-oriented  Energetic and Driven  Positive outlook  Proficient in Excel, Strata, AdMall, Power Point, Salesforce, Mactive, Comscore  Google Analytics            Work History      Multimedia Sales Consultant   ,     09/2018   to   06/2019     Company Name   –   City  ,   State       Worked with clients to understand requirements and provide exceptional advertising service    Evaluated inventory and delivery needs, optimizing strategies to meet customer demands    Assessed client needs to determine and suggest relevant product solutions in alignment with client budgets and schedules    Forged and nurtured impactful relationships with customers to cultivate loyalty, boosting customer satisfaction    Stayed knowledgeable on latest digital platform, including SEO, SEM, OTT, PPC innovations and technological advancements through various training methods          Multimedia Sales Consultant  ,     06/2017   to   08/2018     Company Name   –   City  ,   State       Performed initial client assessment and analysis to begin research process    Delivered a high level of service to clients to both maintain and extend the relationships for future business opportunities    Built and strengthened relationships with new and existing accounts to drive revenue growth    Solved customer challenges by offering relevant print and digital products [...]","vp of marketing

location nychybrid

our client is looking for a worldclass vp of marketing to help them grow and scale their multichannel marketing efforts this will be a highly visible  dynamic role touching a variety of areas such as demand generation product marketing content marketing brand events and more ideal candidates for this role should be able to demonstrate expertise and past success leading  developing high performing teams  including hiring mentoring and retaining top talent  and be skilled at budget management kpi benchmarking and tracking

job details
 develop manage and hire for the marketing department spanning product content design demand generation communications and more
 be responsible for meeting and measuring kpis and quotas across the marketing department some kpis and quotas will be tied to the sales department as well
 allocate track and manage budget spend accordingly to reach kpi goals
 build a brand that is seen as the most dominant and innovative player in the industry
 define company and product messaging for both external and internal consumption sales enablement
 translate goals into effective integrated marketing strategies and campaigns for key product lines and buyer personas
 build inspire and lead a marketing organization that delivers against marketing goals with clearly defined roles
 influence development of marketing organization career paths succession plans and employee success strategies

requirements
 passion for building a wo [...]"
325,Retail Cashier & Sales Floor Support - The Shops at Riverwalk Rack,"SALES       Professional Summary    I want a challenging occupation where I can allow my innovations to expand with experience immensely.  Motivated customer service specialist with over 5 years of retail experience in a fast-paced, team-based environment. Expertise in delivering support services and resolving customer complaints. Friendly and hard working associate ready to give it all I have.      Skills          Trusted key holder  Creative problem solver  Exceptional communication skills  MS Windows proficient  Quick learner  Strong client relations  Proficient in cash management  Strategic sales knowledge  Cash flow management  Multi-line phone talent  Team player  Reliable  Goal-oriented  Decisive      Fluent in English  Fluent in Spanish  Calm under pressure  Analytical thinker  PowerPoint presentations  Excellent interpersonal skills  Natural leader  Composed  Crisis communication  Superior verbal and written communication skills  Flexible schedule  Computer-savvy  Organized            Work History      Sales     08/2014   to   Current      Company Name   –   City           Described product to customers and accurately explained details and care of merchandise.  Earned management trust by serving as key holder, responsibly opening and closing store.  Politely assisted customers in person and via telephone.  Communicated with vendors regarding back order availability, future inventory and special orders.  Effectively communicated with and supported sales, marketing and administrative teams on a daily basis.  Answered product questions with up-to-date knowledge of sales and store promotions.  Scheduled weekly inventory pickups and deliveries with vendors.  Set up and explained new membership contracts.         Overnight Cashier     02/2014   to   09/2014      Company Name   –   City  ,   State      Maintained cleanliness and presentation of stock room and production floor.  Managed wide variety of customer service and administrative tasks to resolve customer i [...]","the ideal nordstrom rack team member enjoys working in a fastpace highenergy environment

a day in the life
 keep the customer experience quick easy and fun while helping customers uncover the great deals theyre looking for
 create a smooth fitting room experience by greeting customers and taking them to their fitting rooms then sorting and returning clothing to the floor
 share your love of fashion and tell customers all about upcoming events our nordstrom gift cards nordstrom rewardstm program and mailing list
 keep the stockrooms organized and complete all inventory processes making sure merchandise is properly checked in and accurately ticketed
 work with the team to ensure the sales floor stays runway ready through remerchandising and straightening throughout the day

you own this if you have
 enthusiasm and a sense of adventure see the glass as half full
 accountability initiative and a high level of ownership
 organizational skills attention to detail and ability to prioritize multiple tasks
 a calm head in a busy retail environment
 solid math verbal and written communications skills
 the ability to work a flexible schedule based on business needs"
326,Clerical Assistant,"MORTGAGE BANKING EXECUTIVE ANALYST           Summary     Focused Operations Manager successful in contract negotiation and process improvement. Remains calm and poised even in high-pressure situations. Leverages in-depth knowledge of industry trends and shifts to offer valuable insights on opportunities for new growth and expansion.       Highlights         Change management  Policy/program development  Cross-functional team management  Staff training  Supervision and training  Skilled negotiator  Sound judgment  Computer-savvy  Calm under pressure  Complex problem solving       Operations management              Accomplishments      Business Development:     Successfully grew business by [action].      Project Management:     Initiated [project] which resulted in [positive outcome].    People Management:    [Describe accomplishment 1]  [Describe accomplishment 2]    Financial Management:    [Describe accomplishment 1]  [Describe accomplishment 2]   Research   Conducted research which led to the development of [program].   Leadership   Served as key contributing member to Leadership team.          Experience      Company Name     January 2009   to   Current     Mortgage Banking Executive Analyst   City  ,   State      Responsible for escalated issues and problem solving providing support by answering inquiries for  Internal and External Partners, Senior Management and Third Party Customers relating delinquent mortgage accounts with the intent to bring delinquent accounts current.  Responsible for researching and providing customized documentation to Senior Executives and Management on servicing and default related issues.  Ability to work with Servicing Systems as well as accurately analyze information from the system with in depth knowledge of Chase products and services Participation in various initiatives and initiate improvement in departmental projects.  Collaborated with legal and compliance to ensure accurate resolutions are provided on escalated mortgage iss [...]","work for indiana

grow your career with the state of indiana with more than  executive branch agencies the state of indiana is a diverse workforce offering employees stimulating and challenging projects across a broad scope of career opportunities as a state of indiana employee you impact the wellbeing of indianas communities every day

at the state of indiana we dont just talk about diversity and inclusion  our goal is to create a welcoming accessible and equitable workplace with a workforce that is representative of the state of indiana population as a proud equal opportunity employer reasonable accommodations may be available to enable individuals with disabilities to interview and to perform the essential functions of a role

next level benefits at the state of indiana are here be sure to review our expanded benefit package offerings below

about the indiana law enforcement training board
the indiana law enforcement training board is the governing body of the indiana law enforcement academy located in plainfield indiana the board is comprised of  members who have been appointed by the governor the board sets the requirements and criteria for the basic training of law enforcement officers throughout the state of indiana which became mandatory in 

salary
the salary for this position traditionally starts at  per year but may be commensurate with education andor experience
about the job

the incumbent serves as a records clerk for the indiana law enforcement academy ilea res [...]"
327,Senior / Lead Software Engineer (Remote),"SOFTWARE QUALITY ASSURANCE ANALYST II       Career Overview    12 years of experience in Software Quality Assurance requirements analysis, test planning, creating test cases, and  test process coordination Experienced with functional, end to end, regression and user acceptance testing of Web based and Client Server interfaces Familiar with the Waterfall and Agile SDLC 7 years experience in customer support/service and handling escalated issues 5 years of running formal training and development programs for system users Advanced Windows OS and MS Office applications user/troubleshooting skills Ability to learn new software very quickly Able to handle multiple projects Take ownership attitude Flexible team player       Qualifications        Microsoft Excel/Word/Outlook/Access/Powerpoint/Frontpage, Windows 7/XP/2k,  DOS, setting up/troubleshooting hardware/software, Mac, Internet, Test Director/Quality Center, Ontime, Zendesk, SharePoint, and basic office equipment                Work Experience      Software Quality Assurance Analyst II     Jan 2012   to   Current      Company Name   －   City  ,   State     Work Environment: Agile,  Windows based, Acuity Electronic Health Record System suite testing and administration, Ontime.com used for incident/bug reporting.  T-SQL used to query/insert/update SQL DB to verify  input/output of test scenarios.  WinAutomation and TestComplete used for automated testing.  Application software testing from local machines and Cloud Share environments.  Excel and Word extensively used for creation of project documentation Responsible for  analyzing the requirements and testing all modules of the Electronic Health Record (EHR) System including Patient, Company, Provider, Referrals, Collaborators, Utilization Management\Authorizations, Care Plans, Assessments, Tasks, Notes and any other modules that require testing.  Testing of the Implementation process from one version of an EHR to another appropriately mapping data from the source datab [...]","remote

job title hiring for seniorlead software engineers

job location  remote

salary 

we are the leader in cloudnative claims management software insurance claims in many industries our newest partnership is with nvidia with over  million in funding our company was  remote prior to  with offices for hybrid work available in  different locations throughout the us with  current employees and constant growth we are looking to continue our efforts to bolster our engineering team for the foreseeable future

what you need for this position

the ideal candidate will have
 understanding of scalability challenges and performance of serverside code
 saas development experience
 experience with restful web services apis and asynchronous data flow
 experience designing schemas and performant queries for relational databases
 experience building applications a frontend framework
 deep understanding of commonly used data structures and algorithms
our stack includes the following we are open to engineers willing to learn
 ruby on rails mysql react redux docker
what you will be doing

design build and implement saas applications and play an influential role in growing our company to be the industry leader

fullstack development with a strong emphasis on backend

top reasons to work with us
 full medical dental and health benefits
  match for your 
 unlimited vacation time  we actually use it
 fully remote role  the tools needed to successfully work remotely
 flexible scheduling
 career [...]"
328,CDL Team Truck Driver and Lease Operators +,"INFORMATION TECHNOLOGY COORDINATOR       Professional Profile    B.S. graduate with a record of success implementing IT solutions. Demonstrated commitment to quality and customer service, detail oriented, strong team player, self motivated, demonstrated exceptional analytical skills, proven ability to work effectively and cross functionally with all levels of management with responsibilities increasing in scope. 9+ years of experience as Client/Server developer using Transact SQL, PL\SQL, Classic ASP, ASP.net, HTML, DHTML, XML, JavaScript, using CSS layout and design principles. 7+ years of managing project timeliness, accuracy, approving high-level and detail designs, as well as managing successful test plans. Directed all stages of software development including requirements, design, coding, testing and implementation of several company wide Intranet initiatives like Ovations! - An associate rewards and recognition program used by over 30,000 employees; Kronos TM Workforce Central - a time and attendance program for 13,000 non-exempts employees. Several projects included the management of offsite vendor resources. Experience using the following database management tools MS SQL Server 6.5,7, 2000 and 2005, My SQL, and Oracle 9i. Proficient with MS Windows, MS Office, Minitab, Business Objects, Adobe CS3 Web Edition, Visual Studio, Frontpage, PaintShop Pro.           Experience      Information Technology Coordinator     Nov 2003   to   Current      Company Name       Provide technical support throughout the office from building and managing the web presence, networking computers and other office equipment as well as researching grant opportunities for the implementation of a technology component for the Leadership SOAR program. Responsible for building capacity for the foundation within the area of information technology by helping them move closer to a paperless environment. The scope of my role is to streamline IT operations, implement an effective online marketi [...]","now hiring experienced cdla team company drivers  lease operators
notouch freight   total team signon incentive

top pay and benefits
 company drivers start at  cpm for all miles
  signon   orientation pay paid to each team driver
 lease operators earn week minimum pay incentive
 monthly safety  performance bonus
  fully specd trucks

interested in a position with hirschbach motor lines apply now

company driver
 company drivers start at  cpm for all miles
  cpm increase every  months caps out at  cpm
  per load minimum even if they are going across town
 layover pay after  hours  
 stop pay stop  free stop    stop    stop  
 notouch freight
 monthly safety and performance bonus  cpm on  plus miles
 eligible for company benefits vacation health insurance paid time off  etc

lease operator
 lease operators earn week minimum pay incentive
 gallon fuel regardless of pump price
 lease team drivers will now receive orientation pay  signon bonus
 driver    orientation pay   a week for  weeks
 driver    orientation pay   a week for  weeks
 monthly safety  performance incentive
 lease agreement provides two skip payments per year
  driver referral  get paid in full when referral is hired
 weekly safety incentive
 notouch freight
 full service maintenance plan
 we are investing in your future with the all in rewards and retention plan lease operators receive year in their own longterm savings plan account

lease purchase not available in ca and wa

truck amenities
 free siriusxm
 refr [...]"
329,Sales Associate – Luxury Brand in NYC!,"FINE APPAREL DEPARTMENT MANAGER       Summary     Results driven General Manager with strong interpersonal skills with extensive luxury retail sales experience, focused on client development and retention. Success has no excuses.       Accomplishments      Increased gross revenues at Max Mara Northbrook by 76%  Promoted to Store Manager after 12 months in the Assistant Manager position  Promoted to Assistant Manager after 6 months in the Stylist position  Profitably sold Sans Pareil Inc.  Turned a $2000 investment into 1.8 million dollar business within 5 years of inception        Experience     11/2013   to   Current     Fine Apparel Department Manager    Company Name   －   City  ,   State      Manage, drive a high volume multi vendor business to achieve goals  Strategically plan business to meet sales goals, talent development  Provide leadership, team building to store, sales staff in driving sales, service, profitability  Provide team with tools,  training of company values, core focus of brand imaging   Retain, motivate, coach, train an elite sales team in the art of clientèle  Motivate, lead by example in the standards of excellence   Work in tandem with buying office to meet business needs, maximize opportunities in market  Develop, maintain strong vendor relations to drive sales and meet sales goals  Oversee merchandise opportunities, set merchandise standards, evaluate merchandise performance, adjust to meet business needs  Oversee the selling process, providing leadership, motivation to store team, achieving sales, volume goals  Establish, maintain high performance service standards to enhance customer experience, actively seek input from customers to ensure consistent adherence to service standards  Actively train, develop, coach the team to achieve goals, while modeling sales focused behaviors, skills development that utilizes the available tools   Proactive in managing performance, ensuring that the store team clearly understand their roles, are focused [...]","our client a luxury brand is seeking a sales associate to join their team in nyc

responsibilities
 engage with clients to build sales on the sales floor
 provide highest level of customer service by presenting products to customers explaining benefits features quality prices and product care
 achieve given sales and kpi targets through initiating crossselling and addons
 maintain client book  actively gain new customers for database
 merchandise the boutique including window decos  instore visuals ensure that all products are perfectly displayed efficiently organized and within corporate guidelines
 preparation of merchandise orders handling of product deliveries and receipt of merchandise
 maintain all areas in pristine condition at all times including shelves modules floor cash counter dressing room stock room etc
 take part in regular training  team meetings regarding product knowledge customer service promotions and visual merchandising
 handle the pos and cash system
 maintain cash handling records reports and opening and closing procedures
 ensure compliance with health and safety regulations as well as federal state and local laws and requirements
 handle product pricing product reclamations returns andor exchanges and prepare the necessary administrative reports
 comply with all brand standards including employee handbook employee dress code policies boutique operations manual and other corporate guidelines
 safeguard company property and enforce loss prevention stan [...]"
330,Senior Systems Administrator,"SALES MANAGER       Summary    Friendly and enthusiastic with over six years of specialization in hospitality. Able to learn new tasks quickly and proficient in growing key customer relationships. Represent establishment with friendly, professional demeanor at all times. Able to work in a fast paced establishment and passionate about exceeding expectations.      Highlights          Client relations specialist  Conflict resolution techniques  Team management  Meticulous attention to detail  Skilled multi-tasker      Deadline-oriented  Management of remote employees  Focused on customer satisfaction  Efficiency  Excellent verbal communication            Accomplishments      Customer Assistance   Worked with company systems such as Live Support and diligently completed all assigned tasks, working overtime as needed.     Customer Interface    Greeted customers upon entrance and handled all cash and credit transactions.  Assisted customers over the phone regarding store operations, product, promotions, and orders.        Experience      Sales Manager   01/2015   －   07/2015     Company Name     City  ,   State       Active Learning
Social Perceptiveness
Reading Comprehension
Computers and Electronics
Picker Amazon
Obtain merchandise from bins or shelves.  Resolve customer complaints regarding sales and service.          Cashier Zaxbys   09/2014   －   01/2015        City  ,   State       Receive payment by cash, check, credit cards, vouchers, or automatic debits.  Maintain clean and orderly checkout areas and complete other general cleaning duties, such as mopping floors and emptying trash cans.  Monitor customer preferences to determine focus of sales efforts.  Plan parties or other special events and services.  Perform marketing and advertising services.  Assist customers by providing information and resolving their complaints.  Establish or identify prices of goods, services or admission, and tabulate bills using calculators, cash registers, or optical price scanners. [...]","this role is majority remote but candidates should be willing to commute to our nyc office on an asneeded basis

as the largest luxury online marketplace we are changing the way consumers shop for luxury items online we are looking for a systems engineer to join our sysops team and help enable our engineers to deliver and maintain a worldclass ecommerce infrastructure in this role you will be responsible for ensuring the stability observability and performance of com as we deliver to our evergrowing audience

to be successful in this role you will be an experienced systems engineer with a background in operating aws services in a fastmoving environment with a high level of independence and responsibility you will face unexpected challenges and work collaboratively with other engineers as we rapidly deploy new features using new technologies

what youll do
 participate in an oncall rotation to troubleshoot and respond to any offhours incidents
 interface with other internal and external teams to roll out new features and new infrastructure components
 design and implement scalable architectures
 find potential enhancements and opportunities for cost savings
 evaluate new technologies vendors and other initiatives
 offer support to our development team as they deploy bug fixes and feature enhancements

what youll bring
 have  years of experience in systems engineeringadministration preferably in a web or ecommerce environment
 have a strong background with configuration managem [...]"
331,Office Administrator,"OFFICE SUPPORT COORDINATOR       Summary     Highly qualified, detail-oriented and hardworking office manager with more than 12 years of experience. Proficient in research, writing, case management and client relations. Self-starter with strong problem solving and organizational abilities. Demonstrated ability to handle difficult situation with tact. Skilled in analyzing a task and breaking it down into manageable pieces. Team player with exceptional communication and interpersonal skills.        Highlights          Time management  Strong problem solver  Resourceful  Mail management  Schedule management       Meticulous attention to detail  Results-oriented  Self-directed  Report development  Self-starter            Accomplishments      General      Coordinated all department functions for team of 10+ employees.  Received a merit raise for strong attention to detail, exemplary customer service and team-player attitude.  Successfully planned and executed corporate meetings, lunches and special events for groups of 15+ employees.     Training     Successfully trained staff in all office systems and databases, policies and procedures while focusing on minimizing errors and generating superior results.     Employee Management     Liaised with HR department to establish employee benefits, training, payroll and termination procedures.     Administration     Performed administration tasks such as filing, developing spreadsheets, faxing reports, photocopying collateral and scanning documents for inter-departmental use.     Customer Service     Handled customers effectively by identifying needs, quickly gaining trust, approaching complex situations and resolving problems to maximize efficiency.     Multitasking     Demonstrated proficiencies in telephone, e-mail, fax and front-desk reception within high-volume environment.     Research     Investigated and analyzed client complaints to identify and resolve issues.         Experience     September 2013   to   January 2015 [...]",ny office administrator toll international llc  queens ny quick apply job details fulltime  contract  an hour  hours ago qualifications writing skills lever office experience microsoft excel drivers license bachelors degree full job description job title ny office administrator location new york ny hourly ratesalary  per year  contract summaryobjective toll is seeking a ny office administrator  performing office administrator services as required is the primary focus for the following position responsibilities welcoming visitors and directing them to the relevant officepersonnel carrying out clerical duties such as answering phone calls responding to emails and preparing documents including office correspondence memos resumes and presentations coordinate activities throughout the project to ensure efficiency and maintain compliance with company policy manage agendas travel plans and appointments for upper management manage emails letters packages phone calls and other forms of correspondence support bookkeeping and budgeting procedures for the company create and update databases records for financial information personnel and other data track and replace office supplies as necessary to avoid interruptions in standard front office procedures submit reports and prepare proposals and presentations as needed assist colleagues whenever there is an opportunity to do so ordering hard copies of contract drawings shipping services printing shipping labels coordinating shipment pickups [...]
332,Project Intern,"HUMAN RESOURCES ADMINISTRATIVE ASSISTANT/EXECUTIVE ASSISTANT           Career Focus     Ambitious professional driven to launch a career in the communications and customer service fields. Brings valuable experience from internships in public relations and one year of fast paced experience in Human Resources.Hard-working, entry-level job seeker looking to apply my education and experience. Very familiar with the EBSCO Host research database.        Core Qualifications         Mac and PC; Microsoft Office (Excel, PowerPoint, Word); WordPress; Hootsuite; Google Docs; Twitter; Facebook Management; Google alerts; Trapit; Photoshop (Novice); HRIS databases    Research Databases:   Human Resources Information System Databases: Ceridian and Kronos, Cision, Ebsco Host             Accomplishments     Dean's List 			 		                                           All Semesters   Westfield State University Honors Program 		              01/2011-05/2014  Phi Kappa Phi Honors Society				              03/2013-Present   Dan Doyle Memorial Scholarship 			                        06/2013-5/2014   Outstanding Classroom Citizenship Award			                      5/2014   Academic Excellence Award 	                                                              5/2014       Work Experience      Human Resources Administrative Assistant/Executive Assistant    October 2014   to   September 2015     Company Name   －   City  ,   State      Manage multiple schedules Assist entire department with any and all needs   Strong organizational skills/ability to multi task   Work in fast paced work environment   Ability to troubleshoot   High volume of interaction with accounting   Coordinating travel arrangements   Experience with confidential and sensitive information, employee relations   Ensuring compliance with labor law posters   Track Employee Anniversaries Strong Customer   Service skills Member of Winn Event Planning Committee   Working knowledge of Learning Management System and training  Facilit [...]","summary

this position will provide technical and laboratory support to dr
rui chen within the hgsc
the position will work within the lab under the guidance of dr
rui chen

job purpose

internships are a temporary professional learning experience in which participants gain practical work experience related to a studentâ  s field of study or career interest
interns must be a part of an established baylor college of medicine internship program or receiving course credit at their college of university

job duties

responsible for one or more of the following duties
 provides office administrative support
 provides research administrative or technical support

minimum qualifications
 must be a high school or college student undergraduate or graduate
 no experience required

baylor college of medicine is an equal opportunityaffirmative actionequal access employer




estimated salary  to  per hour based on qualifications"
333,Administrative Assistant,"CONSULTANT           Professional Summary     Certified Nursing Assistant with experience serving chronically ill patients, including assisting with daily living activities and household tasks. Patient and highly compassionate.        Licenses     New York State Department of Health Nursing Home    Nurse Aide Certification Program     Original Certification Date: 5/18/2005  Current Expiration Date: 1/31/14  Certification # 342285200505E       Skill Highlights          Understands mobility assistance needs  Charting expertise  Reliable transportation      Trained in grooming and bathing assistance  Calm and level-headed under duress  Medical terminology knowledge            Professional Experience      Consultant    March 2015       Company Name   -   City  ,   State     Provided accurate and appropriate information in response to customer inquiries. Addressed customer service inquiries in a timely and accurate fashion. Built customer loyalty by placing follow-up calls for customers who reported product issues. Resolved product issues and shared benefits of new technology. Managed quality communication, customer support and product representation for each client. Answered customers' questions and addressed problems and complaints in person and via phone. Built customer confidence by actively listening to their concerns and giving appropriate feedback.          CNA    August 2007   to   July 2013     Company Name   -   City  ,   State      Observed and documented patient status, and reported patient complaints to the nurse. Completed and submitted clinical documentation in accordance with agency guidelines. Collected urine and fecal samples. Assisted with adequate nutrition and fluid intake. Provided transportation, assistance and companionship to clients. Cleaned and organized patients' living quarters. Positioned residents for comfort and to prevent skin pressure problems. Assisted with transferring residents in and out of wheelchairs and adaptive equipment. Tended [...]","this position is located on rikers islandphysician affiliate group of new york pagnyis comprised of nearly  physicians and healthcare professionals who provide services to nyc health hospitals hh the largest public health system in the united states

our practitioners are highly skilled professionals with outstanding credentials who deliver the highest level of quality healthcare to patients throughout new york city

eoe mfdvbesides providing administrative and human resources services pagny also fosters an environment in its partner hospitals that allows healthcare professionals to identify and implement best practices across institutions promote training academic and research opportunities develop multidisciplinary integrated clinical service lines build new systems of care and address the impact of anticipated major changes in the nations healthcare systemwith approximately  admissions per year and  average daily population the nyc jail system is among the largest in the nationthe division of correctional health services chsof new york city health hospitals hh is responsible for the delivery of medical care mental health care and discharge planning in the jail system

approximately  of new admissions per year to the nyc jail system will receive care on the mental health service

this service strives to provide safe holistic and evidencebased therapeutic interventions for the diverse range of mental health issues that face the population from serious mental illness to the n [...]"
334,Solo Class A CDL Driver,"SALES ASSOCIATE       Summary    Actively seeking a Full Time position in Technology within an organization utilizing my skillset and innovation to grow in a success driven atmosphere.      Highlights        Win10, 8, 7, Vista, XP, Server 2013, ipad, tablets
Hardware: PC Setup/Configuration/Integration/ Printers, Monitors, Routers, Scanners, Cables
Software:  IE 10,9,MS Suite, Adobe Reader, Firefox, Mozilla, Wi-Fi              Experience      Sales Associate     Nov 2011   to   Current      Company Name   －   City  ,   State     Interact and assist customers, co-workers, Loss Prevention and Management, take direction from supervisor on assigned tasks and notify upon completion, notify Loss Prevention of suspicious activity and safety hazards, answer phone, provide customer service on sales floor while assisting with recovery.         Materials Handler     Jun 2008   to   Mar 2009      Company Name   －   City  ,   State     Extract parts from inventory for kits to be assembled on production floor, audits, notify supervisor of completed tasks, data entry, technical support.         Mailroom Clerk     Oct 2007   to   Feb 2008      Company Name   －   City  ,   State     Process incoming/outgoing mail via electronic processor, distribute interoffice  mail, retrieve files for underwriter department, follow up with supervisor with updates on progress, faxing, copying,.         Warehouse Clerk     Dec 2006   to   Oct 2007      Company Name   －   City  ,   State     Assist shipping manager prepare outgoing orders, assist supervisor verify incoming supplies from receiving dock and replenish back into inventory, record new inventory counts and follow up with supervisor to keep records accurate, replenish supplies to production floor for assembly, place supply orders via purchasing manager, distribute interoffice mail.         Education      AS  ,   Network Engineering   2017     Moorpark College         Network Engineering       AS  ,   Computer Information Systems   2007 [...]","crst is hiring regional solo classa cdl drivers
flexible home time  up to  annually  significant signon bonus

were proud to announce the largest driver pay increase in crst history

call a recruiter to learn how you can start earning more from this great opportunity today

crst the transportation solution inc is one of the nations largest transportation companies providing total transportation solutions and comprehensive logistics services to customers all over north america

if you are looking for top pay great benefits and regular home time crst offers all of that and more we value your experience and want to put you on the road to success you can expect competitive benefits including a k that starts immediately

benefits
 flexible home time options
 up to  a year
 earn up to  cpm and a signon bonus
 weekly payroll
 notouch freight
 predictable routes
 benefits package medical on day one
 first class company equipment wellmaintained tractors and trailers

apply today

dont have your cdl we can help attend our cdl school and get on the road to earning more

requirements
 class a cdl
 previous experience required
 acceptable csa background  work history

apply today

qualified applicants with arrest and conviction records will be considered for employment pursuant to applicable federal state and local laws

by submitting this application you are opting in to receive correspondence from crst for additional info see the terms and conditions in our privacy policy"
335,Systems Administrator,"INFORMATION TECHNOLOGY SPECIALIST       Professional Profile     Quality-driven and practical Systems Administrator with [Number] years aligning business systems with business policies and guidelines. Looking to bring strong analytical and problem-solving skills to an industry-leading software company.       Qualifications          CompTIA Security + CE SY0-401 Certified  Refined system debugging and diagnostic skills  Excellent analytical, interpersonal, communication and organizational skills  System administration  UNIX system performance monitoring  Team player and self-starter with the ability to operate without detailed work direction      Working knowledge of application servers, J2EE, Oracle, Unix O/S, Linux, LDAP, Database, Service Oriented Architecture and physical architectures, Mainframe, Remedy, Virtual Machine  High proficiency level in MS Office (Word, PowerPoint, Excel, Outlook)            Relevant Experience     Automated repeatable tasks where possible to increase efficiency.Consistently received a 100% rate of customer satisfaction.Performed root cause analysis to identify system errors and improve accuracy by 15%.Awarded with the Tech of the quarter for contributions to mission.       Experience      Information Technology Specialist     Sep 2013   to   Dec 2015      Company Name   －   City  ,   State     5 years of experience in the maintenance and troubleshooting of complex infrastructure.  Provide Help Desk Services first level of troubleshooting to all customers on multiple systems.  Use internally developed maintenance provider plans, procedures and tools to identify, troubleshoot, and diagnose failures and restore system capability to operations.  Analyze, diagnose and isolate failures to hardware Line-Replaceable units (LRU).  Directly replace or coordinate replacement of failed hardware LRU's with the maintenance provider or the vendor.  Collect data describing the environment at the time of the failure to provide root cause analysis is n [...]","descriptionprimary role and responsibilities full lifecycle management of windowsbased systems and related infrastructure
  windows systems administration related to group policies active directory dns etc
  diagnose and resolve issues associated with hardware application and software integration
  perform business continuity backup and recovery functions to ensure systems recovery
  monitor and troubleshoot systems to ensure security and compliance standards are adhered to
  serve as an it asset and technical resource on assigned projects or initiatives
 required qualifications  years of experience in administering microsoft windows systems
  strong technical aptitude in the following areas and technologies  microsoft windows server and application server ecosystem
  microsoft andor vmware virtualization platform
  active directory dns and dhcp administration
  group policy management and powershell scripting
  remote management and remediation tools
  backup and recovery disaster recovery business continuity solutions
  solid understanding of networking concepts
  strong understanding of security concepts
  excellent analytical and problemsolving skills
  strong organizational communication and interpersonal skills
  occasional travel to different locations to provide support
  participate in weekend oncall and asneeded afterhours support
 preferred qualifications college degree or equivalent work experience
  applicable certifications microsoft vmware aws network certifica [...]"
336,Customer Service Representative ,"CLIENT RELATIONS ADVOCATE       Career Overview     Seeking a challenging and rewarding career in Customer Service that would utilize acquired knowledge, training , and skills to achieve career growth potential and advancement. Dedicated Customer Service Representative motivated to maintain customer satisfaction and contribute to company success. Extensive experience includes performing needs assessments, gathering appropriate documents to assess efficiency, and analyzing processes and procedures.       Core Strengths         Responsible Bilingual English/Spanish written and spoken   Data Entry  Microsoft Word, Excel, Power Point, IUX    Type 47 Words Per Minute  10-Key Calculator  Strong organizational skills  Telephone Experience         Punctual  Hard Worker  Good Listener  Follows Directions   Team Player  Energetic work attitude            Accomplishments      Customer Assistance     Worked with company systems such as IUX and diligently completed all assigned tasks, working overtime as needed.     Customer Service     Researched, calmed and rapidly resolved client conflicts to prevent loss.         Work Experience     October 2009   to   March 2015     Company Name   City  ,   State     Client Relations Advocate       Answer telephones and give information to callers, take messages, or transfer calls to appropriate individuals. Create, maintain, and enter information into databases. Set up and manage paper or electronic filing systems, recording information, updating paperwork, or maintaining documents, such as attendance records, correspondence, or other material. Operate office equipment, such as fax machines, copiers, or phone systems and arrange for repairs when equipment malfunctions. Greet visitors or callers and handle their inquiries or direct them to the appropriate persons according to their needs. Maintain scheduling and event calendars. Schedule and confirm appointments for clients, customers, or supervisors. Conduct searches to find needed informa [...]","customer service representative  full time  wweekends work at home  mason oh

macys credit and customer service mccs supports the digital and instore shopping experience and manages relationships with our credit cardholders our call center teams support and drive hundreds of millions of dollars in sales annually we solve problems so our customers can get back to shopping mccs is a peoplefocused culture where we support one another to be our best for our customers join a peoplefocused culture and a fun collaborative team we serve customers across a wide span of hours of operation allowing for a variety of work shifts and availability of hours do you love helping people get answers and solve problems if so theres an opportunity for you to shine at macys credit and customer service
in addition to medical vision dental  commuter benefits pto and paid holidays benefits include weekly base pay plus the opportunity to earn a quarterly company incentive additional opportunity to earn  per hour premium pay for all hours worked on the weekends and after  pm on weekdays fully funded education program access to wages anytime  discount on most macys merchandise
this is a work from home call center job you must live within an hour a commutable distance from our mason oh location 
 duke blvd mason oh  overview
 responsible for resolving customer issues via the telephone for all financial adjustments including but not limited to transferring sales payments returns guideline increases and cre [...]"
337,Senior Software Developer - Up to 160k - 100% Remote,"PATIENT ADVOCATE           Professional Profile     Detail-oriented, efficient and organized, with extensive background in community-based organizations seeks to bring strong work ethic and engaging interpersonal communication to a vibrant company.  Over seven years of experience as an office manager/tax preparation worker and over three years of experience assisting patients register for government programs.          Qualifications          Independent worker  Exceptionally organized  Record-keeping  EMail Software (Outlook, Thunderbird, etc)  Internet Browser (Internet Explorer, Firefox, etc)  Peripheral Devices (Scanners, Printers, etc)  Personal Computers  Spreadsheet Software (Calc, Excel, etc)  Utility Software (Virus, File Compression, etc)  Word Processing Software (Word, WordPerfect, etc)  Tax preparation                    Experience      Patient Advocate    September 2009   to   December 2014     Company Name   －   City  ,   State      Answer applicants' questions about benefits and claim procedures.  Interview benefits recipients at specified intervals to certify their eligibility for continuing benefits.  Interpret and explain information such as eligibility requirements, application details, payment methods, and applicants' legal rights.  Initiate procedures to grant, modify, deny, or terminate assistance, or refer applicants to other agencies for assistance.  Compile, record, and evaluate personal and financial data in order to verify completeness and accuracy, and to determine eligibility status.  Interview and investigate applicants for public assistance to gather information pertinent to their applications.  Check with employers or other references to verify answers and obtain further information.  Keep records of assigned cases, and prepare required reports.  Schedule benefits claimants for adjudication interviews to address questions of eligibility.  Prepare applications and forms for applicants for such purposes as school enrollment, employment, [...]","remotecompetitive base salary with generous benefits

about our client

our boston based client is dedicated to helping large organizations achieve agile social impact over the past two decades they have been the leading provider of online grants including over half of the fortune 

job description
 develop product solutions and web services for saas applications
 mentor and coach junior level developers
 regularly participate in code reviews
 demonstrate a strong ability to be flexible and think outofthebox
 suggest new or enhanced processes to improve

mpi does not discriminate on the basis of race color religion sex sexual orientation gender identity or expression national origin age disability veteran status marital status or based on an individuals status in any group or class protected by applicable federal state or local law mpi encourages applications from minorities women the disabled protected veterans and all other qualified applicants

the successful applicant
 experience with web frameworks express ruby on rails django flask spring mvc etc
 deep understanding of modern development languages javascript ruby python java go
 relational database technologies preferably oracle
 ability to implement complex solutions requiring multitiered development
 open to developing as a full stack engineer
 strong problemsolving skills and time management skills

whats on offer
 
 healthvisiondental
 pto
 competitive salary
  remote opportunity

contact julie connell

quote job re [...]"
338,Remote Administrative Assistant,"EMERGENCY ROOM ADMITTING SPECIALIST/QUALITY ASSURANCE       Summary    Driven, highly dedicated to my job and duties (Quality Assurance). I am an active listener, excellent problem solver and Speak,write and read Spanish fluently.  Very professional and articulate. Strongly motivated, and have excellent customer service skills. Fast leaner and excel in building dynamic teams in an effort to achieve a goal for continual improvement.      Accomplishments     Master's in Social Work Spring 2016 University of Utah  Bachelor's in Social Work Summer 2007 California State University of Los Angeles       Experience      Emergency Room Admitting Specialist/Quality Assurance     Sep 2014   to   Current      Company Name   －   City  ,   State     Arrange efficient and orderly admission of patients.  Insures that patient information is collected and that patients are aware of hospital policies and procedures.  Interview incoming patient or representative and enter information required for admission into computer database.  Collect co-pays and deductibles from patients.  Distribute appropriate information to ancillary departments.  Cross trained in other areas and perform any other duties as assigned (OP and IP).         HealthCare Rep     Oct 2009   to   Aug 2014      Company Name   －   City  ,   State     Interviewing clients in a hospital setting and/or home visits to assist them in obtaining maximum benefit coverage.  Completing applications for state and federal program, reviewing medical records and taking all actions necessary to expedite benefit approval.  Maintain ongoing communications with government agencies regarding the status of claims.  Provide updates and assistance to hospital personnel and other staff as needed.  Knowledge of federal and state programs to benefit coverage for the client.  Understanding of and ability to apply the medical definition of disability as it relates to body systems and to functions of daily living.  Ability to read and apply the info [...]","this is a rewarding longterm
career opportunity to work alongside established fortune  companies seniorlevel executives and successful business owners of small and medium size businesses as they make a greater impact in the world as an executive assistant you will have the opportunity to choose the companies that you support based on company values and your preferences and to create longterm partnerships with the executives that you support as you develop new skill sets and get exposure to a variety of industries

you will join our team as a parttime  employee with the opportunity to become fulltime in due course based on performance

job requirements
as an assistant youll apply your professional skills in a wide range of tasks including
 maintaining appointment schedules and calendars
 planning and scheduling meetings conferences and travel
 making travel arrangements including flight and hotel bookings
 maximizing the executives time by reading researching and routing correspondence
drafting letters and documents
collecting and analyzing information
initiating phone calls on their behalf
 email management
 creating powerpoint presentations
 managing expenses
 conducting research on various topics
 providing customersupplier support
 other executive admin responsibilities as needed
your skills and experience
 a minimum of  years of direct handson experience in a role related to executive assistance and administration
 ability to multitask and prioritize work as needed
 excel [...]"
339,Chief Executive Officer (CEO),"SALES ASSOCIATE/GOLF SALES ASSOCIATE           Executive Summary     High-energy and focused Manager with 26 years of Honorable military service. Posses a wealth of experience which was developed by taking on greater postilions of responsibility and restructuring policies and improving upon the organizational goals. Mentoring junior leaders and providing direction for all personnel under my charge. In addition to taking-on and managing new projects with increased demand and responsibility.       Core Qualifications          15 years experience in the field of Operations management in the U.S. Army under various circumstances while deployed to Iraq and Afghanistan, and at various state-side duty stations.  Mentored and developed leadership skills of Iraqi and Afghan medical officers, in order to help them become more self-sufficient in their daily missions.  Developed the staff of various medical clinics in order to elevate the staff performance  Developed and put into effect policies that contributed in obtaining low numbers of complaints by staff and customers alike      Developed budgetary policies in order to reduce daily operating costs, and analyzed contracts for approval recommendation.  Possess12 years of experience in Microsoft Office for Windows and MAC, including preparing and managing spreadsheets, presentations, and various types of documents.  Possess 12 years of experience in Adobe Acrobat/Reader and preparing and editing Portable Document Format (PDF) enabled and formatted documents and converting them to Microsoft Word.   Transport and Shipping of Biomedical Materials Course is IAW the 49 CFR, 42 CFR, 9CFR, 21 CFR, and the USPS Domestic and International Mail Manuals.            Professional Experience      Sales Associate/Golf Sales Associate    April 2006   to   Current     Company Name   －   City  ,   State     Provide customer service by analyzing and recommending proper equipment and set-up for the golf enthusiast   provides support with apparel [...]","overview

critical illness recovery hospital

chief executive officer ceo

at select specialtyregency hospitals a division of select medical we care for chronically and critically ill or posticu patients who require extended hospital care select medical employs over  people across the country and provides quality care to approximately  patients each and every day across our four divisions

our mission is to provide an exceptional patient care experience that promotes healing and recovery in a compassionate environment each employee plays a vital role in doing that by living our cultural behaviors  celebrating success owning the future being patientcentered creating change thinking first and building trust

do you want to work for a patientcentered company that is resultsoriented and delivers a topnotch quality of care would you like to own and build your future with other top performers if you answered yes consider an opportunity with us

responsibilities

we are looking for valued employees who will be champions of the select medical way which includes putting the patient first helping to improve quality of life for the community in which you live and work continuing to develop and explore new ideas providing highquality care and doing well by doing what is right

the ceo role is an excellent opportunity to provide handson hospital operations management in a critical care environment the ceo will provide handson leadership strategic direction and operations management with a [...]"
340,Inventory Coordinator,"QUALITY ASSURANCE MANAGER       Professional Summary     Outgoing Quality Assurance Manager with 8 years of managerial experience in Aerospace. Committed to high standards of product inspections and customer service with extensive knowledge of EVO & Microsoft office use. Adept at collaborative with various departments for comprehensive quality control. Methodical with superb problem-solving and analytical abilities. Keeps meticulous records and identify and troubleshoot problems. Specialties include operational improvements, program implementation, and documentation. Well-rounded with a leading-edge approach to identifying innovative ways to provide quality, scheduling, materials management, purchasing, inventory control, and logistics support to the manufacturing industry       Accomplishments      Implemented NADCAP AC7108/1 throughout the facility.  Initiated and implemented CMMC Compliance.  Created and administered FOD Program compliant to NAS412.        Skills          Process Improvement  6S/LEAN/KAIZEN Principles  Compliance/Regulations  Identify/Analyze/Resolve Problems  Supplier Quality  Staff training and development  Policy reinforcement      Knowledge Of Quality Systems  Audit Coordination  Quality Management  Process Control  Employee Supervision  Root Cause Analysis  Presentations            Work History      Quality Assurance Manager     07/2011   to    Current       Company Name    –    City  ,   State        Specified quality requirements of raw materials with suppliers.  Recorded, analyzed and distributed statistical information.  Reported production malfunctions to managers and production supervisors.  Inspected products and worker progress throughout production.  Collected production samples regularly and performed detailed quality inspections.  Provided analytical, planning and coordination support on projects as assigned, reviewing, interpreting, analyzing and illustrating data to stimulate and support enlightened decision making.  Inspected, [...]","summary

the inventory control coordinator is responsible for the overall integrity and maintenance of a stores inventory the duties of the

job require  hours per work week dedicated to the sustaining of the stores inventory levels to ensure the right product is in

the right place at the right time they are to consistently provide amazing customer service to both internal and external customers

while being involved and motivated toward the goals of the entire store operation with a willingness to assist in any area they are

needed

participates in all inventory coordinator training and consistently trains and shares knowledge with other store associates to

eliminate gaps in customer service

essential duties and responsibilities include the following other duties may be assigned as needed

review and transmit ace replenishment orders and properly receive pos and credit pos from nonace vendors routinely checks

ace net prior to truck delivery for any customer online orders and alert staff to set the merchandise aside for customer pickup

facilitates receiving the replenishment truck upon arrival at the store breaks the truck down according to the standard operating

procedures

responsible for receiving the ace replenishment truck in the eagle system after the merchandise has arrived ensure all outs are

recorded by shooting the location with the rf gun and follows all processes to correct the errors acenet claims filed and credit pos

complete

responsible for maintainin [...]"
341,"Systems Administrator, IT (Brooklyn, NY)","VICTIM ADVOCATE       Professional Summary      Social worker with more that five years of experience as Multicultural Victim  Advocate  and exceptional people skills. Versed in  advocacy  and case  management . Desires a challenging role as HR Generalist.     Strategic planning and client relationship management expert.   Experience in counseling individuals of various
ethnic and socio-economic backgrounds, including Latinos and immigrants from various countries.       Core Qualifications          Case management  Interpersonal skill  Crisis intervention  Client relations  Databases  Decision making  Adaptable  Self motivated  Creative problem solving       Bilingual  Translation and Interpretation (Spanish and English)  Legal navigation   Public speaking  Team player  Computer proficient   File/records maintenance    Organizational skills            Experience     February 2015   to   March 2017     Company Name    City  ,   State    Victim Advocate             April 2014   to   March 2015     Company Name    City  ,   State    Multicultural Advocate        Conducted a support group for victims of domestic violence.  Trained other professionals in multiculturalism, immigration and how to better served the Latino community.  Connected clients with community service and resource agencies.  Provided comprehensive case management services, including creating personalized safety plans , assistance with Court filings, crisis intervention, education on victim's rights, victim's compensation, navigation of the justice system, accompaniment to court and connecting victim's families with appropriate resources in the
community.  Interpretation and translation in court.         June 2013   to   February 2014     Company Name    City  ,   State    Intern        Entered numerical data into databases in a timely and accurate manner.  Developed a community group targeting immigrant youth: empowerment, cultural diversity and healthy behavior.  
Assisted clients with legal interpre [...]","who we are

the vera institute of justice founded in  is a nonprofit criminal justice organization that strives to build just government institutions and safe communities free from the scourge of racism white supremacy profit and inequity that is pervasive in this countrys legal systems we are an inside lane organization that drives change at scale with ambitious public sector leaders who share our commitment to building antiracist reparative systems that deliver justice we leverage our access to government to transform these systems and work collaboratively with stakeholders across many movementsincluding advocacy grassroots and grasstop organizations our role is to pilot solutions that are transformative and achievable harness the power of evidence to drive effective policy and practice and use advocacy and communications to change narratives and norms

vera has a staff of just over  people and offices in new york city washington dc los angeles and new orleans we are an equal opportunity employer with a commitment to diversity in the workplace we expect our staff to embody respect independence collaboration commitment antiracism and equityboth in our outwardfacing work and the internal culture of our workplace we value a range of experiences in peoples educational backgrounds and encourage people who have been directly impacted by the criminal justice system to apply

who you are

the system administrator is responsible for maintaining veras systems deploying and managing s [...]"
342,Special education coordinator,"CARPENTER APPRENTICE         Professional Summary     Former construction and carpentry worker committed to high-quality workmanship and safe environments. Over 4 years of hands-on experience working with remodeling projects in residential and commercial construction. Dedicated work ethic and exceptional attendance record. I am motivated to learn new trades and skills. Interested in growing career and fostering leadership capabilities. Professional Construction Laborer with excellent interpersonal skills. Works in timely and efficient manner to see tough jobs through to completion.       Skills          Cabinetry  Material prepping  Construction drawing interpretation  Carpentry techniques  Oral and written communication      Materials handling  New construction and renovation  Drywalling  Safety and compliance            Work History      Carpenter Apprentice  ,     10/2017   to   09/2019     Company Name   –   City  ,   State      Assisted with movement of materials and equipment to job sites  Worked with master carpenters to install decks for both residential and commercial customers  Installed and repaired woodwork, millwork and cabinetry under supervision of master carpenter  Kept job site cleaned up properly and all debris disposed of in respective containers  Interpreted specifications and construction drawings to understand tasks necessary to complete each job  Accepted feedback from foreman and journeyman carpenter, implementing suggestions into later work  Observed all OSHA and corporate safety regulations and procedures  Led variety of projects from start to finish, including garages, residential homes and additions  Repaired roofs and flooring and remodeled bathrooms and kitchens to complete projects in satisfactory time  Effectively used all fasteners such as nails, screws, pneumatic nailing systems, concrete anchors, powder-actuated fasteners and framing connectors  Proactively managed projects to obtain 100% customer satisfaction for all custom work [...]","job goal  to provide instructional services resources and direction to those staff members who are directly responsible for evaluation and instruction of students with disabilities

qualifications  valid ohio teaching license  certificate education of the handicapped k or intervention specialist valid ohio supervisory or administrative certification  licensure minimum of five  years successful classroom teaching experience as an intervention specialist knowledge of the laws and regulations pertaining to the special education program knowledge of a variety of instructional strategies for the education of handicapped students and  or any additional qualifications trainings or other credentials as determined by the board of education application process  complete an online application and upload a resume and any other credentials pertinent to the position

selection procedure  online applications will be screened applicants selected will then be called for initial interviews

last updated"
343,Sales Associate,"FINANCE AND OPERATIONS MANAGER           Experience      Finance and Operations Manager  ,     07/2017   to   Current     Company Name   –   City  ,   State      Brought on board to centralize progress in district.  Task with overseeing designated managers that monitor employee productivity, timely scheduling and provide updated trainings.  Institute policies, goals, objectives and procedures.  Challenge to construct and maintain effective cash flow monitoring system, review financial statements, audit sales commission and activity reports.  Analyze performance data to measure productivity and steer continuous improvement initiatives with emphasis on recognizing cost streams and reducing expenses.  Authorize various software platforms for employees.  Oversee inventory management, purchasing, and distribution.  Realign internal processes with introduction of inventory recording systems for the district.  Allocate monthly budget and create tentative forecast for proceeding month.         Financial Analyst  ,     07/2013   to   07/2014     Company Name          Selected to examine accounting records to compile financial information and reconcile reports.  Incorporated detailed research to process journal entries and author financial reports.  Proactively developed process analysis while maintaining clear open lines of communication with leadership.  Scrutinized current and past financial data, trends and performance, to champion financial improvements.         FINANCIAL IMPACT     Boosted overall sales from $4M annually in 2017 to $6.7M in 2019 using direct actions to drive uptick in both revenue and number of locations for two consecutive years.  Introduced sales auditing and cost auditing re-alignment by incorporating advanced Excel and RQ software which drastically decreased process from 2 - 3 weeks to 3 - 4 days and allotted for detection of variations up to $20K - $30K than before re-alignment.  Took ownership of growth strategy by increasing number of locations u [...]","description

at torrid we celebrate every shape every size and every curve of our customer our torrid stores offer an exciting oneofakind and amazing experience for not just our customers but our employees were committed to cultivating a welcoming inclusive and diverse culture driven by a focus on open dialogue empowerment recruiting training  development and retention we believe inclusion of diverse backgrounds and perspectives is fundamental to our success
as a torrid sales associate youll provide the torrid connection to every customer through your genuine ability to make our customer feel comfortable cared for and confident
what youll do
provide an amazing shopping experience that will encourage positive customer connections and loyalty
perform register functions while using your sales promotion and product knowledge to drive addon sales
ability to work a flexible schedule inclusive of holidays nights and weekends
cover the sales floor and helps ensure all visual standards are met
assist in the organization of the stockroom and providing a clean consistent and inviting store environment that inspires customers to shop
what youll need
previous sales or customer service experience a plus
ability to multitask in a fastpaced environment while also being committed to creating an amazing customer experience
be fashion focused and stay on top of current trends
physical requirements with or without reasonable accommodation
able to stand and walk around during scheduled hours
able [...]"
344,COORDINATOR - MARKETING,"AUTOMOBILE TRANSPORTER       Professional Summary     Dedicated, responsible Class A driver  with a clean driver's license. Self-motivated and customer-focused.Exceptional leader talented at leadership, communication, and management skills. Excellent team player with over 20 years of experience in the military and trucking industry.Talented Mechanist Tech with more than 8 years of experience developing and executing maintenance programs. Excellent troubleshooting skills. Areas of expertise include mechanics, technology, and management.          Key Skills          Quality control  OSHA regulatory compliance  Dependable independent worker  Clean D.O.T.  Good at following instructions      Solid communication skills  Strong organizational skills  Strong work ethic  Team player  Timely project completion            Work Experience     05/2014   -   Current     Company Name   －   City  ,   State    Automobile Transporter        Conducted daily DOT pre-trip inspections according to a set checklist.  Hooked and unhooked trailers from the tractor.  Coordinated daily delivery schedules based on customer schedules, peak delivery times and alternate routes.  Perform emergency repairs including service hydraulic system.  Maintain accurate records such as vehicle logs, records of cargo and billing statements in accordance with regulations.  Obeyed traffic laws and followed established traffic and transportation procedures  Transported freight from origin to destination in a safe and timely manner.         09/2009   -   05/2014     Company Name   －   City  ,   State    Driver/Car Hauler        Coordinated daily delivery schedules based on customer schedules, peak delivery times and alternate routes.  Conducted daily DOT pre-trip inspections according to a set checklist.  Maintained records required for compliance with state and federal regulations.  Interacted with customers and vendors in a friendly and timely manner.  Transported freight from origin to destination in a safe an [...]","job summary

the team member in this position is responsible for providing superior service to both internal and external guests the marketing coordinator is responsible for assisting the director  manager of marketing in executing the propertys marketing plan and daytoday operations

essential duties  responsibilities
 guest relations as it involves interacting with guests during deployment of special events and promotions
 deployment and coordination of property contests including ordering selection of materials setup décor and selection of prizewinners
 management and maintenance promotional materials such as décor promotional merchandising and other promotional tools
 working as event staff to setup events administer contesting issue prizing and ensure proper procedures or rules are followed
 coordination of property activation events with players club personnel and or any promotional agencies
 uploading and managing photo galleries for contest winners and communicating relevant information to the companys digital agency for social media
 special projects as assigned by the lead for marketing operations
 assist with and participate in activities related to audio visual and digital media
 coordinate maintain and assist with group sales
 comply with our drug  alcohol free workplace subject to post offer for cause and postaccident drug tests
 be a customer experience owner act in ways that will surprise and delight our guests leave guests with positive feelings about our pro [...]"
345,VP of Finance (East Meadow),"FINANCE MANAGER         Summary     Flexible Financial Manager with the ability to multi-task, meet deadlines, communicate effectively, develop and motivate staff, general accounting and  financial reporting for private and public companies.         Highlights          Excellent analytical, communication and organizational skills.  Demonstrate initiative, responsibility and follow through for ""owned work""  Strong attention to detail with the ability to multi-task.  Self-directed critical thinker.  Experience in SOX compliance and controls.      Knowledge of business insurance.  Experience  in Sales and Use taxes, Payroll taxes and 1099 reporting.  Knowledge of GAAP, STAT, GASB, FAS60, FAS97, and FAS133 reporting.  Protects organization's value by keeping information confidential.             Experience      Company Name     December 2007   to   Current     Finance Manager   City  ,   State     •Prepare monthly and quarterly analytics for income statement, balance sheet, budget to actual variances, and earnings by source.  •Review and sign off on GAAP and Statutory journal entries into PeopleSoft general ledger.  •Prepare GAAP to Statutory reconciliation by product and write commentary for variances.  •Prepare quarterly and annual Statutory reporting package by entity financial information, for senior management.  •Prepare quarterly financial analysis and Ad-hoc reports for BOLI & COLI products (Bank Owned and Company Owned Life Insurance)  •Draft commentary for MD&A (Management Discussion & Analysis) for controller's business segment and provide supporting work papers for certain disclosures.  •Act as a liaison and assist internal and external auditors in the planning and execution of quarterly and annual audits, including the resolution of accounting and auditing issues.  •Assist in technical accounting research, including evaluating accounting and financial implications of complex transactions and writing white papers supporting conclusions.  •Ensure compliance wi [...]",vp of finance about flywheel flywheel software is a highgrowth technology startup transforming data activation on snowflake  bigquery  and redshift that is changing the way businesses acquire retain and winback their customers clients include google indeed and the boston red sox we apply bestinclass architecture and technology to build a system that is both functional and beautiful about the role flywheel is looking for a vice president of finance to work directly with flywheels founders to integrate an accounting and finance perspective into our growth strategy this is a great role for someone looking to be the founding member of the finance team driving forecasts and operations and have the opportunity to institute accounting policies procedures and best practices as well as eventually grow and develop a team responsibilities will include routine maintenance of the accounting books and records but with a strong focus on creating forecasts developing financial plans to achieve strategic objectives and working hand in hand with the rest of the leadership team and the board of directors to manage explosive growth in a fiscally responsible manner in this role key areas of focus will be to define and build regular financial and operational kpis which will drive financial discipline business growth and profitability initiatives across the business while managing control systems designed to preserve company assets and report accurate and meaningful financial results responsibiliti [...]
346,Bilingual Occupational Registered Nurse,"PATIENT ADVOCATE       Summary    Highly driven, organized and motivated Patient Advocate with over 7 years of experience in the healthcare field and customer relations. 
Skilled in providing compassionate, efficient patient care with a background in clinical settings. Experience in leading a team, 
new hire training, billing, claims, and records management.        Experience     01/2016   to   Current     Patient Advocate    Company Name   －   City  ,   State      Served as liaison between the patient and hospital to coordinate patient care.  Provided patient and staff support to better facilitate communication.  Referred clients to social service agencies such as home health and hospice.  Worked on call for any emergent patient needs.  Provided off-site visits at local hospitals to offer emotional support.  Established patient and provider boundaries to ensure appropriate behavior.         05/2015   to   12/2015     Claims, Eligibility and Benefits Specialist III    Company Name   －   City  ,   State      Identified and resolved discrepancies with patient eligibility/insurance coverage.  Assisted in maintaining and developing procedure manuals.  Trained new hires in eligibility and benefit and claims processes.  Aided in development of strategies for revenue cycle initiatives.  Managed, updated, and executed claims processing, as well as assisted team members in adjudicating claims.  Developed streamlined methods of standard operating procedures.  Worked with patients to obtain summary plan descriptions and ensure proper and timely claim adjudication.         05/2013   to   05/2015     Certified Data Entry Pharmacy Technician    Company Name   －   City  ,   State      Work from Home
Carefully reviewed patient medical histories and diagnoses.  Properly interpreted prescriptions, input written date, patient information, physician and ids, medication name and strength,
correct and appropriate directions, quantities and dosage, additional patient allergies and diagnos [...]","the bilingual occupational registered nurse is a hybrid position who works as part of an interdisciplinary team to assist injured employees return to their preaccident jobs using best of practice process and protocols this position is ideal for a nurse who can consistently use a therapeutic relationship as basis for providing health recommendations to callers

requirements
 must demonstrate proven ability to communicate with patients in both english and french
 active carna license in with in good standing
 minimum of  years clinical nursing experience including  year in an acute care setting
 proficient computer aptitude and ms office skills
 can attend inperson meetings and work on site in calgary for  days a week option to work remote  days per week
 attention to detail
 focus on practical considerations
 measured thoughtful approach
 results oriented
 rapid and responsive approach
 readiness to cooperate with others
 readiness to trust and respect others
 subtlety and sensitivity
 this role will be based in calgary alberta

compensation annual compensation will range from  to  depending on applicant education experience credentials and performance a comprehensive benefits plan is available"
347,Financial Professional – Financial / Insurance – Entry Level,"SENIOR EXERCISE SPECIALIST & SPORTS AND RECREATION COORDINATOR       Summary    Pursuing project management work, I will leverage my ten years of professional experience and coordination
skills towards growing the company. I thrive in fast-paced environments and seek to constantly raise the level
of performance and organizational excellence.      Highlights          Project Manager, Enthusiastic, Driven, Microsoft Office Proficient, Organized, and  Committed to Excellence MS Office and Project  Business strategy and marketing  Exceptional communication skills  Experienced in planning and organizing  Problem solver  Excellent leadership and interpersonal abilities  Adaptable  Resourceful and able to network for shared knowledge                Experience      Senior Exercise Specialist & Sports and Recreation Coordinator      Coordinated the redesign and grand re-opening of the corporate health facility, ensuring seamless integration of new equipment and layout.  Planned and scheduled rollout of new fitness classes.  Directed members during grand re-opening day and represented the fitness center as a new and improved site of service.  Held post-project meeting reviewing status of the site remodel, discussing lessons learned, and getting feedback from team members.  Designed floor layout using CAD drawing.  Supervised new hires and interns.  Quickly grew in coordinatory responsibilities within one year of hire.  Generated task lists and action items for interns to follow.  Met regularly with direct management and stakeholders (via in-person meetings, conference calls, or webinars) to oversee smooth daily operation of facility and projects.  Took and distributed meeting minutes.  Coordinated and participated in special events such as sport tournaments, scavenger hunts and facility remodel, creating an atmosphere of collaboration and family.  Through role definition and teamwork, publicized new programs, such as sports and recreation rollout and availability of new class [...]",financial professional  financial  insurance  entry level description entry level or new college graduate opportunities rarely give you a financial professional agent opportunity that allows you to manage your own book of business as a new york life insurance company financial professional agent you will not only manage your own book of clients but provide clients with insurance options and customer service you will help your clients prepare for longterm financial stability and security new york life is currently seeking selfmotivated driven individuals with a passion for making a positive impact on peoples lives your collegiate experience as a student a member of student organizations a leader or a student athlete have given you the skills you need to launch a career in a company with a wellknown reputation and resources your entrepreneurial spirit and desire for personal growth can take you wherever you want to go and new york life can help as a financial professional agent you will have the freedom to build your network of insurance clients and business associates who are looking for insurance and financial solutions many of our agents started their careers with new york life right out of college entry level candidates are encouraged to apply responsibilities of financial professional  financial  insurance  entry level  schedule appointments and meet with potential clients  make product recommendations to help clients meet their financial goals  provide ongoing service and [...]
348,Customer Service Sales Associate,"SUPERVISOR       Summary     Accomplished results oriented leader with marketing and customer service experience. Exceptional organization, time management and multi-tasking abilities  with an MBA- Management/Finance.        Skills          Complaint handling and resolution  Self-motivated  In-depth knowledge of markets and relationships      Complex problem solver  Skilled negotiator  Self-motivated            Accomplishments     Qualified for  [Number]  quarterly sales bonuses by exceeding sales target by  [Number] %.  Leadership     Research    Implementation   Assisted in implementation of new tracking system that resulted in improved patient care.  Conducted research which led to the development of  [program] .  Served as key contributing member to Leadership team.         Experience     July 2015   to   Current     Company Name    City  ,   State    Supervisor        Responsible for the daily oversight operations of the call center, monitoring average call handle time (ACHT), telephone service factor (TSF), and adherence to schedules.  Supervise bargaining unit employees in joint efforts with the (UAW) union.  Manage Walk- In staff and their schedules to service incoming customers.  Assist in the assessment, development, implementation, and ongoing reporting of operational improvements as they relate to customer service metrics and process improvements of the call center.  Reduced my team average call handle and wrap time metrics by 200 seconds.  30% reduction).  Participate in meetings with the Account Receivable Department to improve members payment efficiencies and best practice implementation.         February 2013   to   July 2015     Company Name    City  ,   State    Clinical Administrative Assistant- Healthcare Administrator        Recruited, trained and managed the clinical medical staff and customer service representatives.  Directed medical receptionist operations, including scheduling, transportation protocols, and patient satisfaction.  Collected [...]","benefits and perks

general responsibilities

the starting wage for this position is hr

below are a few perks and discounts

not only do you get to be part of an organization where you drive your potential power your passion
  off any standard hertz rental
 discounted travel and food
 tuition reimbursement
 career growth with handson learning

job description

essential requirements

the customer service sales associate consults with customers on their hertz rental maximizing revenue opportunities by actively offering products and services and overcoming customer objections ensures that the customer receive world class customer service and sales support

qualifications

strong oral and written communication skills must have the ability to build relationships with customers this position requires strong multitasking the ability to upsell and overcome customer objections display a high level of ownership accountability and initiative all employment is contingent on the successful completion of a background screen

apply today and shift your career into drive for tomorrow

at hertz we champion and celebrate a culture of diversity and inclusion we take affirmative steps to promote employment and advancement opportunities the endless variety of perspectives experiences skills and talents that our employees invest in their work every day represent a significant part of our culture  and our success and reputation as a company

individuals are encouraged to apply for positions becau [...]"
349,"Senior Director, Digital Marketing - Remote","INTERN       Summary     Motivated, responsible Personal Trainer with extensive training in fitness, nutrition and health education.       Highlights          CPR and First Aid certified  Lifeguard training  Fitness equipment operation  Body Mass Index (BMI) knowledge  Fitness assessments  Customer-oriented  Understanding of body fat tables and BMI  Excellent sales skills  Understanding of human anatomy  AED certification  Fitness equipment expertise                Experience      Intern   03/2013   to   10/2013     Company Name      Develop or coordinate fitness and wellness programs or services.  Supervise fitness or wellness workers, such as fitness instructors, recreation workers, nutritionists, and health educators.  Conduct or facilitate training sessions or seminars for wellness and fitness staff.  Develop fitness or wellness classes, such as yoga, aerobics, weightlifting, and aquatics, ensuring a diversity of class offerings.  Maintain wellness- and fitness-related schedules, records, or reports.  Manage or oversee fitness or recreation facilities, ensuring safe and clean facilities and equipment.  Operate, and instruct others in, proper operation of fitness equipment, such as weight machines, exercise bicycles, benches, hand weights, and fitness assessment devices.  Organize and oversee health screenings, such as flu, mammography, blood pressure, and cholesterol screenings.  Teach fitness classes to improve strength, flexibility, cardiovascular conditioning, or general fitness of participants.  Maintain or arrange for maintenance of fitness equipment or facilities.  Track attendance, participation, or performance data related to wellness events.  Observe participants and inform them of corrective measures necessary for skill improvement.  Instruct participants in maintaining exertion levels to maximize benefits from exercise routines.  Offer alternatives during classes to accommodate different levels of fitness.  Plan routines, choose appropriate music, and [...]","veeva  is the leader in cloudbased software for the global life sciences industry committed to innovation product excellence and customer success our customers range from the worlds largest pharmaceutical companies to emerging biotechs veevas software helps our customers bring medicines and therapies to patients faster

we are the first public company to become a public benefit corporation  as a pbc we are committed to making the industries we serve more productive and we are committed to creating highquality employment opportunities

veeva is a work anywhere company which means that you can choose to work in the environment that works best for you  on any given day whether you choose to work remotely from home or work in an office  its up to you

the role

veeva is seeking an innovative and wellrounded senior director of digital marketing with deep experience in a complex multiproduct  or saas environment for our digitalweb team as part of the creative services group this team is responsible for maintaining and growing our website launching marketing campaigns developing strategic digital recommendations for our marketing team and more

the ideal candidate for this job has spent time as a digital subjectmatter expert in content development or analyticsseosem but has grown into a strategic role at this point in their career experience as a primary leader responsible for the ongoing expansion and optimization of a website with an inhouse team is essential at veeva youll partne [...]"
350,"Attorney, CAMBA Legal Services, Brooklyn","CERTIFIED NURSE ASSISTANT         Professional Summary    I am a motivated individual with highly effective communication skills as well as a level-headed health professional who remains calm and effective in extremely difficult and stressful situations.   I am seeking a job in the Medical field in a Clinical position that will enable me to grow as a knowledgeable professional and enhance my current abilities.       Skills          


















General
Administrative      Experienced
in handling escalated phone calls    Ability
to operate multi line phone system    Front
Office knowledge/General reception skills    Proficient in scheduling appointments/ Collecting
Copays/ Verifying insurance  eligibility /Consent forms    Experience
in Epic (EMR system)     Proficient in patient-focused care     Efficient and reliable team player       


















Core Competencies:     Excellent
telephone etiquettes    Skilled
in handling multiple tasks and working under pressure    

Quick learner

      

Customer
Service Assistance and Quality Assurance experience    

Knowledge
of medical terminology, medical billing coding      Creative and strong problem solver    Exceptional communication skills  MS Windows proficient   Medical terminology knowledge              Work History      Certified Nurse Assistant  ,     04/2009  
                            to   10/2012     Company Name   –   City  ,
                          State      Identifies/responds to critical changes in patients and reports to RN/LVN.  Repositions patient for maximum comfort & hygiene measures and gives general hygiene to patients.  Obtains patients self-report of pain when taking vital signs and reports to nurse.  Charts vital signs in graphic.  Observes patient for signs of discomfort.  Makes frequent rounds, answers call lights.  Reports changes in condition/behavior of patient.  Prepares room for admission/transfer/discharge.  Box Office Aide 1.  Maintained accurate records of patient care, [...]","who we are camba is a community of staff volunteers clients donors neighbors and partners who work together to build an inclusive new york city where all children and adults have access to the resources and supports they need to thrive we take a comprehensive approach by offering more than  integrated programs in education  youth development family support job training  employment support services health housing and legal services we reach more than  individuals and families each year at our  locations including  youth camba serves a diverse cross section of new yorkers from new mothers in brownsville to job seekers in the rockaways more than half of our clients are immigrants and refugees from around the globe over  of our families are in living in poverty reflecting the challenges faced by nearly  million new yorkers today

camba legal services cls has provided free highquality legal representation and advice to new yorkers facing eviction and foreclosure fighting high consumer debt seeking us residency and surviving domestic violence for more than  years cls uses its diverse resources to offer holistic representation and advice in particular the housing unit preserves affordable housing for brooklyn and staten islands lowincome communities through representation of lowincome individuals and families throughout brooklyn and staten island who are facing threats of eviction harassment or issues of habitability additionally the housing unit advocates on behalf of clients to re [...]"
351,Sales Associate,"ARCHITECTURAL DESIGNER       Summary     Over three years of experience demonstrating consistency and outstanding work in a design oriented environment. Effective communicator, great leader, creative thinker, and problem solver who builds teamwork and possesses initiative to exceed goals.       Accomplishments      “Letter of Appreciation” Design Recognition of the National Architectural Accrediting Board 2014-2015  “Chicago Prize Award” Design Recognition and Nomination for Outstanding Project 2012  “Close the Gap d3 Competition” Winner and Project Exhibition 2011  ""Architectural Design & Conservation"" Second Place Winner 2008  Led the design proposal of the downtown sector of Caguas, PR including improvements to hardscape, landscape, and existing buildings  Led the design proposal of the School's of the 21st Century Project of San Juan, PR  Supervised and managed design and construction documents for the two winning School's: Santiago Veve Calzada, and Santiago Iglesias Pantin        Experience      ARCHITECTURAL DESIGNER      Company Name   City  ,   State      Organized projects in accordance to BIM Standards  Discussed design standards and procedures with the directors of design and architecture.  Created oral and written presentations for project designs and proposals.  Collaborated with structural engineers, and interior designers to see that construction was in line with drawings and designs.  Coordinated with the project team in the development of preliminary and final design documents  Managed the design process from conceptual phase through construction  Initiated design proposal, including an oral and written presentation for new design ideas  Fostered and maintained a collaborative professional working relationship with the project leadership team  Completed formal design intent and construction documentation         ARCHITECTURAL DESIGNER      Company Name   City  ,   State      Acted as lead designer for small projects and landscape enhancements, as w [...]","sales representative

at cpf we pride ourselves on being a leading distributor in the wholesale flower industry by providing beautiful and unique flowers to many of the country s top wedding and event florists and offering exceptional customer service cpf is a dynamic and growing company

position summary

responsible for building strong customer relations through knowledge and exemplary customer service plan and carry out all sales activities on assigned accounts responsible for ensuring customer satisfaction managing the quality of products and services

essential functions

establish new accounts by planning and organizing a daily work schedule

service existing accounts

obtain orders

develop sales proposals

participate in sales events

generate and qualify leads

source and develop client referrals

develop and maintain a customer database

collaborate with sales manager to strategize sales action plan for new and existing business

comprehension of all sales programs

communicate needs to buyer

develop and maintain sales and promotional materials

monitor competitors market conditions and product development

understand and aid in transportation solutions

ensure customer service satisfaction and good client relationships follow up on sales activity

perform quality checks on product and service delivery

resolve customer complaints by investigating problems developing solutions

other functions as required

minimum qualifications

knowledge of customer service princ [...]"
352,Regional Sales Manager - Air Solutions NE,"MARKETER / ADMINISTRATOR         Professional Summary    Administrative, Healthcare & Pharmaceutical Sales
Dedicated and motivated professional with a strong background in Medical, Pharmaceutical & Dental Sales and New Business Development.  Years of successful experience consulting and training on multifaceted projects, developing and implementing effective promotional techniques, and facilitating profitable relationships with a wide range of clients and key business partners. Called on various clinical representatives in the areas of cardiovascular, endocrinology, respiratory care, internal medicine, emergency services, primary care, hospitals, and pharmacies.  Consistently recognized for outstanding contributions to the bottom line and solid reputation for surpassing specified sales and revenue objectives. Commended for organization, perseverance, efficiency, and priority management skills. Computer savvy and familiar with many modern systems and applications including Windows, MS Office Suite, and SalesForce.com.
Areas of Strength
Consultative Selling * Account Management * Business Development * Customer Relations * Client Retention * Training & Team Building * Networking & Prospecting * Clinical Administration * Strategic Planning * Territory Management Director of Marketing * Process Improvement *Office Management* Revenue Generation*      Core Qualifications          Account Management  Creative Problem Solving  Territory Sales Experience      Leadership training  Mentoring  Customer Focused            Experience      Company Name     January 2014   to   July 2014     Marketer / Administrator   City  ,   State      MANAGED ALL INTERNAL OFFICE EMPLOYEES; PAYROLL AND THEN SPENT 80%OF MY DAY AS DIRECTOR OF MARKETING.  ANSWERED TO PRESIDENT OF COMPANY.  CALLED ON CARDIOLOGISTS, NEUROLOGISTS, PAIN MANAGEMENT, DENTAL, WEIGHT LOSS CLINICS, PCP'S, INTERNAL MEDICINE, PSYCHIATRISTS ETC.  Transferred with my husbands job from Kansas to Texas and then had to deal with s [...]","we are currently seeking a regional sales manager to join our dynamic air solutions team in the northeast us region
 in this capacity you will be the applied channel lead helping to grow lgs commercial air conditioning business
 the region covers the states including pa nj ny ct ri ma vt nh and me with multiple regional sales engineer direct reports 
 build strong relationships with employees channel partners engineering firms contractors and owners in the region to understand market needs and trends
 develop a strong strategic grasp of the market in order to provide an actionable plan for share growth in the short and long term
 lead a team of regional sales engineers to help drive growth of our applied representative channel and achieve regional sales and margin targets
 provide voice of the customermarket insight to optimize lgs offering and value proposition to the region
 qualify channel opportunities and manage opportunity pipeline to ensure forecast accuracy and inventory availability
 collaborate with internal stakeholders including functional expertssubject matter experts energy operational engineering technical financial and legal support when necessary on all aspects of strategy planning developing executing and growing lgs business
 develop account market analytics and timely performance metrics to sales management
 represent lg at industry events building on our brand reputation to deepen existing relationships while building new ones
 bachelors degree is require [...]"
353,Federal - Nursing Assistant Inpatient Mental Health West,"AGENCY SALES RESOURCES       Summary    Seeking to secure a position with a well established company that prides in the growth of its employees. With
the ability to showcase versatile knowledge in auxiliary mechanic I hope to build a lasting partnership with
whom I gain employment.      Skills          2011 - 2012 2014  Regular care coordinator  Perform household task and run errands  Perform personal care activities; hygiene, ambulation, eating, dressing, toileting and shaving  Talk and give company to clients and participate in resident activities  Take and record vital signs  Assist with moving to Bath, bed, and wheelchairs  Take care of pets  Nurse Assistant/Caregiver  Medical Case Management - Fort Worth, TX - 2009 to 2011  Maintain and set up patient rooms  Perform preventive maintenance on emergency equipment  Assist with patient and family education  Assist R.N. and L.V.N with sterile and non-sterile dressing changes  CPR Qualified  Answer multi-line phone, operate fax and copy machine  Prioritize patient daily care according to acuity and scheduled patient procedures Conduct analysis and recommend suitable solutions to real time performance issues (4 years), Handle  inbound calls and provide one-call resolution to problems reported (2 years), Responded to client calls and  provided instructions for troubleshooting (2 years), Provided technical and analytical support at the call  center (1 year), Proficient in MS Excel, word and various database management applications  Proven ability  to learn and operate software applications quickly (8 years), Analytics (1 year), Problem Resolution (Less  than 1 year)              Accomplishments      February 2014 to February 2017
Program: Non Lethal Weapons training to include; OC Certification, Baton Employment, and Close Range
Subject Control (CRSC) Techniques
ADDITIONAL INFORMATION
The machinist deals with a series of different operations associated with machining work.  It requires good
training and skills to handle [...]","federal nursing assistant inpatient mental health west job in los angeles ca

federalgovernmentjobsus  no government logins  no fees  free email alerts"
354,Inventory Clerk,"PASTRY CHEF /SERVER           Summary     My main goal is to ensure that procedures are followed for seating and serving guests.  Make sure that all staff act in a way that promotes guest satisfaction and handle any issues or complaints.  It will be my pleasure to design and implement training for servers, bussers, hosts, baristas, and bartenders:L this training will involve raining on menu items, as well as ""shadowing"" other servers to learn the restaurant's procedures and standards.  additionally, I will work side by side with the kitchen manage rand team to assist with the restaurant's cost controls by helping develop systems to manage product waste, labor costs, and breakage.  Also I will oversee the facility upkeep, ensuring that the front of house areas are clean and meet restaurant standards while arranging that repairs are made in a timely manner and I will facilities maintenances needed.       Highlights          Strong organizational skills  Active listening skills  Seasoned in conflict resolution  Sharp problem solver  Energetic work attitude  Inventory control familiarity      Courteous demeanor  Top sales performer  Customer service expert  Adaptive team player  Opening/closing procedures            Accomplishments      Customer Service     Researched, calmed and rapidly resolved client conflicts to prevent loss of key accounts.     Customer Assistance     Worked with company systems such as Live Support and diligently completed all assigned tasks, working overtime as needed.     Computed Data Reports     Provided required weekly, monthly and quarterly reports listing sales figures and client track records.         Experience      Pastry Chef /Server    May 2014   to   September 2015     Company Name   -   City  ,   State     Effectively managed and assisted kitchen staff in producing food for banquets, catered events and member dining areas.Consistently produced exceptional menu items that regularly garnered diners' praise.         Line Cook    March 2 [...]",no experience requited hiring immediately appy nowhiring now with no experience required great benefits and promotions within full and part time positions available immediately stocking backroom  receiving associates work to ensure customers can find all of the items they have on their shopping list depending on the shift you work your job could include moving inventory in the backroom unloading trucks or helping customers while stocking shelves from hot trucks in the summer to filling ice cream in the freezer this fast paced job can be physically demanding its like being paid to go the gym
355,Senior Web Designer (REMOTE),"ADMINISTRATIVE ASSISTANT DIRECTOR HUMAN RESOURCES MANAGER PRODUCTION MANAGER ENGINEERING MANAGER           Summary     Dedicated and focused Administrative Assistant who excels at prioritizing, completing multiple tasks simultaneously, and following through to achieve project goals.         Highlights           Microsoft Office Proficiency     KRONOS  Internet Software  Microsoft Word/PowerPoint/Excel   Office Management  Microsoft Access  Organizing Meetings/Materials Preparation  LotusNotes & Microsoft Outlook Email  Planning and Facilitating Large Events  SAP  Managing Confidential Records  PeopleSoft  Employee Benefits Counseling   Registrar   Arranging Domestic/International Travel   Oral and Written Communication   SAP Site Security   Skilled Proofreader       Training and Instruction    Excel spreadsheets  Meticulous attention to detail  Results-oriented  Self-directed  Professional and mature  Strong problem solver  Resourceful  Business writing  Dedicated team player  Strong interpersonal skills  Understands grammar  Meeting planning  Report writing  Report development  Schedule management  Self-starter  Executive presentation development               Accomplishments          Experience      Administrative Assistant Director, Human Resources Manager, Production Manager, Engineering Manager, Technical Services Manager, and Information Technology Manager    January 2012   to   January 2015     Company Name   －   City  ,   State      Provided administrative support to production departments, IT, and Human Resources.  Using proprietary software interfaced with SAP, created purchase requisitions, work orders, and goods receipts.  Established and maintained complete files and records.  Composed and typed reports and correspondence.  Established and maintained personnel files.  Responded to inquiries from employees.  Generated travel and expense reports.  Generated and maintained confidential employee personnel files.  Organized meetings and prepared training mat [...]",the apply with seek option will be utilized for international applicants mainly australia if this does not apply to you please use the apply optionsenior web designer remoteif you care theres a place for you herefor a career path that is both challenging and rewarding join sedgwicks talented team of  colleagues around the globe sedgwick is a leading provider of technologyenabled risk benefits and integrated business solutions taking care of people is at the heart of everything we do millions of people and organizations count on sedgwick each year to take care of their needs when they face a major life event or something unexpected happens whether they have a workplace injury suffer property or financial loss or damage from a natural or manmade disaster are involved in an auto or other type of accident or need time away from work for the birth of a child or another medical situation we are here to provide compassionate care and expert guidance our clients depend on our talented colleagues to take care of their most valuable assetstheir employees their customers and their property at sedgwick caring counts join our team of creative and caring people of all backgrounds and help us make a difference in the lives of othersopen to remote work all locations within the usprimary purpose  conceptualize and design user experience projects and initiatives and oversee designers to ensure highquality work throughout the entirety of the projectessential functions and responsibilities creat [...]
356,"Integrated Marketing, VP (Retirement Group)","CONSULTANT           Summary     [job title] with more than [number] years of experience planning, developing and implementing [program or process] .Experienced manager with excellent client and project management skills. Action-oriented with strong ability to communicate effectively with technology, executive, and business audiences.high level of client interaction utilizing my extensive knowledge and experience in the retirement and compensation fields.  Resourceful, Responsible, Results-oriented, Seasoned, Self-directed, Service-driven, Skilled, Strategic, Superior, Talented, Versatile, Well-qualified, Adaptable, Ambitious, Analytical, Articulate, Award-winning, Business-savvy, Client-focused, Committed, Conscientious, Consistent, Creative, Customer-focused, Customer-service focused, Deadline-driven, Deadline-oriented, Dedicated, Dependable, Detail-oriented, Disciplined, Driven, Dynamic, Effective, Energetic, Experience, Expert, Flexible, Focused, Gifted, Hands-on, Hardworking, Highly motivated, High-performing, Innovative, Mature, Meticulous, Motivated, Multi-task-oriented, Organized, Outstanding, Performance driven, Personable, Positive, Pragmatic, Proactive, Productive, Proficient, Reliable, AccomplishedHighly qualified, detail-oriented and hardworking [Job Title] with more than [Number] years of experience. Proficient in research, writing, case management and client relations. Expert computing and technology skills including competence in multiple software applications, website design (HTML), CMS and hosting, networking issues and social media.       Highlights          Cost Benefit Analysis (CBAs)  Account reconciliations  Organized  Unsurpassed work ethic  Results-oriented  skills      Productivity improvement  Microsoft Office Suite expert  Work flow planning  Detail-oriented  Superb time management             Experience      Consultant    January 1997   to   August 2015     Company Name   -   City  ,   State      Planned, designed and implemented retirem [...]","description

about this role

overview

with most of the assets we manage related to retirement our firm has an important responsibility to help people all over the world to live out their later years with dignity and security since pioneering the target date fund almost  years ago we continue to pride ourselves on building communicating and delivering leading retirement solutions  keeping our clients at the heart of everything we do we combine teams of professionals with knowledge in the different functions required to make this effort successful including relationship management  sales investment strategy marketing and product managementultimately building a better retirement for all

the vice president integrated marketing will be a critical member of the retirement marketing team which focuses on client engagement product marketing and content marketing to accelerate commercial growth this person will collaborate closely with the retirement group as well as with partners across global marketing to lead the integrated marketing strategy and execution for retirement across us and canada institutional intermediarysold and end investor channels

this role can sit in the new york boston or san francisco location

key responsibilities
 define an integrated marketing strategy for our owned and paid marketing channels that is personalized by client segments
 lead a team responsible for digital events content marketing paid media partnerships etc articulate a clear vision and prov [...]"
357,Talent Acquisition Specialist,"VP, PUBLIC RELATIONS ACCOUNT DIRECTOR       Professional Summary    Dedicated and experienced communications and public relations vice president with a proven track record of success in the areas of food, retail, tourism, technology, science, biotechnology, healthcare, retail, non-profit and government. Media relations expert with history of securing placements in top publications and outlets. Highly regarded for leadership and execution of award winning public relations and integrated marketing campaigns.      Skills                    Work History      VP, Public Relations Account Director     09/2006  
                                to   Current      Company Name   –   City  ,
                              State      Strategize, direct, manage and oversee day-to-day and long-term communications and public relations activities for high profile accounts such as Ocean City, Md., Department of Tourism, OLD BAY, McCormick & Company, Marble Slab Creamery, Great American Cookies, Pretzelmaker, Hot Dog on a Stick, The Maryland Stem Cell Research Commission, The Maryland Technology Development Corporation, Nobel Learning Communities, Inc., and The Center for Eating Disorders at Sheppard Pratt.  Create, execute, and manage local, regional and national integrated marketing, media relations, public relations and branding campaigns that meet specific communications goals.  Demonstrate expertise in the areas of written communications, editing, media documents and press kits, feature and speech writing, message points, newsletters, interview coordination, internal and external communications plans, crisis communications and response, website copy and maintenance, marketing collateral pieces, and social media posts.  Serve as spokesperson and on-call crisis management and response and strategy expert.  Secure placements in consumer and trade media outlets.  Tops hits include the front page of USA Today, The Today Show, Studio B with Sheppard Smith, Fox & Friends, Newsweek, and [...]","onsite position

looking for a talent acquisition specialist

position talent acquisition  talent acquisition specialist

location san diego ca onsite position

position contract

minimum qualifications

 must have worked in a fastpaced recruitingsourcing environment for at least  years

 complex organization interaction

 can demonstrate navigation of complex scenarios related to recruitingsourcing

good experience with

full life cycle

technical recruiting

software engineering

hardware engineering

sourcing

interviewing"
358,Senior Software Engineer,"FINANCE MANAGER         Summary     Pro-active, results-oriented, deadline driven with broad experience in all aspects of accounting and financial management.  Solid planning and organizational skills in coordinating all aspects of each project from inception through completion.  Sees the big picture and plans appropriate strategies to achieve results.  Well disciplined with proven ability to manage multiple assignments efficiently under extreme pressure while meeting tight deadline schedules.  Strong team builder and facilitator, creates an atmosphere that encourages individual growth among accounting professionals while maximizing their potential and production.  Ascertains needs and goals, streamlines existing operations, envisions new concepts and looks for areas of improvement while following through with development and direction.  Clearly and effectively communicates direction, commits people to action with timelines, and transforms complex information into easily understood formats.        Highlights         SAP, Dynamics AX, AS400, SBT, IFRS, JD Edwards, MAS90, Great Plains and Quickbooks.  Access, SAS and SQL.  MS Office including Excel 2010, 2007 and 2003.  UltiPro, ADP, Report Smith, E-Time Heavy, TimeSaver, EZLabor and EasyPay.     Comprehensive experience in Organizational Re-Engineering  Inventory Control/Purchasing  Reporting/Process  Improvement Financial   Management/Analysis   Quarterly/Year-End Audit   Budget & Forecasting   Preparation/Administration   General Accounting/HR/Payroll   Staff Management   Business Analysis   GAAP/JSOX/ISO/SOX            Experience      Finance Manager  ,   12/2011   to   05/2014    Company Name   －   City  ,   State      Provide financial reports for three plants in the region.  Manage day to day operations to include overseeing all accounting functions, procurement, annual budget forecast, payroll and complying with SOX.  Work with corporate HR in regards to plant personnel and suggest personnel changes in the pla [...]","we are looking for a fulltime full stack senior software engineer who can work out of our office in reno nevada relocation assistance is available you should enjoy writing beautiful fast php to a high standard in a timely and scalable way that improves the codebase of our products in meaningful ways
responsibilities
 develop expert level knowledge of noip products infrastructure architecture and business model
 contribute in all phases of the development lifecycle
 develop and deploy new features procedures and tools
 troubleshoot test and maintain the core product software and databases to ensure strong optimization and functionality
 provide technical leadership to the team by assisting with complex technical problems help team members improve and grow as engineers
must have
  years of php development experience with recent experience in modern php practices frameworks and deployment
 comfortable with git linux ssh the command line and agile methodologies
 bs degree in computer science engineering or a related subject
nice to have
 experience with dynamic dns
 experience with vuejs and laravel
 experience with responsive frontend frameworks eg bootstrap foundation
 experience with scaling technologies eg containerization microservices event sourcing
 experience with nonsql database models eg columnar stores graph databases
 ms degree in computer science engineering or a related subject
join the noip team

we are looking for bright passionate and dedicated people with clearl [...]"
359,Bilingual Occupational Registered Nurse,"COSTUMER SERVICES         Summary     Costumer representative  with background as sandwich artist  and security looking to join a growing entrepreneurial organization as part of the Executive team.       Skills         Operations management  Financial records and processing  Quick learner  Client-focused  Computer proficient  Active listening skills  Telephone inquiries specialist  Cash handling accuracy  Superior communication skills    Top sales performer  Customer service expert  Strong communication skills  Superior organization skills  Store maintenance ability  Energetic work attitude  Adaptive team player  Cheerful and energetic  Telecommunication skills           Experience      Costumer Services   ,   02/2018   to   Current    Company Name   －   City  ,   State     Answered customer questions and took orders.  Assisted customers with finding solutions to their complaints, concerns and inquiries.  Recommended, selected and helped locate merchandise based on customer needs and desires.  Collaborated with customer service team members to give exceptional service throughout the entire shopping and purchasing experience.  Built customer confidence by actively listening to their concerns and giving appropriate feedback.  Extended customer subscriptions, offering discounts and promotions to ensure high customer retention rates.  Confirmed that appropriate changes were made to resolve customers' problems.         Sandwich Artist  ,   01/2017   to   02/2018    Company Name   －   City  ,   State     Executed all daily tasks and assisted other team members when needed.  Prepared food items, including sandwiches and other products to meet customer specifications.  Assisted customers, including answering questions and preparing orders.  Organized food preparation stations and replenished supplies as needed.  Delivered superior customer service focused on quality and meeting customer needs in a timely manner.  Cleaned and maintained all food preparation stations.  Traine [...]","the bilingual occupational registered nurse is a hybrid position who works as part of an interdisciplinary team to assist injured employees return to their preaccident jobs using best of practice process and protocols this position is ideal for a nurse who can consistently use a therapeutic relationship as basis for providing health recommendations to callers

requirements
 must demonstrate proven ability to communicate with patients in both english and french
 active carna license in with in good standing
 minimum of  years clinical nursing experience including  year in an acute care setting
 proficient computer aptitude and ms office skills
 can attend inperson meetings and work on site in calgary for  days a week option to work remote  days per week
 attention to detail
 focus on practical considerations
 measured thoughtful approach
 results oriented
 rapid and responsive approach
 readiness to cooperate with others
 readiness to trust and respect others
 subtlety and sensitivity
 this role will be based in calgary alberta

compensation annual compensation will range from  to  depending on applicant education experience credentials and performance a comprehensive benefits plan is available"
360,IT Help Desk Technical Support Agent (Remote/Telecommute),"INFORMATION TECHNOLOGY SPECIALIST       Professional Profile     Quality-driven and practical Systems Administrator with [Number] years aligning business systems with business policies and guidelines. Looking to bring strong analytical and problem-solving skills to an industry-leading software company.       Qualifications          CompTIA Security + CE SY0-401 Certified  Refined system debugging and diagnostic skills  Excellent analytical, interpersonal, communication and organizational skills  System administration  UNIX system performance monitoring  Team player and self-starter with the ability to operate without detailed work direction      Working knowledge of application servers, J2EE, Oracle, Unix O/S, Linux, LDAP, Database, Service Oriented Architecture and physical architectures, Mainframe, Remedy, Virtual Machine  High proficiency level in MS Office (Word, PowerPoint, Excel, Outlook)            Relevant Experience     Automated repeatable tasks where possible to increase efficiency.Consistently received a 100% rate of customer satisfaction.Performed root cause analysis to identify system errors and improve accuracy by 15%.Awarded with the Tech of the quarter for contributions to mission.       Experience      Information Technology Specialist     Sep 2013   to   Dec 2015      Company Name   －   City  ,   State     5 years of experience in the maintenance and troubleshooting of complex infrastructure.  Provide Help Desk Services first level of troubleshooting to all customers on multiple systems.  Use internally developed maintenance provider plans, procedures and tools to identify, troubleshoot, and diagnose failures and restore system capability to operations.  Analyze, diagnose and isolate failures to hardware Line-Replaceable units (LRU).  Directly replace or coordinate replacement of failed hardware LRU's with the maintenance provider or the vendor.  Collect data describing the environment at the time of the failure to provide root cause analysis is n [...]","why compucom overview

fully remotetelecommute positionwork from homewfhcompucom is now a part of the office depot family of companies come join a growing global company that has a laidback culture values your skills focuses on growing your career and promotes worklife balance competitive pay a generous timeoff policy and full benefits including  with matching are included in our benefits package this role reports to and partners with our offices in louisville ky and ft mill sc while working from home

our it help deskservice desk technical support agents spend their day on the phone coordinating diagnosing and troubleshooting incoming employee calls for a wide variety of clients and industries they are the first point of contact and representative for all support service requests these are requests for support for technicalit issues involving desktop and laptop application software or network services from local personnel or from employees using remote network access

what we need  what youll do responsibilities
 diagnose and troubleshoot enduser desktop application issues and provides an appropriate solution
 provides timely resolution of problems or escalation on behalf of the customer and ensures their satisfaction
 provides case status updates to management and endusers per service level guidelines
 documents and implements standard operating procedures and customer service guidelines relating to remote it support
 provide support for pcs laptops printers cell phones and [...]"
361,"Administrative Assistant III (Part time) – Remote, Work from Anywhere","SENIOR APPLICATION SPECIALIST       Professional Summary     Highly motivated, results and detail oriented leader with strong communication, leadership, and troubleshooting skills.  I have a proven track record in increasing staff development with a focus on quality improvement.  I am seeking a position that allows me to implement health care improvement processes and procedures.        Education and Training      Associate Degree  ,   Applied Science   June 1999     Robert Morris University   －   City  ,   State      Health Information Management          Healthcare Management    Devry University   －   City  ,   State      Course work in Healthcare Management        Skill Highlights          Staff training and development  Relationship and team building  Conflict resolution              Professional Experience      Senior Application Specialist     Mar 2014        Company Name   －   City  ,   State     Implement and support business office software solutions     Create and test application scenarios, including interfaces and device integration    Coordinate software version upgrades with various departments   Assists in project efforts related to charge capture, claims, remittance and cash management workflows  Support day to day maintenance of HB system. Includes daily checks, investigation, root cause analysis, remediation, and process improvement  Serves as the HB Data Courier lead   Provides on-call support during off hours           Revenue Cycle Trainer     Jul 2006   to   Mar 2014      Company Name   －   City  ,   State     Provided operational and technical support which enabled the business office to function efficiently and effectively.  Responsible for operational issues, resolution development and advanced integration through audit/review functions.  Conduct, deliver and arrange training programs for new employees and continuing education of current employees of the business office.  Evaluate old policies and procedures and update as necessary.  Acts as [...]","posting number 

position title administrative assistant iii

closing date until filled

location remote position

the public health institute phi is an independent nonprofit organization dedicated to promoting health wellbeing and quality of life for people throughout california across the nation and around the world as one of the largest and most comprehensive public health organizations in the nation we are at the forefront of research and innovations to improve the efficacy of public health statewide nationally and internationally



tracing health was launched in response to the public health emergency pandemic of covid our services include contact tracing and scientific support to counties and local health departments our highlytrained employees counsel contacts and connect them to community resources for the successful implementation of quarantine



position summary

the oregon public health institute improves health advances equity and responds to public health needs in oregon and beyond this position helps us do that by providing administrative and clerical support to the ophi team including its groundbreaking tracing health covid response program

reporting to the program administrator the administrative assistant iii provides remote general office support in the areas of fiscal payroll and human resources and assists with specialized projects as needed

pay  to  per hour the typical hiring range for this position is  to  per hour with an approximate annualized sal [...]"
362,Development Associate,"FINANCIAL ANALYST             Highlights        Microsoft Excel and PowerPoint (intermediate), Capital IQ (intermediate), FactSet (intermediate), SNL (intermediate),
Bloomberg (beginner/intermediate), SPSS (intermediate)              Experience      Company Name     July 2015   to   Current     Financial Analyst   City  ,   State      Support CEO and corporate operating committee directly by shaping and implementing AIG's strategy on a global level Initiate, evaluate and execute M&A deals and innovation investments in order to enable AIG's inorganic growth Selected Transaction Experience and Strategic Projects: 500 Million Divestiture Work with senior management to identify ~$208 million of allocated versus direct expenses in order to make normalizing adjustments to pretax operating income (PTOI) and drive up valuation price of divested entity Craft marketing language and organize flow of confidential information memorandum in order to prepare company leadership for management discussions with potential buyers Manage virtual data room, track buyer due diligence questions and assist in all steps of running the divestiture process Joint Venture Merger to Expand Commercial Business by ~$200 Million Analyze portfolio of joint venture partner in order to compare net premiums written of AIG's book of business to partner's Strategize with senior management to produce non-binding first round presentation in order to engage partner in equal and active ownership of the joint entity 20 Million Investment in Biotechnology Company Research business models, products, customers, technology and existing market share of private company and over 10 competitors in order to evaluate strategic rationale for investment Write memo detailing industry dynamics, analysis of peer strengths versus weaknesses and investment recommendation Selection of AIG Peers Build database of financial metrics including market capitalization, total revenues and assets, segment (property and casualty versus l [...]","about the organization

the asian american foundation taaf is a convener incubator and investor committed to accelerating opportunity and prosperity for the aapi community taaf supports the ecosystem of advocates and organizations committed to aapi causes so that together we can more effectively take action against hate and violence and build the infrastructure needed to improve aapi advocacy power and representation across american society we were founded to solve for the longstanding lack of investment and resources provided to the aapi community  particularly as antiaapi hate and violence persist at alarming rates we strive to be a catalyzing force for creating a permanent and irrevocable sense of belonging for the  million asian americans and pacific islanders across the united states learn more at taaforg

about the role

the development associate plays a key role in advancing our mission and vision through revenue generating activities and partnerships for taaf they will provide operational support for key areas within the development team by identifying and qualifying major donor prospects supporting donor stewardship activities and communications assisting with the planning and delivery of special events and ensuring that gifts are appropriately credited

responsibilities
 provide administrative support including responding to inquiries drafting correspondence and requesting and scheduling meetings
 ensure all donations are timely reviewed and reconciled in collaborat [...]"
363,Part-Time Sales Associate | Crowfoot,"SPECIAL FINANCE MANAGER           Summary    Seeking the position of Commercial Underwriter II where I may employ my expertise in Special Finance Management, Cost & Risk Analysis (LTV & DTI), Structured Negotiations, and Audit Controls. Providing the company with the highest level of strategic services and profitability.      Highlights          Strong management skills in strategic planning, organizational re-engineering, budget analysis, process, productivity, and quality improvement.  Talented in leading and developing business opportunities and marketing strategies to maximize profitability.               Accomplishments    Phi Beta Kappa Honor Society      Experience      Company Name     December 2011   to   February 2014     Special Finance Manager   City  ,   State      Managed and directed overall special finance administration and operation of automobile dealership.  Achieved an average 202 sales per month (126 new cars) 57% rise in overall sales within the first 3 months.  Re-engineered management methods which streamlined operations and increased sales.  Conducted ongoing analyzes to evaluate the efficiency, quality and productivity of operations.  Increased dealerships rating to #1 Dealer in the district and #1 in sales in the North East Texas Region; which significantly increased overall profitability for the company.  Developed and implemented employee relations programs to increase morale, productivity and efficiency.  Encouraged and supported a team-like work environment.  After taking over special finance management position, increased the SSI (sales satisfaction index) from the mid 80's to 96%.  Worked extensively with media personnel to coordinate advertising for print and radio.  Developed, directed and monitored comprehensive communications and advertising programs through implementation of various media designed to achieve desired results.  Organized, coordinated and implemented company's advertising and marketing strategies into everyday oper [...]","parttime sales associate  crowfoot
sales employees calgary ab catodayrequisition id 

urban barn is looking for a parttime sales associate at our crowfoot location in calgary alberta

our sales associates are responsible for representing the urban barn brand and providing our customers with the best shopping experience possible you will contribute to a percentage of the overall store sales by offering friendly service and product knowledge to help our customers create a space they love to call home

our stores are open  days a week so were looking for candidates who can work a variety of shifts ie weekdays weeknights and weekends

if you love beautiful home décor and helping people come put your passion to work at urban barn

who you are
salesdriven while being respectful and customerfocused passionate about interior décor and merchandising friendly selfmotivated and vibrant strong communication and listening skills

what you bring
 years retail sales experience open availability with the flexibility to work weekdays evenings weekends and holidays a talent for establishing rapport with customers and offering exceptional service proficient on a sales register andor computer system ability to liftmove stock weighing up to  lbs

why join urban barn
we dont just sell home décor we help furnish lifes biggest moments work for a proudly canadian company with stores in six provinces generous employee discount competitive salary with added incentives and bonuses commitment to your gro [...]"
364,Medical Office Specialist,"BUSINESS DEVELOPMENT  & MARKETING           Summary     Business Administrative professional with over 5 years of experience providing advanced office support to busy organizations. Strong contract administration skill, budget management and client relation skills.          Highlights          Florida Public Notary  Knowledge of HIPPA policies, guidelines & patient safety.  Medicaid billing using IGEA+ software  Ability to coordinate complex projects  Goal-oriented individual with strong leadership capabilities.  Excellent calendar management skills  Contract administration skills  Microsoft Office proficiency  Meticulous attention to detail  Self-directed                Experience      Business Development  & Marketing    November 2013   to   September 2015     Company Name   -   City  ,   State      Acts as a public relations representative externally and internal Conducts facility visits as directed by the CEO Maintain a high-profile visibility within the emergency transport service community Represent the CAI in different conferences.  Management of Social Media accounts.  Liaison between CAI and patient's family  Posted open positions on company and social media websites.  Created PowerPoint presentations used for business development.  Cooperated with Medicare, Medicaid and private insurance providers to resolve billing issues.  Office duties in general          Corporate Associate  / HR Assistant    August 2011   to   October 2013     Company Name   -   City  ,   State      Properly routed agreements, contracts and invoices through the signature process.  Organized files, developed spreadsheets, faxed reports and scanned documents.  Made copies, sent faxes and handled all incoming and outgoing correspondence.  Dissolutions and withdraws of Corporations, LLC, LP etc.  Maintain investors accounts updated in SharePoint and Dynamo.  Coordinated complex domestic and international travel arrangements for all top executives.  Provided  administrative support to the [...]","what do you think about this type of role

medical office specialist
memorial family medicine
location_on jacksonville fl united states
schedule fulltime  days  hrswkdays only
business_center admitting registration clerical and scheduling    job id 
s
introductionlast year our hca healthcare colleagues invested over  hours volunteering in our communities as aan medical office specialist with memorial family medicine you can be a part of an organization that is devoted to giving back
benefitsmemorial family medicine offers a total rewards package that supports the health life career and retirement of our colleagues the available plans and programs include
comprehensive medical coverage that covers many common services at no cost or for a low copay plans include prescription drug and behavioral health coverage as well as telemedicine services and free airmed medical transportationadditional options for dental and vision benefits life and disability coverage flexible spending accounts supplemental health protection plans accident critical illness hospital indemnity auto and home insurance identity theft protection legal counseling longterm care coverage moving assistance pet insurance and morefertility and family building benefits through progynyfree counseling services and resources for emotional physical and financial wellbeingfamily support including adoption assistance child and elder care resources and consumer k plan with a  match on  to  of pay based on years of serviceem [...]"
365,"Retail Commission Sales Associate - Fine Jewelry, Northridge...","ASSISTANT MANAGER         Highlights        Microsoft Office Suite              Experience     04/2012   to   Current     Assistant Manager    Company Name   －   City  ,   State      Manage an $8.4 million volume luxury shoe sales floor Recruit, train, develop, and manage a team of 15 to meet and exceed their sales goals Communicate weekly with buying office to maximize our market specific product assortment Successfully plan and execute various events such as product launches, product knowledge trainings, corporate events, client luncheons, charity events, etc.  Fulfill all management responsibilities such as oversee store opening and closing procedures, direct sales floor activities, assist customers, input and prepare sales reports daily, inventory control, etc.         06/2011   to   04/2012     Sales Associate- Designer & Salon Shoes    Company Name   －   City  ,   State      Competitive drive to succeed in a commission based environment meeting and superseding volume goals Maintained constant client communication and excelled in providing customer service daily Demonstrated in-depth knowledge of product and current market trends to meet customer needs Internship- Designer & Salon Shoes Received top volume performance award Worked closely with many levels of management on various store projects Sales Associate & Key holder Implement and maintain all merchandising directives and ensure execution of effective merchandising strategies Conduct regular audits of store paperwork, including overages/shortages, deposit slips, etc.  and track trends to ensure that cash control procedures are in place and observed Manage and conduct inventories.         12/2010   to   07/2011     Sales Associate & Key    Company Name   －   City  ,   State      Responsibility of shipping and receiving in all areas to ensure staff adheres to policies and procedures.  Create incentives to drive key business objectives and motivate sales team.         05/2008   to   06/2009     Assistant VP [...]","about
macys is proudly americas department store theres a reason weve been around for  years customers come to us for fashion value and celebration macys is also known for giving back to our communities

the magic of macys ultimately comes alive in our stores and our store colleagues are the ones making it happen they provide outstanding customer service create a memorable shopping experience and drive sales results a store position at macys seasonal parttime or fulltime is the perfect way to explore the world of retail some of macys top executives started their careers as parttime retail sales associates our store positions are ideal for forming relationships building teams and developing leadership skills to grow your career at macys macys stores are ideal for building capability in creating partnerships building teams and developing the leaders of tomorrow macys is the academy for retail careers

a store colleague position whether its a seasonal job parttime retail job or a fulltime career is the perfect way to launch a career in the world of retail many of macys top executives started their careers in parttime retail sales roles or as recent college graduates into our development programs in the various functions at macys

job overview
the jewelry sales associate is responsible for providing outstanding customer service in the jewelry  watch complex this includes meeting hourly sales and star rewards goals on a personal and departmental basis demonstrating superior produc [...]"
366,Furniture Product Sales Liasion,"KEYHOLDER       Summary    Creative, hands-on professional with expertise in art direction and project management,Marketing and special promotions      Highlights          Professional  photoshoot/modeling experience    Fashion Visual Merchandising     Professional runway experience,       Professional standing fashion model    Self taught abstract, visual , mix media artist  Professional photo shoot experience      Self-motivated professional            Accomplishments      KNOWLEDGE OF OFFICE PRACTICES AND ITS PROCEDURES, PUBLIC RELATIONS,RULES,POLICIES,PROCEDURE COMPLAINTS AND TRANSACTIONS BEING PROCESSED TYPING/ KEY BOARDING HAS DEMONSTRATED SPENDING EXTENSIVE TIME TROUBLESHOOTING AND ASSISTING CUSTOMERS OVER THE PHONE FOR GREAT CUSTOMER EXPERIENCE PROLIFIC SALES EXPERIENCE IN RETAIL BUSINESS AND PHONE ENVIRONMENT SKILL IN OPERATION OF OFFICE EQUIPMENT,CASH REGISTER E-MAIL, IN-PERSON CONTACTS AND OR BY OTHER MEANS OF INTERNAL AND EXTERNAL CUSTOMERS COLLATE AND CLASSIFY INFORMATION ABOUT DATA REFERRALS UPON REQUEST.        Experience      KEYHOLDER   01/2015   to   Current     Company Name   City  ,   State      -MOD, MANAGER ON DUTIE WHEN MANAGERS ARENT PRESENT  -OPEN AND CLOSING OF STORE  -RUNNING DAILY STORES PERFORMANCE REPORTS  -OPENING DAY AND END OF DAY PAPERWORK  -MANAGEMENT DUTIES, PUSHING ASSOCIATES TO SELL  -BACK STOCK COORDINATOR  -INVENTORY CLOSING  -CASHIER  -SAFE COUNT AND MONEY HANDLING   ​         CASHIER   09/2014   to   04/2014     Company Name   City  ,   State      -CASHIER  -MAINTAINING COMPLETE KNOWLEDGE OF ALL FOOD AND BEVERAGE ITEMS,PRICES,AND AVAILABILITY.  -EFFECTIVELY WELCOMING EVERY CUSOTMER WHILE PROVIDING GREAT SERVICE  -STORE MERCHANDISING,STOCKING AND ROTATING PRODUCTS  -EFFICIENTLY WORKING THE REGISTER TO COMPLETE MONETARY TRANSACTIONS   -UPON REQUEST RESPONSIBLE FOR COPYNG AND E-MAILING CUSTOMER RECEIPTS          SEASONAL SALES ASSOCIATE   10/2013   to   11/2013     Company Name   City  ,   State      -SEASONAL SALES ASSOCIATE, [...]","bennett gaynor is a staffing company who has a position available for a furniture product sales liaison is this more of what youre looking for

our client would like to expand their furniture line to sell more products and accessories many of the furnishings in their lines can range from  and up the company wants to offer consumers items such as specially designed hooks and hinges other furniture accessories they want to offer beautiful furniture as well as uniquely designed and crafted home accessories for peoples homes such drapery rods end tables lamps etc this person would implement ways to gain exposure and increase sales for their furniturehome goods area this role works with the store managers and puts together incentives ideas to increase traffic and interest and support the sales team as well the store in ny showroom for example has rooms filled with furniture and home accessories to give a potential client a visual experience of what a room in their home could look like besides displaying unique very limited pieces of furniture someone who has design and a lot of retail furniture designsales exp for a manufacturer or someone who has interior design exp who has strong coordination experience and has a thorough understanding of furniture this role would work closely with the wood shop and another department which deals with all the retail stores that are ordering product"
367,"Coach, Career Prep","CHEF       Credentials     National Registry of Food Safety Professionals Certified Food Safety Manager  National Registry of Food Safety Professionals Test Administrator/Proctor       Education and Training      High School Diploma     Jun 1991     Newington High School   －   City  ,   State            Summary    Passionate Chef with broad background in various culinary styles and positions. A natural leader with excellent interpersonal communication skills and the ability to get things done overcoming any obstacles.       Accomplishments     Voted Best Restaurant 2013  Multiple ""Best Of"" accolades       Experience      Chef     Oct 2016   to   Current      Company Name   －   City  ,   State       All aspects of an independently operated Hospital kitchen including staffing, payroll, menus, inventory/ordering, P&L, employee training and discipline, cleaning and equipment maintenance.      Monitor p&l and food and labor costs to maximize budget and minimize waste.      Interview, hire and train new staff.      Oversee Dietetic Techs and work closely with dietitians to ensure that all specialized diets were adhered to as well as creating flavorful recipes to enhance the taste and presentation while adhering to specific dietary needs.    Handle all cash deposits and maintain statistical reports to monitor trends and account for all money.    Reduced food costs by expertly estimating purchasing needs and buying through approved suppliers.   Provided courteous and informative customer service in an open kitchen format.   Systematically tasted and smelled all prepared dishes, and observed color, texture and garnishes.   Expertly estimated staffing needs and adjusted hourly schedules in accordance with demand patterns, budget and local labor laws.     Implemented and supported company initiatives and programs.   Effectively managed and assisted kitchen staff in producing food for banquets, catered events and cafeteria areas.  Ensured smooth kitchen operation by overseeing [...]",mlts career prep coaches are key members of the college prep team with primary responsibility for guiding fellows successfully through the month personal and career development curriculum based on the coachs own experience in a professional work setting contributing to the development of this curriculum and of seminar content engaging with corporate partners to learn more about their job opportunities and assisting with program execution and evaluation career prep coaches also learn about and assess the qualities required for successful candidates to secure top internship and career opportunities in business and coaches are responsible for ensuring the program delivers a class of highly qualified candidates to present to corporate partner organizations to this end coaches develop a keen understanding of the success profile expected in our target industries and have the ability to nurture and guide fellows through their development until they exhibit these traitsto succeed in this role candidates need a strong understanding of the college and internship experience a strong foundation in business that demonstrates a knowledge of corporate talent requirements high emotional intelligence and motivational skills and the ability to initiate relationships and build rapport with program fellows corporate partners and mlt staffwith significant growth underway in the career prep program mlt has options for both regular fulltime and contract opportunities postcovid these positions will [...]
368,Program Compliance Manager - Remote,"COORDINATOR         Career Overview     Committed and detail-oriented administrative professional with exceptional customer service and problem solving skills. Organized and energetic team player with a strong work ethic.       Skill Highlights          Microsoft Word, Excel  Microsoft Power point, Outlook  Spreadsheet development  Employee training and development      Coordination  Deadline-oriented  Creative problem solving  iMs Connexis proficient            Core Accomplishments     Verizon Wireless Winner's Circle for exceeding yearly quotas 2005, 2006  Administrative Office of the Courts Georgia grant recipient 2007, 2008, 2009, 2010, 2011, 2012  Criminal Justice Coordinating Council of Georgia grant recipient 2013, 2014, 2015       Professional Experience      Company Name     July 2003   to   Current     Coordinator   City  ,   State      Hire, train and supervise all interns, part-time and contracted employees  Responsible for allocation, acquisition, and budgeting of monies through grant writing and invoicing   Daily communication with Superior Court Judge/staff regarding compliance matters, court calendars, updates/changes in status, grant information and treatment provider standards  Review and present treatment provider contract to Superior Court Judge and Board of Commissioners Review and present the Department of Behavioral Health and Developmental Disabilities (DBHDD) contracts to Board of Commissioners and submit all qualifications, license and insurance information of treatment providers   Evaluate program through data reporting, grant writing, and other documentation and submit findings with recommendations to the Administrative Office of the Courts and the Criminal Justice Coordinating Council   Liaison between Drug Court/Superior Court Judge, District Attorney's Office, Public Defender's Office, Superior Court Clerk's Office, Carroll County Jail staff, Sheriff's office staff, Carrollton Police Department, and Georgia Department of Corrections Pr [...]","program compliance manager  remote

position description

this position is  remote you must live in the state of ohio to be considered

some travel is required per client needs

cgi federals housing sector team that partners with public housing authorities phas and the us department of housing and urban development hud to assist in the provision of affordable housing has an opening for a program compliance manager this is an opportunity to join an energetic team with a collaborative management group and work with affordable housing providers new team members receive indepth training to prepare them for their role additional training and professional development opportunities are also available for both the affordable housing industry and general business skills

the program compliance manager is responsible for ensuring that the housing choice voucher hcv program is administered in compliance with established housing authoritys policies procedures and hud rules and regulations the program compliance manager will oversee quality control housing assistance payments hap and utility allowance payments uap processing internal and external reporting fraud recovery informal reviews hearings and reasonable accommodation functions

your future duties and responsibilities

the program compliance manager will support the collection of data for regulatory filings coordinate and develop reports projects and assessment tools to verify compliance the program compliance manager will develop [...]"
369,Marketing Specialist,"TEACHER         Summary     Education professional driven to create an environment that promotes hands-on learning for children at all stages of the learning process.       Highlights          Microsoft Office   Smart Board  Geographic Information System   Engrade  Skedula  Working knowledge of Internet        First Aid and CPR Certified  Excellent classroom management            Accomplishments      Counseling     Developed and implemented the Fairness Committee, which is a restitution process run by students to help resolve peer issues in a positive, non-judgmental environment  Served as student mentor and counselor for students when academic problems and personal adjustments arose, meeting with guardians to reach solutions.    Plan Development     Monitored and facilitated weekly meeting of Student Council  Instructed and advised on leadership skills, incorporated a trip to Ramapo for Children to help instill those leadership qualities.  Developed a student-based constitution, and ensured its implementation.    Oversaw all student government issues. Coordinated with the COSA teacher to plan and implement school-wide events.   Organized and planned a Holiday Gift Giving event in conjunction With the Coney Island Generation Gap at the NY Aquarium.   In-cooperation with Diploma Plus High School and Coney Island Generation Gap organized and supervised a Teen Summit about success after High School and Greening the Community.   Organized and supervised  Student Talent Showcase.   Organized and supervised senior trip, prom, and graduation.    Ran fund-raising events including a fund-raising benefit concert for a young child who has San Fillipo Syndrome.    Coordinated a “Pay it Forward Campaign” in our school.    Community Service     Served as Environmental action team leader  Won two National Events and came in second in another event.   Instilled importance of conservation and protection of the environment, by beach clean ups, environmental awareness events, paperles [...]","the marketing specialist will work help develop marketing campaigns and communications that create market differentiation drive brand affinity and reinforce customer value the successful candidate will be a curious proactive marketer with experience in developing compelling communications and digital marketing campaigns working collaboratively with marketing product and sales teams

essential duties and responsibilities
 develop and execute datadriven marketing campaigns to drive brand awareness and achieve revenue goals
 help develop the overarching marketing communications strategy and tactics to optimize tax  accounting north americas digital channels
 develop marketing content including copy graphics blogs social posts email communications etc
 measure and analyze tax  accounting north america marketing initiatives promotions and campaign results optimizing and adjusting tactics as needed to achieve goals
 supports development of brand positioning and messaging that resonate with our target buyer personas and current market trends
 aligns and adjusts marketing plans by consistently looking for best practices and seeking market data on key trends
 maintains a library of brand assets and website pages with excellence

other duties
 performs other duties as assigned by supervisor

job qualifications

education bachelors degree or equivalent related experience

required experience
 minimum  years of experience in product marketing in the technology industry
 market launch exp [...]"
370,Software Engineering,"ELECTRONIC TECHNICIAN II         Profile     To acquire an electronic engineering position in an organization where my productive skills and experience will contribute to the success of that company. Committed, Motivated, Customer-service focused ,Forward-thinking Electronic Engineer with hand-on experience performing quality troubleshooting, electronics system design and development.         Professional Experience     09/2011   to   12/2014     Electronic Technician II    Company Name   －   City  ,   State      Job Summary  : Builds, Troubleshoots, and maintains test and repair of  manufacturing and inspection test equipment on C.O. telecommunications  equipment down to electronic components parts level.   Operates production test equipment. Monitors and performs calibration of test equipment and testers.Diagnose and repairs failed circuit boards and using a variety of diagnose tools including visual inspections. Collects data and interprets board failures.Train lower level Technicians.Troubleshoot, repairs, and maintains test equipment as needed. Diagnose and repairs failed circuit board using a variety of diagnostic tools           01/2005   to   01/2009     Construction Coordinator    Company Name        Prepares specifications and reports for construction projects and monitors the projects' status through completion. Exercise professional control and timely implementation and administration of limited scope capital projects. Assist in the preparation of contracts for consultants and contractors. Assure the corporation receives the best value for the lowest possible cost. Oversee the construction phase of assigned projects. Makes field inspections of residential, commercial, and other types of buildings and structures in all stages of construction. Daily inspections on overlay construction of multiple work orders, underground Fiber cable placement (Fios  FTTP Fiber to the premise), & Fiber splicing Quality Assurance on Fiber Closures, color codes, Fiber Termina [...]","job summary

randstad federal

we have over a decade of experience providing talent with clearance and workforce solutions that drive bottomline value for federal agencies and the organizations that serve them learn more about what we do meet our experienced team and get an inside look at the strategic partnerships that set us apart

lets talk about the role

location cliffton nj

remote capabilities no

clearance required secret

job summary responsible for research design and development of computer software systems in conjunction with hardware product development primarily responsible for the design and development of software products for a variety software applications participates in all phases of the software development life cycle including requirements analysis design implementation integration and test of software products

location clifton new jersey

job type contract

salary    per hour

work hours  to 

education bachelors

responsibilities

responsible for research design and development of computer software systems in conjunction with hardware product development primarily responsible for the design and development of software products for a variety software applications participates in all phases of the software development life cycle including requirements analysis design implementation integration and test of software products applies computer science engineering and mathematical analysis concepts and principles in the development of software for the target [...]"
371,Wordpress Web Developer,"ENGINEERING PROJECT MANAGER       Summary    Seeking long term employment where my experience, expertise, and education can be used to satisfy the needs of the company, as well as provide opportunity for personal development and career advancement.  Project Coordination is my strongest point and I accept any challenges that I encounter to get the job done.  I offer no less than one hundred percent commitment to my employer, co-workers and my work.  I am definitely a team player but work well on my own with no supervision.  I will bring to your company loyalty, dedication and great work ethics.      Highlights          Effective verbal and written communication and meeting facilitation skills  Proactive and adaptable self-starter  Self Motivated  Ability to prioritize and complete multiple tasks with little supervision  Punctual  Extroverted personality  Willing and available to work outside normal business, including weekends, to meet project deadlines  Proficiency in Microsoft Office:  Word, Excel, Outlook  Knowledge in Microsoft Office: Access, PowerPoint  Minor Accounting              Experience     11/2005   to   07/2008     Engineering Project Manager    Company Name   －   City  ,   State      Planned, directed and managed designated projects; Ensured that objectives were accompanied in accordance with outlined priorities; Analyzed results of operations to discover more efficient ways to utilize resources; Skilled in securing federal, state and local regulatory land-use approvals, including construction permits through Texas Commission on Environmental Quality (TCEQ); Vast knowledge in dealing with builders, homeowners, HOA's, and bank issues- in addition to diplomatically resolving concerns and complaints; Developed ability to work in fast-paced environment; Ability to follow instructions well and make decisions with no supervision; Assisted Civil Engineer in preparing lot layouts for Residential Development, Master Planned Developments, and International Deve [...]","design develop and test high quality software features by understanding user needs and implementing well designed code
 follow and implement the code with standards and best practices
 good communication sense of urgency  a good team player

skills  experience
 a bachelors degree in computer science engineering information technology or equivalent experience
  years professional software development experience with php on wordpress in an enterprise environment
 development experience in wordpress wp plugins php htmlcss  java script
 mysql linux git
 strong analytical and debugging skills testing and familiarity with common debugging tools"
372,Sr Accountant,"INFORMATION TECHNOLOGY SPECIALIST       Career Overview    Temporary/Permanent Service Representative PROFILE: Professional and personable in relating to customer and coworkers, over 10 years' experience in customer relations, excellent verbal and written communication skills.  Dependable, responsible contributor committed to excellence and success. Efficient problem solver with excellent decision-making, organizational, and interpersonal skills; able to effectively communicate with customers of all socioeconomic levels. Knowledge of principles and processes for providing customer and personal services; including customer needs assessment, meeting quality standards for services, and evaluation of customer satisfaction. Analytical thinker, relentless researcher and an experienced problem solver. Adaptable and able to work under pressure and remain productive in a fast-paced environment. Trained team members Ability to take charge with little to no guidance Excelled as a leader when in charge Trained in management procedures, analyzing data and the principle of business Communication Excellent interpersonal and social skills; experienced in successful team collaboration to achieve goals Effective oral communications using a phone, individual, group, training, facilitating & presentations Efficient written communications utilizing report writings, developing presentations, through emails and policies & procedures Customer Service Ability to resolve problems in a timely manner Professional and personable in relating with clients and coworkers Ability to remain calm, patient, and productive in a fast-paced environment Knowledge of principles and processes for providing customer and personal services.  This includes customer needs assessment, meeting quality standards for services, and evaluation of customer satisfaction       Qualifications        Microsoft Office, Word, Excel, PowerPoint, & Outlook. Microsoft Operating System
Proficient in Remedy and IBM ticketing syste [...]","salary range lower than you desire  but still wanted to share the opportunity

it is a remote position

the reinsurance operations team provides accurate and insightful financial analytical and claims information we support the internal and external core reinsurance programs by providing a foundation to establish and enhance strategic product offerings through traditional and alternative reinsurance solutions for our global customers additionally the reinsurance team safeguards company assets through proactive identification and management of reinsurance recoverables the second largest liberty mutual asset
 
as a senior accountant you are responsible for the thorough execution of book close and financial reporting processes in a deadline focused environment this position will use business acumen and strong analytical expertise to perform complex ad hoc analysis as well as communicate financial results accounting issues trends and business implications to management and other groups at the appropriate level of detail you will also work to continuously improve processes and innovate to ensure work is performed in the fastest most efficient means possible
 
the compensation for this role is dependent on experience and geographic location of candidate
 
responsibilities

responsible for the accurate and timely completion of monthly quarterly and annual book close cycles through effective planning monitoring and troubleshootingprepare andor input general ledger entries by utilizin [...]"
373,Warehouse Manager,"ADJUNCT INSTRUCTOR, VOLUNTEER CAREER ADVISER       Professional Summary     Administrative professional with extensive experience in academia, sales, customer service in a number of venues.  Highly competent in persuasive customer communication as particularly evidenced in the six years of serving as an on-line sales consultant and business owner. Desires a position in customer service where compelling communication plays a strong role.       Core Qualifications          Results-oriented  Excel in  all areas of customer service  Client-focused  Microsoft Office  Reports generation and analysis      Contract negotiation/review/drafting  Quick learner  Training and development            Experience      Adjunct Instructor, Volunteer Career Adviser     Oct 2013   to   Current      Company Name   －   City  ,   State     Teach courses on American and International Politics.  Work with career staff to assist undecided and graduating seniors.         Consultant (Company is being dissolved due to declining economy)     Jan 2009   to   Current      Company Name   －   City  ,   State     Began consultancy as a professional and academic writer specializing in grant writing projects.  Currently completing coursework in the extension program at the University California at Irvine program for certification as an Independent Educational Consultant.         Organizational Culture Advisor, Customer Service Agent (Project work)     Jul 2014   to   Oct 2014      Company Name   －   City  ,   State     Performed all duties related to the sales and promotion of architectural products.  Worked with Vice-President on conceptualizing new ways in workforce training.         Apparel Associate -Seasonal Position     Jan 2014   to   Jan 2014      Company Name   －   City  ,   State     Maintained organization of fitting rooms.  Managed return purchases.  Worked the register at times of peak business.         Secretary to the Board of Directors     Oct 2012   to   Oct 2013      Company Name   － [...]","the warehouse manager is responsible for the coordination of all warehousing activities as well as directly managing the flow of inventory into and out of the warehouse incumbent will provide direct leadership to all warehouse team members and must effectively collaborate with manufacturing quality planning and finance in order to meet business objectives

responsibilities
 collaborate cross functionally with manufacturing quality assurance quality control and other supply chain functions to ensure materials are available to meet production demands
 strategically plan and manage logistics inventory and customer service in the warehouse
 responsible for the preparation of documentation maintaining of records and coordination of logistics for material shipments including gmp and nongmp shipments
 ensures cycle counts are executed timely
 serve as warehouse representative for all internal and external audits
 prioritize schedule and assign team member tasks based upon production demands
 assist in the recruitment and selection of new team members actively lead the orientation and training of new employees
 coach counsel and evaluate performance of the warehouse team
 safeguard warehouse operations and contents by establishing and monitoring procedures and protocols
 use erp system to receive and stock parts counts and transfer of inventory to various locations
 ensure all inventory related documentation is complete accurate and recorded correctly in accordance with gmp requireme [...]"
374,Customer Service/Sales,"BEHAVIORAL INTERVENTIONIST         Summary     Personable education professional driven to inspire students to achieve personal and academic success.       Highlights                    Experience      Company Name    City  ,   State    Behavioral Interventionist   01/2010   to   Current       Demonstrate knowledge of growth & development as it relates to pediatric and adolescent populations.  Establish a positive rapport with clients to help resolve social, personal, and academic issues.  Utilize therapeutic listening skills in all client contacts to assist client in developing coping skills and positive behaviors.  Participate in treatment team planning meeting and/or family counseling sessions as requested.  Initiate monthly therapist contacts.  95% Compliance with agency policies and procedures.  Identify community resources to aid in client's treatment goals and aftercare.          Company Name    City  ,   State    Recruiter   01/2008   to   Current       Instituted an action plan to recruit new students using innovative methods to the College such as:  Forensic Botany Day, Summer Agri-Science Institute, collaborating with departments across campus (i.e.  undecided majors), meet with targeted prospects to build mutually beneficial partnerships to foster increase in enrollment, developed website presence (recruitment/marketing of academic programs) and by showcasing the College of Agriculture and Related Sciences via student-oriented media (i.e.  Facebook, Twitter).  Alex D.  Meredith * Ph: (302) 241-7315 * ameredith@desu.edu Advise students utilizing appreciative advising model to effectively advise on university policy and procedures regarding:  academic scheduling, career development, internships, co-curricular experiences and research opportunities throughout student's undergraduate experience.  Collaborate with faculty/stakeholders in enhancing professional development opportunities for students.  The Secretary's Scholars Program MonSanto Agriculture Futur [...]","job description
position purpose customer servicesales associates provide fast friendly service by actively seeking out customers to assess their needs and provide assistance these associates learn about products using our tools and provide information to customers in order to sell an entire project

associates in this position will learn how to greet qualify recommend and close every customer in their department and know how to handle basics in adjacent departments customer servicesales associates maintain the instock condition of assigned areas and ensure it is clean shopable and safe each associate has the responsibility of providing a safe working and shopping environment by following all safety policies  standards completing specified safety training immediately correcting hazards  unsafe conditions or reporting conditions to the manager on duty and working safely as not to endanger themselves coworkers vendors or customers

these associates work in cooperation with their department supervisor and other associates in their department as well as other departments specific store departments may include building materials décor electrical flooring garden hardware kitchen  bath lumber millwork paint plumbing and tool rental the customer servicesales position types may include department sales lead generator pro account sales sales specialist special services and customer order specialist

covid update due to the order of the nyc commissioner of health and mental hygiene orde [...]"
375,Retail Sales Associate (All positions),"SOFTWARE ENGINEERING CO-OP       Summary    Highly skilled  and Accomplished computer software specialist with more than 7+ years of technical experience in programming development across multiple platforms, software design, development and integration. 
Advanced knowledge of MySQL, CSS, C++ with expertise in all aspects of the software development life cycle, including requirements analysis, design, development and production support.  
Experienced Software Developer dedicated to constantly improving tools and infrastructure to maximize productivity, minimize system downtime and quickly respond to the changing needs of the business which does not exclude an intensive background in develop, testing, and debugging code, designing interfaces, and administrating systems and networks.
Tenacious hard worker, self-directed and motivated, great leadership skills, able to work as a team, and adaptable to a quick changing technical environment.      Highlights          MySQL, PostgreSQL, SQLite, NoSQL, LevelDB  Programming Languages: C, C++, Perl, PHP, Python, Go, JavaScript, Bash, SQL, Visual Basic,  .NET  Other Languages: CSS, HTML, XML, Markdown, Regular expression, SASS  Operating Systems: Linux, Unix  Tools: Netbeans, Vim, Visual Studio, MS Visio, MS Access, Wordpress, Git, Google Analytics, Docker, Microsoft Office package  Strengths include:  Full life software life cycle development expert  Programming and designing  Software testing / Troubleshooting / Advance critical thinking  Database  & Object oriented development  Website design & development & software engineering  Object oriented development  Work History_______________________________________________________  Full Stack Engineer  LogonTutor LLC - Cincinnati, OH  Design and implement an ecommerce website (in PHP) using MVC and OOP  Integrate 3rd party tools in PHP using XML API such as Authorized.net (for charging credit cards), an online whiteboard, and Paypal  Create an admin page (in PHP) that tracks user' [...]","description

you believe sports make people better so do we immerse yourself in an environment where passionate and skilled teammates thrive associates joining our team have an opportunity to serve and inspire athletes as part of the  sporting goods retailer in the country our teammates create a lasting impact on their communities through sport

parttime and temporary positions available
 cashier
 operationsfreight flow associate
 sales associate  apparel bikes  exercise team sports golf footwear lodge

sales associate duties include
 create a worldclass customer experience
 uphold company standards for merchandise presentation  make it look good
 s how passion knowledge dedication and commitment for the sports and activities we support in our stores
 comfort with cashhandlingringing
 promote company programs including warranty sales scorecard loyalty program privatelabel credit cards and other seasonal promotions

operations  freight flow associate duties
 maintain cleanliness of all areas of the store including offices and restrooms
 assist with unloading trucks and processing freight
 ability to bend stoop reach stand push pull and lift cartonsbins weighing approximately  pounds each repetitively

all associates are required to adhere to all safety policies and procedures additionally as business needs arise other tasks may become necessary
qualifications

success profile 
 flexible availability  including nights weekend and holidays
  years of retail cashier retail sales [...]"
376,Software Developer- Entry Level,"CONSULTANT         Qualifications          I am a senior IT infrastructure specialist and have 7 years of OEM administration and 6 years of DBA administration. I have Masters in Computer Applications (MCA) and a seasoned technical specialist providing business infrastructure solutions, services and support, according to defined processes. With an overall experience spanning 12 years and having worked for Oracle for a period of 11 years, I have a tremendous track record in IT support area for multiple products and applications with a great level of consistency and excellence. My expertise includes,  His expertise includes,  Project Management  Oracle Enterprise Manager  Implementation Specialist	*WebLogic Server Administration  Incident Management  Database administration	*Oracle Cloud operations  People Management  ITIL Service Management  Operations Management  Change Management	*AWS  Process capability  Technical support for 24X7 systems              Technical Skills        Skills    Experience    Total Years    Last Used    Operating System : Linux, HP-Unix, Solaris, Windows    9    12    2016            Work Experience     July 2016       Company Name          Consultant        Collaborate with Clients, customers to ensure successful implementations which includes.  Implement OEM 12c setup, Apply BP, Plugins, performance monitoring, notification set up.  Install/upgrade/patch Oracle Database, performance tuning.  Install/upgrade/patch Oracle WebLogic servers, deploy applications.         December 2014   to   June 2016     Company Name   City       Manager        Managed a team for Enterprise manager cloud control(Cloudem12c) for Oracle Public Cloud that supports and facilitates end to end monitoring solutions for Oracle cloud services.  Manage a global team for Cloudem administration (OEM 11g,12c) Create plans, work with team to execute the project plan in building new EM sites for Cloudem customers and administer them.  Recruit, work with new team members to br [...]","apprentice now has an excellent tech job opportunity for individuals looking to start and build a new career in technology as a software developer our client is an industry leader in technology services and consulting providing you a great job opportunity in the tech field to get your foot in the door

you will have the opportunity to work alongside a team of professionals to solve reallife problems and learn how to make an impact they will equip you with everything you need to know to make a meaningful impact as a professional within their organization and start your new career off right this is a fulltime salaried opportunity with benefits and no prior technical experience required

software development job duties may include but not limited to

responsible for developing solutions for clients using appropriate software

involves daytoday configuration build test support and maintenance

build and test interfaces for application development assignments test all code developed as per the defined quality process standard

develop userfacing applications that address the functional requirements while providing a superior user experience to the endusers

develop software and integration flows for clients

design execute and automate scenarios scripts and procedures

document software defects using a bug tracking system

participate in trouble shooting existing software issues and implement as per the change management process

design and configure interfaces needed to transfer [...]"
377,Senior Web Designer (REMOTE),"RN STAFF NURSE                 Professional Experience      RN Staff Nurse    August 2008   to   April 2014     Company Name   －   City  ,   State      Participate in multidisciplinary plan of care.  Follow Best Practice Protocols, Evidence based practice as well as patient-centered and team-based care.  Identify barriers to successful treatment and share with team.  Monitor,measure and report/document progress of interventions and outcomes.  Timely and effective communication of newly implemented changes to unit based methods of practice.  Accomplishments Management of Aggressive Behavior (MOAB) in house Certified Instructor, Patient Experience Champion, Shared Governance Chair of Policy & Procedure Committee, Oncology Certification, Implementation of unit Bedside Report and hourly rounding.  Skills Used Therapeutic touch/communication, teach back communication,assessments, IV care, telemetry care, wound care including wound vacs, dressing changes.  Age-based plan of care.  Excellent organizational skills.  Collaborative working relationship with unit team members as well as physicians, technicians, pharmacy, housekeeping and other ancillary team members.          RN- Resident Care Manager    July 2007   to   July 2008     Company Name   －   City  ,   State      Responsibilities Care Management of adult and senior patient population.  Knowledge of care levels including SNF, ECF, ICF, ALF, rehab and hospice.  Attending and participating in care conferences.  Development and distribution of expected outcomes to interdisciplinary team.  Assignment and direction of care provided by licensed staff across 24 hour schedule.  Reconciliation of monthly MAR's.  Disposal of out-dated/discontinued medications.  Development and monitoring of appropriate care plans, Accomplishments Created, communicated and modeled a unit Mission Statement.  Developed effective teamwork model for licensed staff and caregivers.  Skills Used Effective oral and written communication and organizatio [...]",the apply with seek option will be utilized for international applicants mainly australia if this does not apply to you please use the apply optionsenior web designer remoteif you care theres a place for you herefor a career path that is both challenging and rewarding join sedgwicks talented team of  colleagues around the globe sedgwick is a leading provider of technologyenabled risk benefits and integrated business solutions taking care of people is at the heart of everything we do millions of people and organizations count on sedgwick each year to take care of their needs when they face a major life event or something unexpected happens whether they have a workplace injury suffer property or financial loss or damage from a natural or manmade disaster are involved in an auto or other type of accident or need time away from work for the birth of a child or another medical situation we are here to provide compassionate care and expert guidance our clients depend on our talented colleagues to take care of their most valuable assetstheir employees their customers and their property at sedgwick caring counts join our team of creative and caring people of all backgrounds and help us make a difference in the lives of othersopen to remote work all locations within the usprimary purpose  conceptualize and design user experience projects and initiatives and oversee designers to ensure highquality work throughout the entirety of the projectessential functions and responsibilities creat [...]
378,Data Analyst/Manager,"INFORMATION TECHNOLOGY HELP DESK SPECIALIST             Highlights         Microsoft Windows Operating Systems 95, 98, 2000, ME, XP and Windows 7 along with expert knowledge in several other Applications such as Microsoft Active Directory, Microsoft Works, Microsoft Office, and Microsoft Outlook, SAP, CRM, ERP, Oracle, JD Edwards, Remedy, Great Plains, PeopleSoft, SharePoint, Avaya, Blue Pumpkin, Verint, Novell, VDI Platforms and Cognos.       Business process improvement  Cost-benefit analysis  Forecasting and planning  Advanced Excel modeling  Business systems analysis  SAP  Business requirements matrixes  Project management  Superb communication skills  Advanced problem solving abilities  Critical thinking  Decisive              Experience      Information Technology Help Desk Specialist    August 2014   to   Current     Company Name   －   City  ,   State      Diagnose and resolve technical hardware and software issues for incoming phone calls and emails while ensuring detailed documentation on all activity and communication with customers regarding their issue Display the ability to understand and communicate complex and technical information clearly and concisely Demonstrate proficiency in product knowledge and call handling skills Maintain accurate customer records & process changes Display the ability to work in a fast paced environment, providing efficient productivity while simultaneously providing superior quality service Research questions using available information resources and advise user on appropriate action Log all help desk interactions Identify and escalate situations requiring urgent attention Track and route problems and requests and document resolutions Maintain ticketing system and route all tickets to appropriate parties.          Quality Assurance IT Analyst    September 2011   to   January 2014     Company Name   －   City  ,   State      Display working ability to organize and follow complex and detailed technical procedures Responsible fo [...]","the data analystmanager provides oversight to the systems team and works with the larger management team to execute strategic plans to further develop the health homes program and create efficient and actionable data systems the data analystmanager is primarily responsible for billing compliance internal reporting to support quality assurance and data management measures and maintenance of collaborative relationships with hit teams at partner agencies
 oversee all aspects of hhccs internal and external data management systems and statistical reporting for department collaborate with senior management to develop and implement new systems when needed
 develop and oversee statistical reporting metrics and methods to measure program impact through client outcomes leverage external data sources such as nys office of mental health psyckes database and lead health home electronic health records for improved outcomes reporting for referral partners and funders metrics could include hospitalization rate preenrollment and postenrollment day readmission rate preenrollment and postenrollment and other metrics as identified by the management team
 monitor billing claims submission and remittance data to ensure all billable activity is submitted and reimbursed manage the creation and implementation of qa systems to ensure billing accuracy
 supervise data systems team recruit and hire new staff as needed provide onboarding training and coaching as needed ensure staff are performing duties a [...]"
379,It Systems Administrator Ii,INFORMATION TECHNOLOGY SPECIALIST           Professional Profile    To continue work in the Information Technology field while developing my skills in Information Systems and Networking.          Experience      Information Technology Specialist    April 2015   to   Current     Company Name          Set up and maintained the network infrastructure both wired and wireless configuration.  Setup and maintained all user's computers including hardware and software.  Set up and assisted users with their e-mail accounts.  I maintained security on our networks in which only company users could access the network.  Setup and configured users android phones so they could access the company's resources.  I maintained security on all companies' machines.          Computer Technical Specialist    September 2007   to   January 2014     Company Name   －   City        Set up and maintain all software on Faculty and Staff computers in a Windows and McIntosh environment.  Troubleshoot all software and hardware problems on user's machines.  Check network connectivity issues on the client side.  Set up and maintain all printers' scanners and fax machines for staff and faculty and students.  Configure and setup all PDA s for all faculty and staff.  Help maintain lab computers on the windows and McIntosh environment including hardware software and printing issues.  Assist network Administrators with setting up and maintaining the network and assisting with network issues including routers switches and servers.  This included DHCP server and Domain Controllers using active directory and a layer 3 thru 5 switches.  Captured and pushed images to and from workstations with a ghost server.  Pushed software packages to user's machines using a KBOX server.  Maintaining all classroom projectors which were connected to a smart board including the attached devices.  Installing and troubleshooting all software and hardware issues for the school of Engineering and applied science.  Serve as the prim [...],"corning credit union is seeking a systems administrator ii primarily responsible for ensuring the stable operation of the computer systems
 this includes planning developing installing configuring maintaining supporting and optimizing all server hardware software and network storage
 ability to selfmotive and selfdirect as necessaryeffective prioritization skills with the ability to execute tasks in a highpressure environment
 ability to excel in a teamoriented collaborative work environmenta bachelor s degree in computer science or related technical discipline preferred
 commensurate work experience will also be considered
 eoe mf disability protected veteran adp privacy policy  adp legal policy
 associated topics administrator equipment  infrastructure ip maintenance network router scom sccm tcp ip"
380,Accountant,"CORPORATE ACCOUNTANT         Summary     I am a highly motivated, hardworking College Graduate with hands on experiences in daily accounting practices looking to obtain a position with a company where I can utilize my analytical abilities and professional skills acquired through academic preparation and work experience. I am an accounting professional recognized for my self-starting abilities and skilled in regulatory reporting,accounting operations and tax accounting. I am matriculate, results-oriented and solution-focused individual with great motivational and leadership qualities that work extremely well under pressure in a team setting as well as on my own. Areas of personal strengths include but are not limited to:       Highlights          Organizational Skills  Communication Skills  Time Mgmt. Skills  Great Motivator  Analytical Abilities  Reliable  Delegation of Duties  Multitasking Abilities  Work Ethics  Problem Solver  Prioritizing Ability  Self Starter  Punctual  SAP   Microsoft Great Plains  QuickBooks  Microsoft Outlook Familiarity  Microsoft Access Knowledge      Analytical reasoning  Financial statement analysis  Strength in regulatory reporting  Compliance testing knowledge  Understands foreign tax reporting  Budget forecasting expertise  Account reconciliation expert  Complex problem solving  Strong organizational skills  SEC and call reporting proficiency  General ledger accounting  Superior research skills  Flexible team player  Advanced computer proficiency   In depth familiarity with Microsoft Excel  Microsoft Word Proficiency  Microsoft Power Point   Microsoft Publisher Knowledge            Experience      Company Name    City  ,   State    Corporate Accountant    04/2013         Prepare accurate and timely financial statements and supporting financial information.   Prepare daily journal entries and general ledger account reconciliations.   Prepare and analyze monthly/quarterly/annual financial statements and management reports accurately and [...]","vita healthcare group is a leading name in the skilled nursing world providing world class nursing care to the community for over a decade

we are seeking a dedicated accountant to assist in the operating of our facilities

if you are looking for an incredible office environment paid training and incredible room for growth this may be the position for you

the accountant is a key team member responsible for providing accounting and guidance to community management as it relates to the overall activities and programs of the community

accountant responsibilities
 provide accounting support and training to communities
 assist and support community executive directors and office managers
 prepare journal entries maintain accounts and facilitate monthly financial calls
 accounts payable and receivable account reconciliation and filing
 process and maintain community payrolls in compliance with company policies and state regulations

accountant qualifications
 prior accounting or bookkeeping experience
 associate or bachelors degree preferred or at least  years accounting experience
 ability to communicate effectively and concisely by both written and oral means with communities associates and vendors
 proficiency in accounting software and tools such as yardi quickbooks and microsoft excel
 organized able to prioritize and work as part of a team in an informal environment

accountant benefits
 competitive wages
 health insurance for those eligible
 voluntary benefits disability a [...]"
381,Medical Receptionist,"BUSINESS OFFICE MANAGER       Professional Summary    To obtain a full time position in Healthcare Environment where my 16 years of experience in the area of healthcare field, Customer Relations, Claims, Coding, Billing, Human Resources and Employee Management will be an asset.      Licenses    Bachelor's of Science in Health Administration ,  Certified Medical Billing Specialist   Health Information Management Certificate   Certificate in Electronic Medical Records   Medical Office Admin Certificate        Skill Highlights          Microsoft Word and Excell,   Medisoft Billing Software, CAD, ARCommand -Billing Software   Medicare/Medical and all other Insurance/Private Billing.   Advanced knowledge in HMO and Managed Care,   Computer literate, quick and easy learning skills,   Able to work under pressure.  Excellent Organization Skills,   Team Leader.
  High Typing Skills minimum of 70 + wpm..   Excellent Communication, Spelling, and Writing Skills  High skills in business management and knowledge of supervising employees.       Maintains strict confidentiality  Knowledge of HMOs, Medicare and Medi-Cal  Extensive anatomy/physiology knowledge  Medical Manager Software  Managed care contract knowledge  Electronic Medical Record (EMR) software  ICD-9 coding  Neurology billing expertise  Certified coding instructor  CPT and HCPCS coding  Internal medicine billing  HIPAA compliance  Medical billing software  Strong planning skills  Strong work ethic  Team player with positive attitude  Deadline-driven  Good written communication  Exercises good judgment            Professional Experience     January 2009   to   Current     Company Name   City  ,   State     Business Office Manager        Employee Management   New hire training   Hiring/ Termination   Verbal and Written Notices   Writing and implementing department Policies   Management of Employee task assignments/follow-ups   Customer Service for Patient Accounts   Management Medicare and Medi-Cal, Insurance Appeals an [...]","job description
we are currently searching for multiple medical assistants for two locations here in the jacksonville area to start asap
this position is fulltime with benefits including medical dental vision life disability insurance and a  retirement plan
essential duties and responsibilities
work closely with orthopedic physicians and physician assistants to coordinate the care and needs of patientsassist with clerical duties such as completing forms and chartingcheck physician schedules and prepare charts for needed test resultsorganize patient flow to keep physician on scheduleassist patients to exam room collect patient history and conduct screening per physician guidelinesrecord patients medical history vital statistics or information such as test results in medical recordsanswer patient phone calls and give instructions at the direction of the physiciandocument phone calls and prescription refillsmaintain clean exam rooms and instruments following infection control guidelinesfollow biohazardous waste standardsrestock exam rooms and maintain medical suppliesfollow universal precautions when assisting with patient caremaintain strictest confidentiality and adhere to all hipaa guidelinesregulationsclerical and computer duties are required to complete forms and chartingposition requirements
valid medical assistant certification aama or fl cna licensevalid cpr certificationhigh school diploma or ged requiredminimum  years medical assistant experienceorthopaedic experience [...]"
382,Sales Associate,"CONSULTANT           Accomplishments      Worked with Teach for India in conducting regular classes for under-privileged children as part of the CSR program at OSC Services.  Student Co-ordinator of the ILS Free Legal Aid Society for the years 2010-2012.        Experience      Consultant   04/2013       Company Name      Asset Finance - Drafting legal documentation necessary for cross-border aircraft financing and leasing transactions, with particular emphasis on clients based in the Asia Pacific region involving major global financial institutions, operating lessors and investment funds.  My experience includes acting for clients on commercial financings, operating leasing, aircraft sales, asset backed securitization and portfolio sales and financings.  Co-lead the Cape Town transactions support team comprising of 6 India qualified lawyers including transaction management, team management and providing subject matter expertise.          Senior Executive Compliance   01/2012   to   03/2012     Company Name      Acting as in-house counsel and preparing legal letters and notices and drafting and vetting service agreements, non-disclosure agreements, digital marketing partners engagement agreements, broker agreements, intermediary agreements, procurement agreements, employment contracts, licensing agreements etc.  Extending opinion and advises on host of operational, regulatory and legal issues concerning business operations.  Also responsible for preparing agendas for board meetings, preparing analysis reports, departmental summaries, performance summary of the company and drafting other communications as required by the management of the company.  Managing correspondence with the regulatory authority: drafting replies to show cause notices, maintaining record of communications, managing response and submissions to insurance regulators circulars and notifications.  16 May -14 June 2011	LAKSHMIKUMARAN & SRIDHARAN, Mumbai Legal research on Finance Act viz.  Importation [...]","company overview dollar general corporation has been delivering value to shoppers for more than  years
 dollar general helps shoppers save time
 by offering products that are frequently used and replenished such as food snacks health and beauty aids cleaning supplies basic apparel housewares and seasonal items at everyday low prices in convenient neighborhood locations
 dollar general operates more than  stores in  states and were still growing
 learn more about dollar general at 
 dollargeneralcom job details general summary act as the point of contact for customers
 assist in setting and maintaining planograms and programs
 stock merchandise adequately
 perform other duties as necessary to maximize profitability customer satisfaction and teamwork while protecting company assets
 duties and essential job functions unload trucks
 follow company work processes to receive open and unpack cartons and totes store merchandise in stock room or move directly to sales floor
 build merchandise displays
 stock merchandise rotate and face merchandise on shelves
 restock recovered merchandise
 assist customers by locating merchandise
 bail cardboard and take out trash dust and mop store floors clean restroom and stockroom
 comply with company policies and procedures
 operate cash register and flatbed scanner to itemize and total customers purchase bag merchandise
 collect payment from customer and make change
 assist with ordering merchandise using handheld scanners as needed
 clean fron [...]"
383,CDL-A Truck Driver - $5K Sign On Bonus,"JEWELRY DESIGNER AND OWNER       Summary     Skillful and dedicated Executive Assistant with extensive experience in the coordination, planning and support of daily operational and administrative functions in a highly confidential environment.       Highlights          Microsoft Office proficiency  Proper phone etiquette  Time management  Flexible  Professional and mature  Strong problem solver  Works well under pressure      Social media knowledge  Database management  Customer service-oriented  Meeting planning  Travel administration  Legal administrative support  Self-starter            Experience       Current     Company Name   City  ,   State     Jewelry Designer and Owner        Hand crafted beaded and one-of-a-kind clay jewelry creations.  Store presence on Etsy.com.  Business is promoted throughout various social media outlets.  My objective is be involved in local arts and crafts shows.         September 2013   to   April 2015     Company Name   City  ,   State     Logistics Service Representative        Safely transported lab specimens, medical records, pharmaceuticals, x-rays, hospital supplies, interoffice mail, and related material.  Operated a hand-held scanning device to accurately track items through the transportation cycle.  Strictly observed operating policies, procedures and service schedules.  Demonstrated safe and courteous driving behavior.  Presented a professional image to clients and the public through appearance and interaction.  Conducted pre/post trip vehicle inspections and maintained a clean, neat, and orderly vehicle.  Provided highest level of customer service.         April 2009   to   August 2013     Company Name   City  ,   State     Courier/Driver        PRIME INC: Over the road team truck driver; refrigerated division transporting goods throughout the US and Canada Courier of expedited small package delivery throughout Ohio and surrounding states.  EXPRESS-1: Over the road team truck driver; box truck division transporting good [...]","hiring cdl a company drivers in ohio
starting at  average yearly pay
truck driver benefits
average    per year
average    per week
   sign on bonus varies by location
regional semi local and local routes available
monday  friday schedule
different dedicated runs varies by location
newer trucks with no slip seating
quarterly safety bonus
paid holidays
comprehensive benefits package
truck driver requirements
class a commercial drivers license cdla
 months of tt experience in the last  yrs or  years experience in the last  yrs
 yrs of age
eeoaaamfvetsdisabled

about cardinal logistics

cardinal logistics operates one of the largest most diverse dedicated fleets in the us our logistics experts work with clients to improve transportation network visibility increase fleet utilization drive efficiency and reduce cost by developing and implementing customized transportation solutions that best fit their needs

call a recruiter"
384,Banking Center Supervisor,"TEST ENGINEERING       Profile    I am seeking the challenging position with a technology company that will allow me to apply and enhance my skills of being Test Engineer to their fullest potential. Possessing over 10 years of experience in the electronics manufacturing and test engineering environment can bring high level of responsibility and technical role in your company. In addition, I am eager to contribute my creativity and hard work towards the success of your company and to the growth of the fast developing field.      Areas of Expertise          Digital/Analog and RF Circuits Design Techniques and Troubleshooting, used Agilent E5061B-3L5 LF-RF Network Analyzer for troubleshooting  Proficient with circuit board and microscope soldering skills and rework  Interpret in reading schematic diagram for AC/DC circuits  View Expert CAD Design software operating experience  TEXMAC Flying probe 9000 series program experience  Agilent 83480A Digital Communication Analyzer operating experience  Employment Hands on Computer Skills  Python Scripting for test automation  Solaris 10 OS, Linux Mandrake and Red Hat OS Configuration  SQL Server Configuration  UNIX Script & Shell Programming  Networking Essentials  Networking Cabling Cat5e, Cat6 and Fiber Optic  TCP/IP and OSI Layers Knowledge  Windows XP Pro-Win 7 Mac OS X Leopard  PC Hardware Installation PC Troubleshooting  PC Software Installation Routers and Switches  Cable Modems Experience  Network Subnetting, routing and addressing              Professional Experience      Test Engineering     Feb 2006   to   Current      Company Name   －   City  ,   State     Perform component debugging on the complex android mobile technology products with Android Debug commands.  Bring up ongoing reliability lab for the android device compliance testing that includes tumble test, drop test, button cycling test, thermal testing and humidity environment testing.  Troubleshoot and perform final root cause failure analysis on the compon [...]","how would you like to join a successful and growing multibillion dollar bank with branches in new jersey and eastern pennsylvania provident bank is looking for a talented banking center supervisor to work in our clifton new jersey branch to promote our commitment to providing exceptional customer service

qualified candidate must possess excellent sales customer service and people skills prior retail experience preferred

with your commitment in the banking center supervisor role provident bank can help you advance in your career and climb the ladder of success

position summary

the banking center supervisor provides exceptional customer sales and service while attending to customers needs the bcs creates and fosters a cohesive team and promotes a positive work environment while overseeing the bank associates who perform both routine financial transactions andor customer service functions the bcs may cover multiple branches within the region they will assist tellers with more complex tasks and schedules the work flow and demonstrate sound judgment and accountability with operational standards they will provide leadership conflict resolution process improvement and communication to the bank associates responsible for performing audit functions participates in daily branch opening and closing procedures and required to perform operational tasks coaching and performance management in the absence of the banking center manager the bcs will be responsible for the overall branch ma [...]"
385,Test position,"Summary    Sous Chef, Lead Cook and Supervisor with 4 years experience in high-pressure culinary environments. Skilled in preparing large volumes of food quickly and efficiently. Seeking to use culinary skills and expertise to prepare a special variety of dishes in a professional, rewarding environment.      Highlights          Food Cost   ServSafe certified    Bilingual  Rational Degree    Inventory management familiarity    Focus on portion and cost control      Sous vide technique  Strong butchery skills  Food handlers card  Focused and disciplined  High volume production capability  Well-tuned palette            Accomplishments     Successfully managed a kitchen staff.            CHEF DE PARTIE         Experience      Company Name    City  ,   State    Chef de Partie    01/2016   to   Current       Reduced food costs by expertly estimating purchasing needs and buying through approved suppliers.  Consistently produced exceptional menu items that regularly garnered diners' praise.          Company Name    City  ,   State    Sous Chef   05/2015   to   01/2016       Provided courteous and informative customer service in an open kitchen format.   Expertly estimated staffing needs and adjusted hourly schedules in accordance with demand patterns, budget and local labor laws.            Company Name    City  ,   State    Chef de Partie   04/2014   to   05/2015      Expertly estimated staffing needs and adjusted hourly schedules in accordance with demand patterns, budget and local labor laws.          Company Name    City  ,   State    Lead Cook    07/2013   to   04/2014       Followed proper food handling methods and maintained correct temperature of all food products.      Established and maintained open, collaborative relationships with the kitchen team.             Education      GED  :  Culinary Arts   2012     Culinary Arts California  ,   City  ,   State  ,   USA    Culinary Arts        High School Diploma        City  ,   State  ,   USA            Languages    En [...]",this is a test
386,CNC Programmer,"ENGINEERING TEACHER       Professional Summary    To obtain a challenging position in the field of Engineering and to work within a team environment, where I can contribute my skills and experience to a client focused, dynamic organization.      Core Qualifications          Proficiency in  AutoCAD    Computer proficient      Microsoft Office    Autodesk Civil 3D    GIS    Construction cost estimating    HVAC Design    Autodesk Inventor Pro    Autodesk Revit                    Experience      Engineering Teacher   09/2014   to   Current     Company Name   City  ,   State       Update lesson plans each semester to stay relevant in the field of engineering and technology.  Utilize variety of teaching styles, such as group discussions, lectures and simulations to maximize student interest, participation, and comprehension.  Integrate creative learning strategies for students who are learning engineering design project presentations.  Provide students with hands-on CAD software activities and an overall concept of engineering and technology.  Assist in two robotic clubs for students who wish to excel in science, technology, engineering, and mathematics projects.  Attend a variety of ongoing professional development workshops centered on learning goals.  Sponsor in multiple seminar field trips for students who are interested in pursuing an engineering career path.          Civil CAD Supervisor   10/2013   to   09/2014     Company Name   City  ,   State       Provided hands on software training for each CAD drafter to utilize the latest version of Autodesk Civil 3D.  Supervised the CAD drafting department with design projects to ensure quality control and manage production.  Coordinated with professional engineers, surveyors, inspectors, consultants and construction managers concerning active projects.  Ensured all assign work to be completed in a timely manner and attended project management meetings to focus proactively on the scope or work for each project.          Adj [...]","cnc programmer

we are currently seeking a fulltime cnc programmer to join our team in our hawthorne ny  location in a salaried position

who we are
founded in  clarapath s mission is to transform the laboratory space and advance how hospitals provide laboratory care our company is strategically backed by one of the largest hospitals in the country as well as visionary pharmaceutical and academic leaders in collaboration with our partners we aim to improve patient care through our automated processing analysis and diagnostics technology

from our fully automated precision sectioning technology to worldclass imaging and analysis expertise our team is building a robotic system that will impact the future of digital pathology we offer challenging opportunities to join a uniquely innovative company that straddles the worlds of medical devices robotics industrial automation and technology
to learn more about us please visit us at

about the role
clarapath is looking for a solidcam programmer who can create programs for a axis cnc and a cnc lathe and who also has machine shop experience in a manufacturing environment the cnc programmer will produce parts in a production and rd setting and will collaborate with engineers for dfma and optimal machining designs

what you ll do
core duties and responsibilities include the following
 fully operate  axis cnc in the order of making parts
 operate any type and size of single spindle or multiple spindle on a variety of operations drilling r [...]"
387,Equity Research Biotech Associate,"HEALTH COACH            www.linkedin.com/in/caitlinmaska truefoodandwellness.com       Professional Summary     Driven and compassionate health and wellness professional with eight years of experience. Accountable, organized, and responsible with a strong focus in health education, clinical nutrition and exercise physiology.       Education and Training      Master of Science  ,   Applied Clinical Nutrition   2014     New York Chiropractic College   －   City  ,   State      Outstanding Academic Achievement, overall GPA 4.0        Master of Science  ,   Exercise Science   2008     State University of New York at Buffalo   －   City  ,   State      Outstanding Academic Achievement, overall GPA 3.87        Bachelor of Arts  ,   Biology   2004     State University of New York at Geneseo   －   City  ,   State            Professional Experience      Health Coach     Mar 2012   to   Current      Company Name   －   City  ,   State    - Provide health coaching to employees of multiple corporate clients (e.g., Procter & Gamble, The Hartford).  - Collaborate with participants using motivational interviewing and an evidence-based approach to develop a health goal and action plan geared towards behavior change.        Clinical Nutritionist and Exercise Physiologist, Owner     Aug 2011   to   Current      Company Name   －   City  ,   State    - Promote awareness of current health and wellness research, news and content through social media.  - Provide nutritional consultation and exercise prescriptions to clients.        Speaker/Health Educator     Jul 2011   to   Current      Company Name   －   City  ,   State    - Present health and wellness seminars.  - Perform biometric assessments (i.e., height, weight, BMI, body fat percentage) and review lab results (e.g., cholesterol and blood glucose).        Health Educator     Jun 2011   to   Feb 2012      Company Name   －   City  ,   State    - Assisted participants in developing health goals and behavior change.  - Collaborated with a [...]","research

morgan stanley investment research is uniquely committed to being an essential part of our clients investment process we strive to be the sellside research provider that best understands the buy side through relevant and timely conversations with leading investors we focus resources on riskreward essentials identifying the investor debates assessing the potential outcomes and uncovering the evidence our clients need to validate their investment decisions our equity analysts cover some  stocks our economists strategists and fixed income analysts cover all major regions and other asset classes around the globe

equity research

the equity research department is responsible for researching macroeconomic and microeconomic conditions along with company fundamentals it also collects and analyses financial information to make investment recommendations on stocks in specific sectors research analysts build financial models to explore alternative scenarios examine industries and communicate with companies and investors equity research team members discuss their analysis and investment recommendations in research notes a career in investment research at morgan stanley demands a commitment to excellence and a passion for the markets as well as the highest level of integrity

we are currently seeking an experienced biotech associates

primary responsibilities
 creation and maintenance of earnings valuation and industry models leveraging skills in accounting finance and economic [...]"
388,Customer Service Agent,"BUSINESS DEVELOPMENT COORDINATOR/EVENT COORDINATOR           Summary    Dynamic and creative Business Development Coordinator with a successful career in marketing,promotions,public relations,project and communications management.      Highlights          Event Management  Negotiation skills  Customer Targeting  Polyglot      Social Networking  Online Marketing Strategies   Teamwork  Problem Solver            Skills    Responsible and reliable,Highly motivated for career advancement,Able to deal in a mature manner with problem solving,Willing to learn and accept constructive criticism,Willing to help,Good attitude around others,Calm and focused,Good knowledge of social media,Able to use own initiative and work as part of a team,Excellent communication and organizational skills,Versed in all aspects of marketing campaigns from concept development to execution and launch,Skilled marketing professional focused on exceeding revenue goals,Builder of strategic partnership,New customer acquisition expert who emphasizes a mix online and offline marketing strategies.      Experience      Company Name     November 2013   to   Current     Business Development Coordinator/Event Coordinator   City  ,   State      Identify Customer care needs.Networking during events and established good and strong relations, in particular with the main  Businessassociations and Companies of the city.Screen potential Business deals by coordinating requirements,developing and negotiating contracts,integratingcontract requirement with business operations.Co-develop and implement strategic marketing.Identify specific opportunities to direct marketing efforts toward particular based practices areas and clients.Deal with the Chamber of Commerce and The Italian Consulate.Researching markets to identify opportunities for events.Leasing with clients to ascertain their precise event requirements.Producing detailed proposal for events.Agreeing to,and managing a budget.Identify professional and trade associ [...]","are you interested in working from home and making your own schedule have you been searching for the right moment to start a new sidegig or maybe even start a new career

look no further we have the right opportunity for you

we are searching for a remote customer service agent to help others by booking memorable and amazing vacations all from the comfort of your own home

as a remote customer service agent you will be responsible for creating or completing clients trip itineraries in addition you will be the main contact in the event any issues were to arise prior to or during travel

responsibilities
 communicate with customers via phone email and chat
 provide knowledgeable information regarding travel destinations culture weather
 work with variety of vendorssuppliers to meet clients needs
 update clients records as necessary

qualifications
 must be  years or older
 must be authorized to work in usa
 must be excited  willing to learn"
389,E-commerce Project Manager,"BUSINESS DEVELOPMENT MANAGER         Professional Summary     Seasoned business development professional seeking leadership position with increasing responsibility and room to contribute to company success. Accomplished Business Development Manager with innovative leadership style and expertise in brand positioning strategies. Outstanding sales, marketing, business development and account management talents with great influencing and communication strengths. Personable team player able to relate easily to people of all backgrounds with consultative, flexible approach. Strong record of accomplishment over 20 years in sales and marketing with a > $10M territory. High-achieving Business Development Manager offering 20-year track record of success improving sales and growing company customer base through effective program management, strategic planning and team leadership. 20 years of experience converting sales leads and effectively managing multiple territories. Highly skilled in forecasting, project management and strategic planning and top-notch communication abilities.       Skills          Key decision making  Marketing  Verbal and written communication  Strategic planning  Excellent at Networking  Relationship building and management      Conflict resolution  Goals and performance  New business development  Territory management  Account management and development  Product and service sales            Work History      Business Development Manager  ,     03/2014   to   10/2019     Company Name   –   City  ,   State      Accounts included Skyworks, Finisar, Broadcom, Macom, On Semi, Microchip, GCS, Northrop Grumman, NXP, Cypress  Grew territory from $200K/year to $3M/year  Organized trade shows - Semicon, CS Mantech  Devised SWOT analysis to create and execute business plan supporting achievement of established quotas  Capitalized on industry and marketplace trends to strategize solutions and enhance business operations  Established relationships with key decision- [...]","one rockwell is a rapidly growing ecommerce design strategy and technology firm with a portfolio of notable fashion beauty and lifestyle clients together we work to transform digital shopping experiences and establish a solid online brand identity for our clients we are seeking a project manager motivated to nurture their career and contribute to a growing and evolving agency this opportunity will allow you to build relationships with our highprofile clients as well as work in a highly collaborative team setting this role is focused on our growth and managed services offering for brands with preexisting sites you will report to the director of managed services and director of client services

responsibilities
 ownership of daytoday client communications and building of longterm relationships
 collaborate with the internal creative strategy business analyst and development teams
 understand project goals gather requirements participate in scoping and deliver estimates
 collaborate with resourcing manager to produce project timelines and delegate tasks
 monitor progress and provide financial tracking updates to manage client and internal expectations
 organize meetings and facilitate calls taking meeting notes and prioritizing tasks
 coordinate with thirdparty partners to define roles and responsibilities for project execution
 proactively participate in solutioning and troubleshooting
 participate in quality assurance testing
 produce statements of work and change orders
 iden [...]"
390,Real Estate Acquisitions Analyst / Sr. Analyst,"FINANCE SPECIALIST       Summary     Highly motivated and results-oriented professional with two years of experience in high-pressure finance and accounting environments. Innovative and adaptive thinker who constantly seeks to improve efficiencies and profitability       Highlights          Variance analysis  Financial modeling  Superior time management  Account reconciliation       Advanced Excel  Salesforce  Board Report preparation  10-Q and 10-K             Accomplishments       Reduced cost of processing payments in accounts payables by 95% from approximately $1.00 per check to $0.05 per payment   Team leader for new development process, Purchase Loan Accounting, and implementation of supporting SaaS, Evolv. Added $300,000 to monthly income, or approximately 43% of EBT.        Experience     09/2014   to   Current     Finance Specialist    Company Name   -   City  ,   State      Added detail-oriented, results-driven, and efficient mindset to Finance team of five.  Accounts payable, prepaid expenses, and fixed assets.  Acquisition of Riverside Bank in December 2014 that increased total assets from $550 million to $850 million.  Purchase Loan Accounting - M&A process that generated an additional 40% of monthly income:  On the job learning opportunity that greatly improved troubleshooting and problem solving skills.  Team leader in the implementation and use of software from Primatics Financial (Evolv).  Coordinated with consultants, Primatics Financial staff, and coworkers to meet all project deadlines.  Wrote procedures for monthly processing of Purchase Accounting and how to use the software.  Responsible for the calculation of the fair value of the Acquired Loan Portfolio for regulatory reporting.  10-Q and 10-K proofing, editing, and updating of financial tables led to the development of a strong ability to interpret key business performance metrics.  SNL Implementation: team leader in use of SNL web-based software (SaaS) that resulted in a live feed of gener [...]","we have been retained by a prominent and prestigious boutique real estate private equity firm to locate a quantitative financial professional to join the company in either its washington dc headquarters office or in their dallas office
 the firm has a year history of successful real estate private equity investing in all tiers of the capital stack and across all major real estate asset classes
 the company has raised over  billion of equity through multiple funds
 the company culture is respectful inclusive collaborative and entrepreneurial
 they are seeking a high potential highly motivated dynamic professional to join the company as an analyst  senior analyst
 this person will play an active role in all aspects of the acquisitions and asset management process and work directly with all members of the investment team joint venture partners financing sources and the brokerage community
 you will be exposed to a broad range of real estate products and investment structuring alternatives in this diverse entrepreneurial role
 this person will support the investment underwriting process which will include but not be limited to financial market researchanalysis debt analysis and due diligence related matters
 in addition you will be responsible for providing analytical support to the senior investment professionals and writing investment memos to support recommendations to the investment committee
 modeling complex acquisition and development investments
 relevant bachelors degree [...]"
391,CDL Local Route Delivery Truck Driver,"ADMISSIONS EXECUTIVE           Professional Summary     Highly motivated, creative professional with strong leadership and relationship-building skills. Experienced in applying principles of sociology to personnel handling, administration, education, management and marketing problems.         Core Qualifications          Microsoft Office  Training and development  Marketing and sales specialist  Group behavior and dynamics       Charismatic public speaker  Community resources specialist    Motivated team player    Natural leader  Organized and efficient            Experience      Admissions Executive    August 2015   to   Current     Company Name   -   City  ,   State      Evaluated program performance against expectations.  Maintained compliance with company and legal requirements.  Reviewed program needs and recruited qualified staff.  Inspired students to translate their academic interests into the real world by taking positive actions.  Counseled undergraduates in regard to educational and professional goals.  Communicated with the registrar's office to review and process requests for requirements waivers.  Organized recruitment and admission events for prospective students.  Served as an Academic Adviser for undergraduate students each year.  Worked with upper management to ensure appropriate changes were made to improve customer satisfaction.  Trained staff on how to improve customer interactions.          Customer Service Specialist    December 2004   to   August 2015     Company Name   -   City  ,   State      Developed, implemented and monitored programs to maximize customer satisfaction.  Resolved customer questions, issues and complaints..  Conducted weekly, monthly, and quarterly team meetings discussing company goals, productivity, and team building.  Developed rapport with the customer base by handling difficult issues with professionalism.  Addressed committee meetings and brought procedural ideas to steering committees promoting nutrition, physical a [...]","location cincinnati oh    mulhauser road suite  fairfield ohio 

ready to drive down the road to success join a multibilliondollar team right in your own backyard

who are we
poolcorp is the worlds leading distributor of outdoor living products with more than  sales centers and nearly  employees we proudly provide unparalleled service to our  customers

what drives us
being an employer of choice we pride ourselves on being the best of the best in our industry when describing poolcorps employees our ceo pete arvan said we have a passion to grow and a passion to deliver on our commitments simply put we hire great people to deliver outstanding results

why are we the best on the road

because youll be home every night  when we say local deliveries only we mean that
safety is  we have a responsibility to each other our customers and communities to focus on safety therefore we enhance our safety procedures on an ongoing basis to make sure our employees stay safe
no deliveries no problem  sometimes weather doesnt cooperate no matter if you have deliveries to make or not you are guaranteed at least  hours per week
we celebrate you  with  drivers poolcorp believes that safe driving and exceptional performance should be rewarded so we do just that through bonuses to celebrate your success
you want benefits youve got it our generous compensation and benefits package includes medical dental vision and k with company match

so end your job search here take the right turn and join our tea [...]"
392,Real Estate Acquisitions Analyst / Sr. Analyst,"ACTING GRADE 4  CUSTOMER/BRAND       Profile      Obtain a position that will allow me to utilize my strong abilities, educational background and the passion to work well with others. I am a motivated employee who is highly energetic, outgoing and detail-oriental. Handles multiple responsibilities simultaneously while proving exceptional customer service. Reliable and friendly who quickly learns and masters new concepts and skills. Passionate about helping customers and creating a satisfying experience.       Core Strengths          Attentive Listener  Excellent multi-tasker   Strong communication and interpersonal skills  Visual merchandising   Attention to detail      Bilingual  Usage of presentation software  Cash handling accuracy   Time management  Ability to work under pressure and to tight deadlines  Result driven            Work Experience      Acting Grade 4  customer/brand     Oct 2015   to   Jan 2016      Company Name   －   City  ,   State      A typical day as grade 4 is filled with coaching, developing and ensuring the store operations get fulfilled. Supporting and keeping open communication with management. Training and Coaching associates, Monitoring floor coverage and complete workloads.Ensure to maintain a positive work environment both internal and external. Grade 4 is required to work together with management and associates; perform variety tasks as assigned by leader on duty, such as customer engagement and daily operations. Grade 4 priorities are being in charge of Gapcards, Media Ambassador and weekly safety audits. When it comes to brand grade 4 are in charge, running shipment and merchandising and updating refreshers in a timely matter being well informed about remarked. Keeping the stockroom well maintained and keeping visuals up to date.         Sales Associate -      May 2015   to   Oct 2015      Company Name   －   City  ,   State        As a sales associate we demonstrate the finest customer service. We Speak with knowledge and confidence [...]","we have been retained by a prominent and prestigious boutique real estate private equity firm to locate a quantitative financial professional to join the company in either its washington dc headquarters office or in their dallas office
 the firm has a year history of successful real estate private equity investing in all tiers of the capital stack and across all major real estate asset classes
 the company has raised over  billion of equity through multiple funds
 the company culture is respectful inclusive collaborative and entrepreneurial
 they are seeking a high potential highly motivated dynamic professional to join the company as an analyst  senior analyst
 this person will play an active role in all aspects of the acquisitions and asset management process and work directly with all members of the investment team joint venture partners financing sources and the brokerage community
 you will be exposed to a broad range of real estate products and investment structuring alternatives in this diverse entrepreneurial role
 this person will support the investment underwriting process which will include but not be limited to financial market researchanalysis debt analysis and due diligence related matters
 in addition you will be responsible for providing analytical support to the senior investment professionals and writing investment memos to support recommendations to the investment committee
 modeling complex acquisition and development investments
 relevant bachelors degree [...]"
393,Sales Leader I - Business Banking Sales Manager,"VICE PRESIDENT       Executive Profile    Manufacturing and Operations Executive proficient in the design and development of Lean operations, processes and systems for an innovative LED products manufacturer operating in 28 countries. Expert at constructing new facilities, integrating acquired facilities, installing process improvements, building high-performance teams, and automating operations to improve yield. An experienced customer service executive with a proven record of establishing and managing first-rate highly profitable service organizations. Competencies Hard Skills Soft Skills Strategic/Operational Business & Financial Planning Quick and fervent learner Multi-Site Operations & Productivity Enhancement Team building and motivation International Sourcing & Supply Chain Management Foresighted and fastidious tactician Call center implementation & Management High emotional IQ and adept communication skills CRM implementations Calm and decisive under pressure Customer, Vendor/Supplier & OEM Relationships Technically and environmentally adaptable Budgeting (Operating/Capital) & Pricing Strategies Expert at negotiation Costing, Margin/Profit Improvement & ROI Experienced public speaker Extensive technical acumen Rigorous work ethic &  acute problem-solver Senior staff training and development Thought leadership      Skill Highlights          Strategic operational business and financial planning  Multi-site operations and productivity enhancements  International sourcing and supply chain management  Call Center implementation and mangement  CRM Implementations  Customer, Vendor/supplier & OEM Relationships  Budgeting (Operating/capital) & pricing strategies  Costing,margin/profit Improvements & ROI  Extensive technical acumen  Senior staff training and development       Quick and fervent learner   Team building and motivation  Foresighted and Fastidious tactician   High emotional IQ and adept communication skills  Calm and decisive under pressure  Technically a [...]","job profile

position overview

at pnc our people are our greatest differentiator and competitive advantage in the markets we serve we are all united in delivering the best experience for our customers we work together each day to foster an inclusive workplace culture where all of our employees feel respected valued and have an opportunity to contribute to the companys success as an business banking sales manager within pncs small business banking organization you will be based in piscatawaynew jersey

a business banking sales leader is responsible for coaching their team members on the skills needed to analyze evaluate and mitigate risk the business banking sales leader leads the team on credit requests by utilizing advanced knowledge of credit fundamentals and internal credit policies the leader motivates and develops team members while monitoring progress against individual goals in conjunction with our key service partners they will provide their team with support and coaching as they focus on the customers overall financial wellbeing leading to a bestinclass banking experience

job description

manages and directs a team to achieve business results and customer experience goals may have direct sales and client responsibilities oversees the execution of strategy

leads and coordinates the daily activities of team members engaged in customer andor prospect management activities achieves business results attracts new customers andor grows existing customer relationships by [...]"
394,Warehouse Manager,"ACCOUNTANT I       Summary     A business management graduate with significant experience in disability services, human resources and finance department; seeking to apply my abilities to position in a human resource department. Proven ability to deal with multiple tasks efficiently and maintain organization.       Highlights          Extensive customer service skills  Able to retain the confidentiality of paperwork and information  Flexible team player and quick learner, interested in new technologies  Able to meet deadlines and handle stressful situations in a professional manner  Microsoft Office:  Word, Excel, Access and Outlook  Knowledge of State accounting system[MMARS system], People Soft, System 7 and client tracking system  Excellent Communicator: Written and Verbal  Office Experience- Ability to create reports, analyze data and manipulate data              Accomplishments     Created a Pivot table for contracts department to utilize for renewal of contracts. Received an opportunity to grow as an employee after my internship.       Work History              Experience      Accountant I   12/2010   to   Current     Company Name   City  ,   State       Provide Administrative support to the Finance Unit and maintain orderly filing system for various departmental units Oversee and maintain the proper and appropriate systems for storing financial records and documents utilized by finance unit Assist Contracts and Accounts Payable department with clerical duties such as faxing, filing, copying and scanning and assisting with the creation and editing of documents, spreadsheets or PowerPoint presentations.  Process travel reimbursements, incoming payment vouchers and financial documents in a timely and efficient manner Assist with payroll projections made for  pay periods and end of the fiscal year Analyze financial reports for trends in major programs and to determine their effects on spending, and prepare financial projections accordingly Monitor internal budget [...]",the cocacola company  fulltime  as a warehouse lead with cocacola you will lead and direct the daily activities of warehouse teammates to ensure the safe and successful completion of all related daily warehouse activities and operations verify and ensure all applicable warehouse processes are followed train and lead warehouse personnel evaluate processes striving for continuous improvements lead and model the safety culture and strive for  compliance support lead and motivate a team to deliver resultshiring fast
395,Lead Commercial Counsel,"CONSTRUCTION MANAGER       Executive Summary    OSP/Construction/Engineering Manager with 33+ years of experience.  Strong strategic-planning and people-management skills.  Managing 30 to 40 union techs and contractors in the OSP Construction field to complete complex Fiber and Copper projects and make deadlines.
Successfully constructing and turning up 200 Cell Fiber Towers for the Automated Metering System for CenterPoint Energy in a 3 year time frame.  Working with a focused, motivated and performance driven team, meeting all deadlines for project projections.      Core Qualifications          Supervision and training  Complex problem solving  Team Leadership  Copper/Fiber Splicing  Cable Maintenance  OSP Aerial, Buried, Underground  Safety, Quality & Production Management  Cell Site Construction       First Aid & CPR  Alcatel/Lucent 8600 Training  Project Management  OSP Fault Locating  AutoCad Training  Customer Service  Budget Forecasts  Inventory Control  Union Meeting Organization  United Way Affiliate            Professional Experience     07/2014   to   01/2015     Construction Manager    Company Name   －   City  ,   State      Oversee material acquisition and placement of fiber for AT&T Manage 25 to 30 crews and coordinate job assignments Approve all red lines, invoicing, time sheets and expenses Work closely with engineering group to resolve and solve construction issues Weekly conference call for updates, projections, safety, quality and production Weekly job observations, safety meetings and truck inspections Accountable for every manager and technician in my location.         10/2012   to   04/2014     Supervisor    Company Name   －   City  ,   State      Evaluate approved technologies and architectures for application to specific requirements for plant additions to respond to requirements for growth and/or new services Design, develop, and define plans for the implementation of Fiber plant construction or modification of existing facilities to meet n [...]","at plaid our mission is to unlock financial freedom for everyone there has never been a better time than now to start building the future of fintech with us plaid powers the tools millions of people rely on to live a healthier financial life we work with thousands of companies like venmo sofi and betterment several of the fortune  and many of the largest banks to make it easy for people to connect their financial accounts to the apps and services they want to use plaids network covers  financial institutions across the us canada uk and europe founded in  the company is headquartered in san francisco with offices in new york salt lake city washington dc london and amsterdam liremote

the lead commercial counsel will join a multifaceted legal policy risk and compliance leadership team and report to the general counsel they will manage complex commercial transactions including negotiating enterpriselevel agreements and complex partner agreements you will take on unique challenges across a range of commercial agreements including complex data access agreements and agreements for commercialization of innovative new products you will be a strategic advisor to key stakeholders across the company and bring a businessoriented practical mindset to solving problems and closing transactions

this is a great opportunity to help build and scale the existing commercial legal team in a missiondriven company and offers exposure to many different legal and business issues this includes leading [...]"
396,Marketing Analytics Manager,"PROJECT COORDINATOR ASSOCIATE       Professional Summary     CES Talent Management Associate successful at designing company-wide onboarding, orientation and mentoring programs. Team-oriented Training and Development Coordinator who efficiently develops training processes and procedures for human resources teams.      Skills          New hire on-boarding  Training solutions development      Time management  Highly organized            Work History      Project Coordinator Associate     06/2014  
                                to   Current      Company Name   –   City  ,
                              State      WAG Ambassador Team Installation Quality Audit Reports: Coordinate tracking the Installation Quality Audit reports Result - IQA audits are complete in less than five days.  9Box Revie Coordinating a process to streamline common processes for the 9 box review for Global Off-Highway Customer Engineering Application Engineers  Result - The new process is scheduled to be in place Q1 2015 Conferences and Trainings: Coordinate the planning and logistics for conferences and trainings  Result - 99% of the participants of the Tier 4 Final Training rated the training beneficial UCC Ambassador: Support the team's learning and usage of new technology available such as Cummins Connect and Outlook 365  Result - Have multiple trainings scheduled to help the team to learn about Outlook the last  Week of October and first week of November Support Team: Support new hires and ensuring they receive training, learning about the CCW environment and about basic how to do tasks; support the team with PO's, Ariba, travel, scheduling needs, maintaining databases, tracking progress of projects and communicating with team project updates.  Trained staff during demonstrations, meetings, conferences and workshops.         Talent Management HR Associate     10/2011  
                                to   05/2014      Company Name   –   City  ,
                              State      Facili [...]","job description

this is an incredible opportunity to join a new team and practice within the larger corporate marketing team in an entrepreneurial startup environment with the resources of a year established brand in digital business transformation

our data  insights team brings data insights data science marketing technology operations lead management and prospect management into one to support our global marketing team we are a diverse global team which leads the dissemination of insights data and performance reporting to the rest of the organization

this role requires someone who is eager to search for uncover and present insights to our marketing team and executives that will shape the direction of the business and our revenue growth to enable this this individual brings together with ease technology analytics and clear communication of insights this individual brings together data across channels teams and tools to weave together a meaningful story of what resonates with our clients and why we should do more of what works

this individual will take on a large amount of responsibility early on and work independently to bring insights and thought leadership to the forefront in the form of
 preparing weekly monthly and quarterly impact reports which provide campaignlevel views and insights across channels into what is working and why this will include analysis of web activity lead and prospect activity content engagement movement of leads and opportunities with respect t [...]"
397,REMOTE FLEX - Construction Project Manager,"GROUP FITNESS INSTRUCTOR           Summary     Seasoned customer service specialist with background in providing advice on diverse customer situations. Results-oriented professional with diverse background in management and customer service. Dedicated to providing excellent customer service and making operational and procedural improvements. Talented leader and robust ability to communicate needs and effectively deliver knowledge to staff. Administer strong teams and efficient systems, positively impacting business growth and downsizing objectives. Attention to details.       Highlights         Client relations specialist  Conflict resolution techniques  Team management  Focused on customer satisfaction  Talent development  Training and development  Recruitment          Skilled multi-tasker  Scheduling  Deadline-oriented  Microsoft software proficiency  Meticulous attention to detail            Accomplishments      Played an instrumental role in increasing customer satisfaction ratings index from 75% to 86% within 5 years as Senior Customer Service Representative.  Provided required weekly, monthly and quarterly reports listing sales figures and client track records.  Assisted in the managing of the company database and verified, edited and modified members' information. Customer Service   Researched, calmed and rapidly resolved client conflicts to prevent loss of key accounts.  Preserved an accuracy of 90% during 10 years of employment.        Experience      Group Fitness Instructor    September 2010   to   April 2015     Company Name   －   City  ,   State      Explained ways to measure exercise intensity for the best results.  Designed each class to match the skill and learning levels of all participants.  Suggested exercise modifications to individual students to avoid strain and injury.  Encouraged members to continue attending group fitness classes.  Tracked class attendance and monitored class size to gauge the effectiveness of promotions.           Senior Cu [...]","construction project managerremote flexibility  new england summaryto support the managing and communication of information for all phases of construction projects including budgeting permitting contract documents material purchasing and procurement site services warranties and close out documents and providing as needed support to field superintendents to ensure that specifications are being strictly followed and work is proceeding on schedule and within budget project manager shall be responsible for field and office coordination contract documents and management of internal documents and recordsessential functions  major responsibilities of project manager
 communicating with project team and finding solutions to asis rfis and other questions that arise throughout the life cycle of the project
 reviewing submittal documents
 reviewing ownergc and gcsubcontractor contracts and exhibits for accuracy and relevancy
 tracking and managing project expenses material purchases and other budget items
 preparing and distributing weekly reports meeting notes agendas etc as required by project
 preparing distributing and archiving close out documents
 providing support to site superintendents to answer questions order materials etc as needed to ensure project schedule is maintained
 perform site inspections as required
 obtaining project permitssecondary functions
 assisting in project bidding and budgeting
 maintaining project documents digital and hard copy in an organized manner jo [...]"
398,Part-Time Retail Sales Associate,"CORPORATE DIRECTOR OF FINANCE           Summary    Profit-focused Director of Finance, an expert in cost reduction, forecasting and budgeting. Highly effective at encouraging outstanding performance from team members and colleagues. Skills Budgeting and financial management	Superior time management Lean implementation		Exceptionally organized Advanced financial analysis			MS Excel expert         Experience      Corporate Director of Finance    April 2014   to   Current     Company Name   －   City  ,   State      Manage yearly budget process for Great Wolf Resorts.  Oversee quarterly production of board book which is distributed to executive committee and owners.  Analyze budgets, financial reports and projections for accurate reporting of financial standing.  Proposed and achieved cost savings by reducing labor and operating expenses.  Train and develop a group of analysts.  Assumed ownership of forecasting and strategic planning.  Developed annual budgets in collaboration with eleven properties and executive teams.  Identified and investigated variances to financial plans and forecasts by interpreting financial results.  Managed an annual budget that grew 22.9% in 2 years.  Forecast operating costs for projects by strategizing with VP of Finance, Regional Vice Presidents and Chief Operating Officer.  Hold two monthly calls with property director teams and Regional Vice President to review 30-60-90 day forecast and review previous month's P&L.  Managing team implementing a new budget and forecasting system.          Senior Manager of Finance    June 2013   to   April 2014     Company Name   －   City  ,   State      Implemented labor management system.  Manage financial analysts.  Created labor metrics to compare lodges and a dashboard to be published weekly to ensure lodges were operating efficiently and in a profitable manner.  Hold two monthly calls with property director team and Regional Vice President to review 30-60-90 day forecast and review previous month's [...]","at kohls our strategy is to become the most trusted retailer of choice for the active and casual lifestyle be part of a team culture that values diversity and inclusion works hard to help each other succeed and celebrates each others wins to deliver a bestinclass experience for our customers about the role in this role you will engage and connect with our customers by providing excellent customer service through our hospitality mentality approach you will offer information to the customer on current merchandise assortment store promotions and events and execute operational processes effectively and efficiently to drive sales

key accountabilities

support sales hospitality operations people and conversion through our shop  program

drive sales
 drive sales by providing an inspiring environment that motivates customers to add to their basket

build trust to solve the customer shopping needs
 leverage omni channel offerings to deliver a frictionless customer experience
 accurately deliver on our operational processes bopus boss mls sfs

build rapport and make a genuine connection with the customer
 acknowledge and assist customers through our company programs
 complete transactions accurately and efficiently while engaging customers
 courteous and responsive to requests and questions
 answer questions quickly and accurately

be a savings consultant to help customers save with a kohls card
 converts opens and activates kohls card applications
 promote our loyalty programs by edu [...]"
399,CDL-A Flatbed Truck Driver,"ASSISTANT PROJECT MANAGER         Professional Summary     Confident Assistant Project Manager with demonstrated skills in many applicable construction management fields and stakeholder communication. Highly effective at tackling multiple tasks at once and working with lots of different personalities. Seeking similar position with driven, competitive and established company.       Skills          Scheduling of meetings  Client interfacing  Commercial construction  Residential construction  Effective communication  Construction management  Team oversight  Budgeting      Project estimation and bidding  Blueprints and schematics  Good multitasker  Strong team player  Knowledgeable in Excel, Word, Power Point, CMiC, ProCore, Bluebeam, P6  Navigate through Revit, Autocad, Navisworks  Cost control  Schedule management            Work History      Assistant Project Manager  ,     07/2017   to   Current     Company Name   –   City  ,   State      Mentored and guided associates in approaches designed to exceed expectations of customers and members  Adapted quickly to changing and competing project demands  Adjusted project plans to account for dynamic targets, staffing changes and operational specifications  Supported senior managers and department leaders by completing projects and problem resolution under tight budgets and schedule demands  Managed cost projections, prepared budgets and cost reports  Delivered high level of service to clients to both maintain and extend relationship for future business opportunities  Closely collaborated with project members to identify and quickly address problems  Review and assist in accurate exposure projections and actively work to reduce / eliminate these exposures  Managed upwards of 20 trades at different times during current project  Managed and completed cost reporting, additional sub management, PE management, monthly progress package, schedule updates, etc. during transition periods of two separate project managers leaving curr [...]","hiring regional flatbed company truck drivers
greenville al  millen ga  marion in  dayton nv  childress tx
call us today  

flatbed truck driver position details
 gross annual drivers average between   
avg weekly gross of   
 all positions pay  daily rate plus mileage for all miles loaded and empty
 guaranteedtransition pay ofweekfor  month
 home weekly and weekends
 on bonusretention bonus
 weekly pay
  driver referral bonus program
 safety bonus starting at year with added longevity increases paid in quarterly increments
 new  trucks
 assigned tractorsno slipseating
 free uniforms
 health benefits  companypaid premium for employees
 reimbursement   copay reimbursable
 additional available benefits family health dental vision life aflac
  with  company match up to  of annual earnings
 private fleet
 we love veterans

flatbed truck driver requirements
  year of cdl a experience  or  months flatbed with  year of cdl experience accepted
 applicablemilitaryexperience accepted in place of  years requirement
 two or fewer moving violations and one preventable accidents in the past  years
 minimum  years of age
 must have or be willing to obtain tanker endorsement within  days of employment company reimbursed

about us

ozark logistics llc is a safety conscious fleet of dry vans flatbeds and bulk tankers striving to provide an outstanding customer and vendor experience for every delivery with professional staff and drivers we run primarily as a dedicated fleet for our sister compa [...]"
400,"Account Executive - Columbus, OH - AMO Sales and Services, Inc..","TEACHER         Summary    My applied experience in elementary level teaching combined with my B.A in History/Music as well Alt. Certification (K-5), makes me a worthy contender for a teacher position at your school .Utilizing my skills and expertise, I am eager to become a key member of your team.
As specified in the enclosed resume, I offer you the following attributes in order to contribute to your ongoing success:
* Well versed in assisting children in build social, cognitive, emotional, and physical skills. * Adept at providing a stimulating conducive classroom environment. * Special talent for utilizing the highest quality teaching resources and classroom materials.
It is paramount that in order to become the best teacher, good interaction with the students is essential - aside from imparting good knowledge. The expectation of what the students think and how they would think in a particular state of affairs is equally important in my point of view.
In addition, I apply an innovative teaching approach which includes the incorporation of 21st century skill sets that will prepare my students to compete with other students both nationally and internationally. 
Of all my strengths, I take extreme pride in the patience and dedication required to meet the needs of children from socially and culturally diverse backgrounds. My insight not only comes from my years in the classroom as a teacher, but also from my years a pupil. Having lived abroad for many of my formative years, as well as some after college, I understand the delicate balance that is needed to make learning inclusive to all. CERTIFIED ELEMENTARY SCHOOL TEACHER (Grades 1-5)
Level 2 Teaching Certification (Louisiana)
Dedicated elementary teacher with a passion for teaching, learning and student success, while offering a proven track record of commended performance teaching in the elementary classroom, with an unwavering commitment to optimizing student and school success.  Extensive background in serving th [...]","account executive  columbus oh  amo sales and services inc

at johnson  johnson vision we have a bold ambition to change the trajectory of eye health thats why through our operating companies weve developed solutions for every stage of lifeto help people see better connect better and live better we partner with eye care professionals to provide some of the worlds leading products and technologies to address refractive error cataracts dry eye and beyond we are committed to using our reach and size for good and strive to put quality eye care within reach of everyone everywhere visit us at  follow jnjvision on twitter and johnson  johnson vision on linkedin

represents amo sales and services inc to appropriate customer base within a designated geographical area placing major emphasis on increasing sales of monofocal and refractive iols phaco ovd adjunct products and any other new technologies assigned sales goals are achieved through creative consultative selling and implementation of the us marketing plans the account executive provides technical product knowledge and inservice support to ensure customer satisfaction effectively utilizes all johnson  johnson sales specialists to enhance productivity and provide optimal customer satisfaction works synergistically with all other johnson  johnson sales personnel in additional sbus in coselling efforts to strengthen johnson  johnson customer value complies with required reports and requests effectively manages johnson  johnson fiel [...]"
