row_id,job_position_title,resume_text,job_description
101,Retail Floor Leader - Anthem,"STAFF ACCOUNTANT         Summary     Flexible Accountant who adapts seamlessly to constantly evolving accounting processes and technologies.       Highlights          10 years of practical accounting experience  Prior Management experience      Full lifecycle implementation  Prior experience using MS Excel, JD Edwards, QuickBooks, AX, and RFMS on an expert level            Experience      Company Name     January 2016   to   Current     Staff Accountant   City  ,   State      Involvement with month-end closing process   Prepare and reconcile full cycle monthly financial statements for selected entities, including supporting schedules, equity roll forward, cash flows, taxes, budget variance reports, and other management reports, as needed.  Make all necessary recurring and correcting entries.  Review financial projections versus actual results and report on variances.  Support all financial audits and examinations   Assist in preparation of the balance sheet and other reports to summarize and interpret current and projected company financial position   Participate in developing accounting controls and risk management strategies   Resolve requests in a timely manner, demonstrating a high level of commitment to meeting requirements within the provided guidelines   Prepare the monthly reporting packages, including analysis of current actual results to prior period actual results for use in internal and external reporting.          Company Name     February 2012   to   August 2015     Accounting Manager/ JDE Business Analyst   City  ,   State      Oversee entire receivable functions to include job costing, billing, aging, collections, resolution of billing discrepancies   Supervise and manage the workflow of assigned staff (approximately 12 employees) to ensure the timely and accurate preparation and review of accounting transactions and reports  Provide analysis and interpretation of accounting issues to ensure compliance with GAAP and support the decision making Interf [...]","job description
company description

now trending careers at skechers

starting pay 

join our global family of innovators who make an incredible impact every day at one of the biggest footwear brands in the world whether you love to connect with consumers on the retail floor or want to drive our awardwinning organization in new directions behind the scenes the skechers team is the place to be learn more about our brand at aboutskecherscom
job description

our floor leaders could also be known as the stores mvps they serve as experts in our stores driving operational and sales performance and ensuring a topnotch experience for our guests wellversed in our product routines these key players ensure the store looks awardwinning every day while not a management position the floor leader does hold keys to the store and performs opening or closing duties as assigned and is a mentor to other associates looking to grow their careers in retail

conducts opening and closing operational routines as needed ensuring a successful start or completion of the stores daily business

executes detailed comprehensive stock and product management routines including processing shipment and completing markdowns merchandising replenishment and fulfilling online orders

welcomes guests and assists with finding their perfect pair accessories or apparel

keeps an overview to daily operations and troubleshoots any concerns with transactions and store routines

li
qualifications

something about retail sp [...]"
102,Senior Corporate Recruiter (Contract) - (Remote - US),"PERSONAL STYLIST- WOMEN'S DESIGNER       Summary      Eager to work in a fast-paced customer focused  environment driven to expand sales volume by utilizing developing technology. Proficient at understanding client needs and collaborating on a creative vision to exceed expectations and deliver results conducive to cultivating relationships and growing business.        Skills     Microsoft Office: Word  PowerPoint  Excel       Experience      Personal Stylist- Women's Designer   05/2014   to   02/2017     Company Name   City  ,   State     Leverages knowledge of design and brands to create a personalized experience to individual clients based on dressing concerns.  Nurtures relationships by creating impactful appointments accompanied by planned follow-ups. Effectively time manages consultations with future clients while servicing those within the store. Utilizes internal digital application wardrobing clients on their terms. Implements communication templates via text and email regarding selling campaigns and customer rewards incentive programs.  Integrates tools to improve customer retention and achieve significant level of designer selling volume.        Sales Associate- via C department   02/2010   to   05/2014     Company Name   City  ,   State     Relocated personal clientele to a competitive top volume door. Profited in business development in an elevated women's designer department. Effectively time managed customer service to create a personalized experience while maximizing sales volume. Regularly attended product knowledge seminars allowing delivery of service at the highest level. Initiated conversations with management when unexpected problems arose to ensure future success amongst the team and client relationships.        Sales Associate, Savvy department   06/2006   to   02/2010     Company Name   City  ,   State     Successfully assisted customers in choosing outfits that were consistent with needs and budget. Developed relationships to offer value to [...]","disqo is changing the way that the worlds largest brands agencies and consumer intelligence companies get to know their consumers weve built the first identitybased platform that combines consumer attitudes and behaviors together to power the most accurate and predictive insights solutions for our customers and we do all of that with the willing participation of our consumers and without using outdated technologies like thirdparty cookies we help our customers get a crossplatform view into consumer sentiment measure advertising effectiveness analyze consumer purchase journeys and ultimately grow their brands

our mission is to build the most trusted insights platform that fuels brand growth with over one million active members sharing their attitudes and behaviors disqo is looking to expand improve and create worldclass applications for people to openly share their data for research

hiring great technical talent is critical to the success of any company disqo is looking for an experienced contract senior corporate recruiter to build and execute against recruiting strategies act as a talent advisor and thought leader to our business partners and offer great experience to candidates and hiring managers

as a contract recruiter you will lead recruitment efforts to identify uniquely accomplished individuals to guide us forward you will be responsible for building strategies to engage and build relationships with worldclass talent within the software engineering communities throu [...]"
103,"Retail Sales Associate - Furniture​/Mattresses, Quaker Bridge Mall...","SALES COORDINATOR       Summary     Dedicated Sales Coordinator with 5+ years experience in the sales environment. Looking to obtain a management position, in which I am given the opportunity to play a direct role in the unlimited growth and success of the company        Summary of Qualifications          Exceptional customer service skills       Ability to
multi-task, prioritize and manage time effectively     Detail oriented                  A team player
with high level of dedication       Excellent communication skills  Strong interpersonal skills  Great  verbal and written skills   Social media savvy    Bilingual in  French             Experience      Sales Coordinator     Apr 2017   to   Current      Company Name   －   City  ,   State     Respond to sales calls and leads.  Work closely with sales managers/directors in regards to upcoming groups and events.  Create and build new leads into ISAC.  Generate new contracts for future groups/events  Conduct site visits of the property when needed.  Generate, edit, publish on company's social media platform  Create and print hotel collaterals  Assist and provide excellent customer service to clients prior, during and post event.         Sales Coordinator     Apr 2014   to   Feb 2017      Company Name   －   City  ,   State     Assisted sales team with daily administrative duties.  Drafted sales contracts and addendum for future events.  Assisted clients with sales related inquiries via phone and email.  Processed sales invoices and commission.  Ordered office supplies for the department.  Assign new leads to appropriates sales manager based on Market Segment          Lead Concierge     Jun 2012   to   Sep 2014      Company Name   －   City  ,   State     Delivered superior customer service to residents and guests.  Managed and resolve customer complaints.  Created and manage monthly community calendar.  Supervised and train concierge staff.  Handled resident packages.  Managed resident reservations
.         Education [...]","location lawrence township
macys inc

  as a retail sales associate at macys youll
assist customers in all aspects of service fulfillment
determine customer needs based on personal features and other customer preference related factors
demonstrate knowledge of store products and services to build sales and minimize returns
perform sales support functions related to pos procedures"
104,Marketing Advisor,"FINANCE           Summary     Finance focal driven to improve morale, decrease turnover and improve productivity. Background in leadership development, training, and strategic thinking.       Highlights          Exceptional interpersonal skills  Employee relations  Training and development  Data analysis      Predictive planning  Public speaking  Budget planning            Experience      Finance    July 2008   to   October 2015     Company Name   －   City  ,   State     Held various Finance and Project Management related roles including:    Integrated Scheduling  Contracts  Business Partner   Advised managers on program specific matters and recommend needed changes.  Developed metrics to reduce risk.  Directed personnel training activities.  Served as a link between management and employees by handling questions, interpreting and executing program requirements, and helping resolve work-related problems.         Adjunct Professor    August 2013   to   Current     Company Name   －   City  ,   State      Conducted adult learner leadership courses to foster positive attitude toward organizational leadership.  Presented leadership and human behavior material.  Coordinated material to meet student needs and goals.          Human Resource Generalist Intern    July 2014   to   March 2015     Company Name   －   City  ,   State      Served as a link between management and employees by handling questions and helping resolve work-related problems.  Advised managers on organizational policy matters and recommend needed changes.  Directed job description development to maximize maneuverability of personnel.          Education      Doctor of Philosophy   :   Organizational Leadership  ,   2013    The Chicago School of Professional Psychology   －   City  ,   State       Organizational Leadership Dissertation: The Workplace Impact of Baby Boomers and Millennials Work/Life Balance Perceptions on their Attitudes and Behaviors - Successfully defended March 1, 2013          Master of A [...]","at compass we envision a world where the experience of selling or buying a home is simple and pleasant for everyone founded in  compass provides an endtoend platform that empowers residential real estate agents to deliver exceptional service to their seller and buyer clients all in service of our mission to help everyone find their place in the world

team overview

compass seeks a marketing advisor based in new york to join the team that shapes all of our agents marketing and branding projects from concepts and development through implementation and tracking at compass our agents are our brand and vice versa when their marketing excels then our company does this team provides vital account services and strategy to our agents to help their marketing efforts be the best they can be

you will work collaboratively with the industries best inhouse marketing  creative team as well as key external vendors to execute a wide variety of initiatives and help ensure cohesion between the compass brand and the marketingadvertising deliverables of our agents you will serve as a consultant to the agents to elevate the effectiveness of their individual efforts while playing a key role on the team refining and improving agent marketing tools developed inhouse as well as all policies processes strategies and best practices that inform our nationwide practice

at compass you will
 consult with agents daily to identify their marketing needs and help them execute tactics to deliver on those needs [...]"
105,Data Analyst Manager,"MARKETING & COMMUNICATIONS EXECUTIVE       Executive Profile      Creative leader  offering rich career experience in corporate communications for domestic and global brands and strategic communications for use on social media, internal operations, and multi-media production. Successfully communicates brand messages to impressive heights through story-telling; key to transforming ideas into realities.      Achievements include  product penetration, brand recognition and value, brand and image awareness, visual communications, and public relations campaign management/execution. Recognized skills in content development, project planning/management, multi-million-dollar budget oversight, business development, advertising, and agency management.       Skill Highlights          Persuasive Leader  Skilled Negotiator  Brand Champion   Revenue Generator  Communications  Branding  Strategic Planning  Operations         Social Media Marketing  Digital Production  Budgeting  Project Planning & Execution  Business Development Support  Customer Service  Leadership  Sales            Core Accomplishments      Capitalize on story-telling talents  and visionary approach to communicate corporate accomplishments across all media including success in global media platforms such as YouTube, Twitter, Facebook, LinkedIn, Instagram, Vimeo, and Tumblr    Principal player  that navigated Robert Redford's Sundance TV from conceptualization through launch. Collaborated with television and feature film producers and distributors, cemented 12+ national partnerships, and spearheaded public relations and corporate communications campaigns that garnered global coverage. Developed communication positioning that boosted entity from a premium-only subscriber base to recognition as a vital entertainment channel    Contributed to millions of dollars  in sales by architecting awareness and communications strategies for the issue or re-issue of Disney films such as “Cinderella,” “Jungle Book II,” “Annie,” [...]","_data analyst manager will be defining and managing data models and data dictionaries to support data and analytics platforms_
_email resume and a summary of your relevant experience to madisonhaberl  michaelpageuscom
_mpi does not discriminate on the basis of race color religion sex sexual orientation gender identity or expression national origin age disability veteran status marital status or based on an individuals status in any group or class protected by applicable federal state or local law mpi encourages applications from minorities women the disabled protected veterans and all other qualified applicants_
_data analyst manager must_
  yoes in data management analytics and transformation_
 sqlpython_
 financial services background_
_email resume and a summary of your relevant experience to madisonhaberl  michaelpageuscom_
_a leading fintech company_
_email resume and a summary of your relevant experience to madisonhaberl  michaelpageuscom_
compensation is competitive and based upon experience
_email resume and a summary of your relevant experience to madisonhaberl  michaelpageuscom_
associated topics chief program officer cpo manage manager management monitor product manager project manager relationship manager task"
106,Chief Executive Officer,"OPERATIONS FINANCE DIRECTOR       Summary     Skilled financial professional with over twenty years of financial services industry and fifteen years of practical management experience.Highly detail-oriented and organized. Areas of expertise include conflict management, customer service, marketing and client interface. Advanced training in risk assessments, management controls and audit planning.  ​  ​       Highlights          Customer service  Schedule management   Project management     Strategic and financial planning expert     Mergers and acquisitions knowledge       Negotiations, risk mitigation          Exceptional customer service skills           Microsoft Office proficiency  Proficient in Concur, Workday, Kronos  Excel spreadsheets/SQL  SOX, DOJ, Audit experience  Cost reduction and containment  Staff leadership and development  Superior organization skills            Accomplishments      Reduced capital spending by 35 % per year as the leader of a cross-functional trading floor teams in San Francisco and New York.  Head of Business Continuity for NYSE-SF and NYSE-NY.  Recognized for achieving flawless audit scores from both NYSE Regulation, Securities and Exchange Commission and FINRA.  Authored and published trading floor rule filings for NYSE- SF and NYSE-Amex- 2008-2013.  Launched the Amex Trading Floor-NY in 2008-2009, hired all trading floor staff.  Authored all trading floor employee procedures, manuals, and company policies for both NYSE-SF and NYSE-Amex.  In charge of streamlining staffing levels for three mergers 2005-2010.  Started NYSE Annual Community Volunteer Program 2010.        Experience      Operations Finance Director     Jan 2016   to   Current      Company Name   －   City  ,   State    Planned and executed operational audits of various business areas using risk-based audit methodology.  Created executive analysis reports highlighting business issues, potential risks and profit opportunities. Developed and implemented efficient account [...]","reporting to the board of directors the ceo is responsible for the overall vision and strategy of the ywca columbus further the ceo oversees all aspects of facilities and programs and works in concert with the leadership team to guide the organization the ceo is a proven leader and advocates for eliminating racism promoting social justice empowering women eliminating homelessness and promoting affordable housing

the ceo partners and engages with the board of directors to create and execute the strategic direction for

 the organizations growth

 developing maintaining key community partnerships

 directing the fundraising strategy and engaging with major donors ensuring that the organization has adequate resources to support its work

qualifications

 a minimum of five years of senior executive leadership preferably in an organization committed to homelessness social justice community engagement or social services

 commitment to and passion for the ywca columbus twofold mission  eliminating racism and empowering women demonstrated experience or leadership in homelessness racial justice and other components of the ywca columbus mission

 politically savvy with superior presentation public speaking interpersonal relationship management persuasiveness negotiation diplomacy influencing and listening skills

 ability to manage complex business models with experience and comfort leading and driving business model change amid macroeconomicexternal forces and pressure eg health and [...]"
107,"Sr. Manager, Customer Experience Center Business Process","CUSTOMER SERVICE REPRESENTATIVE         Summary    A dependable, quality-focused specialist seeking an opportunity that offers a variety of challenges and responsibilities that would allow myself to contribute towards an organization while improving my leadership and technical skills. Exceptional talent for accuracy analyzing, projecting conflict and resolving issues. Continually providing input or solutions in problem solving on operational issues or procedures and perform administrative follow-up.      Skills          Able to demonstrate exceptional communication
skills, able to maintain effective and efficient communication within a team
environment.   Skillful initiation in organizing and
coordinating team meetings to manage and planned performance adherence.   Exceptional talent for accuracy analyzing,
projecting conflict and resolving issues. Continually providing input or
solutions in problem solving on operational issues or procedures and perform
administrative follow-up.

      Strong leader with
proven development abilities, capable of clearly presenting ideas, plans and
strategies to all levels of management.   Solid background in setting priorities and
deadlines, adjusting the flow and sequencing of the work to meet team needs.

            Experience      Company Name    City  ,   State    Customer Service Representative   10/2016   to   Current       Respond to and resolve customer service inquiries and issues by identifying the topic and type assistance the caller needs such as benefits, eligibility, claims, financial spending accounts and correspondence.  Help guide and educate customers about the fundamentals and benefits of consumer-driven health care topics to include managing their health and well-being by selecting the best benefit plan options, maximizing the value of their health plan benefits and choosing a quality care provider.  Intervene with care providers (doctor's office) on behalf of the customer to assist with appointment scheduling o [...]","dreaming big is in our dna brewing the worlds most loved beers and creating meaningful experiences is what inspires us we are owners empowered to lead real change deliver on tough challenges and take accountability for the results we are looking for talent that shares these values that is ambitious bold  resilient we want talent that is looking for fast career growth crossfunctional experiences global exposure and robust training  development

salary   

location st louis

company

budweiser bud light stella artois michelob ultra thats right over  of americas most loved brands to be exact but theres so much more to us than our topnotch portfolio of beers seltzers and more we believe our people are our greatest asset and were looking for people like you to join our shared dream and purpose we dream big to create a future with more cheers are you up for the challenge

role summary

dreaming big is in our dna brewing the worlds most loved beers and creating meaningful experiences is what inspires us we are owners empowered to lead real change deliver on tough challenges and take accountability for the results we are looking for talent that shares these values that is ambitious bold  resilient we want talent that is looking for fast career growth crossfunctional experiences global exposure and robust training  development

job responsibilities
 be responsible for planning overseeing and leading projects from ideation through tocompletionidentify good opportunity of knowledge and [...]"
108,Equity Research Associate - Biotechnology,"CONSTRUCTION INSPECTOR           Professional Summary    Result-Driven Certified Construction Manager in Training with over 2 years of significant and progressive experience in construction industry. Proven track record in ensuring project deliverables are brought to market in a timely manner.
*Strong team leader with proven managerial experience and skills cross functional terms including Subcontractors, Vendors and Suppliers.
*Effective problem solver and decision making skills, exceptional commitment to quality and customer satisfaction. Excellent presentation/ Communication, negotiation and persuasion skills.      Core Qualifications          Primavera P6  Digitizer  Site safety/OSHA compliance  Microsoft Project  Plan Swift 9  QA/QC/Field Engineering  AutoCAD  Revit (BIM)  Micro station V8i  Microsoft office  Report Writing  Interpersonal/Communication              Experience      Construction Inspector    November 2015   to   Current     Company Name   －   City  ,   State      Provided quality assurance services by performing on-site inspections of material and workmanship as well as performed material testing in accordance to the American Society for Testing and Material (ASTM) manuals for reinforcing bars as well as concrete.  Performed inspections on epoxy Anchor/Dowels and concrete field technician duties (Slump test, Temperature, Air content and Concrete sampling).  Tested and inspected construction material, placement and foundation work.  Performed reinforcing steel inspections to ensure rebar meets requirements of approved drawings.  Performed in-place density tests on various types of soil to determine compaction and moisture content.  Established onsite solutions to unforeseen issues found in the field.  Performed proctor, sieve and compressive strength tests with senior technician in laboratory.  Performed timely inspections reports to engineers and project manager to ensure work meets requirements set by the proper design authority for each specifi [...]","equity research associate  biotechnology  
description
 
jefferies group llc the largest independent global fullservice investment banking and capital markets firm headquartered in the us focused on serving clients for  years is a leader in providing insight expertise and execution to investors companies and governments we offer deep sector expertise across a full range of products and services in investment banking equities fixed income asset and wealth management in the americas europe and the middle east and asia jefferies group llc is a wholly owned subsidiary of jefferies financial group inc nyse jef a diversified financial services company 
 
overview  
jefferies is seeking an equity research associate to support the senior equity research analysts healthcare coverage with a focus on smallmid cap biotech companies the position is ideal for someone with life sciences and finance background who has an interest in public markets and biotech investing
 
 
responsibilities  
conducting proprietary research evaluating drug pipelines by analyzing scientific literature attending medical conferences and speaking with key opinion leadersbuilding and maintaining financial modelswriting research reports for initiations of coverage analysis of data and industrycompany newsconceiving and executing on differentiated project ideasinterfacing with company management teams internal sales and trading personnel and institutional investors 
qualifications
 
qualifications  
minimum babs deg [...]"
109,Sales Executive Richmond Hotel,"FINANCE DIRECTOR       Summary    Seasoned professional accountant with extensive experience in financial accounting in both private and public sector entities.  Recruited to multiple positions to restructure/reorganize/revitalize non-performing teams.       Skills    Accounting, General Accounting,  Acquisitions, Budgeting, Controller, Cost Analysis and Analytical Reporting, Credit, Facilities Management, Finance, Financial Reporting, Forecasting, Governmental Accounting, Human Resource, inventory, Leadership, Negotiations, Processes, Sarbanes-Oxley      Experience     02/2012   to   Current     Finance Director    Company Name   －   City  ,   State      Responsible for Accounting & Finance functions including management of IT outsourcing vendor for $20 million government entity.  Moved IT function to outsourced vendor vs. full-time employee, saving $34,000 in salary plus benefits and pension costs.  Developed monthly financial reporting to all department heads & elected officials, budgeting processing, account reconciliations.  Compile audit workpapers and manage audit process with external audit firm.  Audit adjustments reduced from historic trend of 100 adjustments to 3 in audit most recently completed FY'16.  Support County Negotiations Committee in union negotiations for FOP and AFSCME contracts with cost analysis and competitive salary and benefit information.  Analyzed pension plans and educated County Board on interest cost of ECO plan. As a result, Board increased pension levy pension and plan funding increased from 80% to 93%, 53% to 85% and 0% to 94% during this period. Interest savings to Iroquois County taxpayers during this period is $245,000.         01/2009   to   01/2012     Director of Finance & Human Resources    Company Name   －   City  ,   State      First Human Resource & Accounting professional hired by 19 year old fitness equipment sales & repair company.  Developed standard monthly financial reporting, budgeting and forecasting processes, a [...]","job number job category sales  marketinglocation southern region florida sales  nw  court miami florida united states

brand marriott international inc schedule fulltimerelocation nposition type managementlocated remotely y marriott international is the worlds largest hotel company with more brands more hotels and more opportunities for associates to grow and succeed

we believe a great career is a journey of discovery and exploration so we ask where will your journey take youjob summary drives revenue to achieve hotels topline goals for each of their represented hotels by proactively soliciting all business segments to include new business from small business accounts sourcing new accounts identifying new targets and resoliciting past business leads

focuses on properties bt pricing strategy provides property support by coordinating and executing property internal mining efforts at assigned hotels partners with leadership to ensure competitive sales strategies are in place for the hotel and stay competitive within the market by aligning on sales activities to generate business and communicate real time competitor intel

reports directly to property sales leader asl or dosdosm and works closely with the hotel general managers focuses on sales driven tasks may work with local sales and us account salesgso teams to drive production from targeted high priority accounts including maximizing special corporate business within the represented market place candidate profile

educatio [...]"
110,Executive Assistant,"COLLEGE ASSISTANT       Summary     Professional leader with strong emphasis on management initiatives, focused on developing comprehensive family and child-related programs and services. Goal-oriented professional with strong leadership capabilities.   Detail-oriented exhibiting excellent communication, building networks, problem solving and strategic planning skills.  Exceeding deadlines, and managing multiple projects on time and budget without compromising quality.  Passionate about helping others.              Skills          Strong leadership   Analytical & problem solving  Adaptability, teamwork & communication   Program management,   Family and children's programs knowledge     Exemplary people management skills       Exceptional communication skills         HIPAA guidelines           Microsoft- word, excel, power point, access, outlook  Google Docs, google Sheets  Research   SPSS Statistic Software   SAP Accounting Software             Work History      Program Manager     07/2009       Company Name   City  ,   State             Coding Compliance Auditor     03/2011   to   11/2011     Company Name   City  ,   State             Experience      College Assistant   10/2013   to   02/2014     Company Name   City  ,   State          Explained program offerings and requirements to parents and students and answered related questions.    Recruited high school students in the community and registered them into Baruch College's College Now program which provided students with a great opportunity to earn college credits while in high school.  Coordinated and assisted in the recruitment and retention initiatives that increased recruitment by 50% for the spring 2014 semester.  Organized and developed strategies for students and parents involvement to encourage success in the program.            Collaborated with representative(s) from both our partner and prospective schools on our enrichment programs for college preparation.  Collectively worked as a team with the Dire [...]","i realize the salary is less than desired you may be able to negotiate i still wanted to share it with you due to your education background

qualifications
microsoft excel  year preferredmicrosoft powerpoint  year preferredus work authorization preferred
benefits
pulled from the full job description
b
dental insurance
flexible spending account
health insurance
health savings account
retirement plan
show  more benefit
full job description
job posting executive assistant
position fulltime mostly remote
reports to executive director
history
morningside center was founded in  by educators who saw that young people were the key to a future without war and hatred the organization then called educators for social responsibility metro began working in collaboration with new york city public schools using engaging and interactive techniques to help both students and educators learn skills ranging from active listening to respecting differences to peer mediation we developed new approaches and curricula aimed at fostering a supportive and equitable classroom and school community where these skills could be both learned and practiced
since then morningside center has become a national leader in the fields of social and emotional learning sel and restorative practices weve partnered with hundreds of schools throughout nyc and nationally to develop and research innovative and engaging prek programs including the  c squad building belonging  and our paz afterschool program
through the year [...]"
111,Fraud & Compliance - AML/BSA Specialist,"STAFF ACCOUNTANT       Summary    EXPERIENCED ACCOUNTANT with more than 15 years of accounting and financial analysis experience.  Expertise in budgeting and economic analysis, financial reporting, and resource analysis/optimization. Solid record of performance managing analytical studies, key initiatives, and high-profile performance improvement projects. Technical expert and analyst on complex program issues. Solid critical thinking, problem-solving, research and liaison skills. Recognized for outstanding communication skills, flexibility, keen political savvy, sense of humor, and leadership abilities.  
AREAS OF EXPERTISE:  Accounting; financial analysis; program evaluation and management; strategic and operations planning and streamlining; operations management; workforce analysis and manpower planning; operational, financial, and compliance auditing; profit/revenue analysis; internal control reviews; process improvement and simplification; team and project leadership; quantitative/qualitative analysis; risk and feasibility assessment and management; database management; statistical analysis; technical, regulatory and best practices research;      Skills        Lawson, Invision, QuickBooks, MS Word, Excel, PowerPoint, Lotus Notes, and Meditech            Experience     01/2001   to   02/2011     STAFF ACCOUNTANT    Company Name   －   City        40 hours/week, 
ANALYZED FINANCIAL REPORTS AND PROGRAMS TO RESOLVE PROBLEMS.  Formatted and prepare internal financial reports for various entities.  Monitored and researched significant revenue and budget variances, including actual costs versus budgeted costs, recommending alternative courses of action.  Resolved complex issues involving multiple aspects of financial management.  Reviewed policies and principles to plan and develop financial controls and made changes and additions to cost allocation codes.  ANALYZED AND RECONCILED A VARIETY OF ACCOUNTS AND TRANSACTIONS:  Monitored, reconciled, researched, analyzed and [...]","job description
responsible for fulfilling the antimoneylaunderingbank secrecy act requirements through identification and investigation of suspicious activity analyze customer account transactions to detect suspicious activity and make decisions on appropriate action to take work cooperatively with business line to establish procedures for identifying suspicious customer transactions specific to money laundering including the proper method for reporting such activity to the antimoneylaundering group provide guidance support and recommendations to business lines regarding customer aml risk ratings and account activity based on the outcome of the investigation analyze and determine whether or not a suspicious activity report sars must be filed with the federal government for any identified suspicious activity work cooperatively with internal departments financial institutions and local state or federal authorities to obtain and analyze necessary info

skillsexperience
 responsible for the reviewing of currency transactions and suspicious activity in accordance to the bank secrecy act
 under general supervision and guidance responsibilities are varied and moderate to complex
 follows defined procedures policies and precedents
 refers unusual situations that require exceptions to manager or supervisor
 supervisor schedules work however incumbent prioritizes assigned tasks
 may serve as a resource for less experienced staff and assist in their training
 knowledge of banks operati [...]"
112,"Senior Analyst, ECommerce, Search Marketing","CONTACT CENTER SPECIALIST       Summary    Accomplished and dedicated Customer Service and Administrative professional with over 10 years' experience in the non-profit, finance and healthcare fields. Proven track record of building rapport and establishing lasting relationships with clients and patients. Reliable, trustworthy and driven, with strong time management organizational abilities.      Highlights          Healthcare  Finance  Policy/account changes  Service-oriented      Empathetic listener  Energetic work attitude  Client relations development  Proactive problem solver            Accomplishments     Attained Top Performer at the GW Medical Faculty Associates status many times in the areas of call volume, attendance and punctuality, call answering time and personal accommodations from patients and clients.   ​  Exceeded the National Automobile Dealers Association incoming rollover goals by increasing company's assets in rollovers by 55%.             Experience     12/2015   to   12/2016     Contact Center Specialist    Company Name   －   City  ,   State      Provided stellar customer service in all aspects of scheduling, including making, canceling, and rescheduling appointments based on appointment guidelines by department.  Answered high-volume patient and provider calls (average 90 - 160 calls daily) in a proficient and exemplary manner.  Processed requests submitted by clinical staff and team members in all applicable systems.   Reviewed chart documents thoroughly and accurately to determine needs of patients.   Managed calls in an organized manner, including trouble shooting issues and actively problem solving.  Successfully tested the implementation of guided scheduling for the Department of Medicine Specialties.   Assisted with management with various projects as assigned.          05/2011   to   11/2013     Plan Information Call Center Manager    Company Name   －   City  ,   State      Managed day-to-day operations of Call Center including training [...]","digitas is the connected marketing agency committed to helping brands better connect with people through truth
 with diverse expertise in data strategy creative media and tech we work across capabilities and continents to make better connections and achieve ambitious outcomes through ideas that excite provoke and inspire
 curious and fully transparent we are always examining real human behavior to create authentic connectionsbetween brands and consumers clients and partners and ideas and outcomes
 digitas has  employees across  countries and  offices with an extended network via publicis media of over  employees present in more than  countries worldwide
 to connect with digitas or learn more visit 
 contributing as a primary contact for daytoday clients
 assisting in the development of program strategies and analyses for clients eg keyword recommendation dayparting timingscheduling strategy
 daily campaign monitoring optimization reporting and testing
 establishing and driving paid shopper marketing best practices to assimilate across tactics and activations
 maintaining a level of quality assurance and accountability for delivering campaigns and executions with precision
 help to write and deliver media strategies and overseeing the translation of these strategies into final media recommendations
 ensuring that media deliverables meet and align with client goals and objectives
 overseeing performance forecasts budget allocations and providing databased rationale for these re [...]"
113,Registered Nurse (RN) - Parma,"VICE PRESIDENT, CORPORATE FINANCE       Summary     Accomplished healthcare  finance executive with a demonstrated ability to deliver mission-critical results in complex and rapidly changing environments.        Skills          Balance Sheet Risk Management  Contract Negotiations  Treasury Management      Technical US GAAP Accounting Proficient  Board Communications  Multi-disciplinary Team Lead            Experience      Vice President, Corporate Finance   10/2015   to   Current     Company Name   City  ,   State      Responsible for various consolidated corporate departments which provided accounts payable, accounting, financial reporting, non-patient billing, payroll, tax and treasury services to the health system and its components, including acute-care hospitals, a post-acute care facility, the faculty physician group, multiple benefit plans and various for-profit and not-for-profit joint ventures.    Served as staff of the Audit and Compliance Committee of the Board responsible for the governance of the committee  Served as the staff for the Investment Committee of the Board responsible for the governance of the Committee  Managed the external audit of the consolidated financial statements of the organization, its components, and its employee benefit plans  Managed the tax structure, tax compliance filings, monitoring of tax exempt status and compliance with IRC 501r requirements for hospitals  Led and created offering statements for multiple tax exempt bond financings, achieving over $15 million in economics savings on  refinancing of existing debt  Led $41 million new market tax credit financing for the construction of a new Neurosciences Institute facility  Led bond ratings presentations for 5 successful continuous upgrades over the 5 years  Managed the debt compliance of the enterprise and obligated group reporting  Directed ongoing risk mitigation efforts of the defined-benefit pension plan obligation, including plan design changes leading the freeze of a [...]","description
 up to  sign on bonus

promedica senior care provides a range of services including skilled nursing care assisted living postacute medical and rehabilitation care hospice care home health care and rehabilitation therapy

the rn  registered nurse is responsible for supervising nursing personnel to deliver nursing care and within scope of practice coordinates care delivery which will ensure that patients needs are met in accordance with professional standards of practice through physician orders center policies and procedures and federal state and local guidelines we are looking for clinicians who would like to combine their love for people and strong work ethic with the opportunities to advance their career

rn  registered nurse responsibilities
 the rn  registered position is a staff position that has direct care responsibilities as well as supervisor responsibility for nursing assistants
 administer medications and treatments timely and according to policy
 receive transcribe and carry out physician orders
 follows established procedure for charting and reporting all reports of incidentaccidents patients  employees
 identifies and reports changes in condition to supervisor physician and family

rn  registered nurse rewards
 receive unparalleled training
 competitive pay
 industryleading benefits including comprehensive health coverage generous time off  and more
 education benefits such as student loan repayment assistance education discounts and inhouse continui [...]"
114,"HR Director, Americas","LEAD AEROSPACE ASSEMBLER         Summary    Accomplished and highly motivated aerospace assembler/technician with a solid history of achievement in completing large structural assemblies, micro/miniature component repair and cable repair for rotary and fixed-wing aircraft platforms. Proficient in interpreting blueprints, working with others and meeting production deadlines. Seasoned leader with experience in tactfully communicating with others in order to train them to be competent at their job.      Skills     Critical Thinking                   Decision Making  Hand/Power Tools  Thoroughly Inspects Work  Problem Solving  Time Management   Troubleshooting       Experience      Company Name    City  ,   State    Lead Aerospace Assembler   06/2016   to   Current        Trained and led a team of six assemblers to quickly and efficiently build landing gear beams    Ensured all equipment was properly installed and working correctly.     Planned work and determined appropriate tools and equipment needed for the workday.   Processed work orders and prioritized jobs.  Communicated with prior shift to assess work needs for the day.          Company Name    City  ,   State    Aviation Electronics Technician   09/2011   to   10/2015       Adjust, repair, or replace malfunctioning components on assemblies
or circuit boards by using hand tools or soldering irons.  Test and troubleshoot instruments, components and assemblies, using multimeters.  Connect components to assemblies such as transformers, relays, switches, in-flight refueling systems, 
etc.  Read and interpret maintenance manuals, technical publications, and engineering diagrams to determine
the feasibility and method of repairing defective components.  Keep records of maintenance and repair work.  Coordinate work with engineers, technicians and other aircraft maintenance personnel.  Inspect completed work to certify that maintenance meets standards and that aircraft are ready for
operation.          Education and Tra [...]","company background

  

crane co is headquartered in stamford ct its  associates design manufacture and sell engineered industrial products worldwide through its four operating segments
 fluid handling  the fluid handling segment provides engineered fluid handling equipment for critical performance applications that require high reliability the segment is comprised of process valves commercial valves and other products
 payment  merchandising technologies  the payment  merchandising technologies segment consists of crane payment innovations cpi crane currency and merchandising systems cpi provides high technology payment acceptance products crane currency has been a producer of currency products for more than  years and is entrusted by more than  central banks merchandising systems is primarily engaged in the design and manufacture of vending equipment and related solutions
 aerospace  electronics  the aerospace  electronics segment supplies critical components and systems including original equipment and aftermarket parts primarily for the commercial aerospace and military aerospace and defense markets
 engineered materials  the engineered materials segment manufactures fiberglassreinforced plastic frp panels and coils used primarily in the manufacturing of recreational vehicles rvs truck bodies truck trailers with additional applications in commercial and industrial buildings

company history and culture 

we are committed to doing business the right way  holding ourselves [...]"
115,CEO,"IT CONSULTANT         Professional Summary     Highly qualified Electronics Engineering Technician with training and experience in electrical and mechanical systems. Demonstrated ability to read schematic diagrams and use appropriate test equipment to troubleshoot equipment and manufactured products. Excellent at contributing to team and project success by sharing acquired knowledge and using strong interpersonal communication skills to encourage high-level performance. Proficient in installing, maintaining, calibrating, configuring and troubleshooting. A stellar work ethic with the ability to excel in a fast-paced environment.       Skills          Preventive and reparative maintenance  Troubleshooting  Mechanical systems  Testing  Soldering and wiring  Installation  Hardware diagnostics  Time management      Cost estimation  Operation system software  Microsoft Office  Project Management  Staff management  Advanced critical thinking  Technical support            Work History      IT Consultant  ,     04/2016   to   Current     Company Name   –   City  ,   State      Discussed project progress with customers, collected feedback on different stages and directly addressed concerns.  Coordinated with Owner to evaluate and improve software and hardware interfaces.  Documented all software development methodologies in technical manuals to be used by  c ompany employees in future projects.  Inspected equipment and assessed functionality and optimized controls.  Supported Chief Operating Officer with daily operational functions.  Adjusted software parameters to boost performance and incorporate new features for meeting customer needs.  Responded to customer requests via telephone and email and effectively answered questions and inquiries.         Master Technician  ,     11/2017   to   03/2019     Company Name   –   City  ,   State      Perform Maintenance and Operating System Checks on Mac and PC Platforms.  Track each repair service performed by maintaining accurate and [...]","salt creek capital is seeking an experienced operating executive to join the firm as an executive partner the executive is expected to work with the firm to evaluate acquisition opportunities of companies which they would oversee as president  ceo postclose as ceo the executive will be required to manage the full pl develop the growth strategy and provide operational management ceos of companies acquired by scc serve as the most senior business executive at the company and report to  participate on the companys board of directors

qualifications
 at least  years of senior management experience prior successful pl management andor president or gm experience required
 desire to participate as a business partner and ability to balance fiduciary responsibilities to numerous disparate stakeholders
 proven experience ability and desire to manage a business with focus on generating strong free cash flow  ebitda
 entrepreneurial thinker with an appetite to take on a high level of responsibility commensurate with anticipated rewards
 proven ability to manage all aspects of a company
 demonstrated ability to increase profitability through proactive business development efforts
 excellent professional references and high integrity

for more information about the executive partnership program and to apply please visit"
116,Marketing Coordinator,"HOSPITAL & PHYSICIAN BILLING SPECIALIST           Professional Summary     HIGHLY-ORGANIZED PROFESSIONAL WHO EXCELS AT ASSISTING HEALTHCARE PROVIDERS WITH BILLING MANAGEMENT & CODING SUPPORT. WELL-ROUNDED TEAM PLAYER WITH A STRONG TRACK RECORD OF WORKING IN COLLABORATIVE ENVIRONMENTS, AND DRIVING BOTTOM LINE GROWTH THROUGH REDUCING OUTSTANDING RECEIVABLES. EXCELLENT COMMUNICATOR AND FREELANCE HEALTHCARE MARKETING CONSULTANT WHO EXCELS AT ESTABLISHING A RAPPORT WITH CLIENTS FROM DIVERSE BACKGROUNDS. PROBLEM SOLVER WHO EXERCISES CRITICAL THINKING, AND PERFORMS WORK AHEAD OF SCHEDULE. SEEKS TO TRANSITION INTO A MANAGEMENT ROLE WITH A PHYSICIAN'S OFFICE THAT WILL UTILIZE THE TALENTS/SKILLS OF AN EXPERIENCED MEDICAL BILLING SPECIALIST, AND ASPIRING OFFICE MANAGER.       Licenses          Skill Highlights          Collections & Receivables  Patient Advocacy   ICD-9 & ICD-10 Standards  Medical Billing & Coding   Administrative Support   Electronic Medical Records   Insurance Verification   Marketing & Design   HIPPA Compliance   FACS  Athena  Centricity  Medical Manager  MediTech  MediSoft  TruCode  NueMD   Microsoft Office Suite (Word, Excel, Access, Outlook, PowerPoint) ● QuickBooks    Knowledge of HMOs, Medicare and Medi-Cal  Medical Manager Software  Managed care contract knowledge  Electronic Medical Record (EMR) software  ICD-9 coding  Trained in ASC Coding  CPT and HCPCS coding  Internal medicine billing  HHM and Medisoft billing systems  HIPAA compliance  Medical billing software  Strong planning skills  Technical expertise  Patient-focused care  Strong work ethic  Team player with positive attitude  Deadline-driven  Good written communication  Exercises good judgment              Professional Experience      Hospital & Physician Billing Specialist    December 2013   to   Current     Company Name   －   City  ,   State      Responsible for managing and resolving insurance denials for medical, Workers Compensation and Personal Injury claims. Works with a team of Bill [...]","drg architects is looking for a recent graduate to join our team as a marketing coordinator drg architects will provide the necessary training for this starting position theposition will include writing preparing proposals preparing presentations graphic design marketing and social media this position will work with senior staff at the firm including our firms principals and will report to the director of business development

responsibilities include

receive prepare and submit responses for requests for proposalsqualifications rfpq

create and keep current all marketing materials such as project sheets resumes brochures and presentations

work with leadership to determine strategies on proposals and presentations handson planning and development of clientspecific responses to rfps and interview preparation

design graphics for internal communications presentations with clients or publicfacing campaigns

assist with the development and maintenance of drg s online presence including firm website and social media channels

participate in business strategic planning meetings representing marketing initiatives to management

coordinate and facilitate photoshoots with our clients and photographers

coordinate and produce award submissions

ideal candidates will have

bachelor s degree in marketing communications graphic design or related field

strong sense of graphics an interest in developing content that is both powerful and resonant editing and proofreading skills

microsoft [...]"
117,Design Consultant- Interior Design/Sales Consultant in Englishtown at Ethan Allen Global Inc.,"COORDINATOR OF STUDENT PERSONNEL SERVICES       Professional Summary     I am an experienced, engaging and dynamic leader seeking an opportunity for growth within CCISD's Student Personnel Services Department. I consistently demonstrate effective communication, public relations, and interpersonal skills and maintain a personal expectation for positive, customer-service-driven, interactions with all students, parents, faculty/staff, and community stakeholders. I possess excellent organizational skills as well as the ability to maintain emotional control under stress and to work with frequent interruptions.       Skills          Project management  Conflict resolution  Process implementation      Self-motivated  Strong verbal communication  Extremely organized            Work History      Company Name    Coordinator of Student Personnel Services  //  City  ,   State  //  July 2015   to   Current     Director of Student Personnel Services, Suzanne Thomas (281) 284-0175 I lead the Clear Falls High School counseling team to cooperatively plan, implement, and evaluate campus programs and activities consistent with CCISD's expectations for a comprehensive counseling and guidance program.  I serve as a resource for students, parents, teachers, counselors, administrators and community groups with the goal of maximizing each student's personal growth and potential.  It is my primary responsibility to lead the campus counseling team to consistently provide: proactive, developmentally appropriate personal and group counseling effective crisis management timely access to community health and human services agencies solid academic guidance for high school and post-secondary planning relevant college and career investigations Other responsibilities unique to the position include the coordination of: campus registration events, including course selection, verification, and final scheduling dual credit enrollment Advanced Placement, SAT and ACT testing student and parent information [...]","job description
requisition id 
our busy new jersey location based in marlboro township is looking to add  experienced interior designers to its passionate and talented team  the ideal candidate works well in a team environment but remains entrepreneurial in focus and passionate about design they are committed to personalized serviceworking with new clients existing clientele and a professional network to create and sell customized home solutions this role rewards those most who are driven to operate their interior design business within our proven program
meet our team  
 
ethan allen is an american luxury brand committed to quality value and our most important assets  our associates
as the face of ethan allen our interior designers create an experience in our design centers and assist clients in designing homes they absolutely love 
our interior design consultants love their jobs 
as a design consultant you
challenge your own thinking and let your creativity flowtransform a blank space into something beautifulown the design process from establishing customer relationships to the final salepartake in the best compensation programs in the industry with generous salaries incentives and flexible schedulesaccess to state of the art technology including  room planner augmented reality and live chatwork with the most gorgeous product in the industry and allow your vision to come to life the end result is truly something magical 
 our interior design consultants strengths include
p [...]"
118,Marketing Intern,"CULINARY ARTS INSTRUCTOR           Executive Profile    I am seeking a responsible and challenging position that offers opportunities for personal and professional growth in a culinary environment such as fine dining to high-end hotel, catering or education.    I prefer a position in Education or Management. So that I can utilize my skills gained during the past 16 years as a Teacher, Supervisor, Trainer, Team Player and Problem-Solver.      Skill Highlights          Over 16 years of supervisor experience, this includes: production operations, export and domestic shipping, receiving, inventory control, ordering, budgeting and distribution. Also responsible for Inventory in System Applications and Products (SAP).  Conduct inventory plans and select teams for a monthly cycle count of over 5000 materials  Supervise while earning respect from others  Maintain transactions in SAP for all warehouse, shipping and inventory functions  SAP System Knowledge.  Microsoft  Office, computer, small and larger appliances  Maintain timeliness and quality in high volume kitchen  Quality control  Strong leadership skills  Very skillful in teaching, coaching, motivating, training employees and students              Core Accomplishments      Staff Development:   Launched well-received program of professional development courses for all staff.    Mentored and coached employees resulting in a 12% increase in productivity.   Managed classes of up to  7 to 30  students.           Professional Experience      Culinary Arts Instructor    January 2015   to   Current     Company Name   －   City  ,   State      Prepare lesson plans for classroom instruction for credited technical/occupational courses Develops programs curriculum, syllabi, goals and objectives; evaluates students' progress in attaining goals and objectives Taught culinary arts courses in a classroom/lab/field environment that closely simulates the environment of the industry while maintaining knowledge of current trends and devel [...]","our team is growing were offering several different internship opportunities for innovative candidates these interns will gain experience with social media management video production client relations branding and creative marketing campaigns

since we are a growing company our interns will get to work hands on with projects that will directly impact local and national companies our work has been used as tv commercials website headers has garnered millions of impressions on social media and has been featured on accounts such as mercedes benz usa nissan jaguar usa and roush performance"
119,Senior Web Designer (REMOTE),"SERVICE ADVOCATE IV- CLINICAL SUPPORT         Summary     Over 10 years of the insurance industry experience. Strong analytical, documentation and research skills.       Highlights          Extensive insurance industry and regulatory compliance knowledge.  Quality assurance by conducting audits experience.  Analyze issues, tack trending and implement process improvement ideas.  Research, develop, editing and publish procedures for the department.  Strong interpersonal and communication skills  Report writing       Experience managing complex and time sensitive projects.  Provide important communications regard updates to procedures.  Claims file management processes  Medical terminology specialist  Database management  All Lines Claims Adjuster Licensed 6-20 State of Florida            Experience      Company Name    City  ,   State    Service Advocate IV- Clinical Support   01/2015   to   Current      • Assist providers with the entry and update of requests for medical clearances   • Research, coordinate and resolve inquiries and claims exceptions   • Coordinate with other Provider Service areas to identify formal education opportunities   • Identify, document and monitor process improvements   •Maintain records, reports, or files  • Moderate to heavy keying required.  • 9+ years' experience in health insurance, provider's office (handling medical coding, filing insurance claims or referrals) or a managed healthcare telephone service center   • Experience working with healthcare products including researching and resolving provider inquiries and working with provider contracts and networks   • Experience working with medical terminology, CPT-4 coding, ICD-9 coding and claims adjudication inquiry resolution processes and procedures   • Experience working with BCBSF healthcare products  *Review contract benefits and approve services for claims payment.  *Examine claim forms and other records to determine insurance coverage  *Verify investigative information   *Mainta [...]",the apply with seek option will be utilized for international applicants mainly australia if this does not apply to you please use the apply optionsenior web designer remoteif you care theres a place for you herefor a career path that is both challenging and rewarding join sedgwicks talented team of  colleagues around the globe sedgwick is a leading provider of technologyenabled risk benefits and integrated business solutions taking care of people is at the heart of everything we do millions of people and organizations count on sedgwick each year to take care of their needs when they face a major life event or something unexpected happens whether they have a workplace injury suffer property or financial loss or damage from a natural or manmade disaster are involved in an auto or other type of accident or need time away from work for the birth of a child or another medical situation we are here to provide compassionate care and expert guidance our clients depend on our talented colleagues to take care of their most valuable assetstheir employees their customers and their property at sedgwick caring counts join our team of creative and caring people of all backgrounds and help us make a difference in the lives of othersopen to remote work all locations within the usprimary purpose  conceptualize and design user experience projects and initiatives and oversee designers to ensure highquality work throughout the entirety of the projectessential functions and responsibilities creat [...]
120,Commercial Contracts Lawyer,"PUBLIC RELATIONS CONSULTANT           Summary     Experienced public relations, sales and marketing professional with expertise in the technology, financial, consumer and healthcare industries.       Highlights          Global marketing  Account management  Direct marketing campaigns  Public relations expert  Quality leadership       Multi Task Abilities  Proven Sales Success  Start-up background  Deadline-driven  Microsoft Office Suite expert            Experience      Public Relations Consultant    June 2005   to   January 2016     Company Name   -   City  ,   State      Managed PR programs for AccordSQA and GatherWorks.  Secured inclusion of SmartScript and SmarteLoad  in Dr.Dobbs and SD Times.          Inside Sales Representative    March 2008   to   June 2008     Company Name   -   City  ,   State      Identified and called decision makers within targeted verticals, while educating prospects about key features and benefits of software; secured four qualified leads in first two weeks in position.          Direct Sales Representative    December 2007   to   January 2008     Company Name   -   City  ,   State      Sold more than $8,800 in products in one month to more than 100 new accounts, while developing positive rapport and relationships with more than 800 new accounts in three territories.  Confirmed two participants to a monthly Web training seminar.  Developed campaign ideas for marketing, including initiative for promoting seminars; new sales support literature; and new product initiatives.  Provided key feedback for streamlining processes for sales operations and efficiencies; mailings; and updating client contact information.  Solicited key feedback from clients of interest to marketing, sales, business development.          Account Manager    January 2004   to   May 2005     Company Name   -   City  ,   State      Lead PR strategy, client relations, and PR activities for AccuRev and Bowstreet.  Identified and pursued new business for the agency.  Increa [...]","commercial contracts lawyer
us  new york
take the next step in your career with the leading global alternative legal services provider dont compromise 
over twenty years ago axiom started a movement to change the face of the legal industry today we continue to break boundaries with a combination of toptier legal talent and globally recognized  clients trusted by the leading brands around the world axiomites gain access to the highest quality legal work while maintaining control over what and how much work they take on axiom puts its people first attracting those who are thoughtful caring and collaborative we strive for excellence in everything we do and value integrity and our people above all else  
prioritize the life you deserve with the legal work you love 
we are looking for lawyers who are passionate about innovation to work as commercial contracts lawyers with some of the worlds largest energy technology consumer goods and professional services companies this is an exciting opportunity to tackle complex legal challenges on a global scale
responsibilities
working with and advising corporate clients directly as well as the ability to provide entrepreneurial pragmatic businessoriented advicethe ability to thrive in a large fastpaced environment with a high level of professionalism and outstanding business judgmentmaintain strong collaborative relationships with internal business partners and stakeholdersminimum qualifications  
 years of significant transactional experien [...]"
121,Patient Engagement Liaison,"DEALERSHIP FINANCE MANAGER         Experience      Dealership Finance Manager  ,     03/2011  
                            to   Current     Company Name   –   City  ,
                          State      Oversaw credit department staff.  Maintained ongoing communications with clients.  Worked to resolve credit and financing issues.  Identified new business prospects.  Developed strategies with sales managers.  Established credit and financing policies and procedures.  Reviewed and approved loan applications in a timely manner.         Dealership Finance Manager  ,     11/2006  
                            to   03/2011     Company Name   –   City  ,
                          State      Processed credit and loan applications.  Prepared and analyzed credit reports.  Evaluated contracts and loan agreements.  Maintained customer database.         Dealership Finance Manager  ,     02/2003  
                            to   11/2006     Company Name   –   City  ,
                          State      Reviewed credit and loan applications.  Prepared monthly and quarterly financial reports.  Negotiated financing and credit terms with customers.  Ensured compliance with all applicable financial regulations.         Education      Associate's Degree  :   Accounting  ,
                          2002     University of California   -   City  ,
                              State    Accounting       Bachelor of Science  :   Finance  ,
                          2005     University of California   -   City  ,
                              State    Finance Want more? Check out our other examples.   See More Examples       Summary    Seasoned Dealership Finance Manager with a sound knowledge of the auto industry. Adept at evaluating credit requests
preparing and analyzing financial reports and preparing loan agreements. Specialize in quickly dealing with customer
credit and financing issues in a timely courteous manner.
Core Qualifications
· Extensive understanding of credit and financi [...]","fern

this is a fulltime remote position that requires much travel i understand that you want minimal travel outside of your home and parttime i still wanted to share this position to receive feedback on the role would you be interested in this type of role you would like if it was available as parttime andor flexible hours and involved less traveling i know you desire to advocate for patients caregivers and family members

locations
remote united states

time type
full time

posted on
posted  days ago

job requisition id

job description summary 
the patient engagement pe liaison is responsible for creating partnerships and establishing relationships with patient advocacy organizations paos and patient families within their identified therapeutic area they will serve as a representative of the patient voice during each phase of the drug development process they are responsible to support the patient advocacy strategy and execution for therapeutic areas being studied in our pipeline they will provide oversight for patient recruitment retention and engagement and in addition this person will assist in ensuring a smooth transition of relationships from clinical to commercial teams

job description
responsibilities
identify patient advocacy organizations pao within the targeted disease states and collaborate with global patient engagement pe clinical development and commercial development teams to identify appropriate strategies for each organizationensure adherence to best prac [...]"
122,Business Analyst- Supply Chain,"BUSINESS DEVELOPMENT MANAGER       Summary      Business Development Manager & Talent Acquisition Specialist equipped with the excellent negotiation skills, market insight and business acumen necessary to guide struggling and newly-formed companies to financial success.  Motivated BDM & Recruiter adept at business prospect research, product promotion and account expansion in the Information Technology (IT) market.  Business Development Analyst skilled at advising large corporations on business logistics, including talent acquisition retention and operational efficiency with major projects meeting deadlines.   Business development expert with 5+ years as a top sales performer in in the Staffing/Recruiting Services market. Comfortable with new ideas, innovative products and start-up environments.  Skilled at establishing and maintaining strategic partnerships to generate essential business opportunities.  Business development professional experienced in sales management, marketing, technical presentation creation and service training.  Business Development Manager versed in building strategic partnerships through persuasion, negotiation and personal presence.Business development professional successful at acquiring, expanding and managing key corporate accounts.        Highlights          Fortune 500 partner experience  Excellent sales techniques  National account management  Top-ranked sales executive  Fluent in Spanish  Excellent communicator      Contract review  Cold calling  Adept multi-tasker  Work force management  Analytical problem solver  S martSearch, JobDiva, MaxHire & Sugar CRM systems expert              Experience     09/2015   to   Current     Business Development Manager    Company Name   -   City  ,   State       Increased monthly sales by 50% by implementing strategies to develop and expand existing customer base.    Cold and warm called 80+ new and existing accounts per day.    Developed a new customer base consisting of 3 accounts.    Generated ne [...]","where you fit in

our projects and technology pt business exist to make the delivery of shells strategy and the growth of our company possible pt works collaboratively and in an integrated way with its business partners to deliver value for our customers and for shell

whats the role

as it business analyst you will be responsible in identifying and defining the business needs of shells supply chain business and help to determine solutions to meet the business needs or resolve various business problems

your broad and extensive knowledge in supply chain operations is critical to link technical solutions with business strategy when working with the business partners

in this role you will be part of an it project development environment

what we need from you
 must have legal authorization to work in the us on a fulltime basis for anyone other than current employer
 preferably a bachelors degree in information technology or a related study
 at least  years relevant work experience
 commercial acumen in supply chain operations
 knowledge of business analysis techniques and tools
 experience working on agile projects and have a very good understanding of scrum and tools such as msazure devops
 understanding of systems engineering concepts and dataprocess analysis and modeling
 knowledge of the technology landscape including current and future developments and the most commonly available products and integrated solutions
 ability to take a systematic and analytical approach to pr [...]"
123,Vice President/Sr. Director Business Development - CME,"HR REPRESENTATIVE       Summary    A motivated business partner who communicates and collaborates effectively with all levels of personnel by relying on outstanding interpersonal and customer service skills, excellent sense of urgency and time management skills and taking pride in delivering high quality work.      Highlights            provide a high level of service to both internal and external clients and candidates   possess excellent communication skills  an organizational guru communication skills,   have the ability to shift gears at a moment's notice and enjoy the challenges of helping to build a great organization of talented individuals.      Ability to multi-task and work in a extremely fast paced environment.   Superb Customer/Client service focus with a demonstrated desire to exceed expectations.   Ability to handle confidential information and escalate issues when appropriate.   Ability to interface with all levels of the organization, with external candidates and build relationships.   Proved ability to serve as a team player with the agility to jump in whenever needed.    Flexible, able to change direction quickly.   Excellent oral and written communication skills, an ability to multitask, strong attention to detail and be able to work autonomously.   A track record of demonstrating strong work ethic, integrity and personal accountability.  Organized with strong time management and problem solving skills, intense attention to detail and accuracy, ability to prioritize.   Human resources audits  Maintains confidentiality  People-oriented  Organized  Exceptional communicator  New employee orientations           Experience      HR Representative   ,   11/2008   －   02/2016    Company Name   －   City  ,   State       Managed communication regarding employee orientation and open enrollment for benefits.     Designed new employee packages and sent them via mail and e-mail.       Drafted department-specific employee announcements.        Resolved personnel [...]","spire learning united states remote

spire is dedicated to the design development and implementation of clinically relevant innovative highquality cmece activities
this is primarily a business development position that offers the flexibility of working remotely from anywhere in the continental us

are you a dynamic and experienced cme professional looking for your next opportunity are you a healthcare or communication industry business development professional who thrives on overcoming challenges to achieve success is energized when working in a fastpaced environment and is comfortable learning about pharmacotherapy advances in a number of therapeutic areas if so this role might be a match for you

at spire we believe that healthcare education has the power to transform lives
our passion and empathy drive our enduring commitment
come join our team

responsibilities

lead the creation and execution of therapeutic areaspecific grants and education strategies including identification cultivation and successful securement of cmece grant opportunities

establishment of compliant relationships with potential grant supporters

development of collaborative partnerships that advance the delivery of quality accredited healthcare professional education

alignment of instructional design elements with educational needs

oversight of outcomes reporting for funded projects

collaboration with accreditation bodies to ensure compliance with all accme standards

maintenance and expansion of c [...]"
124,Staff Software Engineer - SMB - Marketing Enablement,"MANAGER           Experience      Manager  ,   11/2013   to   Current     Company Name   –   City  ,   State      Manage a large global team of up to 50 Managers, Technical Leads and Software Developers across a portfolio of 25 LOB applications.  My responsibilities include:.  Vendor management, RFPs, vendor selection, scope based contractual obligations, and negotiations on Fixed Bid, Fixed Scope, T&M SOWs and 3rd Party Software licensing.  LRPs, short and long-term strategic Road Maps, Project Planning & Monitoring and Software Delivery.  Operational Excellence using Application Performance Monitoring (APM), Log aggregation, etc.  Solution Architecture & design of complex projects and enhancements to existing products.  All aspects of IT Management - Hiring, Up/Out, developing trust based on highly advanced technical knowledge, motivating actively,  
Key Contributions:.  Reshaped the SDLC within the first 90 days from an everything-goes to an Agile (SCRUM) based process, substantially improving on-time and on-budget deliveries.  Introduced Jira as part of the transformation which snowballed into centralization of fractured implementations and adoption by thousands of people across the company.  Stabilized a key VOD Rights and Windows management application with many technical challenges including performance and data corruption.  Improved the resiliency of the platform, and reduced the technical debt enabling faster features development.  Substantially improved MTTR and RCA by adopting Splunk and AppDynamics, and by establishing proactive alerts to detect problems earlier than the users.  Strongly Influenced the UI/UX of a touch-enabled web and iOS application used by top executives.  Established and delivered very stringent performance, quality and reliability requirements.  Established a cloud-native, 12-factor architecture of an application deployed on AWS using Elastic Bean Stalk, RDS, SNS, and other related AWS services.  Nominated on NBC-wide Cloud-first str [...]","your job

if you are an engineer whos passionate about building innovative products that scale to tens of millions of page views a day indeed is looking for you indeeds job search engine serves billions of search queries every month connecting tens of millions of jobseekers to relevant job opportunities we constantly dig into the data available at indeed to analyze inform and develop solutions to the right problems

the marketing enablement team is looking for a staff software engineer to join and lead a team responsible for building systems frameworks and tools that integrate vast amounts of data from multiple different sources you will play a key role in developing high performing large scale backend systems that enable complex analytics to be done by marketing teams here at indeed

the majority of tasks in this role will be backend focused and work can be done  remotely

who you are

requirements

 years of experience programming in one of the following languages java c c python or go
bs degree or above in computer science computer engineering electrical engineering mathematics or a closely related technical field
experience building applications or a collection of connected systems that communicate via a network connection
significant experience with large scale highperformance systems
experience mentoring and leading code review sessions with less experienced engineers
experience owning large scale features systems or applications from requirement definition through impl [...]"
125,Part-Time Sales Associate | Crowfoot,"REGIONAL RECRUITER       Summary    Motivated program management professional, a problem-solver and decision maker; specialized in team leadership, resource
coordination and customer service, who seeks to re-enter the workforce with both feet.      Highlights          Professional caregiver              Extremely organized     Program development              Conflict resolutionDecision-making ability  Team liaison   Process improvements      Strong written and verbal communication skills     Culturally-sensitive     MS Office     Business correspondence     Project coordination             Accomplishments    Hands-on Human Resources Coordinator with proven international/domestic operational, strategic, change management, and compensation management background. Skilled in organizational reviews, talent management, staffing, recruiting, expatriate management, managing diversity, and advising and influencing executive leadership on organizational issues that have a major business impact. Successfully posted, recruited, interviewed, and hired hundreds of personnel for British government postings across the world.      Experience      Regional Recruiter   10/2016   to   Current     Company Name   City  ,   State       Carry out the full life-cycle recruitment process for a wide range of positions to include posting, sourcing, reviewing resumes and screening candidates, making offers, and following up  Manage relationships with Posts delivering effective communication that supports the completion of recruitment activities and tasks  Handle administrative related tasks including corresponding with hiring managers and candidates, record retention for recruitments; maintaining applicant tracking system activities related to open and closing of requisitions, entering complete and accurate data for reporting, and other relevant tasks  Constantly evaluating area for process efficiency and identifying areas for development in guidance and reporting feedback from customers to se [...]","parttime sales associate  crowfoot
sales employees calgary ab catodayrequisition id 

urban barn is looking for a parttime sales associate at our crowfoot location in calgary alberta

our sales associates are responsible for representing the urban barn brand and providing our customers with the best shopping experience possible you will contribute to a percentage of the overall store sales by offering friendly service and product knowledge to help our customers create a space they love to call home

our stores are open  days a week so were looking for candidates who can work a variety of shifts ie weekdays weeknights and weekends

if you love beautiful home décor and helping people come put your passion to work at urban barn

who you are
salesdriven while being respectful and customerfocused passionate about interior décor and merchandising friendly selfmotivated and vibrant strong communication and listening skills

what you bring
 years retail sales experience open availability with the flexibility to work weekdays evenings weekends and holidays a talent for establishing rapport with customers and offering exceptional service proficient on a sales register andor computer system ability to liftmove stock weighing up to  lbs

why join urban barn
we dont just sell home décor we help furnish lifes biggest moments work for a proudly canadian company with stores in six provinces generous employee discount competitive salary with added incentives and bonuses commitment to your gro [...]"
126,Inbound Customer Service / Sales (Remote),"BUDGET ANALYST SERIES 0560       Summary      Accounting Skills     Knowledge of automate financial/accounting systems in order to manage fiscal date and ensure system performance.   Knowledge of system analysis techniques and procedures.   Ability  to interpret accounting related rulings, regulations, directives and bulletins to develop sound conclusions, recommendations and applications to specific inquires and situations.   Flexible Budget Analyst who adapts seamlessly to constantly evolving accounting processes and technologies.    Ability to communicate verbally and in writing in order to develop and deliver presentations, briefings and/ or training sessions.          Highlights          Budget analysis  Cost Benefit Analysis (CBAs)  Accurate forecasting  Financial reporting expert      Calm under pressure  Sound judgment  Staff training  Self-motivated professional            Experience      Budget Analyst Series 0560     Jul 2007   to   Current      Company Name   －   City  ,   State    (This is a federal job)  Hours per week:  40  Pay Plan:  GS  Grade:  11/12    Subject Matter expert, researching, developing and executing the Franchise Fund budget in excess of 28.6 million dollars.   Give sound conclusion when developing and executing yearly business plan by, conducting research, assembling and analyzing facts to set customer rates and providing cost for expenditures.   Provide monthly budget briefings to department heads on monthly expenditures, workload counts and make recommendations for any changes or adjustment.     Handle complex issues on unknown budget requirements, providing in-depth evaluations and provide executive leadership team assistance in making sound business decisions.     Manage the following accounts.  Payroll, staffing supplies, equipment, travel. rent and communications, depreciation and contractual services for current fiscal year and out-years.   Subject matter expert in managing fund control points and obligating funds as needed to [...]","put the world on vacation

at wyndham destinations our mission is simple to put the world on vacation with a spirit of caring creativity and fun our teams help families and friends create memories that last a lifetime as the worlds largest vacation ownership company and part of travel  leisure co were shaping the future of the travel industry

job description
 special note regarding working from home

this is a work from home position for candidates who reside in the states of florida and south carolina due to business constraints candidates outside the state of florida and south carolina will not be considered for this position and should not apply successful candidates must be able to report to one of our florida or south carolina locations for new hire paperwork on day one and meet our work at home requirements see below our next new hire training class is scheduled to start on september  

successful candidates must be able to report physically to one of our locations for new hire paperwork prior to day one and must be able to meet our work at home requirements see below

become a resort expert

help owners and prospective guests plan their dream vacations and make reservations as an inbound customer service sales representative at wyndham destinations during a paid virtual training period youll become an expert on our resorts amenities and things to see and do near each location after training you will transition to taking calls from excited customers who are interested [...]"
127,"Director, Sales & Marketing","SENIOR SPECIALTY SALES REPRESENTATIVE       Summary     Decisive seasoned Bio-pharmaceutical sales representative who drives territory growth through creative and innovative marketing strategies. Skilled at analyzing market trends and customer needs to develop highly-effective and targeted campaigns to drive revenue.       Highlights         Account management  Customer service-oriented  Quantitative analysis  Deadline-driven  Presentations  Cross-functional team leadership       Microsoft Office Suite expert  Market segmentation  Project management  Competitive analysis  Trade shows             Accomplishments      Launched aggressive growth plans that helped increase customer base of Flumist  from 15 to 94 customers in the geography in 3 years.  Presented PowerPoint presentation to Executive Leadership Team on customer segmentation strategy and customer returns strategy.  Resulting program increased volume sales by 1Million in 1 year   Provided subject matter content to a sales module on successful selling in a hospital environment.  Resulting sales training from this  module lead to significant increase in Synagis revenue from hospital sales and greater confidence of sales reps to enter hospital systems   Created a project to increase sales team's collaboration.   Used company's SharePoint Service to create a workspace for field use.  Worked with Effectiveness Team to roll out a similar platform using Box.com.  Program has been incorporated by Astra Zeneca to share information and increase collaboration of sales and commercial teams            Experience      SENIOR SPECIALTY SALES REPRESENTATIVE   01/2006   to   01/2010     Company Name   City  ,   State       Key Responsibilities included:  Marketing and promoting CVD products to NYC CV, Endocrinology, and Nephrology specialists and hospitals.  Business Planning, Sales Forecasting and strong use of Excel.  Meeting and exceeding sales goals.  Built strong business relationships with healthcare executives and key [...]","director sales and marketing

the director of sales and marketing will be responsible for financial planning and strategy marketing concepts positioning people management sales planning and attainment competitive analysis and pricing understanding the customer product development and customer relationships
 achieves divisional objectives by contributing marketing and sales information and developing and implementing strategic plans and reviews
 meets divisional financial objectives by forecasting requirements preparing an annual budget scheduling expenditures analyzing variances initiating corrective actions
 determines annual grossprofit plans by forecasting and developing annual sales quotas projecting expected sales volume and profit for existing and new products analyzing trends and results establishing pricing strategies recommending selling prices monitoring costs competition supply and demand
 accomplishes divisional objectives by planning developing implementing and evaluating advertising merchandising and trade promotion programs and developing sales action plans
 identifies marketing opportunities by identifying requirements defining market competitors share and competitors strengths and weaknesses forecasting projected business establishing targeted market share both short and long term
 improves product marketability and profitability by researching identifying and capitalizing on market opportunities and overseeing new product development
 sustains rapport with k [...]"
128,Remote Case Manager II,"NATIONAL MARINE FISHERIES SERVICE NMFS SPECIES OBSERVER       Objective     Looking for employment in an Environmental Engineering position that will help further my career while bringing my experience and education to the company as well.       Summary      A result driven, diligent and highly accomplished professional with curiosity and creativity about the environment possessing over 12 years experiences in Environmental Science, develop solutions to resolve environmental problems; taken part in water pollution control, water recycling, biological waste disposal, and public health issues; participated in the design of aquaculture wastewater treatment systems; experienced in laboratory operations and safety procedures.       Education      Ph.D  :   Soil, Water and Environmental Science   2014       University of Arizona   City  ,   State  ,   USA      Soil, Water and Environmental Science         MSc  :   Soil, Water and Environmental Science   2014       University of Arizona   City  ,   State  ,   USA.      Soil, Water and Environmental Science         Diploma  :   Management   2006       University of London   City  ,   State  ,   UK      Management         BSc.  :   Agriculture   2002       University of Guyana   City  ,   State  ,   Guyana             Select One         City  ,   State       GPA:   Graduate Student Travel Award Institute of the Environment, 2013            Professional Experience      National Marine Fisheries Service NMFS Species Observer   07/2015   to   Current     Company Name   City  ,   State       Monitor for sturgeons (Atlantic and Shortnose) and other endangered species found within the dredging area of the $3.1 Billion New NY Bridge Project;   Monitor dredging, decanting and offloading operations of dredge materials for sturgeons and other endangered species;   Collect and record biological data (length, weight, DNA samples);  Collect and process fish specimens for necropsy;   Communicate observations and finding to New York State [...]",for over  years hma has been the premier thirdparty health plan administrator in the pnw we relentlessly deliver on our promise to provide employers with customized health insurance plans for their staff that offer highquality healthcare at a reasonable cost with firstrate customer service support in  hma was chosen as a washingtons best workplaces by our staff and psbj our vision proving whats possible in healthcare and our values people first be extraordinary work courageously own it and win together shape our culture influence our decisions and drive our resultswhat we are looking for we are looking to hire people that care deeply about others thrive in evolving environments gain satisfaction from being part of a team and helping others succeed are motivated by tackling complex challenges are courageous enough to share ideas are actionoriented are resilient and are resultsdriven what you can expect you can expect an inclusive flexible and fun culture comprehensive salary benefits and time off packages with plenty of personal development and growth opportunities if you are looking for meaningful work a clear purpose high standards worklife balance and the ability to contribute to something important find out more about us at  you will make a difference the case manager provides holistic primary care management for all client groups including medical and managed behavioral health services monitoring of member utilization and claim patterns and ongoing case management for com [...]
129,"Retail Commission Sales Associate - Fine Jewelry, Northridge...","SALES         Summary    Enthusiastic, and outgoing Customer Service Associate proficient at building positive relationships with new and existing
customers by offering superior customer service. Skilled in establishing rapport with clients. Self-motivated with exceptional
communication and computer capabilities.      Highlights          Exceptional communication skills  Upselling techniques   Quick learner   Merchandising  Credit card processing  Stocking   Strategic sales knowledge            Skilled problem solver   Proficient in cash management      Cash handling accuracy  Banking and financial services background  Organized  Detail-oriented  Excellent multi-tasker  Display design  Flexible schedule  Proficient in MS Office            Experience      Company Name    City  ,   State    Sales   10/2014   to   09/2015       Greeted customers entering the store to ascertain what each customer wanted or needed.  Described product to customers and accurately explained details and care of merchandise.  Politely assisted customers in person and via telephone.  Answered product questions with up-to-date knowledge of sales and store promotions.  Bagged, boxed or gift-wrapped sold merchandise per customer's request.  Provided ongoing guest service, including giving fashion advice.  Maintained cleanliness and presentation of stock room and production floor.  Built long-term customer relationships and advised customers on purchases and promotions.  Routinely answered customer questions regarding merchandise and pricing.  Asked open-ended questions to assess customer needs.  Designed displays to make the store experience interactive, engaging and reassuring.  Learned, referenced and applied product knowledge information.  Replenished supplies, bags and other materials at each cash wrap.  Folded and arranged garments in attractive displays.  Recommended alternative items if product was out of stock.          Company Name    City  ,   State    Laborer/ Housekeeping   09/2013 [...]","about
macys is proudly americas department store theres a reason weve been around for  years customers come to us for fashion value and celebration macys is also known for giving back to our communities

the magic of macys ultimately comes alive in our stores and our store colleagues are the ones making it happen they provide outstanding customer service create a memorable shopping experience and drive sales results a store position at macys seasonal parttime or fulltime is the perfect way to explore the world of retail some of macys top executives started their careers as parttime retail sales associates our store positions are ideal for forming relationships building teams and developing leadership skills to grow your career at macys macys stores are ideal for building capability in creating partnerships building teams and developing the leaders of tomorrow macys is the academy for retail careers

a store colleague position whether its a seasonal job parttime retail job or a fulltime career is the perfect way to launch a career in the world of retail many of macys top executives started their careers in parttime retail sales roles or as recent college graduates into our development programs in the various functions at macys

job overview
the jewelry sales associate is responsible for providing outstanding customer service in the jewelry  watch complex this includes meeting hourly sales and star rewards goals on a personal and departmental basis demonstrating superior produc [...]"
130,Registered Nurse (RN-CA02-007),"DIRECTOR/PRESCHOOL TEACHER       Summary     Personable education professional driven to inspire students to achieve personal and academic success.        Highlights          Exceptional written and verbal communicator  Committed to cultivating student leadership  Innovative thinker         Natural leader  Positive and cheerful  Active listener            Accomplishments     Designed and implemented new  programs to bring in more families and revenue to my school.        Experience     08/2008   to   Current     Director/Preschool Teacher    Company Name   －   City  ,   State      Responsibilities to include: Curriculum, Enrichment, Continuing Education, Human Resources, Staff Development, Registrar, and the purchase of all supplies.  Respond to all inquiries (email, answering machine, in person) in a timely manner.  Schedule tours upon request.  Organize the registration process.  Determine pre-registration date for alumni and returning students.  Attend job interviews as required for any teacher or assistant teacher positions.  Arrange for staff substitutes and notify the bookkeeper of staff personal, sick, substitute days, lunch bunch, and staff meetings.  Distribute staff paychecks.  Develop and run annual curriculum planning meeting with staff prior to each new school year.  Responsible for staff development: encourage and motivate staff members to reach personal and school goals.  Review teacher's curriculum plans on a regular basis.  Conduct staff observations in conjunction with Hollis Preschool Board.  Be familiar with the NH Child Care Licensing and Operating Standards to ensure that the school meets the requirements.  Ensure that the facility maintains safety standards while children are present.  Oversee, help and mentor the Kindergarten club teachers in all aspects of the position requirements.  Maintain a positive attitude and act as a team player by supporting new ideas and teaching practices and contributing to the collaborative environment of Hollis [...]","about bethany

for  years bethany has been improving the lives of alberta seniors and adults with disabilities by providing housing health and community services that honour their spirit and individuality

why bethany

we are looking for individuals who want to feel connected to their community in a personcentered organization bethany has consecutively won top employer  years in a row for the programs we invest in for our employees

bethany offers topup for parental leaves generous vacation and leave time competitive salaries benefits and retirement savings programs we are committed to employee wellbeing and giving back to our community we invest in our people because they are the reason for our success

for more information check out this video about working at bethany

about the role

with a passion for care towards residents families and team members the registered nurse is accountable for practicing outstanding care and support to residents resident families team members and volunteers to the full scope of professional nursing practice and to ensure that their conduct meets the standards of the profession and of bethany care society to deliver resident centered care planning implementation and evaluation

what you will do
individual responsibilities will fall under six main areas of focus
 residentcentered care promotes service excellence and is responsive to the residents needs in accordance with resident care plans policies and procedures conducts a complete and thoroug [...]"
131,Real Estate Paralegal or Executive Assistant,"GENERAL BUSINESS MANAGEMENT       Summary     RESUME:Kristy Bishop                       Entrepreneurial indirect sales executive passionate about building productive relationships with clients, partners and team members. New customer acquisition expert who emphasizes mix of online and in person marketing strategies.       Highlights          New customer acquisition  Account management  Prospecting  Results-oriented       Knowledge of market trends  Proficiency in finding areas of opportunity  Client-focused  Brand development             Accomplishments      Conceptualized and launched the "" Full service neighborhood bank marketing campaign, which led to a 70% increase in bank deposits, Customer service both internal and external, compliance, HR, Sales & Marketing Training, SQL, Valuing Diversity Training, conflict resolution, team building Mentoring Training, best practices Received several awards for ""Top Performer"" and letters of recognition and recommendation                  Promoted from Relationship Banker I to Relationship Banker II, as well as one of 5 regional bankers in my position assigned to train and mentor new employees after 12 months of employment. Was also given a written offer to become regional Merchant Service Representative, as I personally was considered responsible for creating the need for position, This was offered to me after about 14 months which at the time was unprecedented.   Initialized a grass root marketing campaign to promote brand recognition, as well as gather more household relationships (i,e, loans, deposits) with no marketing budget with immense success,  Assessed organizational training needs.  Performed competitive analysis to make recommendations for future company growth.    .                   Experience      General business management     May 2007   to   Dec 2014      Company Name   －   City  ,   State     Providing first person of contact for customers as well as employees.  Provided conflict resolution and internal [...]","job description

work with the attorneys of a collegial growing law firm direct client relations the firms areas of practice include sophisticated real estate development transactional sales and purchases nonprofit organizations commercial transactions community economic development and housing

high quality work with interesting clients in a supportive environment the successful candidate will have experience with residential andor commercial real estate title matters and mortgage lending and possess excellent communication skills and the ability to work and think independently and in a team careful attention to details and excellent computer and organizational skills are vital being a notary public in ny is a plus good knowledge of excel outlook and practice panther is also a plus willing to train the right individual

please respond with a cover letter and resume candidates may be
asked to submit a writing sample that is their own work and that
shows their analytic ability"
132,CFO - Fast Growing Startup,"SENIOR STUDENT FINANCE SPECIALIST           Summary     A dedicated and focused business professional with 12 years of extensive experience in analyzing and researching data to find solutions to issues.  An expert in investigation and critical thinking, a very well detail oriented individual who is adaptive to change, and building relationships with teams and managers. I am currently seeking for a career where my skills and abilities can be useful to the company as well as to challenge my growth.           Experience      Senior Student Finance Specialist    January 2010   to   Current     Company Name   －   City  ,   State      SUMMARY	I am a dedicated and focused business professional with 12 years of extensive experience in analyzing and researching data to find solutions to issues.  I am an expert in investigation and critical thinking, a very well detail oriented individual who is adaptive to change, and building relationships with teams and managers.  I am currently seeking for a career where my skills and abilities can be useful to the company as well as to challenge my growth.  Evaluates students' Financial Aid's compliance with schools' regulations and control.  Assessments include: ISIR and c-code evaluation, Loans and Grants eligibility, grades and attendance reviews, and QA on other miscellaneous documents such as Proof of HS graduation.  Responsible for performing daily Title IV and Tuition Refund calculations.  Maintains the students' general ledger by assuring all the Academic Years are balanced.  Main adviser of students' credit balances assisting other teams and departments.  Processes National Student Loan Database (NSLDS), Student Status Confirmation Reports (SSCR) and submit accurate reports on time, thus keeping them in compliance.  Emphasis on time management to meet month end and quarter end deadlines.  Supports interdepartmental teams regarding any issues with out of school students.  Ample use of Microsoft Excel - vlookups, pivottables, form [...]","nikola labs

chief financial officercolumbus oh must haves

prior experience as a cfo for an earlystage saas company or equivalent experience is preferred extensive experience in a leadership role with a proven ability to manage largescale initiatives and oversee the longterm goals of the company eight to ten years of experience in financial management required advanced excel proficiency  years of practical experience of using excel for building and maintaining financial models experience partnering with an executive team track record of developing and putting in place strategies to deal with financial challenges experience setting up a robust financial system that will support rapid scale in all areas of the operation while strengthening the business foundation a natural curiosity and a â big pictureâ mentality someone who rolls up their sleeves and gets the job done on time demonstrable â startupâ mentality with the ability to adapt to change quickly and resultsoriented with a bias for action always behaves ethically acts fairly makes others better and embraces a culture of accountability innovative dissatisfied with the status quo someone who is authentic with a â winnerâ mindset excellent analytical and organizational skills and written and verbal communication skills must enjoy a challenge have a desire to learn be passionate about the work and have a commitment to excellence and continuous improvement legally authorized to work in the usa without sponsorship

education [...]"
133,"Business Development Manager, NA Marketing Services","CONSTRUCTION INSPECTOR         Profile    Civil Engineer  Quality Control  Project Manager
Process Improvements   Safety Compliance   Testing/Analysis
Accomplished, solutions-oriented, multilingual Civil Engineer with extensive engineering, analytical, technical and problem-solving skills honed over more than ten years within the construction industry. Highly adept problem solver, skilled at defining the core nature of issues, identifying and analyzing root causes, and detecting waste elimination opportunities. Recognized for strong project management skills, lean manufacturing techniques, design and quality standards. Strong ability to cross-function as a team member, leader and independent professional, performing under pressure and meeting all deadlines in any capacity. Excel at turning individuals into teams that work efficiently and exceed all expectations. Exceptional academic qualifications, including a Master of Science degree in Civil Engineering from Florida International University.      Skills        Microsoft Office (Word, Excel, PowerPoint, Outlook, Publisher) / Microsoft Visio / Adobe Photo Deluxe/Photoshop/ Microsoft Project / AutoCAD / Windows  / Linux / MAC OSX  / MATLAB / Simulink / Xilinx ISE (V.11) / Cadence Orcad / Proteus / Cadence Allegro PCB design tool / MDK-ARM /ATMEL Studio / CodeVision / SolidWorks              Professional Experience        01/2013   to   Current    Company Name   -   City  ,   State              01/2007   to   01/2013    Company Name   -   City  ,   State            Construction Inspector  ,   01/2005   to   01/2007    Company Name   -   City  ,   State      Utilize extensive organizational skills to maintain daily logs and supplement inspection records with photographs.  Meticulously review and interpret plans, blueprints, site layouts, specifications and construction methods to effectively ensure compliance to legal requirements and safety regulations.  Supervise 18 project employees, including in-house, external con [...]","business development manager na marketing services
new york ny usafulltimecompany description
visa is a world leader in digital payments facilitating more than  billion payments transactions between consumers merchants financial institutions and government entities across more than  countries and territories each year our mission is to connect the world through the most innovative convenient reliable and secure payments network enabling individuals businesses and economies to thrive
when you join visa you join a culture of purpose and belonging  where your growth is priority your identity is embraced and the work you do matters we believe that economies that include everyone everywhere uplift everyone everywhere your work will have a direct impact on billions of people around the world  helping unlock financial access to enable the future of money movement
join visa a network working for everyone
job description
visa is searching for a business development manager on the na marketing services team the manager will be primarily responsible for supporting the marketing team across all new business processes including the development of written responses to rfps and pitch decks for all visa na clients issuers merchants cobrands and fintechs the manager will engage across the na marketing services team to collect organize and customize material while consulting with client leads throughout the process the manager will be responsible for delivering marketing materials and thought [...]"
134,Remote Customer Service Representative,"SENIOR EXECUTIVE CHEF           Summary     Utilize my extensive experience in the food service industry and to contribute my skills and knowledge in a management position with an industry leader.           Experience      Senior Executive Chef    January 2012   to   Current     Company Name   －   City  ,   State      Manage and provide leadership and culinary training to 23 direct reports Worked under budgeted costs through effective menu planning Received gold scores in sanitation, safety and compliance audits Demonstrated hands-on leadership skills in training and staff development Implemented branded foods marketing program for retail Introduced the use of sustainable products, local produce and farmers markets Created special per diem menus for conference center increasing catering sale.          Executive Corporate Chef    January 2008   to   January 2012     Company Name   －   City  ,   State      Collaborated with Corporate RD/RN in creating and implementing upscale guest dining room and room service menus.  Led culinary team in the implementation and support of corporate strategies in the opening of new properties and special events.  Developed workplace safety and sanitation training schedule for culinary associates and dining room servers.  Received Top percentile in silver chair training and state health department audits.          Executive Chef / Event Consultant    January 2004   to   January 2008     Company Name   －   City  ,   State      Laison to the Chicago Board of Realtors in consulting and planning of special events Planned private parties and fundraisers for various government organizations and dignitaries Created catering menus targeting specific lifestyle demographics Hired, trained and counseled culinary and server staff of 25 Initiated program with vendors on wine tastings and culinary workshops.          Executive Chef / GM    January 1995   to   January 2003     Company Name   －   City  ,   State      Managed café and conference center [...]","quadient has been helping customers since  thats right almost  years we are the driving force behind the worlds most meaningful customer experiences by focusing on four key solution areas including customer experience management business process automation mailrelated solutions and parcel locker solutions quadient helps simplify the connection between people and what matters quadient supports hundreds of thousands of customers worldwide in their quest to create relevant personalized connections and achieve customer experience excellence because connections matter

deliver with passion

quadient delivers exceptional experiences with passion we continually strive to innovate and reimage something new that inspires and motivates people to exceed expectations our business success is underpinned by the trust that our clients invest in our products and in our commitment to delivering the very best solutions this trust is earned by great people doing a great job we call it the power of you

thats nice but whats the job

this is where the magic happens

in short the quadient customer service representative is responsible for handling inbound inquiries from internalexternal customers dealers and field service offices based from our call center in carrollton tx

wait theres more these calls will vary between dispatching repair questions detailed problem resolution through troubleshooting equipment postage and supply support billing inquiries and the resolution review and explanation of [...]"
135,Automotive Business Development Center (BDC) Representative,"SENIOR ASSOCIATE BUSINESS DEVELOPMENT           Professional Summary     Background includes military service in the United States Marine Corp and the United States Army.  A strong formidable leader, that is able to manage individuals as well as large groups.  Keys skills include developing strong public relationships and helping others develop winning attitudes on personal levels.  Strong problem solving skills, and able to adapt to rapidly changing situations under stressful situations Displays strong work ethics and morals. Creating a great win/win situation with the client and investor or funding source. Following up with clients to ensure satisfaction and answer any questions they may have. Prospecting through referrals and other creative approaches. Setting and achieving targeted contract goals as needed. Have superior knowledge in negotiations to effectively help clients and investors make sound decisions. Contact high profile investors to spark interest in client offerings using investor database, negotiating fees and price offerings between investors and clients. CAR SALES      November 2013 Understands automobiles by studying characteristics, capabilities, and features; comparing and contrasting competitive models; inspecting automobiles. Develops buyers by maintaining rapport with previous customers; suggesting trade-ins; meeting prospects at community activities; greeting drop-ins; responding to inquiries; recommending sales campaigns and promotions. Qualifies buyers by understanding buyer's requirements and interests; matching requirements and interests to various models; building rapport. Demonstrates automobiles by explaining characteristics, capabilities, and features; taking drives; explaining warranties and services. Closes sales by overcoming objections; asking for sales; negotiating price; completing sales or purchase contracts; explaining provisions; explaining and offering warranties, services, and financing; collects payment; delivers automobi [...]","why is a business development center representative so important
the way the car buying experience has evolved over the last few years has been dramatic most customers go online and inquire about a vehicle before stepping into a physical dealership it is our mission to provide customers the best online experience when shopping for a new vehicle once they make contact with us online thats where you come in it is your responsibility to professionally and politely answer customer questions and invite them to the dealership we believe that when we can provide a great experience for customers before they step foot in the door we are more likely to earn their business the bdc representative is experienced in giving exceptional customer service has the drive to earn unlimited income and wants to build a career working with exciting new products we look forward to talking with you the bdc representative responsibilities
responds to all internet leads and website live chatsassists customers by communicating via emailtextphone to answer questionssets solid appointments for sales consultants at the dealershipsfollows up with missed appointments to try to reschedule within  hoursrequirements
outgoing personality with expertise at developing relationships basic ms office knowledge computer software and internet proficiency excellent appearance verbalwritten communication strong negotiation and presentation skills prior auto sales experience is not required but may be a plus bilingualism i [...]"
136,Polygraph Examiner - Entry to Mid-Level (MD),"IT COMPLIANCE AUDITOR       Career Overview     I offer 15 years' experience in various areas of the Information Technology Field. Including five years experience installing, configuring, and troubleshooting computer software and hardware problems. Five years of experience managing software licenses/compliance, coordinating purchases of major projects and volume license contract negotiations.   Five years of experience as an IT Compliance Auditor in which I executed PCI\SOX Audits and provided corporate governance.        Qualifications          Certified Software Manager (CSM) (SIIA)  Certified Information Security Auditor  ISACA, License 1191038 Current  MCP-Windows 2000 MCP ID 2797345  2000 Server Administration  Network Infrastructure  AFFILIATIONS  Information Systems Audit and Control Association (ISACA)  Software Information Industry Association (SIIA)                  Work Experience      IT Compliance Auditor   01/2010   to   Current     Company Name   City  ,   State       Provide value-added control assurance/governance as it relates to security, e-commerce and industry compliance requirements and controls.  Liaise with Information Technology and Operations areas to proactively assess security policy compliance and monitor risk Coordinate external/3rd party auditors, including PCI DSS, SAS 70, Record Retention, and Business Process Improvement reviews Manage internal IT audit engagements including: system platform audits, PCI Compliance Readiness reviews, IT Risk Assessments, change management, and business process control assurance Manage security control assessments of Payment Systems for merchant boarding and settlement of funds.  Coordinate and perform compliance audits in accordance to the information protection, data asset and threat provisions under the Sarbanes-Oxley Acts.  Coordinate with Incident Response teams for post-event diagnosis, investigation and documentation.  Evaluate information protection governance framework against ITIL, FFIEC, an [...]","responsibilities
security and counterintelligence is responsible for the protection of nsacss information people and facilities worldwide in support of this mission polygraph examiners help ensure that only trustworthy individuals receive access to classified information by using structured polygraph examinations including interviews and interrogations to obtain information in making adjudicative decisions

description of position

polygraph examiners are required to successfully complete the national center for credibility assessment basic course examiners must be able to travel to columbia south carolina for a week period after completing training the responsibilities of a polygraph examiner include but are not limited to

 applying principles and methods of physiological response assessment eg polygraph assessment including test techniques scoring methods and regulations
 applying techniques of interviewing elicitation debriefing andor interrogation in a systematic manner
 preparing accurate and complete reports that document processes outcomes and findings
 creating a product based on analysis of security andor counterintelligence data
job summary
polygraph examiners apply the principles and methods of physiological detection of deception to agency employees and affiliates to determine their eligibility for top secret sensitive compartmented information tssci access these polygraph assessments are conducted by polygraph examiners in support of personnel securitys comprehe [...]"
137,"Coordinator, Customer Care Center","CUSTOMER ADVOCATE           Career Overview      Objective     To secure an Administrative Specialist/Office Manager position and use my expertise and proven skills in order to positively contribute to the efficient operation as well as the reputation of the business     Ability Summary     Outstanding customer service skills: proven success in client needs assessment, providing reassurance and customized solutions, and ensuring highest level of customer satisfaction attainable.   Technologically savvy:  proficient in Microsoft Office Suite (Outlook, Money, Excel, Wordperfect 12), Quatro Pro, Peachtree Accounting, Timeslips 2007, Dictation, ITI Banking Software; expert knowledge in Cellular Technology and troubleshooting skills for smartphones, basic cell phones and wireless network connection   Proven success in call center environment:  seasoned in operating call center equipment and technology;  excellent interpersonal communication skills in oral and written formats    Highly skilled as a secretary:  adept at accounts receivable and payable duties, routine correspondence, and handling confidential client information   Demonstrated loyalty and dedication to company's missions   Formally educated in illustration, photography, and basic graphic design       Skill Highlights          Microsoft Office Suite  Peachtree Accounting  Spreadsheet development  Schedule management  Telephone Skills  Scheduling  Travel booking  Minute Taking  Customer Service  Critical Thinking  Creative Problem Solving      Cellular Expert  Troubleshooting Smartphones  Troubleshooting Network Connections  Troubleshooting Internet and Wi-Fi Connections            Core Accomplishments      Calendaring     Planned all meetings and travel for CEO.    Process Improvement     Oversaw implementation of new phone system which resulted in more cost-effective service.    Research     Investigated and analyzed client complaints to identify and resolve issues.    Multitasking     Demonstrated proficien [...]","summary

joanns customer care team is looking for energetic thoughtful and highly motivated problem solvers who are passionate about creating best in class customer service for our customers

in this role they will be a brand ambassador as part of the corporate communications team and are responsible for front line interaction and problem resolution with joann internal and external customers they will engage with our customers through various channels including inbound phone calls emails clicktochat sms social media and letters they also serve as a point of contact for our outsourcing partners by answering internal questions through chat and completing escalated tasks they will be counted on to contribute quality interactions that engage and create customer loyalty and promote joanns mission and values while this is a remote position some weekend holiday and overtime hours may be required throughout the year based on business demand

principal duties

serve as a point of contact for our outsourcing partners by answering internal questions and completing escalated tasks communication and problem resolution with our internal and external partners but not limited to all levels of field management stores distribution centers vendors and other store support center personnel via phone and email to resolve customer and departmental issues


frontline interaction and problem resolution with joann customers through various methods including inbound phone calls emails clicktochat sms s [...]"
138,Retail Sales Associate (part-time) - 162,"SALES ASSOCIATE       Career Focus    I am a dedicated, hardworking woman. I am trying to provide for a growing family. I am great with people, and handle myself well in difficult situations. I am looking to eventually go back to school and better my own life as well. As for now I am seeking any type of employment to be able to provide for the daily needs of myself and my children.      Skills      Speaking   Sales and Marketing  Customer and personal Service  Active Listening  Critical Thinking  Reading Comprehension  English Language  Judgement and Decision Making  Social Perceptiveness  Persuasion  Clerical  Coordination  Monitoring  Time Management  Negotiation  Mathematics  Service Oriented  Food Production  Active Learning  Learning Strategies  Instructing  Production and Processing        Education and Training      June 2011    Stanhope Elmore High School   －   City  ,   State      GED              Work Experience      Sales Associate  ,   11/2015   －   12/2015    Company Name   －   City  ,   State      Greet customers and ascertain what each customer wants or needs.  Recommend, select, and help locate or obtain merchandise based on customer needs and desires.  Answer questions regarding the store and its merchandise.  Maintain knowledge of current sales and promotions, policies regarding payment and exchanges, and security practices.  Place special orders or call other stores to find desired items.  Open and close cash registers, performing tasks such as counting money, separating charge slips, coupons, and vouchers, balancing cash drawers, and making deposits.  Watch for and recognize security risks and thefts, and know how to prevent or handle these situations.  Inventory stock and requisition new stock.  Ticket, arrange and display merchandise to promote sales.  Exchange merchandise for customers and accept returns.  Bag or package purchases, and wrap gifts.  Clean shelves, counters, and tables.          Server/Server Assistant  ,   08/2011   －   01/2012 [...]","hallmark  because connecting with each other has never been more important

this parttime opportunity is located at our hallmark corporate owned gold crown store in country fair shopping center in zanesville oh

youll add value to one of the worlds most iconic consumer brands and be part of our company with a lifeaffirming purpose to inspire meaningful connections our products content and experiences aim to enrich all lives by making a genuine difference in every life every day and our business is focused on bringing the value and relevance of diversity and inclusion to every brand product and person we touch

our overarching enterprise di framework and plans demonstrate our belief and value in having an diverse and inclusive workforce hallmarks di efforts will continue to represent ongoing progress and reinforce our commitment as will our intentional focus on bringing more diverse talent into our business and onto our teams also hallmark has been recognized as one of forbes  best employers for diversity women and new grads

are you the person who wants to inspire meaningful relationships and enhance peoples lives do you like to celebrate others do you take pride in everything you do if so were looking for you to join our team

benefits and perks good for you good for your family and good for the community
 take care of you and yours
 savingsk plan with  company match retail sales leads and store associates are part of the rsg savings plan which offers a  company match on emp [...]"
139,Web Developer (Front-End),"INFORMATION TECHNOLOGY CONSULTANT, MANAGING MEMBER           Summary    A versatile, analytic IT Specialist with a proven record of success within large institutions as well as entrepreneurial organizations. Thrives on challenge and solves problems with creativity and persistence. A data-driven team leader skilled in both producing and communicating results.      Experience      Information Technology Consultant, Managing Member    January 2017   to   Current     Company Name   －   City  ,   State       Worked with product designers and product managers to design user interactions in applications.    Envisioned inspired new products, features and flows.   Answered user inquiries regarding computer software and hardware operation.    Installed and performed repairs to hardware, software and peripheral equipment, following design and installation specifications.  Set up equipment for employee use.   Conducted computer diagnostics to investigate and resolve problems and provide technical assistance and support.            Chief Technology Officer, Partner    August 2015   to   January 2017     Company Name   －   City  ,   State      Successfully re-branded established dealership, launched new eCommerce website, added six new lines of vehicles, and created new
          customer engagement strategies.  Developed sales and marketing strategy and directly managed over 15 full-time and part-time staff.  Streamlined processes in Sales and Service departments using new technology.  Managed legal and security policies such as loss prevention and DMV compliance.  Negotiated and secured corporate partnerships, including vehicle and trailer maintenance for FreshDirect.com's same-day product
          (FoodKick).           CTO, Partner    May 2012   to   August 2015     Company Name   －   City  ,   State      Provided IT solutions targeting small and medium size businesses in the New York metro area.   Solutions to include: Infrastructure/ Network design and impletation, server b [...]",commerceasia the most comprehensive ecommerce ecosystem in south east asia is looking for exceptional and highly motivated web developer with a strong track record of designing and developing multitiered web applications that are high quality scalable and reliable you will be actively encouraged to push the boundaries of new technology to ensure that we choose the most appropriate solutions for delivering our web application to enable you to progress to meet your own potential
140,Executive Assistant,"GUEST LECTURER               Accomplishments      Heart Zones Level 1 Personal Trainer Galter LifeCenter 2005 - Current DIANA DIMAS          PAGE !2 North Park University 2011 ­ Current Group Exercise Instructor Certifications: BOSU, Schwinn Cycling, Group Power, Group Step, Group Active, Group Core, Group Ride, R30, Group Groove, Shockwave, Arthritis Chair, Matter of Balnce  Galter LifeCenter 2005 - Current North Park Univeristy 2013 ­ Current PUBLICATIONS AND PAPERS Building your Personal Fitness Strategy"" Galter LifeCenter Member Newsletter 2010.        Experience      Guest Lecturer     Company Name          Strength and Conditioning          2013, 2014 Personal Health 2014 Guest Speaker: Introduction to Sports Management.          Fitness Supervisor    January 2014         Galter LifeCenter          2010 ­ Current Responsible for supervising and/or performing the day to day functions of the Fitness Specialists, Fitness Coaches, Interns, Fitness Consults and overall safety on the fitness floor.  Hire, train, and evaluate fitness specialists and interns, compile and report outcome metrics, and monitor quality in all fitness testing aspects.          Fundamental Fitness Instructor       Galter LifeCenter.  Instructor: Teach the fundamentals of exercise and fitness.  principles to beginner exercisers and adults with chronic.  diseases.          Personal Trainer    January 2011   to   Current             Education      M.A   :   Physical Education  ,   1 2011    North Park University          Physical Education        B.A   :   Psychology and Sports Medicine Fitness Management  ,   1 2003    North Park University          Psychology and Sports Medicine Fitness Management        Languages    English
  Spanish ­ speak fluently and read/write with basic competence      Skills    basic, Council, English, Instructor, LANGUAGES, Speaker, quality, read, safety, Spanish, supervising      Professional Affiliations    ACE Certified Personal Trainer since 2005","we are seeking for an individual who would like to become the righthand person of our ceo the ideal candidate for this role is for someone with  years of experience and loves working in a fastpaced environment

responsibilities includes but not limited to
 running ceos forever changing calendar and strategically structuring schedule so that he is on time and prepared organizing all agendas and materials as well as circulating and following up on any resulting actions
 managing many projects from start to finish
 being able to juggle many balls and having a keen eye for attention to detail and being organized
 assist in managing his strategic initiatives financial and operational projects and support with any adhoc projects as needed
 attend to important meetings and to ensure that all important items are jotted down and all necessary next steps and recaps are sent in a follow up email to all attendees
 ensure that all actionable items are managed and completed on time
 booking restaurants any delivery requirements running errands and booking activities personal or business related book all travel writing and preparing correspondence coordinating meeting materials and creating itineraries as well as submit all monthly expenses
 when required support him across his personal life including family holidays and buying gifts and etc

requirements
 being able to manager multiple projects at once
 working on multiple projects in multiple locations remotely and in person
 be a quick r [...]"
141,Software Engineer,"INFORMATION TECHNOLOGY (INTERNSHIP)       Summary    MBA graduate specialized at a Business Management of the industries institution which crosses the fields such as healthcare, and IT to compare the optimal practices between the major players. To obtain an analyst position, utilize professional Skill and Knowledge in business. Preferably in business analyst.      Skills     Language: Chinese, English and Japanese  Professional Skills:    Microsoft Office, Excel, Power Point, Word, Outlook, SQL,  Adobe Suit, Flash, Photoshop, Illustrator,   3D Max   Others: PHP, Java, C#, Visual Basic, HTML, Cording, Programming, Customer relationship management (CRM) ERP System, RFID, E-Commerce, Electronic Product Code (EPC) Financial Accounting, Human Resources, (HR) Business Marketing, International Trade (Import and Export) App Development SEM, analysis, QMS Statistics, Healthcare.   ?       Experience     July 2014   to   September 2014     Company Name    City  ,   State    Information Technology (Internship)       Examined problems between users and systems.  Worked at different stations of hospital, including:ER, Registration, Pharmacy, Central Sterile Supplies Department (CSSD), and Medical Supplies store room.            September 2013   to   December 2015     Company Name    City  ,   State    Business Analyst       Worked with Tourism Bureau to publish ""Taiwan Hot Spring Voucher"" in order to promote Taiwan.  Generated 3K followers  in Facebook Fan page within 3 months  Built and designed official website.        May 2012   to   January 2015     Company Name    City  ,   State    Chief Executive Officer       Expand five new business sites, two located at the large- scale department stores in the country  Planned for cultural events, including Simple Life Festival in Taipei and Shanghai China.  Launched limited edition custom dress with bloggers, created record sales. 100 customer dresses were sold out within 4 hours.  Increased sales by 25% in two quarters.        Septe [...]","tldr

highimpact software development jobs for smart people

code that saves lives

as a software developer at epic youll write software that impacts the lives of  of americans and  million patients around the world working in your own office surrounded by thousands of highcaliber developers youll use modern development methodologies and employ usercentered design analytics and machine learning tools to drive innovation in healthcare using leadingedge technologies and languages like js ts and c youll invent better ways to reduce medical errors streamline record sharing between hospitals and provide the quality of care a patient deserves

write software for the most innovative health systems on the planet

the topranked health systems in us news and world report are epic customers our community includes major systems like the mayo clinic johns hopkins cleveland clinic and kaiser permanente as well as leading academic medical centers at the university of wisconsin university of michigan university of california university of texas the ohio state university and many more

experience our stateoftheart campus eat delicious food and travel the world

we dont believe in cubicles well we believe they exist but our uniquely themed campus was designed to heighten your ability to get stuff done in your office a conference room or by the fireplace in a comfy chair for lunch visit kings cross or cassiopeia for a wide array of meal options or go to one of our smaller themed bistros featuri [...]"
142,Bank Teller,"CONSTRUCTION MANAGER       Executive Summary    OSP/Construction/Engineering Manager with 33+ years of experience.  Strong strategic-planning and people-management skills.  Managing 30 to 40 union techs and contractors in the OSP Construction field to complete complex Fiber and Copper projects and make deadlines.
Successfully constructing and turning up 200 Cell Fiber Towers for the Automated Metering System for CenterPoint Energy in a 3 year time frame.  Working with a focused, motivated and performance driven team, meeting all deadlines for project projections.      Core Qualifications          Supervision and training  Complex problem solving  Team Leadership  Copper/Fiber Splicing  Cable Maintenance  OSP Aerial, Buried, Underground  Safety, Quality & Production Management  Cell Site Construction       First Aid & CPR  Alcatel/Lucent 8600 Training  Project Management  OSP Fault Locating  AutoCad Training  Customer Service  Budget Forecasts  Inventory Control  Union Meeting Organization  United Way Affiliate            Professional Experience     07/2014   to   01/2015     Construction Manager    Company Name   －   City  ,   State      Oversee material acquisition and placement of fiber for AT&T Manage 25 to 30 crews and coordinate job assignments Approve all red lines, invoicing, time sheets and expenses Work closely with engineering group to resolve and solve construction issues Weekly conference call for updates, projections, safety, quality and production Weekly job observations, safety meetings and truck inspections Accountable for every manager and technician in my location.         10/2012   to   04/2014     Supervisor    Company Name   －   City  ,   State      Evaluate approved technologies and architectures for application to specific requirements for plant additions to respond to requirements for growth and/or new services Design, develop, and define plans for the implementation of Fiber plant construction or modification of existing facilities to meet n [...]","monday through friday no weekends

full time  hour week example  am to  pm or  am to  pm alternating shifts part time monday through friday hours vary based on applicant need locally owned financial institution family atmosphere  no sale quotas no pressure excellent working conditions and benefits for full time employees experience not necessary will train

job types fulltime parttime

pay    per hour

benefits
 k
 k matching
 dental insurance
 health insurance
 life insurance
 vision insurance

physical setting
 office

schedule
  hour shift

work location one location"
143,Senior Software Developer - Up to 160k - 100% Remote,"MULTIMEDIA SALES CONSULTANT         Professional Summary      Experienced Marketing/Sales Consultant looking to leverage 35 years of marketing/sales/production, into a professional Consultant role in the Baton Rouge area. Strong analytical and problem-solving abilities with outstanding team management skills. Track record of achieving exceptional results in reaching goals and maintaining strong relationships with customer base.        Skills          Persuasive negotiator  Highly organized  Analytical  Excellent work ethic  Strategic account development  Enthusiastic about networking  Strong interpersonal skills      Detailed-oriented  Resolution-oriented  Energetic and Driven  Positive outlook  Proficient in Excel, Strata, AdMall, Power Point, Salesforce, Mactive, Comscore  Google Analytics            Work History      Multimedia Sales Consultant   ,     09/2018   to   06/2019     Company Name   –   City  ,   State       Worked with clients to understand requirements and provide exceptional advertising service    Evaluated inventory and delivery needs, optimizing strategies to meet customer demands    Assessed client needs to determine and suggest relevant product solutions in alignment with client budgets and schedules    Forged and nurtured impactful relationships with customers to cultivate loyalty, boosting customer satisfaction    Stayed knowledgeable on latest digital platform, including SEO, SEM, OTT, PPC innovations and technological advancements through various training methods          Multimedia Sales Consultant  ,     06/2017   to   08/2018     Company Name   –   City  ,   State       Performed initial client assessment and analysis to begin research process    Delivered a high level of service to clients to both maintain and extend the relationships for future business opportunities    Built and strengthened relationships with new and existing accounts to drive revenue growth    Solved customer challenges by offering relevant print and digital products [...]","remotecompetitive base salary with generous benefits

about our client

our boston based client is dedicated to helping large organizations achieve agile social impact over the past two decades they have been the leading provider of online grants including over half of the fortune 

job description
 develop product solutions and web services for saas applications
 mentor and coach junior level developers
 regularly participate in code reviews
 demonstrate a strong ability to be flexible and think outofthebox
 suggest new or enhanced processes to improve

mpi does not discriminate on the basis of race color religion sex sexual orientation gender identity or expression national origin age disability veteran status marital status or based on an individuals status in any group or class protected by applicable federal state or local law mpi encourages applications from minorities women the disabled protected veterans and all other qualified applicants

the successful applicant
 experience with web frameworks express ruby on rails django flask spring mvc etc
 deep understanding of modern development languages javascript ruby python java go
 relational database technologies preferably oracle
 ability to implement complex solutions requiring multitiered development
 open to developing as a full stack engineer
 strong problemsolving skills and time management skills

whats on offer
 
 healthvisiondental
 pto
 competitive salary
  remote opportunity

contact julie connell

quote job re [...]"
144,Tech Support Agent - Remote US,"CUSTOMER SERVICE REPRESENTATIVE           Core Strengths          Active listening skills  Strong organizational skills  Top sales performer  Adaptive team player      Seasoned in conflict resolution  Energetic work attitude  Store maintenance ability  Telephone inquiries specialist  Customer service expert            Career Overview     Highly enthusiastic customer service professional with 10 year client interface   experience.Dedicated Customer Service Representative motivated to maintain customer   satisfaction and contribute to company success. Customer advocate          Excellent communication skills Conflict resolution proficiency        Inventory control Devoted to data integrity          Cash handling accuracy Strong problem solving ability         Banking and financial services Strong communication skills          background Detail-oriented       Accomplishments      Customer service expert Strong organizational skills Markdown/promotional procedures banking and financial services background Seasoned in conflict resolution Detail-oriented Strong communication skills.  Accomplishments Customer Service Researched, calmed and rapidly resolved client conflicts to prevent loss of key accounts.  Sales Consistently generated additional revenue through skilled sales techniques.  Product Sales Cross-sold services at a rate of 30%, upgrading customers to different plans and product packages.  Customer Interface Greeted customers upon entrance and handled all cash and credit transactions.  Assisted customers over the phone regarding store operations, product, promotions and orders.  Multi-tasking Cashiered with two cash registers at once in tandem to maximize customer flow.        Work Experience      Customer Service Representative    March 2011   to   Current     Company Name   －   City  ,   State      Maintained up-to-date knowledge of store policies regarding payments, returns and exchanges.Prevented store losses using awareness, attention to detail and integrity [...]","who we are

solera is a global leader in data and software services that strives to transform every touchpoint of the vehicle lifecycle into a connected digital experience in addition we provide products and services to protect lifes other most important assets our homes and digital identities today solera processes over  million digital transactions annually for approximately  partners and customers in more than  countries our  team members foster an uncommon innovative culture and are dedicated to successfully bringing the future to bear today through cognitive answers insights algorithms and automation for more information please visit soleracom

the role

we are looking for  a technical support agent who is responsible for handling inbound phone calls chats  emails this individual will provide training and technical support to titletec customers within our unique saas platforms this individual will work closely with cross functional teams to resolve concerns and manage triaged cases to resolution

this position is fulltime remote position working hours a week including a hour saturday shift

what youll do
 meet call volume standards along with other key performance indicators
 demonstrate a comprehensive understanding of multiple userfriendly software platforms
 build customer rapport by probing listening and offering solutions that resolve customer issues
 provide prompt accurate and friendly customer service ensuring that customers are supported and valued
 document and [...]"
145,"Sr. Product Marketing Manager - Growth, Music Industry","MORTGAGE BANKING DEFAULT OPERATIONS SPECIALIST II       Objective     Seeking a challenging position where I am able to utilize my customer service, trouble shooting, communication and problem solving skills towards growth and advancement within a prestigious company.       Experience     February 2015   to   Current     Company Name    City  ,   State    Mortgage Banking Default Operations Specialist II        Responds to internal inquiries from customer service specialists regarding issues such as missing documents, ordering certain third party services and reviewing ""specialty flags""   Facilitate the gathering of underwriting documents for both pre and post underwriting decision making   Responsible for conducting research on mortgage files currently in litigation   Present results to management with issues and potential risks identified   Receives decision/results from underwriting and QC review and process according to decision   Communicate effectively with borrowers attorney on status of the loss mitigation and/or liquidation   Assess and analyze trial plan and/or modification document detail and verify against modification portal (PEGA)   Thorough understanding of investor requirements and impact potential to loss mitigation and default foreclosure processes  Coordinate tactic initiatives to better streamline department processes & procedures to present to senior management.         May 2014   to   Current     Company Name    City  ,   State    Audio-Visual Technician        Responsible for setting and striking general session/meeting room exhibit labor including load-in & out with install and dismantle, audio, video, and/or lighting assist   Coordinate and/or assist technical crews at various sites   Work with inventory control to ensure complete equipment coverage for clients are established   Operates multi-media equipment   Responsible for all technical labor of production, ensuring picture, sound, and quality   Performs maintenance of audio-visual equip [...]","job summarydo you want to be a part of an exciting team reimagining how artists and their teams connect with fans and grow their business across amazon
 amazon music for artists is building scalable solutions for artists which include selfservice tools to provide data and insights promote their brand and grow their nonstreaming revenue
 for this role we are seeking a  growth marketing specialist to help lead initiatives that drive lead generation  influence pipeline for amazon music for artists
 youll be working closely with a wide crossfunctional group of analysts product ux research design marketing ops and business teams
 you must be comfortable working in a highgrowth startup within a larger organization  willing to wear many hats roll up your sleeves and get the job done
 the ideal candidate has an understanding of the marketing funnel and knows how to optimize it for each stage
 they also have strong personal organization and project management skills
 about amazon musicamazon music reimagines music listening by enabling customers to unlock millions of songs and thousands of curated playlists and stations with their voice
 amazon music provides unlimited access to new releases and classic hits across ios and android mobile devices pc mac echo and alexaenabled devices including fire tv and more
 with amazon music prime members have access to adfree listening of  million songs at no additional cost to their membership
 listeners can also enjoy the premium subscription ser [...]"
146,Inventory Clerk,"SENIOR MATERIALS ANALYST       Summary    Requirements for this position include: Bachelor's Degree in Business, Management, or related field Minimum 5 years' directly relevant work or related experience 2 additional years' experience required in lieu of a degree Demonstrated knowledge of product processes Proven experience in strategic and business planning Excellent verbal and written communication skills, including meeting facilitation and presentations Strong ability to communicate complex and/or controversial topics and concepts to a wide and diverse audience Must possess a strong client focused approach to work Effective project and resource management experience with a proactive approach to team specific issues Change agent, ability to adapt and flexible Demonstrate integrity, fairness, respect, openness and honesty which requires courage, initiative and a strong sense of personal responsibility Ability to travel up to 10%       Highlights        Brio / Hyperion, Mapper, MMX, PPS, and PDM; deep knowledge of the Nike Apparel material process and calendars
*Advanced Microsoft Office skills (including Excel, PowerPoint, Outlook, Word, SharePoint) and experienced in learning new technologies as necessary
*Extensive experience with Tableau, SPC, DOE, online survey tools and various statistical programs
*Familiar with manufacturing processes (casting, injection molding, rolling, extruding, forging, and drawing) and physical and mechanical testing (spectrometer, hardness, tensile, compression, fracture, and fatigue testing, x-ray diffraction, several types of microscopes, microscopy and foundry processes)            Accomplishments      Six Sigma Green Belt trained and experience working in a Lean Manufacturing environment Strong verbal and written communication skills; including experience connecting with peers, senior level colleagues, other departments, third party vendors, overseas contacts, and clients, as well as working in a Matrix organization Activities and [...]","general merchandising and stocker jobs available immediately full or part time postions benefits include medical insurance dental and vision plans  and stock otions plus more experts of operations process and efficiency who enable a consistent experience for our guests by ensuring product is set instock accurately priced and signed on the sales floor the general merchandise sales team leads inbound outbound replenishment inventory accuracy presentation pricing and promotional signing processes for all gm areas of the store experts enable efficient delivery to our guests by owning pick pack and ship fulfillment work
associated topics inventory merchandise merchandiser merchandising procurement retail merchandiser stocking supply chain warehouse warehouse associate"
147,Administrative assistant,"HR ASSISTANT INTERN       Summary     New graduate seeking work as a Counselor able to facilitate both individual and group therapy sessions to help participants overcome obstacles. Detail-oriented with superior interpersonal skills.        Skills          High energy  Sound judgment   Compassionate  Conflict resolution training  Exceptional problem solver  Excellent communication skills        Excellent writing skills  Customer service skills  Proficiency in Microsoft Excel, Word, PowerPoint and the Internet            Experience      HR Assistant Intern  ,   Company Name  ,   February 2016  -  March 2016    City  ,   State     Provide administrative support to the Human Resources Director.  Verify I-9 documentation for new hires.  Submit the online investigation requests and assists with new employee background checks.  Update HR spreadsheet with employee change requests and process paperwork.         Owner, Operator  ,   Company Name  ,   August 2012  -  Current    City  ,   State     Managed fashion retail store independently.  Provided professional support to staff.  Assisted retail store in exhibiting innovative products.         Preservation Technician I  ,   Company Name  ,   October 2004  -  May 2013    City  ,   State     Responsible for the assembly of fabricated phase boxes, portfolios and custom enclosures for protecting historic and fragile library materials.  Performed archival sound repairs for books and pamphlets which included: rebinding books in the original covers (recasing).  Prepared and submitted books for additional processing at the bindery.  Designed complex enclosures for special projects.         Education and Training      Bachelors of Art    Organizational Leadership  ,   ,   Cleveland State University  ,           April 2018   Organizational Leadership       Associate Degree      Bryant & Stratton College  ,   ,   City    State      April, 2016          EMT Certification      Cuyahoga Community College  ,   ,   City    State      2003 [...]","greets visitors prospective candidates and other visitors answers telephones and directs the caller to the appropriate associate

maintains and manages calendars for conference rooms receives sorts and forwards incoming mail coordinates the pickup and delivery of express mail services fedex ups etc

assisting in the payroll process for facility workers requirements  prior front desk administrative and office experience

flexible schedule is a must high school diploma excellent communication skills solid computer and basic mathematical skills

very positive attitude with an ability to work in a fastpaced environment location  bronx nyadministrative assistant administrative assistant healthcare

last updated"
148,Astonishing Homecare Drivers,"FINANCE SPECIALIST       Summary     Highly motivated and results-oriented professional with two years of experience in high-pressure finance and accounting environments. Innovative and adaptive thinker who constantly seeks to improve efficiencies and profitability       Highlights          Variance analysis  Financial modeling  Superior time management  Account reconciliation       Advanced Excel  Salesforce  Board Report preparation  10-Q and 10-K             Accomplishments       Reduced cost of processing payments in accounts payables by 95% from approximately $1.00 per check to $0.05 per payment   Team leader for new development process, Purchase Loan Accounting, and implementation of supporting SaaS, Evolv. Added $300,000 to monthly income, or approximately 43% of EBT.        Experience     09/2014   to   Current     Finance Specialist    Company Name   -   City  ,   State      Added detail-oriented, results-driven, and efficient mindset to Finance team of five.  Accounts payable, prepaid expenses, and fixed assets.  Acquisition of Riverside Bank in December 2014 that increased total assets from $550 million to $850 million.  Purchase Loan Accounting - M&A process that generated an additional 40% of monthly income:  On the job learning opportunity that greatly improved troubleshooting and problem solving skills.  Team leader in the implementation and use of software from Primatics Financial (Evolv).  Coordinated with consultants, Primatics Financial staff, and coworkers to meet all project deadlines.  Wrote procedures for monthly processing of Purchase Accounting and how to use the software.  Responsible for the calculation of the fair value of the Acquired Loan Portfolio for regulatory reporting.  10-Q and 10-K proofing, editing, and updating of financial tables led to the development of a strong ability to interpret key business performance metrics.  SNL Implementation: team leader in use of SNL web-based software (SaaS) that resulted in a live feed of gener [...]","are you a compassionate caregiver that can drive with the dedication and professionalism it takes to work for our agency do you want to feel appreciated and rewarded for the demanding work that you do synergy homecare is a nonskilled agency and our mission is to enable our clients to live happy healthy and independent lives in the comfort and familiarity of their homes and to inspire our caregivers with appreciation industryleading training and a true commitment to their wellbeing

we are seeking caregivers that can drive to join our independently owned and operated national agency

we have clients needing care in the following areas bloomfield clifton woodland park east orange montclair glen ridge lyndhurst kearny jersey city rutherford passaic north arlington east rutherford north bergen secaucus carlstadt belleville nutley hudson county bergenfield paramus river edge new milford westwood dumont ridgewood teaneck glen rock hackensack tenafly maywood hillsdale

synergy homecare offers
 supportive team environment
 competitive pay with direct deposit
 paid orientation and ongoing training
 timeandahalf pay for overtime and holidays
 flexible schedules and matching caregivers with nearby clients
 employee recognition programs

as a caregiver with synergy homecare you will
 provide attention to clients nonmedical needs including companionship and social engagement
 assist client with light housekeeping meal preparation and medication reminders
 establish communication and a pro [...]"
149,Case Manager II - Remote,"HEAD CHEF       Summary    Chef Energetic culinary professional with a blend of creativity, passion for food and
          exceptional cooking skills. Works well as a dynamic leader in high-pressure settings.
          Expert in managing kitchen staff and preparing foods at reduced cost without
          compromising quality and taste.

          Beautiful presentation of food
          Institutional and batch cooking
          Strong attention to safe food handling
          procedures
          Extensive catering background.      Highlights          Strong butchery skills  Contemporary sauce work  High volume production capability  Focus on portion and cost control      Well-tuned palette  Inventory management familiarity  ServSafe certified            Experience     04/2016   to   Current     Head Chef    Company Name   －   City  ,   State        Identify opportunities to increase revenue, decrease kitchen expenses and maximize departmental productivity without compromising guest satisfaction.  Regularly develop new recipes in accordance with consumer tastes, nutritional needs,  and budgetary considerations.  Consistently produce exceptional menu items that regularly garnered diners' praise.  Ensure smooth kitchen operation by overseeing daily product inventory, purchasing and receiving.  Follow proper food handling methods and maintained correct temperature of all food products.          05/2006   to   01/2016     Executive Chef/Director    Company Name   －   City  ,   State      Working chef in charge of food costing and liquor.  In charge of all food and beverage ordering and inventory controls.  planning for 110 person restaurant plus on-site pavilion hosting banquets and
          weddings for up to 275 guests - plated, or 325 guests - buffet.  Also provide service for gazebo snack bar and directly in charge of training all
          kitchen staff and front of the house staff on site.  Frequently coordinate multiple parties in various locations of the premis [...]","job summary

the case manager ii manages complex cases and is responsible for supporting the case management team and health services leadership in ensuring complex cases meet regulatory and accreditation requirements may manage a high acuity caseload and serve as a preceptor for newly hired case managers

essential functions of the role
 performs general and complex case management activity to include collaboration with member family significant others providers and community agencies to conduct a comprehensive member needs assessment and develop a customized plan of care with mutually established long term and short term goals
 advocates for the member to coordinate quality and cost effective services to meet the member care needs and established goals
 identifies and reports potential quality of care issues and uses collaborative strategies and open communication to resolve issues and barriers in the members best interest
 achieves established production and quality metrics as defined by management
 demonstrates initiative and voluntarily provides assistance and team support to facilitate the achievement of individual department and plan goals
 assists coaches and mentors team members
 maintains knowledge of all regulatory and accreditation standards completes documentation in accordance with all federal state ncqa and internal requirements without exception
 participates in quality auditing and monitoring activities under the direction of health services leadership
 parti [...]"
150,Business Development & Sales Analyst II,"INFORMATION TECHNOLOGY MANAGER       Professional Summary    Possesses an extensive background in Information Technology Management, along with a Masters of Science degree and multiple certifications.  Excels in planning, implementing, and evaluating the systems, infrastructure, and staffing necessary to execute complex initiatives and meet deadlines in dynamic, fast-paced environments; adept at overseeing and participating in the installation, configuration, maintenance, and upgrade of networks, hardware, servers, and peripherals.  Detail-oriented and decisive; applies communication and leadership skills to interface effectively with all levels of an organization.  Expertise spans: 
Network Engineering, Helpdesk Administration, Software Licensing, Disaster Recovery, Backup/Restore 
Operations/Project Management, Strategic Planning/Analysis, Budgeting, TeamBuilding/Training, Vendor Relations 
Policy/Procedure Development, Quality Assurance, Troubleshooting, Problem Solving, Process Improvement.      Experience     04/2013   to   Current     Information Technology Manager    Company Name   －   City  ,   State      A bankruptcy Trustee office handling Chapter 13 and Chapter 12 cases for the Northern District of Georgia Manages application database/hardware systems used to track Chapter 13 bankruptcy cases, all office technologies,, information systems, and anti-spam/anti-virus servers.  Evaluates, recommends, implements, supports, and troubleshoots hardware and software.  Maintains LAN/WAN infrastructure, connectivity, and security as well as LAN user documentation.  Performs disaster recovery planning.  Administers licenses and service contracts; schedules service visits from vendors and suppliers.  Defines, documents, assesses, and updates IT-related procedures as needed.  Creates and maintains user accounts, including email.  Inspects all employees' computers quarterly to ensure compliance of configuration and settings with office policies.  Coordinates special pro [...]","basic job functions
 the first solar technology sales  origination team manages sales and relationships with buyers of first solar pv module technology across customer groups of developers ipps utilities and epcs as the leading supplier of utilityscale solar projects in the us market first solar is growing this fastpaced team to engage across the national utilityscale solar development sector
 the business analyst ii is responsible for critical operational and customerfacing actions including pricing modeling energy performance modeling bid support sales presentation preparation competitive landscape analyses and managing various sales systems and processes this position will interface crossfunctionally with first solars product management demand allocation technical sales fulfillment contract execution and logistics departments the business development analyst ii must be able to navigate conversations with internal and external stakeholders as well as executive leaders from first solar and customer companies since this position supports first solars primary market and ambitious booking targets the business analyst ii will not only directly engage in key sales processes but also contribute to longterm strategic planning
 the business development analyst ii must be strongly motivated a quick learner and a selfstarter this team values individuals with both impressive technical skillsets and a sociable disposition

experience
 minimum    years experience within the solar industr [...]"
151,Administrative Executive Assistant - Building Operations,"FULL TIME STUDENT/INTERN       Summary    Tank Platoon Sergeant with twenty-four years of dedicated military service with the U.S. Army; two years' experience as a qualified trainer and instructor at the U.S. Army Armor School; successfully managed diverse groups of employees. My present position has facilitated the learning of the importance of providing timely support and services while managing a multitude of tasks. Assisted in the conduct of program orientations for large and small groups, complete individual mentoring of students, analyzed and synthesized data and information, wrote clear and concise reports, and effectively communicated with the staff, students and many members of a multidisciplinary team. Career supported by a recent completion of a Bachelors' Degree in Social Work. Team Building Personnel Management Inventory/Supply Management Time Management Training Evaluation Safety/Risk Management Inner-agency Coordination Training and Development Policy Implementation Needs Assessment Curriculum Development Organization/Communication Research/Analysis Microsoft Word, Power Point, Excel         Accomplishments      Graduated with Honors with a 3.69 GPA from the University of Louisville with a Bachelor's Degree in Social Work. Completed 560 hours of Social Work Practicum Internship with the Fort Knox Warrior Transition Center.   BSW Cum Laude - 2015  Bronze Star/Meritorious Service Medal (2)/ARCOM (11)/AAM (7)/Overseas Service Medal (4)/National Defense (2)/NCO Professional Development Ribbon (4)/Southwest Asia Service Medal/Liberation of Kuwait/Defense of Saudi Arabia/Operation Iraqi Freedom/Korean National Defense Ribbon/Army Service Ribbon        Experience      Full Time Student/Intern     Jan 2013   to   Jan 2015      Company Name        Graduated with Honors with a 3.69 GPA from the University of Louisville with a Bachelor's Degree in Social Work. Completed 560 hours of Social Work Practicum Internship with the Fort Knox Warrior Transition Center. [...]","job vacancy notice job title administrative executive assistant  building operations job id  location laguardia community collegeregulartemporary regularposition detailsfounded in  in long island city queens laguardia community college is one of seven community colleges of the city university of new yorkcuny in  laguardia served over  students in precollege associate degree and continuing education programs
 major areas of study include health sciences stem business and technology and liberal arts consistent with the diversity of queens  percent of laguardia students are born outside of the united states
 more than half are firstgeneration college students
 sixtynine percent live in queens the rest come from brooklyn and beyond
 virtually all laguardia students are ethnic minorities  percent  percent are women and  percent are over the age of 
 fortyeight percent of laguardia students are hispanic making the college a hispanicserving institution hsi
 sixtysix percent of laguardia students receive financial aid
 slightly less than half attend parttime often because they need to work to support their families
 laguardia ranked fifth among us community colleges in economic mobility  moving lowincome students into the middle class and beyond  in a  stanford university study
 for more information about laguardia community college please visit 
 laguardiaedu reporting to the buildings operations director the administrative executive assistant assists with the daytoday operations of [...]"
152,Marketing Coordinator,"BUSINESS DEVELOPMENT SPECIALIST/AE       Professional Summary    I am an exceptionally creative and results-driven marketing professional with over 20 years of successful experience covering the entire gamut of the industry. I am extremely adept at all levels of communication; work extremely well independently or as part of a group, while possessing strong supervisory, organizational and staff management skills. I am experienced in all related design, database/analysis and presentation programs and have extremely strong media identification, planning and negotiation skills-with a solid history of success in targeting primary demographics. I possess exemplary project management, budgetary and analytic skills and bring a rare mix of right-brain creativity and left-brain organizational skills to the table, and am currently seeking a challenging position within my field of proven expertise. Extremely adept at multi-tasking-with the ability to effectively juggle multiple projects and deadlines Experience in developing metrics and methodologies to assess campaign effectiveness and ROI statistics Strong media identification, negotiation, planning, campaign creation, production and assessment skills Highly-experienced in all phases of print production, including: design, negotiation, press checks, pre-press and print operations Highly-experienced in all phases of media planning, budgeting, negotiation, trafficking and assessment Highly-experienced in all phases of television and radio campaign production and development Experienced in forging and strengthening high-value business relationships Building and creating cross-functional teams within a supportive environment to maximize efficiencies Development of co-op advertising/marketing initiatives within non-competing industries Experience in preparing and delivering statistical and consumer trend reports to C-level company executives Extensive background art directing photo shoots-both in-studio and on-location Extremely b [...]","drg architects is looking for a recent graduate to join our team as a marketing coordinator drg architects will provide the necessary training for this starting position theposition will include writing preparing proposals preparing presentations graphic design marketing and social media this position will work with senior staff at the firm including our firms principals and will report to the director of business development

responsibilities include

receive prepare and submit responses for requests for proposalsqualifications rfpq

create and keep current all marketing materials such as project sheets resumes brochures and presentations

work with leadership to determine strategies on proposals and presentations handson planning and development of clientspecific responses to rfps and interview preparation

design graphics for internal communications presentations with clients or publicfacing campaigns

assist with the development and maintenance of drg s online presence including firm website and social media channels

participate in business strategic planning meetings representing marketing initiatives to management

coordinate and facilitate photoshoots with our clients and photographers

coordinate and produce award submissions

ideal candidates will have

bachelor s degree in marketing communications graphic design or related field

strong sense of graphics an interest in developing content that is both powerful and resonant editing and proofreading skills

microsoft [...]"
153,Talent Acquisition Specialist,"RECRUITING AND HR MANAGER       Summary     Experienced Corporate Recruiter who is self-motivated, results driven, highly responsive and able to prioritize effectively to accomplish multiple tasks and stay calm under pressure.  Offering over 6 years of recruiting, human resources and staffing experience with a Bachelor's Degree in Human Resources Management.  Experience with full life-cycle recruiting of qualified IT professionals including college graduates, experienced software developers, business/technical consultants, sales executives, project managers, and executive level staff.       Highlights          Excellent interpersonal, communications and negotiation skills  Pro-active and creative sourcing strategies  Full life-cycle recruiting  Infor Talent Management  Thrive in a fast paced environment  Knowledge of EEO/AA regulations  Experience with online recruiting sources  College recruiting      Extremely adept working with multiple hiring managers  Comfortable handling high requisition load  On-boarding  New hire orientation  HR management   ADP Workforce Now  Benefits Administration   Strong MS Office skills including Word, Excel, PowerPoint and Outlook             Experience      Recruiting and HR Manager   06/2015   to   Current     Company Name   City  ,   State      ENAVATE provides business consulting and industry-focused enterprise software solutions based on the Microsoft Dynamics AX and CRM platforms, with a full range of services including professional services, maintenance and support. Through its wholly owned subsidiary, Celenia Global Services, the company also provides consulting and software development services to Microsoft Dynamics enterprise clients, ISVs and VARs worldwide.      Recruitment & Onboarding    Responsible for managing and leading the recruitment process to meet the various staffing goals across all levels of the ENAVATE and Celenia North America organization (Development, Delivery/Consulting, Sales/Marketing, Operations, Progr [...]","onsite position

looking for a talent acquisition specialist

position talent acquisition  talent acquisition specialist

location san diego ca onsite position

position contract

minimum qualifications

 must have worked in a fastpaced recruitingsourcing environment for at least  years

 complex organization interaction

 can demonstrate navigation of complex scenarios related to recruitingsourcing

good experience with

full life cycle

technical recruiting

software engineering

hardware engineering

sourcing

interviewing"
154,"Bank President Jobs in Columbus, Ohio","HR COORDINATOR         Summary     From
my first job as a retail salesperson, I had a passion for leadership and the development of others.  As a Human Resources professional I have had
the privilege of working with new staff members to help them be successful in
the organization. My Human Resources experience is comprised of Generalist
responsibilities where I have been able to contribute to the betterment of the
organization and play a key role in increasing retention for my employer.          Highlights           HR policies and procedures expertise    Employee handbook development    Staff training and development   New employee on-boarding  Off-boarding       Employment law knowledge    Payroll expertise  Benefits administrator  Organized  Maintains confidentiality   Microsoft Office Suite              Accomplishments     Revamped the orientation process for all new hires, which was implemented company-wide. Earned special recognition for designing and completing a two-year restructuring project of 20+ years of volunteer records. Received employee of the year for outstanding and dedicated service. Appointed to the Business Processes team - a select group who analyzes and restructures business process for the organization.       Experience      Company Name    City  ,   State    HR COORDINATOR   12/2011   to   Current       Girl Scouts of Gulfcoast Florida is the premier leadership development organization for girls. 
I was brought on board to implement new technology to manage volunteer
information, to progress the on-boarding program for newly hired employees and
to engage in all aspects of Human Resources.        I was able to improve how the organization manages its volunteer information and approvals by learning, implementing, and training others on a new computer program.    I have successfully overseen the volunteer approval process which includes background screening.  1000+ new volunteers and 1000+ existing volunteers are re-screened each year to ensure [...]",search for bank president jobs in columbus ohio on ziprecruiter
155,Customer Service Representative,"VP FINANCE & IS&T           Executive Profile     Enterprising Finance Executive who creates strategic alliances with Senior Executives to identify and   execute key business initiatives. Builds and retains high performance teams by enlisting, developing and   motivating skilled professionals. Extensive experience in Financial Management and Controllership areas.   Adept in both Business Process and systems to allow for utilizing technology to achieve business goals.       Skill Highlights          Project management  Leadership/communication skills  Product development      Business operations organization  Budgeting expertise  Self-motivated            Core Accomplishments      Developed the CFO Advisory Service's Quality Close Product and presented at KPMG Quality Close Training Sessions.  Assisted in the authoring of white papers on the topic of the financial close and the changing economic environment brought on by Sarbanes-Oxley legislation.  Proficient in SOX 404 Policies and compliance requirements AFFILIATIONS God's Love We Deliver Argyle Executive Forum Finance Executives International.        Professional Experience      VP Finance & IS&T    January 2012   to   Current     Company Name   －   City  ,   State      Created the business case and system design; currently the Project Manager for a worldwide single instance SAP ERP Implementation project; 13 largest revenue producing countries over 3 years.  Eleven countries are live across Europe; USA and Canada going live April 1, 2015.  Project will result in $4M per year in savings.  Nine additional Latin America countries now planned for Year 4.  Developed the governance and support models and processes for the new single instance SAP ERP system Created a Program Management Organization for all key Finance and Management Information Projects resulting in greater communication, strategizing, synchronization and risk management.  Created single instance for USA and Canada logistics and supply chain processes [...]","remote customer support agent

job description
customer service representative
were creating an opportunity for you to learn lead and grow in your career at sitel group one of the largest global providers of customer experience cx products and solutions youll move forward and provide support to customers of some of the worlds most wellknown brands 
as a trusted employer well create the best match for you based on your experience and preferences including full time daytime and evening shifts after applying youll complete our video interview where well get to know each other better be sure to look for an email from interviewshirevuecom for your personal link after you complete your interview our team will review your application and be in touch after  hours to discuss which position best matches your skill set sitel group has more than  years of experience hiring for our customer support roles  our modernized application technology benefits our customers and you
with your job application you may see some communications come from sitel group as well as sykes
location requirements this is a work from home opportunity

required qualifications skills and experience
core responsibilities
handle inbound service callsunderstand and strive to meet or exceed metrics while providing excellent customer servicedrive customer satisfaction through voice chat andor email communicationsmultitask and navigate through multiple systemsqualifications
you are  years of ageyou have a high school dip [...]"
156,Sales Associate,"INSIDE ACCOUNT MANAGER         Summary     Inside Account Manager with eight years experience at SHI to fill Inside Sales Team Manager position. Strong organizational, analytical, problem resolution skills and vast account knowledge.       Highlights          Team leadership  Customer service expert  Experienced in volume licensing  Staff training      Excellent time management  Organized and meticulous  Computer-savvy  Adept multi-tasker            Experience      Company Name    City  ,   State    Inside Account Manager   06/2006   to   Current       Daily responsibilities include quoting, customer relations, and order management.  Experience in training new hires to develop necessary skills and techniques to meet the needs of our clients.  Constant adaptation to new opportunities and challenges for the multiple accounts handled.  Developed empathetic client relationships and earned reputation for exceeding service expectations.  Exclusively handles Microsoft SPLA, Sandia National Labs account, and multi-year $8M Novell contract.          Company Name    City  ,   State    Event Manager and Sales Associate   09/2005   to   05/2006       Responsible for stock management, customer relations and providing knowledgeable assistance.  Leader of demonstrations for various gaming products.  Earned Joy Maker award for outstanding customer service.          Company Name    City  ,   State    House Manager and Box Office Sales   09/2003   to   05/2005       Experienced in customer relations, staff training, and sales.  Utilized computer databases and multiple applications.  Acted as a liaison between performers, directors, and patrons to keep events on schedule.          Skills     Sales Center, AX, SHOES, CRM, SharePoint, Catalog Management, Outlook, Excel, Power Point, Word, Lockheed Martin Procure To Pay, Sandia Oracle Storefront       Education      Bachelor of Arts  :  Psychology   2005     The College of New Jersey  ,   City  ,   State","descriptionour customers come to us to fulfill a need complete a project on their boat or gather items for a great day on the water
 as a sales associate customers rely on you for product knowledge and to understand the features values and benefits of our products
 you are comfortable engaging in customer discussions to fulfill their immediate needs while shopping as well as recommend additional items or services that will complement their boating experience
 you and your team are key to ensuring they leave with the right products to make that happen
 each interaction with a west marine customer is an opportunity for you to exceed expectations and ensure they remain a loyal customer
 qualificationskeen interest in providing great customer interactions and service while sharing knowledge and passion about west marine products
 ability to process a wide variety of transactions to help customers seamlessly complete their purchases
 strong communication skills comfortable in small groups and in individual interactions to solve problems
 a passion for boating or for life on and around the water
 available to work a flexible schedule based on business needs including nights weekends and some holidays
 ability to lift and mobilize items weighing  pounds to shoulder height unassisted
 why west marine
 we take care of our customers we take care of each other and we value our local communities
 these founding principles were just as important to our mission statement  years ago when we [...]"
157,Sales Associate - Dalhousie,"SENIOR MARKETING MANAGER       Executive Profile    Savvy Marketer with over 12 years of experience helping sales teams fill their funnel with high quality leads. My ability to take a growth hacking approach to lead generation has helped me lead teams to exceed objectives within every aspect of the customer lifecycle. My passion for marketing is centered around customer
acquisition, brand awareness and nurturing growth through business development & strategic partnerships.      Skill Highlights          Partner Marketing  Paid Social  eCommerce  Paid Search  Email Marketing  Branding      Analytics  B2B & B2C  CRO  Content Marketing  Lead Generation  SEO            Core Accomplishments      Senior Marketing Manager    Developed Customer Segmentation Persona's by leveraging historic sales data.   Grew Online Subscriptions 30%, while revenue grew 43% (Q1 & Q2 vs. Q3 & Q4)         Professional Experience      Senior Marketing Manager     May 2016   to   Current      Company Name   －   City  ,   State     Improved Organic Traffic by over 40% by applying best practices & launching Content Marketing strategies  Grew Online Subscriptions 50%, while revenue grew 43% (Q1 & Q2 vs. Q3 & Q4)  Improved eMail Marketing open rates by 37%, and click through rates by 117% through A/B testing and established departmental best practices  Grew OEM Partner Marketplace downloads by 4x by applying App Store Optimization best practices  Developed Paid Search strategy that resulted in YOY MQL's Growth 2016 (Q3 330%, Q4 617%), and 2017 Q1 112%.                    Digital Marketing Consultant     Sep 2014   to   Apr 2016      Company Name   －   City  ,   State        Discovered growth opportunities through data analytics and optimization  Developed Program Roadmap for Clients Marketing Campaigns.  Developed & Managed B2B Lead Generation Campaigns across multiple marketing channels   Worked Closely with Clients marketing vendor on Re-launches and Optimization Implementation.         Digital Me [...]","job description

welcome to plantlife cannabis were so excited to lead canada with one of the fastestgrowing cannabis retail companies we currently have  retail operations opened andor in development and the growth doesnt stop there we are currently hiring for our calgary  dalhousie location

our plans for vast expansion necessitates a team of allstars to help us achieve our goals our retail locations demand a lot out of our team and therefore we are seeking the best of the best to keep our stores and customers satisfied

question  do you
 have experience and enjoy working with a team or individually
 have a passion for the cannabis industry
 have the drive to educate and guide new and current customers with exceptional service
 have determination and are ready to set goals for yourself and your team
 want to be involved in a fastgrowing company that gives you the potential to advance

if the answer is yes we want you

requirements
 proven experience as a sales advisor or another customer servicesales role
 experience in handling cash and utilizing pos system
 able to balance a customeroriented and a resultsdriven approach
 patient and comfortable dealing with customer complaints

why work for us

good question there are a few reasons why we think youd love to be a part of our team
 find some likeminded people who may even become your best buds
 advancement opportunities that open up everyday
 training and education of the industry will always be there for you to utilize and [...]"
158,Patient Care Tech,"CONSULTANT           Summary     I consider myself to be a charismatic and persuasive Marketing Manager offering expertise in property management, public speaking, advertising and media relations. My superb writing and speaking skills allows me to communicate effectively with target audiences through strategic brand management and PR campaigns. I am tech-savvy and confident with three years of marketing and public relations experience. Team structure and leadership is very important to me and I thrive in fast-paced environments. My personality is very driven and service-oriented and I enjoy helping others. Within the marketing and advertising position I have held, my motivation to maintain organization has been key in completing deadlines and staying on task.        Highlights          Customer service-focused  Project management  Marketing and sales specialist  Organized and efficient  Exceptional multi-tasker      Motivated team player  Microsoft office  Outlook  Budget creation            Accomplishments     In my time with my current position, I have advanced very quickly and have been recognized for the many goals and achievements that the property has met. I have been nominated at many different times throughout my 3 years in Marketing and led our property to be nominated for Property of the Year. In 2015, our property succeeded with a 3.7% increase in NOI over 2014 and 2016 is predicted to exceed 2015.     I am very experienced with studying the market and making that dependent on optimizing rents. Since 2014, I have aided in helping to increased our property's occupied rent by over $100 and that is continuing to rise.        Experience      Consultant    November 2015   to   Current     Company Name   －   City  ,   State      Consulting those looking for products  Managing a sales quota each month  Network Marketing          Marketing Manager    October 2013   to   Current     Company Name   －   City  ,   State      Oversee all marketing efforts for a proper [...]","patient care tech
hca florida memorial hospital
location_on jacksonville fl united states
schedule fulltime  nights   hrswkends rotate
 nursing support     job id 

description
introductiondo you have the career opportunities as aan patient care tech you want with your current employer we have an exciting opportunity for you to join hca florida memorial hospital which is part of the nations leading provider of healthcare services hca healthcare
benefitshca florida memorial hospital offers a total rewards package that supports the health life career and retirement of our colleagues the available plans and programs include
comprehensive medical coverage that covers many common services at no cost or for a low copay plans include prescription drug and behavioral health coverage as well as telemedicine services and free airmed medical transportationadditional options for dental and vision benefits life and disability coverage flexible spending accounts supplemental health protection plans accident critical illness hospital indemnity auto and home insurance identity theft protection legal counseling longterm care coverage moving assistance pet insurance and morefertility and family building benefits through progynyfree counseling services and resources for emotional physical and financial wellbeingfamily support including adoption assistance child and elder care resources and consumer k plan with a  match on  to  of pay based on years of serviceemployee stock purchase planretireme [...]"
159,Financial Analyst,"PROJECT MANAGER         Professional Summary     Accomplished Information technology professional with 20 years of experience in the software development life cycle (SDLC) with focus on  application analysis and design, application development, systems testing, and systems integration.  Certified as a Project Management Professional (PMP).   Accustomed to managing multiple projects and priorities in fast-paced environments.      Accomplished IT professional with 20 years of experience in the software development life cycle (SDLC) with focus on  application analysis and design, application development, systems testing, and systems integration.  Certified as a Project Management Professional (PMP).   Accustomed to managing multiple projects and priorities in fast-paced environments.  Professional, detail-oriented Project Manager motivated to drive projects from start to finish as part of a dynamic team.       Skills          Issue resolution  Budgeting  Team oversight  Business artifacts documentation  Project finance  Multi-tasking  Organized  Project planning      Microsoft Office Suite  SQL and databases  Data mapping  Test case scenarios  Quality assurance  Testing plans  Bug tracking  Report delivery            Work History      Project Manager  ,     07/2013  
                            to   Current     Company Name   –   City  ,
                          State      Leads and supports complex projects or programs including the planning, management, and implementation of assigned projects and/or programs within the Consumer Private Wealth Management portfolio of the Enterprise Execution Services organization.  Creates and is responsible for critical project management deliverables such as the Business Case, Project Plan, Stakeholder Communications Management Plan, and Risks/Issues Log.  Manages projects in accordance with the defined SunTrust PMO project governance methodologies in completing project work, resolving issues, and supporting recommendations.  Leads [...]","financial analyst  healthcare division full time  valley stream ny

join one of the most dynamic commercial real estate brokerage firms in the united states eastern union is one of americas largest commercial mortgage brokerage firms closing  billion in transactions annually

we are looking for a financial analyst for our healthcare division healthcare experience a plus this person should be a team player that will collaborate with the current team shine and be a part of an amazing and vibrant organization

we offer a stable and energized work environment with competitive compensation be prepared to work as part of a fastpaced team

financial analyst responsibilities
 assist in building financial models and analytic content
 prepare financial projections based on client input and market research
 prepare and present offering memorandam
 liaise between clients and banks
 assist with transaction due diligence gathering tracking and processing
 liaise with fund managers and network with industry professionals within healthcare
 help with miscellaneous additional assignments to facilitate the effectiveness of the overall team
 financial analyst requirements
 bachelors degree in finance or accounting
 excellent excel skills and proficiency in microsoft office applications"
160,Entry Level Software Engineer,"MANAGER - INFORMATION TECHNOLOGY AND BUILDING AUTOMATION SYSTEMS           Summary        Manager - Information Technology and Building Automation Systems      Versatile Building Automation System engineer and IT professional with vast knowledge of Enterprise Project Lifecycle methodology and experience to deliver insightful network infrastructure and building automation solutions. Network engineering expert with strong background in project management and product support. Proven communication skills for quality development of standard documentation, as well as genuine leadership and assistance for associates and clients.         Highlights          Enterprise platforms  Current PMP Certification  Project tracking  Hardware and software upgrade planning  Certified Information Security Manager  User experience (UX) design  Self-motivated      Vast technical knowledge  Server management  Mac and PC expert  Computer programming  Highly motivated  Resourceful  Control system design  Proficient multi-tasker            Accomplishments      Awarded the  Navy and Marine Corps Achievement Medal  in  2010, 2011, 2012, and 2013 .     Awarded  Sailor of the Year  designation for the Pacific Naval Fleet in 2013.     Successfully managed the network infrastructure and server environment for 150+ users and 300+ PC and network systems.     Responsible for the training and development of 8 technicians and project coordinators within my team.         Experience      Manager - Information Technology and Building Automation Systems     October 2014   to   Current     Company Name   －   City  ,   State      Led a cross-functional team of engineers, QAs and UX designers to develop features and fix product defects.     Delivered detailed feature roadmaps that included action items and project targets.       Leveraged in-depth understanding of end-to-end customer experience to identify pain points and latent customer needs.         Managed the  8 -person local IT team, allocating resources [...]","we are seeking creative and talented individuals who love learning and are motivated to launch their technology career no prior professional experience required

revature is the largest and fastest growing employer of emerging technology talent across the us come join our community as arevature entry level software engineeryou will receive onthejobtraining to become an experienced software engineer

remote interviews are starting now

benefits for entry level software engineers
 launch a software engineering career with no prior experience
 learn to code on the job thats right we pay you to learn
 competitive salary
 relocation  housing assistance
 paid time off
 industry certifications  employer paid
 
 mentoring program
 experience with the largest companies in the us
 career acceleration over  of revature alumni have received an additional promotion and  saw their salary significantly increase after launching their tech career with revature

entry level software engineer training program
 fulltime paid training
 work on real world projects in a team environment to get you enterpriseready for placement with one of our corporate partners
 training on the most indemand programming skills in the job market we work together with our corporate partners to identify the skills that are most vital to their organization
 were invested in your successyoull have an employee engagement team member to support and provide you with a wide range of assistance
 as a revature employee youll [...]"
161,Sales Executive III Client Management,"CONSULTANT           Career Overview    Vidya is a Graduate in Computer Science with over 9 years of professional experience in Customer Relationship Management in roles of Solution Architect, Functional Analyst, Process and Implementation Consultant for large customers in Pharmaceutical & Chemical, Consumer and Industry Product, Public Sector Industry in the United States.
Excellent Networking and Communication skills, Client Relationship Management, Expectation Management and People Management are her core strengths along with Customer Relationship Management. Her understanding of industry and processes, ability to connect with different levels of the organizations with equal ease, combined with the integrity and passion, is what she brings to the work place.
Vidya started her career at Adapt One Technologies in Business Consulting, working across different industry sectors. In September, 2010 she moved to Deloitte Consulting LLP in CRM Consultant role in the US, which provided her with a wealth of experience as well as exposure across the entire business application Proposals, consulting and project management disciplines.      Qualifications        Big Machines Configuration
*Siebel Tools 8.1.1.10, Siebel Administration, eScript, VBScript and Java Script
*VB, SQL, MS Excel, Word and Power Point, Access.                Work Experience      Company Name     September 2010   to   March 2015     Consultant   City  ,   State      Client-Healthcare Company who specializes in supplying health information technology solutions Led the development of Oracle CPQ Cloud solution prototype to provide the Sales and Marketing Team a high level understanding of the art-of-the-possible.  Its quality was appreciated and helped us win the next Implementation Phase assignment with the client Reviewed and updated the quality of the functional design documents Increased system transparency by developing business process models and wireframes to aid in the business to technology transl [...]","position type  full time

type of hire  experienced relevant combo of work and education

education desired  bachelor of commercebusiness

travel percentage    

job descriptionat fis our technology and our people are moving forward we advance the way the world pays banks and invests we believe in building inclusive diverse teams together we innovate to help our colleagues clients and communities succeed if youre ready to grow your career and make an impact in fintech we have one question are you fis

about the role
as a sales executive  client management  quota carrier you will collaborate with the csuite level of finance legal and technical groups with a global fintech environment with endless opportunities for success provide industryleading solutions to prospective clients

about the team

what you will be doing
sell products and services
manage relationships
ensure alignment of client technology and business strategies
focus on account retention and continued revenue growth

what you will need
extensive experience as a sales executive in fintech or financial services
at least  years of experience interacting and partnering with senior management
understanding of investment banking operations technology and change landscape

added bonus if you have

what we offer you
at fis we are as committed to growing our employees careers as our own business we offer
opportunities to innovate in fintech
inclusive and diverse team atmosphere
professional and personal development
resour [...]"
162,Cardiology Clinical Educator - Cleveland,"ADMINISTRATIVE ASSISTANT           Experience      ADMINISTRATIVE ASSISTANT  ,     06/2019   to   Current     Company Name   –   City  ,   State      Performed general office duties, including answering multi-line phones, routing telephone calls or messages to appropriate staff and greeting visitors  Reviewed and corrected claim errors to facilitate smooth processing Identify issues and took appropriate action to deliver speedy resolution Post payments to accounts and maintained records Verify client information by analyzing existing evidence on file  Assure timely verification of insurance benefits prior to patient procedures or appointments  Maintain strong knowledge of basic medical terminology to better understand services and procedures  Fostered relationships with customers to expand customer base and enhance loyalty and retention  Collaborated with carriers to resolve discrepancies in insurance payments  Documented and tracked customer account details  Handled billing related activities focused on medical specialties  Examined claims, records and procedures to grant approval of coverage         HOME HEALTHCARE AIDE  ,     12/2016   to   Current     Company Name   –   City  ,   State      Dressed, groomed and fed patients with limited physical abilities to efficiently handle basic needs  Developed strong and trusting rapport with each patient to facilitate best possible care and assistance  Ran errands for clients and transported to appointments to maintain wellness and support daily living needs  Organized and administered medications on clear schedules to help alleviate symptoms and optimize quality of life  Completed data entries in charts and log books to document client progress  Mopped floors, vacuumed, washed dishes and performed array of other household chores to assist clients         OFFICE ASSISTANT  ,     09/2017   to   09/2019     Company Name   –   City  ,   State      Greeted persons entering establishment, determined nature and purpose of visit [...]","abiomed is a pioneer and global leader in healthcare technology and innovation with a mission of recovering hearts  saving lives with corporate headquarters in danvers massachusetts and offices in baltimore md woburn ma aachen  berlin germany and tokyo japan abiomeds  employees form one of the fastest growing medical device companies in the world we attract and retain exceptional talent with our collaborative culture passion for our work and a strong commitment to employee professional development

patients first  innovation  winning culture  heart recovery

in this role as a cardiology clinical educator you will be responsible for demonstrating the value and impact of our impella product portfolio to physicians and hospital staff you will advise interventional cardiologists and surgeons in patient selection partner on training and attend implants as a key role on the commercial team you will acquire and demonstrate a working knowledge of our productstherapies and develop an extensive understanding of all their applications you will provide comprehensive guidance on the appropriate use of the impella devices enabling physicians and staff to deliver positive patient outcomes this role will cover our cleveland franchise

responsibilities
 improve patient outcomes through education and medical staff interaction including clinical demos and ongoing training for new and existing accounts
 collect clinically relevant data document trip results and communicate activities with other [...]"
163,Systems Administrator,"BUSINESS DEVELOPMENT EXECUTIVE         Summary    Results driven sales professional with an exemplary record of developing strategic initiatives to enhance sales. Thrives on a challenge, initiates action and entrepreneurial in business approach.  Able to seize opportunities and demonstrates excellent networking skills.  Exudes energy and enthusiasm while consistently meeting or exceeding sales targets.  Offers an excellent record of experience and accomplishments. QUALIFICATION HIGHLIGHTS Account/Territory Management Contract Negotiations Client Development/Focus Sales Analysis Strategic Planning Quota Attainment Business Development/Market Growth Team Leadership Consultative Sales  and Network Solutions         Experience      Company Name     September 2008   to   Current     Business Development Executive           Responsible for managing the entire sales cycle with accountability to engage specialist team members; Aggressive and active in competitive accounts, knowledgeable regarding competition and industry trends; Identify, articulate, and implement products, solutions and services to customer requirements; Articulate and position full spectrum of OfficeMax products, services, and solutions to key departmental decision makers; Develop and implement business plan for client base to identify, sell, and support services and/or products in existing OfficeMax accounts; Responsible for proposing and closing engagements that will achieve total revenue growth (sale and annuity), profit, and customer satisfaction plans; Perform account maintenance and continuous new business development; Work with the in-territory BRM and other resources to accomplish install, revenue, and profit objectives; Develop plans for growth and solicit buy-in from management; Perform presentations internally and externally on existing capabilities to gain support.          Company Name     September 2005   to   September 2008     Client Advisor           Developed new business leads and incre [...]","job description

position purpose

the systems administrator is responsible for the maintenance configuration and reliable operation of computer systems and servers including network and workstations to install hardware and software and participate in research and development to continuously improve and keep up with the it business needs of the company this position will also provide technical support to staff at cig and other cig companies this person supports all other it and telephone systems

essential duties and responsibilities

specific duties and responsibilities include the following but the individual will also be expected to perform all the duties necessary which are customarily performed by a person holding this position other duties may be assigned

he systems administrator will lead or assist in all aspects of infrastructure setup and maintenance evaluate prioritize and resolve service desk system requests for assistance from end users in the organization this includes troubleshooting and resolving issues related to standard enterprise software applications and various custom web applications desktop hardware and network edge infrastructure components in addition to the tasks and activities listed below this person will be expected to assist with various it projects as directed

infrastructure

lead in all aspects of infrastructure setup and maintenance follow maintenance schedule to keep all infrastructure up to date this includes network server hardware and so [...]"
164,Remote Customer Service Representative ($16/hr),"INFORMATION TECHNOLOGY CERTIFIED TECHNICIAN       Summary    Over Nineteen years of experience in Information Technology.Information Technology professional with well-developed interpersonal, communication, organizational and presentation skills. 
Solutions-focused, team oriented Senior Technical Support Analyst with broad-based experience and hands-on skills in the successful implementation of highly effective desktop support operations.
A broad understanding of computer hardware and software, including installation, configuration, management, trouble-shooting, and support. Extensive experience with HP products to include Desktop, Laptop, high-end MFP devices and Web JetAdmin,
Areas of direct expertise include Project Coordination & Design, In-depth Technical Support, Corporate Desktop Support, Microsoft OS experience including installations-configuration-imaging, migration, and registry editing. Network and Citrix experience. Recommendations listed on 
Roz Arasmo - Estee Lauder Companies, Inc., Human Resources Administrator
It is with great pleasure do I take this opportunity to write this recommendation on such an extra ordinary individual who is not only an awesome person to know but a wonderful colleague as well.
During the almost ten (10) years of knowing Bill, he has not only displayed a great talent within the IT organization at Estee Lauder, but has distributed excellent skills and customer service to everyone throughout the company. He is extremely well thought of from every level of management to Senior management. His dedication and diligent to excellence has proven superior time and time again.
When called upon he demonstrates top support in a timely and professional manner not to mention that he completes his tasks thoroughly with accuracy never having to be called back again for the same issue. 
We have been privileged to have such an awesome professional within our organization.
________________________________________________________________________ [...]","customer service representative
requirements
 outstanding communication abilities
 must be able to type at least  words per minute
 keyboarding and software knowledge
 excellent problemsolving abilities
 capability to multitask successfully
 ged high school diploma or college degree
 capability to finish a necessary paid training program successfully
equipment and workspace requirements
 we will offer you a computer and other necessary equipment
 you must have access to a highspeed internet connection
 you must be able to connect your work computer to your home modem through ethernet
 a calm working environment is required"
165,"Business Analyst, ACS Publications Sales","QA ENGINEERING TEAM LEAD         Career Overview    Eight years of progressive technical experience in quality assurance engineering of computer software in windows environment Strong practical and theoretical knowledge of software quality assurance tools and techniques. Proven ability to develop system test strategy and methodology full-scale system integration and testing for quality, reliability, functionality and computability. Expertise in development of IEEE compliant testing documentation Key contributor to software development teams supporting the release of many new products and release of several major upgrades to existing products Experience in testing large and complex client/server database applications Multi-platform product delivery experience on PC system. Experienced with windows graphical products, networking and/or data acquisition software experienced in manual and automated testing working on projects of a diverse scope able to expertise judgment within defined parameters. Strong knowledge in automated and manual black box testing, including acceptance, functional, regression, stress, compatibility and integration testing techniques, bug reporting and error handling. Responsibilities include review software requirement and functional specification documents, participation in code walk-trough and assist in design and development of test plan and procedures To secure a position that will allow me to exercise skills obtained through education and prior work experiences.      Qualifications         Analytical and Problem Solving    Stress Tolerance    Communication Skills    Leadership Skills       Ability to resolve non-routine and complex business issues: Anticipate problems, develop alternate solutions and manage execution successfully    Ability to maintain a high energy level for extended periods of time    Ability to communicate clearly and efficiently both verbally and in writing. Ability to develop and maintain close working relationships wi [...]","the publications division of the american chemical society acs publishes a weekly topical magazine cen and more than  peerreviewed journals focused on chemistry and chemistryrelated topics the division has domestic facilities in washington dc and columbus oh as well as worldwide operations in a growing number of international locations including but not limited to the uk singapore india and china the divisions publications sales department manages regional sales representatives as well as contracted distribution relationships across the globe servicing customers in over  countries with all of the challenges that come with delivering our expanding product set to a growing client base we are in search of a business analyst to join our highperforming team in columbus oh

the business analyst ba will work under the direction of the assistant director business analytics supporting primarily the global sales operations and marketing teams the ba will also play a role in developing and expanding the publications divisions enterprise data needs the ba will contribute to the comprehensive support of all activities relating to sales revenue operations and marketing in an effort to accelerate and expand sales and control expenses this includes data analysis around pricing customer behaviors and account performance the position will also work closely with the groups management team in the area of budgetsforecasting and departmental performance management additionally this position will p [...]"
166,Travel Nurse - RN - TELE - Telemetry - $2397.79 / Week,"CO-OWNER/MANAGER/ CHEF       Professional Summary    Thank you in advance for allowing me to respond to this amazing opportunity. Creative, motivated and relationship-oriented individual who enjoys empowering others to reach personal and business goals. Works well in an environment that emphasizes creativity, autonomy, and decision-making. Possesses the ability to organize, plan and execute ideas from conception to completion.  Utilizes a unique blend of strengths from artistic to communicative to fulfill any position, powerfully. 
Organizations
Communities for All Ages - a non-profit, Weed & Seed initiative that provides intergenerational strategies for community building. Resulting in expanded social networks, increased civic engagement and leadership among multiple generations. This organization allowed for me to learn the art of alliance building.  We chose those alliances that possessed strong leadership practices. I am a part of a mentorship program through this organization. Proactive media and communications professional with  [Number]  years in internal and external communications, social media, blogging and editorial media relations. Strategic Marketing and Communications Consultant with a firm grasp of corporate messaging and branding. Possesses a strong work ethic, as well as exceptional writing, editing and research skills. Strategic Marketing and Communications Consultant with a firm grasp of corporate messaging and branding. Possesses a strong work ethic, as well as exceptional writing, editing and research skills.  [Job Title]  with strengths in special events and promotion planning. Frequently attends marketing seminars and conducts outside research to stay current with market trends and consumer needs.      Skills                    Work History      Co-Owner/Manager/ Chef     April 2008   to   Current      Company Name   -   City  ,   State      Managed all aspects of operation in a restaurant specializing in homemade, delicatessen and bistro cuis [...]","american mobile healthcare is seeking an experienced telemetry registered nurse for an exciting travel nursing job in cleveland oh shift  hr days start date  duration  weeks pay   week
registered nurse  telemetry  travel  tele rn

job description  requirements
registered nurse  telemetry  tele rn
startdate  shifts  d pay rate   

as a valued member of the telemetry tele rn team you will care for patients with a wide range of conditions including complex cases this unit constantly monitors blood pressure heart rate blood oxygen level and cardiac electrical activity of patients on the unit utilizing specialized equipment rns will mainly care for patients recovering from heart conditions or cardiac surgery the right candidate for this role will have the opportunity to work in a professionally challenging positive and innovative telemetry work environment at this highly regarded facility

required qualifications
 oh license in hand expiration
 bls
 tele experience

preferred qualifications
epic experience

facility location
sprawling for  miles along the shores of lake erie cleveland has developed into a gleaming model of urban rejuvenation once the industrial hub of the heartland this forwardthinking city now boasts glass towers and contemporary highrises modern museums the rock  roll hall of fame and many cuttingedge health care facilities

job benefits
at american mobile healthcare we take care of our travelers we offer
 competitive pay rates
 free quality private housing
 med [...]"
167,"Real Estate Sales Agent (Draw + Commission) Remote - Cleveland, OH","OWNER, PERSONAL CHEF             Areas of Expertise          CAREER FOCUS: ENVIRONMENTAL SCIENTIST  Accomplished sales and marketing professional with Bachelor of Science Degree in Biology and Master of Business Administration Degree.  Professional background in Environmental Science and Research and Development industry.  Eight years' experience growing and building successful home-based Personal Chef Business.  Expert qualifications in identifying and capturing market opportunities to accelerate expansion, increase revenues and build client base.   Areas of expertise include:  Marketing & Business Development  Client Relationship Management  Budgeting and General Accounting  Creative sales strategies  Resolving client concerns  Pricing and sales analysis  Strong follow-up  Post-sale customer support  Proactive marketing concepts              Professional Experience      Owner, Personal Chef    January 2006   to   January 2014     Company Name   －   City  ,   State      Established successful marketing and sales strategies including implementation of Gourmet-to-Go sales counter at local supermarket Acquired 20 new clients within first year of business and continued growth throughout remainder of ownership Managed entire selling cycle, acquisition of new clients, needs assessment, bid proposal and pricing, to negotiations, sales closing and follow up.  Planned, coordinated and executed events for up to 125 people Accomplishments Winner of local Blue Water Area Chamber of Commerce ""Freshwater Flavors Award"" during first year of business Business by Referral Team Facilitator for Blue Water Chamber of Commerce.          Environmental Scientist    January 2001   to   January 2006     Company Name   －   City  ,   State      Performance of Phase I and Phase II Environmental Site Assessments, National Environmental Policy Act Reviews and Real Estate Transaction Screens throughout Midwest Interpretation of analytical results, development of corrective actions and presentati [...]","wfh work from home remote licensed real estate agent position

week draw

 commission per sign up

are you a licensed real estate agent with a sales background do you enjoy getting paid on commission are you comfortable making  calls daily from home we are looking for enthusiastic real estate salesperson

agents are paid for each homeowner signed up to our exclusive right to sell program by offering homeowners a cash incentive you will get  commission for every homeowner you sign quality leads are provided to licensed real estate agents make commission before a home is listed or sold in addition to this program you will get  commission split for any personal deals

responsibilities
licensed real estate agent will call leads provided through crm
make minimum of  sales calls daily and followup on leads manage and document your leads
agents with a sales background sign up  homeowners a month month
no cap on commission

qualifications and skills
must have ohio real estate license
knowledge of the cleveland oh area and surrounding cities
hours monday  friday  to 
must transfer license to new brokerage
fulltime  position
real estate agent with enthusiastic personality and strong communication skills
sales experience preferred
entry level licensed real estate agents are welcome to apply we are looking for agents who have a sales background
have a home office without distractions since this is a work from home wfh remote position
be familiar with webbased email microsoft office is pr [...]"
168,Bank Teller,"FINANCE OFFICE ASSOCIATE       Professional Summary      Detail-oriented, diligent and accuracy-driven individual with a B.sc in accounting and Ms./MBA degree in finance. In the past years, gained vast experience/skills in office operations with top-notch handling of office communications, logistics and records. In the banking and accounting industry, focused on balancing customer needs and relations while ensuring bank security regulatory requirements and protection protocols.        Skills          Communication skills, written & verbal  Office administration (phones, faxing, filing)  Spreadsheet development & management  Microsoft Office Suite  Customer service      Analytical & problem solving  Organizational and follow up skills  Multi tasking & Time management  Invoice Processing- Oracle EBS  Reconciliation            Work History     04/2021   to    Current      Finance Office Associate      Company Name    –    City  ,   State        Prepared meeting materials and took clear notes to distribute to stakeholders.  Collaborated inter-departmentally to assist with workflow and gather reports and data for Assistant Finance Director.  Managed over 30 vendors and reconciled invoices when necessary.  Restocked supplies and placed purchase orders to maintain adequate stock levels.  Developed and maintained spreadsheets in Excel to track and chart information such as Call center reports and Employee Payroll deductions.  Coordinated efficient calendars for Account Receivable manager and section heads by factoring in schedule availability and load limitations.  Processed invoices and expenses using Oracle EBS to facilitate on-time payment and pass along to Account Payables.  Maintained staff directory and company policy handbook for human resources department.  Completed clerical tasks such as filing, copying and distributing mail.  Arranged rapid office equipment repair and maintenance with vendors.        08/2019   to   12/2020     DEAN'S ASSIOCIATE      Company Name [...]","bank teller job at the bank of grain valley  kansas city mo

monday through friday no weekends

full time  hour week example  am to  pm or  am to  pm alternating shifts part time monday through friday hours vary based on applicant need locally owned financial institution family atmosphere  no sale quotas no pressure excellent working conditions and benefits for full time employees experience not necessary will train

job types fulltime parttime

pay    per hour

benefits
 k
 k matching
 dental insurance
 health insurance
 life insurance
 vision insurance

physical setting

schedule

work location one location

about the company

company the bank of grain valley 

company location kansas city mo

estimated salary"
169,Water Resources Project Manager,"BRANCH ADMINISTRATOR           Objective     Obtain a challenging position which will demonstrate and highlight my organizational, customer service, communication, and project management skills.       Summary     Committed and motivated Administrative Assistant with exceptional customer service and decision making skills. Strong work ethic, professional demeanor and great initiative.Energetic and reliable Office Manager skilled with working with a diverse group of people. Excellent team-building skills.   Motivated personable business professional with a successful track record in the business and retail field. Quickly master new technologies and skills. Diplomatic and tactful with professionals and non-professionals at all levels. Accustomed to handling sensitive, confidential records. Demonstrated history of producing accurate, timely reports. Flexible and versatile - able to maintain a sense of humor under pressure. Thrive in deadline-driven environments.        Highlights         Skills Summary ◆ Project Management ◆ Report Preparation ◆ Written Correspondence ◆ General Office Skills ◆ Computer Savvy ◆ Customer Service ◆ Scheduling ◆ Distribution ◆ Communication ◆ Accounting/Bookkeeping ◆ Front-Office Operations ◆ Bi-Lingual Spanish     Microsoft Office proficiency  Excel spreadsheets  Meticulous attention to detail  Strong problem solver  Self-directed  Professional and mature  Resourceful  Dedicated team player  Strong interpersonal skills  Proofreading            Accomplishments     Received a merit raise for strong attention to detail, exemplary customer service and team-player attitude.Successfully planned and executed corporate meetings, lunches and special events for groups of employees.       Experience      Company Name     October 2009   to   Current     Branch Administrator   City  ,   State      Prepare & process complex reports for managers on a daily basis ensuring to meet tight deadlines. ◆ Diagnose and resolve all inquires from customers and clos [...]","come work for ohm advisors the community advancement firm

with the singular mission of advancing communities our diverse team of professionals works collaboratively across multiple service areas including architecture engineering planning surveying and construction engineering to create better places for people

we are a team of experts with individual specialties working together driven to make a difference through peoplefocused problem solving design and ideas in everything we do we put people first we create places for communities of people that help solve a problem and drive them forwardadvancing the whole today and well into the future

what youll contribute to ohm advisors

as a project manager in the environmental and water resources group ewrg you will lead a range of water resources projects across the midwest ewrg is a diverse  person team looking for an experienced project manager with a passion for water resources the ewrg team works on a variety of water wastewater and stormwater projects including modeling of distribution and collection systems asset management stream restoration green infrastructure and a range of facility designs

a successful candidate for the water resources project manager position is teamoriented organized and has strong technical skills the candidate takes initiative and is current on software regulations and technology this position could be either fulltime or parttime with flexible working arrangements available

your responsibilities [...]"
170,Sr. E-Commerce Marketing Director,"CONSULTANT           Executive Profile     Innovative professional with more than 15 years of experience poised to bring talent and vision to a respected organization that values hard work, dedication, and results.    Demonstrated expertise in launching start-up companies, organizing them for long-term success, and driving continuous growth and prosperity through strategic business plans.   Specialist in developing forecasting models and scenarios, examining strategic performance, spotting market opportunities, identifying business threats, developing creative action plans and corporate strategy.   Proficient in driving revenue growth, increasing sales, slashing costs, attracting new customers, maximizing profits, and achieving corporate objectives and operational excellence.   Uniquely gifted in leading teams, inspiring cross-functional collaboration, and building productive relationships with colleagues, clients, and business partners.        Skill Highlights        Microsoft Office Suite * InDesign * Quickbooks
Experience with SPSS and various CRM, ERP, and Marketing Automation Systems            Professional Experience      Consultant    January 2012   to   May 2016     Company Name   -   City  ,   State     Delivered business planning recommendations to start-up fitness venture as result of being tasked with devising solid best practices and strategy.  Developed financial forecast and operations budget.   Instrumental in creating private label product development, including creating business plans, identifying best-in-kind manufacturers, and zeroing in on potential third party distributors.  Increased revenue by 20% by segmenting local market and developing business plans for identifying potential high-end consumers for services.          President    January 2014   to   January 2015     Company Name   -   City  ,   State     Drove project management, consulting, and back-office services for start-up educational services and products provider.Oversaw operations [...]","our american based clothing company client is in need of a direct hirestaff sr ecommerce marketing director this is a direct hire opportunity hybrid onsite in new york city is a must vaccination is required healthy compensation plus bonus and stock options

primary responsibilities
 as sr director you will lead the ecommerce team which consists of media manager copywriter manager of creative content design data analyst and ecommerce scrum master
 the senior director is an instrumental role on this team and will oversee all test  learn strategies within north america and serves as one of the primary leads with the objective to drive growth and transformation for business  a key component of the regions growth plan to supercharge digital
 this position demands strict attention and experience with ecommerce business with a strong focus on leadership and driving growth in an everchanging environment
 this role will oversee aspects of this digital business including media contentcopy  analytics testing and will be charged with driving traffic and sales linked to product priorities and overall brand direction with clear revenue goals
 this position partners closely with the sales team  business units internally as well additional partnership extending to the wholesale teams for increased transparency and a cohesive marketing and content approach across all channels
 lead discussions in monthly and quarterly business reviews on main kpis with leadership team and recommend action pla [...]"
171,Criminal Investigator,"HR ASSISTANT       Summary    Highly motivated, and a dynamic Human Resources professional with diverse credentials seeking a position with a growing organization to make a positive impact on company policies, and experience career growth. Accomplished human resources and administrative professional with over 3 years' experience. Attentive to detail, able to take initiative, prioritize multiple tasks and manage workload. Resourceful team player with a can-do attitude. Results-driven with strong communication, analytical, and interpersonal skills while maintain the utmost confidentiality.      Highlights          Compensation knowledge  MS Office Suite  AR/AP proficiency  Oracle knowledge  Great communication skills  Great analytical skills	*New Hire Training  Filing & Records   Management  Spreadsheets/Reports  Office Management  Customer Service  QuickBooks, Peachtree  New Hire paperwork                Experience     03/2016   to   Current     Company Name   －   City  ,   State      Sourced, recruited for call center to all departments throughout the company.  Responsible for finding the right candidates and matching them to temporary  or permanent job placement for the company.  Maintaining computer system by updating and entering data in BrassRing an responsible for complete on boarding and exit interview paperwork.  Compiling reports and spreadsheets in order to keep track of drug test and background checks that are completed for on-boarding process.  Complete initial phone interviews to evaluate applicants' qualifications.  Scheduling job     interviews for field managers after seeing that applicant meet the job requirements.  Administer and manage scores tests given to applicants before making the job offer.  Help organize job fair and manage files for applicants that are not qualified.  Circle K -Naples, FL Provides convenient services to the community.         02/2011   to   10/2014     HR Assistant      Maintained employee compensation, benefits, PTO, timec [...]","about us

the office of the ohio public defender opd is the state agency responsible for providing legal representation and other services to people accused or convicted of a crime who cannot afford to hire an attorney

our mission
advocating fighting helping

our vision a fair justice system

our values
compassion dignity equity integrity service community

our commitment to diversity equity and inclusion

our commitment to inclusion is inseparable from our commitment to a fair justice system we strive to ensure inclusive spaces and services for our staff our clients and ohios diverse communities we are committed to building a work environment where all our team members have a voice and can embrace our differences to innovate service to the public we can best meet our public defense mission through a diverse workforce and an inclusive workplace where employees thrive our mission is accomplished and ohioans are served

teamopd is grounded in diversity equity inclusion as we work together to pursue fairness and justice for all people

follow opd on facebook and twitter 

about the position and what youll do

the criminal investigator  works independently and ction of their supervisor to conduct thorough detailed and accurate psychosocial investigations of clients l court and posttrial litigation levels

you will also conduct fact investigations on trial and posttrial litigation

you will join the mitigation and investigation department which conducts both criminal investigatio [...]"
172,Technical Support Agent (Remote),"OWNER       Summary     Results-oriented individual with diverse background in management and customer service. Dedicated to providing excellent customer service and Strong work ethic, professional demeanor and great initiative.         Highlights          Microsoft Office proficiency  Employee training and development  Schedule management  Results-oriented  Dedicated team player  Resourceful  Bilingual in [Language]  Arts and crafts aptitude  Meeting planning  Scheduling  Concierge duties  Operations management  Marketing and sales specialist  Excellent interpersonal and coaching skills  Recruiting and selection techniques  Interviewing  Staff development/training  Internet savvy  Able to work independently and as a member of a team  Comfortable with diverse populations  Excellent relationship building skills  Excellent writing and critical thinking skills  Interpersonal, oral, and written communication skills  Clear public speaking skills       Strong organizational skills  Seasoned in conflict resolution  Customer-oriented  Social media marketing  Event planning  Strong planning skills  Supervision and training  Client relations specialist  Exceptional writing skills  Event planning  Microsoft Office Suite  Dedicated team player  Certified in Early Childhood Education  Classroom management  Parent/teacher conferences  Behavioral/cognitive skills development  Teaching, tutoring and counseling  Effectively work with parents  Motivating students  Interactive teaching/learning  Innovative lesson planning  Conflict resolution techniques  Calm and patient  Curriculum development  Excellent classroom management  Excellent reading comprehension              Accomplishments      Customer Service     Handled customers effectively by identifying needs, quickly gaining trust, approaching complex situations and resolving problems to maximize efficiency.    Administration     Performed administration tasks such as filing, developing spreadsheets, faxing reports, photocopying c [...]","job description

minervas support team aims to deliver a worldclass support experience ensuring that partners are able to teach effectively and with minimal disruption on forum minervas full active learning platform support is provided during and outside of class including assisting users  instructors and students  with resolutions to technical issues answering questions about the platform documenting bugs and solutions and escalating technical issues to product engineers as needed

the technical support agent will play a critical role in addressing higher order tasks on the team in addition to providing frontline support for live classes responsibilities include but are not limited to
 writing technical reports summarizing technical issues and resolutions
 responding to questions via our support chat feature livechat
 answering help desk emails
 triaging and escalating software bugs
 investigating bugs and complex support questions
 scheduling frontline support agents for shifts
 observing live classes on minervas platform

most support interactions take place via slack so we are looking for someone who can interact via typing in real time with a professional but friendly and empathetic manner the role also offers the flexibility to work from home while gaining experience at a company leading education innovation

key skills
 works well under pressure all support agents respond in real time to incoming requests for help from both faculty and students during live classes
 qui [...]"
173,"Retail Sales Associate - Full Time or Part Time (Columbus, Ohio)","NIGHT SERVICE REPRESENTATIVE       Summary    Personable, responsible professional with 3 years in retail and customer service dedicated to maintaining customer satisfaction and contribute to company success. Results-driven and proven ability to establish rapport with clients. Looking to advance skills in customer service, sales and marketing, human relations, and to gain business experience and opportunities. Personal skills and qualities include punctuality, taking initiative, joyful and positive attitude, and commendable with finances.      Skills     billings, first aid, take messages       Languages    Fluent in both English and Spanish      Experience      Night Service Representative   08/2017   to   09/2017     Company Name   City  ,   State       Responsible for member check in/customer service.  Handled member service issues such as lost and found items, new membership cards, change of.  address, EFT setup or change, and questions regarding billings and payments.  Answered all incoming inquiries and obtained appropriate information.  to direct/transfer calls or take messages.  Kept front desk area and lobby clean, clutter free, and organized.  Did inventory on front desk supplies.  including first aid kits, and reported to Operations Manager when supplies are low.          Account Manager   03/2016   to   10/2016     Company Name   City  ,   State       Obtained client information by answering telephone calls, interviewing clients, verifying information.  Determined eligibility by comparing client information to requirements.  Established policies by entering client information and confirming pricing.  Informed clients by explaining procedures, answering questions, and providing information.  Maintained communication equipment by reporting problems.  Maintained and improved quality results by adhering to standards and guidelines and recommending improved procedures.  Updated job knowledge by studying new product descriptions and participating in educationa [...]","branch retail associate  full time or part time

galls is looking for a retail sales associate  full time or part time columbus ohio

monday  friday daytime shifts

galls llc is the largest and fastest growing supplier of uniforms and equipment to public safety professionals with a national presence in more than  locations across the us galls llc is proud to serve americas public safety professionals by providing the broadest selection of uniforms equipment and solutions combined with great customer service galls provides detailed training on all of the processes needed to be successful in this role

galls llc offers many benefits to include

full benefit package including medicaldentalvision coverage ft only
life and disability insurance ft only
vacation and personal time
seven paid holidays
 plan with company match
day shifts only
employee discount
fun place to work with advancement opportunities

asa retail sales associatein a galls store you must provide exceptional customer service to our exceptional public safety professionals you will interact with our customers on the sales floor process sales assist with uniform sizing and help customers select the right products to meet their needs

what you will do

greet every customer in a timely manner with a smile and in quick response to their needs
replenish merchandise and monitor floor stock to ensure appropriate inventory is available and neatly presented
complete necessary housekeeping to present a clean and orderly store [...]"
174,Senior Web Designer (REMOTE),"DIRECTOR OF INFORMATION TECHNOLOGY         Professional Summary     Dynamic Information Technology Manager with 13 years of IT leadership experience including oversight of infrastructure, application support and cybersecurity services. Dedicated to customer satisfaction with focused delivery of technical solutions. Proven leader in directing operations, maintenance and support of complex systems. Develops creative business solutions, leveraging diverse methodologies and delivering engineering solutions for leading organizations. Highly adept in request for proposal development, technology needs assessments and staff training. Successful in motivating teams to meet demanding timelines by utilizing critical thinking, resource and conflict management and facilitating stakeholder engagement. Innovative and driven with passion for delivering forward thinking, emerging trend technologies.       Skills          Agile framework  Business intelligence  Change management  Collaboration  Conflict resolution  Critical thinking  Data migration  Information technology management  Insurance  ITIL  Organization and time management  Perl  Problem-solving  Project lifecycle management  Project management and leadership  Python  Risk assessment  Salesforce Admin and CRM  SDLC  Six Sigma      SQL (Microsoft and Oracle)  Excellent Verbal and written communication  Agile, Functional, Project leadership,Written communication  AI, Information technology, Project Management  Budgeting, Insurance, Python  Budgets, ITIL, Quality  Budget, Leadership, Research  Business intelligence, Marketing, Risk assessment  Business process re-engineering, Access, Sales  Change management, Excel, Scheduling  Conflict resolution, Migration, SDLC  Critical thinking, Network design, Six Sigma  CRM, Next, Software development  Clients, Optimization, SQL  Client, Oracle, Staffing  Data collection, Perl, Strategic  Data migration, Problem-solving, Time management  Databases, Processes, Upgrades  Designing, Produc [...]",the apply with seek option will be utilized for international applicants mainly australia if this does not apply to you please use the apply optionsenior web designer remoteif you care theres a place for you herefor a career path that is both challenging and rewarding join sedgwicks talented team of  colleagues around the globe sedgwick is a leading provider of technologyenabled risk benefits and integrated business solutions taking care of people is at the heart of everything we do millions of people and organizations count on sedgwick each year to take care of their needs when they face a major life event or something unexpected happens whether they have a workplace injury suffer property or financial loss or damage from a natural or manmade disaster are involved in an auto or other type of accident or need time away from work for the birth of a child or another medical situation we are here to provide compassionate care and expert guidance our clients depend on our talented colleagues to take care of their most valuable assetstheir employees their customers and their property at sedgwick caring counts join our team of creative and caring people of all backgrounds and help us make a difference in the lives of othersopen to remote work all locations within the usprimary purpose  conceptualize and design user experience projects and initiatives and oversee designers to ensure highquality work throughout the entirety of the projectessential functions and responsibilities creat [...]
175,"VP, Healthcare Services","CONSULTANT       Summary    Business focused professional with a passion for healthcare and patients. Leverage experience and expertise to help
 businesses execute on their strategic initiatives. Experience in managing experience design and human-centered focused
 projects, strategy planning, logistical planning and execution, strategic change management, corporate communications,
 project management, and learning design. Known for an innate ability to diagnose problems and develop creative
 solutions tailored for each organization. Extensive experience leading teams and developing team members at varying
 levels in their career, as well as being able to work in complex organizations.        Experience     09/2015   to   Current     Consultant    Company Name   －   City  ,   State      Most significant projects
     § National Audit Firm - Led an experience design initiative to understand what people do, how they work
         and the systems they use.  Showed leadership where gaps existed and how to close those gaps to increase
         productivity and foster positive working relationships across the organization.  Managed an innovative and
         creative team as we used a user-centric design approach to gain a greater understanding of the major
         audiences represented, and developed a plan to effectively roll out a new service desk to the organization.  Managed client relationship and responsible for final deliverable delivery.  National Healthcare Insurer - Led the corporate communications workstream.  Executed strategic
         communications activities to support of awareness and adoption of the upcoming implementation.  Created
         dynamic communications, thinking outside the box to promote the benefits of the new system in addition
         to the impact to the organization and its customers.  Conducted pulse checks and executive interviews to
         understand level of involvement and stakeholder engagement, making adjustments along the wa [...]","job description

job summary

molina healthcare services hcs works with members providers and multidisciplinary team members to assess facilitate plan and coordinate an integrated delivery of care across the continuum including behavioral health and longterm care for members with high need potential hcs staff work to ensure that patients progress toward desired outcomes with quality care that is medically appropriate and costeffective based on the severity of illness and the site of service

knowledgeskillsabilities

the vp healthcare services is responsible for oversight and management of the state health plans healthcare services clinical operations teams including utilization management priorauthorization inpatient review and care management casehealth management and transition of care this position works collaboratively with the chief medical officer to develop and implement processes to effectively manage clinical policies to meet healthcare cost and quality targets
  works with the healthcare services management team to achieve successful implementation of molina clinical strategy and direction
 develops and implements effective and efficient standards protocols processes decision support systems reporting and benchmarks that support ongoing improvements of clinical operations functions and promote quality cost effective health care for molina members
 mentors guides and develops skills of management team members in a consistent and effective manner
 develops initiative [...]"
176,Case Manager II - Remote,"DIRECTOR OF APPLICATIONS         Profile    Accomplished Healthcare Professional with an exemplary background in Healthcare IT.
Progressive leadership experience in Healthcare IT.
Proven ability in strategic planning, business requirements gathering, creating roadmap with short term and long term goals, budget estimation and management, negotiation, return on investment and return on value analysis. 
Proactive leader with an excellent work ethic and commitment to exceptional customer service.      Skills          Graduate Assistant - Team Lead  Lead implementation of Optical Character Recognition (OCR) system in Registrar Office.  Technical Proficiencies  HCIS/EHR:	     Meditech Magic, CS 5.6x and 6.x; Athena.  PM Tools:	     MS Word, Excel, Power point, Quick Base, SharePoint, Project, Visio.                Professional Experience      Company Name     July 2013   to   Current     Director of Applications   City  ,   State      400+ licensed bed non-profit faith based Hospital with Residency Program, two Nursing Homes and ten outpatient Physician Practices Report to the VP/CIO of IT.  Management of all IT Applications (Administrative, Clinical, Revenue Cycle, Ambulatory, Ancillary).  Manage $5M budget.  Evaluate organizations IT needs, create strategic plan and implement new projects.  Negotiation: Saved over $250,000 when purchasing new products.  Manage staff: 7 Application Analysts, 2 Team Leads and 2 Consultants.  EHR workflow re-design and optimization: Integrating standalone applications and systems to automate the workflow.  Consolidating and eliminating redundant applications.  Initially there were over 125 applications and systems, so far eliminated 25 redundant applications.  ARRA Meaningful Use: Gathered documentation for Meaningful Use Stage 1 CMS Audit, submitted audit documentation and passed the Audit.  Lead Team to prepare for MU stage 2 attestation.  Currently leading Team to prepare for MU Stage 3 attestation.  ICD 10: Working collaboratively with [...]","job summary

the case manager ii manages complex cases and is responsible for supporting the case management team and health services leadership in ensuring complex cases meet regulatory and accreditation requirements may manage a high acuity caseload and serve as a preceptor for newly hired case managers

essential functions of the role
 performs general and complex case management activity to include collaboration with member family significant others providers and community agencies to conduct a comprehensive member needs assessment and develop a customized plan of care with mutually established long term and short term goals
 advocates for the member to coordinate quality and cost effective services to meet the member care needs and established goals
 identifies and reports potential quality of care issues and uses collaborative strategies and open communication to resolve issues and barriers in the members best interest
 achieves established production and quality metrics as defined by management
 demonstrates initiative and voluntarily provides assistance and team support to facilitate the achievement of individual department and plan goals
 assists coaches and mentors team members
 maintains knowledge of all regulatory and accreditation standards completes documentation in accordance with all federal state ncqa and internal requirements without exception
 participates in quality auditing and monitoring activities under the direction of health services leadership
 parti [...]"
177,Part-Time Retail Sales Associate,"SOCIAL MEDIA EVALUATOR       Summary    Extensive Management Experience with Supervisory, Sales, and
Training focus. Possess strong ability to achieve sales goals and quality
customer service as well as skilled in performing all administrative duties.
Working knowledge of Property Management, Tax Credit, Marketing, Collections,
and Leasing policies and regulations gained through work experience and
education.       Skills          Microsoft Outlook  Microsoft Word  Windows 10  Excel  PowerPoint  Multi-line phone system,              Experience     08/2015   to   Current     Social Media Evaluator    Company Name   －   City  ,   State      Daily social media activity (including but not limited to: Facebook, Twitter, Instagram, Pinterest, etc)
Avid interest in working with social media.  Ability to follow instructions and work independently with effective time management skills.  Excellent troubleshooting, communication and problem-solving skills.  Strong expressive writing skills.  Ability to articulate in written and verbal English.  Uses Microsoft Windows (Vista or above) or MAC operating system with outstanding performance.  Advanced aptitude for installing applications, and troubleshooting and addressing software issues with limited support.         04/2014   to   08/2015     Rental Sales Agent    Company Name   －   City  ,   State      Carry out duties in accordance with Avis policies and procedures.  Responsible for selling optional products to ensure customer satisfaction and company productivity.  Customer support to include directions, maps, and local area information.  Maintained rental parameters and ensuring customer understanding of rates and service charges.  Updating of rental agreement files with notification to clients of overdue rental agreements and facilitate return dates and process rental extensions.  Operation of multi-line telephone to assist client's issues, and customer support.Ensuring accuracy on all rental agreements, preparation of renta [...]","at kohls our strategy is to become the most trusted retailer of choice for the active and casual lifestyle be part of a team culture that values diversity and inclusion works hard to help each other succeed and celebrates each others wins to deliver a bestinclass experience for our customers about the role in this role you will engage and connect with our customers by providing excellent customer service through our hospitality mentality approach you will offer information to the customer on current merchandise assortment store promotions and events and execute operational processes effectively and efficiently to drive sales

key accountabilities

support sales hospitality operations people and conversion through our shop  program

drive sales
 drive sales by providing an inspiring environment that motivates customers to add to their basket

build trust to solve the customer shopping needs
 leverage omni channel offerings to deliver a frictionless customer experience
 accurately deliver on our operational processes bopus boss mls sfs

build rapport and make a genuine connection with the customer
 acknowledge and assist customers through our company programs
 complete transactions accurately and efficiently while engaging customers
 courteous and responsive to requests and questions
 answer questions quickly and accurately

be a savings consultant to help customers save with a kohls card
 converts opens and activates kohls card applications
 promote our loyalty programs by edu [...]"
178,Data Management Analyst for Netsmart,"CONSULTANT           Professional Profile     Highly motivated and self-driven Systems Analyst with vast experience in various environments and technologies in support of multiple departments across the enterprise.  Expertise in Software Development Lifecycle (SDLC) and Computer Systems Validation (CSV).  Looking for an opportunity to apply and develop strong analytical skills and problem solving techniques.       Qualifications          Documentum DCM and Documentum D2, MS Access, VBA, C, C++, some HTML, Assembly language programming.  Project leadership, strong technical skills, analytical skills, problem-solving skills, organizational skills and communication skills  Systems analyst, general application support, software development, data communications, System administration      Expertise in SDLC on small to large projects  Proficient in SDLC and Computer Systems Validation Requirements and Documentation              Experience      Consultant    January 1999   to   November 2015     Company Name   －   City  ,   State      Provides consultant expertise in various roles supporting McNeil Consumer Healthcare including but not limited to the following applications: shop floor application, document management application, timekeeper application, business process applications.  Knowledgeable in the SDLC process and GxP, SOX compliant applications.  Most supported applications have been FDA validated applications requiring significant Computer System Validation experience.  Project Leadership roles in several projects including application upgrades.  Provides support to a GxP compliant document management application based on Documentum D2 as well as older Documentum DCM environments.  Support includes detailed analysis of issues including document transformation, printing issues, reporting and general user troubleshooting.  Providing Level 2 Production Application support, attend to user requests through ITSM and emails Monitoring the Support Mailbox during the Supp [...]","overview

the data analyst  emr is responsible for the ongoing assessment design development and implementation of rising grounds data capture and reporting processes in netsmart this position under varying levels of direction will also manage any issues that arise this position will provide end user guidance application build and test troubleshoot system issues track system traffic and activity and perform other related duties

responsibilities

responsibilities
 uses ticketing software to manage issues related to emr
 reviews problems analyzes issues and develops potential solutions
 acts as a liaison to staff leadership and netsmart to ensure that issues brought up during training implementation and post golive are researched and resolved in a timely fashion
 documents all problems solutions and outcomes for future reference
 data management
 plan organize facilitate and lead meetings and workgroups
 prepares user defined custom reports
 create business functional and technical requirements documents based on captured data and in accordance with departmental protocolstandards
 data capture and reporting that support the billing process
 convert information gathered into details including data sources data and user types
 applies technical expertise in filescreen building report writing and maintaining master files profiles and forms
 system management
 serves as a liaison with user departments in design implementation and modification of applications
 configure and test my [...]"
179,Luxury Sales Stylist - Mens Combo - Saks Fifth Avenue,"KEYHOLDER       Summary    Creative, hands-on professional with expertise in art direction and project management,Marketing and special promotions      Highlights          Professional  photoshoot/modeling experience    Fashion Visual Merchandising     Professional runway experience,       Professional standing fashion model    Self taught abstract, visual , mix media artist  Professional photo shoot experience      Self-motivated professional            Accomplishments      KNOWLEDGE OF OFFICE PRACTICES AND ITS PROCEDURES, PUBLIC RELATIONS,RULES,POLICIES,PROCEDURE COMPLAINTS AND TRANSACTIONS BEING PROCESSED TYPING/ KEY BOARDING HAS DEMONSTRATED SPENDING EXTENSIVE TIME TROUBLESHOOTING AND ASSISTING CUSTOMERS OVER THE PHONE FOR GREAT CUSTOMER EXPERIENCE PROLIFIC SALES EXPERIENCE IN RETAIL BUSINESS AND PHONE ENVIRONMENT SKILL IN OPERATION OF OFFICE EQUIPMENT,CASH REGISTER E-MAIL, IN-PERSON CONTACTS AND OR BY OTHER MEANS OF INTERNAL AND EXTERNAL CUSTOMERS COLLATE AND CLASSIFY INFORMATION ABOUT DATA REFERRALS UPON REQUEST.        Experience      KEYHOLDER   01/2015   to   Current     Company Name   City  ,   State      -MOD, MANAGER ON DUTIE WHEN MANAGERS ARENT PRESENT  -OPEN AND CLOSING OF STORE  -RUNNING DAILY STORES PERFORMANCE REPORTS  -OPENING DAY AND END OF DAY PAPERWORK  -MANAGEMENT DUTIES, PUSHING ASSOCIATES TO SELL  -BACK STOCK COORDINATOR  -INVENTORY CLOSING  -CASHIER  -SAFE COUNT AND MONEY HANDLING   ​         CASHIER   09/2014   to   04/2014     Company Name   City  ,   State      -CASHIER  -MAINTAINING COMPLETE KNOWLEDGE OF ALL FOOD AND BEVERAGE ITEMS,PRICES,AND AVAILABILITY.  -EFFECTIVELY WELCOMING EVERY CUSOTMER WHILE PROVIDING GREAT SERVICE  -STORE MERCHANDISING,STOCKING AND ROTATING PRODUCTS  -EFFICIENTLY WORKING THE REGISTER TO COMPLETE MONETARY TRANSACTIONS   -UPON REQUEST RESPONSIBLE FOR COPYNG AND E-MAILING CUSTOMER RECEIPTS          SEASONAL SALES ASSOCIATE   10/2013   to   11/2013     Company Name   City  ,   State      -SEASONAL SALES ASSOCIATE, [...]","what this position is all aboutthe style advisor is responsible for elevating their shopping experience by welcoming visitors to the store providing directions and answering questions to help customers efficiently get to their desired location
 the style advisor has a strong working knowledge of the store the designers it carries as well as the many services offered and they use this knowledge to provide customers with personalized assistance to enhance their shopping experience
 who you arebuilding teams by bringing others together when needed
 creates a senseof community and builds morale and spirit in their team
 lead through results
 often going above and beyond yourgoals
 isconsistently a top performer and elevates the performance of others
 innovative with a mindset that generates a variety of approaches toproblem solving including new and novel ideas
 you also haveproficient in ms word excel powerpoint outlook blackberry ipad etc
 technologically savvyfluent in multiple languages fluency in mandarin would be a strong asset
 exposure to rewarding career advancement opportunities from retail to supply chain to digital or corporate
 a culture that promotes a healthy fulfilling worklife balancebenefits package for all eligible fulltime employees including medical vision and dental
 an amazing employee discountsaksstyleadvisorthank you for your interest with saks fifth avenue
 we look forward to reviewing your application
 saksfifth avenueprovides equal employment opportuni [...]"
180,(3) Construction Project Managers (Remote) (industrial structures),"HR MANAGER             Highlights          SENIOR HUMAN RESOURCES STRATEGIST / RECRUITMENT MANAGER  Talent Management | Strategic Recruitment Planning  Organizational Development  Top-performing Human Resources Professional with 10+ years of experience providing innovative and results-driven leadership within small and large organizations. Proven ability to effectively communicate with staff on all corporate levels, create and inspire positive relationships, and build solid teams of professional employees.  Expert in designing effective recruiting strategies targeting top-quality talent, performing contract negotiations, and creating initiatives improving employee satisfaction and retention. Characterized as a compassionate manager, strategic leader, and executive recruiter.  Value Offered  Workforce Planning  Team Building & Facilitation  Project Management  Vendor Relations  FMLA  Employee Retention  Performance Appraisal  Behavioral Interviewing  Performance Improvement  Employment Branding  Recruitment  Training & Development              Accomplishments      PHR - Professional in Human Resource Management Society of Human Resource Managers (SHRM) Publications: AT&T and TempHelp Build, Buy or Barrow for Success - AT&T's Wisconsin Manual for Sales and IT; Hiring Protocols (AT&T) - Strategies for Identification, Selection and Retention; Impact Recruiting - How Question Design Makes the Difference Instructor - UWM - School of Continuing Education & Certification Course:   Attract/Retain&Sucseed - Designing recruitment strategies to align with business objectives.        Experience      HR Manager    March 2013   to   Current     Company Name          Overvie.  Corporate HR Manager for project management & consultancy firm - offering advisory services to the life science, biotechnology & medical device industries.  I provide strategic direction and design in all areas affecting talent acquisition, onboarding, performance management & instructional training design. [...]","we have an immediate need for  local or remote construction managers project managersconstruction to handle assignments out of our concord nh office this manager will become an integral part of the construction team and under the direction of our directors of construction as an experienced construction project manager you will work with our inhouse project design team and other licensed professional engineers governing authorities subcontractors and clients to manage construction projects in the food beverage and life science manufacturing sectors our construction manager will interface with our fortune  clients who are industry leaders to provide quality project execution and will require travel to our various client facilities

some traits and skills wanted for this position are

experience on the contract administration side of construction projects negotiating contracts develop schedules budgets and estimating putting bids together for buyouts and final presentation familiar with one or more sw packages such as procore bluebeam ms project office outlook timberline autocad revit

responsibilities

responsible for effective safe quality timely cost effective execution of industrial construction project work on site through planning coordination and control of construction resources and activities from inception to project closeout
 responsible for ensuring that all materials of construction and methods of construction conform to company industry and regulatory standards spe [...]"
181,Web Designer,"BUSINESS DEVELOPMENT           Career Overview     Committed and motivated professional with exceptional customer service and decision making skills. Extensive experience working with a diverse client base and delivering results. High-achieving professional possessing excellent communication, organizational and analytical capabilities. Background in business development, customer service and project management.       Skill Highlights          Problem resolution  Results-oriented  Meticulous attention to detail  Managing multiple priorities          Microsoft Office proficiency  Customer relations specialist  Employee training and development            Core Accomplishments      Data Organization     Improved office organization by compiling quarterly budget reports, financial spreadsheets, organizational charts and company data reports using advanced Microsoft Excel functions.  Coordinated all department functions for team of 40 Increased office organization by developing more efficient filing system and customer database protocols.    Customer Service     Handled customers effectively by identifying needs, quickly gaining trust, approaching complex situations and resolving problems to maximize efficiency.    Planning     Arranged, scheduled and coordinated all logistics and travel itineraries for staff of 40 employees.  Ensured staff was equipped with all necessary supplies and collateral for long distance travel.    Scheduling     Facilitated on boarding of new employees by scheduling training, answering questions and processing paperwork.        Professional Experience      Business Development    February 2015   to   September 2015     Company Name   -   City  ,   State      Responsibilities have included setting up new with vendors, manufactures and contractors by implementing effective networking and content marketing strategies.  Added value to marketing material by introducing creative advertising concepts.  Generated new sales opportunities through direct a [...]","job description

zander insurance group is one of the largest direct marketers of insurance and identity theft solutions services in america our company was founded more than  years ago with the mission to protect families today millions of visitors browse our websites they are a vital way we acquire communicate with and keep our clients

the web designer will drive revenue growth through the design and optimization of all clientfacing zander web properties

the ideal candidate is comfortable working with highlevel stakeholders and they understand the importance of getting projects done efficiently most importantly the web designer enjoys working and as a result has a positive attitude that contributes to the overall health of the zander culture we are seeking a contributor who thrives while working autonomously asks questions when necessary and problem solves daily

this is a fulltime position and includes a competitive salary and comprehensive benefits this position reports directly to the evp of marketing and will be based in our nashville tennessee office with opportunities to work remotely

responsibilities include
 designing compelling direct response websites and digital content that supports the zander brand campaign objectives and drives measurable actions
 utilizing knowledge of zander products and services to create designs that support an action or campaign goal
 creating designs that are compatible across multiple devices and screen sizes
 creating mockups to con [...]"
182,Bilingual Spanish CUSTOMER SERVICE REPRESENTATIVE Work From Home...,"CENTER SALES         Summary     Results-oriented customer service manager with diverse background in management and customer service. Dedicated to providing excellent customer service and making operational and procedural improvements.        Highlights          Leadership skills   Team management  Meticulous attention to detail and superb time management skills  Persuasive  Skilled multi-tasker  Scheduling  Deadline-oriented  Focused on customer satisfaction  Conflict resolution techniques  Client relations specialist   Results-oriented        Exceptional motivational skills  Effective agent coaching techniques   Staff development and training   Sound judgment  Computer-savvy  Calm under pressure  Complex problem solving  Process and Productivity improvement  Natural leader  Organized  Unsurpassed work ethic            Experience      Center Sales  ,   11/2016   to   Current    Company Name   －   City  ,   State     Answering incoming calls and helping customers with reservations, storage payments, or any other questions they have. Identifying prospective customers using lead generating methods and setting up reservations for various pieces of equipment.  Field an average of 5 0  customer service calls per day.  Recommend and help customers select merchandise based on their needs.     Serve as liaison between customers, store personnel and various store departments.   Confirm that appropriate changes were made to resolve customers' problems with reservations.  Inform customers about sales and promotions in a friendly and engaging manner.  Processed up to 30 customer orders per day.  Track down sources of special products and services to meet customers' special needs.      Manage wide variety of customer service and administrative tasks to resolve customer issues quickly and efficiently. I deal with some confidential information such as the name on credit cards, the card number and expiration date, storage information, addresses, and emails.  Completed documentatio [...]","exciting news we are offering a  sign on bonus  after  days  after  days  after  days and  after  days

answer your calling and take the lead at our company from the comfort of your home as a member of our team youll redefine how our customers engage with the latest product offerings media and entertainment its an opportunity to be the voice of att  a global leader in communications and technology in a career where well count on you to deliver a bestinclass customer experience connectourcustomers

in this role youll take the lead in addressing customer questions and concerns on all products and services through case resolution pertaining to a variety of issues youll need a strong attention to detail to maintain appropriate records prepare required reports and update customer accounts each case will provide an opportunity to creatively problem solve ways to address customer issues through various tools and systems most importantly your ability to provide effective and timely resolutions will impact the overall customer experience there may also be instances where you provide customer support as assigned  this may include selling products and services collecting past due balances processing credit applications andor activating services

you will also be required to
 efficiently navigate between multiple systems to resolve complex customer concerns as it relates to one or more products or services
 uncover customer wants interests and needs in each customer interaction to effect [...]"
183,Assistant Controller- Construction Industry,"CONSTRUCTION AND SITE MANAGER / SITE EXECUTION COORDINATOR       Summary    Registered Professional Engineer with extensive experience in global project and construction management.  Team player adept at building relationships and communicating with multi-national project personnel, contractors, management, and other stakeholders.  Resourceful problem solver capable of making sound decisions under pressure.  Self-starter skilled in guiding challenging, high-workload projects from inception to turnover-safely, on schedule, and within budget-despite limited resources.  Proficient with Microsoft Office and Adobe Pro.  Expertise encompasses:
*Bid & Specification Preparation
*Contract Negotiations
*Profit & Loss Responsibility
*Budget Administration/Development
*Expense Control and management
*Leader Worksite Safety
*Team Building & Mentoring
*Workflow Planning
*Facility Management & Maintenance
*Civil, Environmental & Structural Engineering
*Refinery, Water & Wastewater Pipelines
*Management of Change (MOC)
*Knowledge of various codes/standards (API, ASTM, AISC, DOT CFR 192 & 195, PSM)
*Engineering, Refining, Offshore/Inland Water Projects
*Project Scope development and management
*Process Hazard Analyses (PHA) leader/participant
*Pipeline Hot Tap & Stopple      Skills          Project management  Construction Management  Team Building  Cost and Schedule control  Bid & Specification
  Preparation   Contract
  Negotiations   Profit &
  Loss Responsibility  Budget administration/Development  Expense Control
  and management  Engineering,  Refining, Offshore/Inland Water Projects      Interpersonal communication skills  Excellent written and verbal skills  Excellent communication skills   Leader Worksite  Safety  Team Building  & Mentoring   Workflow  Planning   Facility  Management & Maintenance   Civil,  Environmental & Structural Engineering   Refinery, Water  & Wastewater Pipelines  Management of  Change (MOC)   Knowledge of  various codes/standards (API, ASTM, AISC, D [...]","about the job
our client a stable service organization in the red bank area is adding an financial analystassistant controller to their team

in this position the ideal candidate responsibilities include
updating monthly forecast financial modelclosing all accounting modules oversee month end closingsset up gl accountsassisting with annual budget preparationprepare second financial review for all companies financial statementsconduct weekly kpi reportingintercompany reconciliationsprepaid insurance schedulesamortization journal entriesensure proper wip schedulebuild and prepare other reports as needed
the ideal candidate will have the following qualifications
bachelors degree in accountingsage timberline experience requiredstrong excelgaap compliance experienceexcellent communication skillstime management  years experience with month end closings and general ledger maintenance and accounting operations experienceability to be in the office every day"
184,Data Analyst/Manager,"SET DESIGNER       Summary       Visual Merchandiser  committed to staying current on market trends and consumer interests. Collaborates with management to create the best product plans and boost sales revenue, while delivering exceptional customer experience.           Experience      Set Designer     Jan 2014   to   Current      Company Name   -   City  ,   State     
    Create
    Concept and craft sets to be used on T.V. Commercials, websites, newspaper advertisements,
    brochures and company magazine   Select  furniture, accessories, draperies, wall art,
    and props for decorative quality and appearance   Ensure set
    is properly broken down and disposed of after use   Collaborate
    with Art Director and photographers on direction and style of the set   Make
    adjustments needed during shooting and filming with photographers, filming and
    lighting crew
             Visual Merchandiser     Jul 2011   to   Jan 2014      Company Name   -   City  ,   State     Coordinate placement of new merchandise on the showroom floor      Conduct periodic physical inventories of furniture and accessories    Develop and create in-store displays and other visuals      Communicate with associates and management to acquire customer feedback         Coordinate with showroom management to bring in new products based on sales and demand          Select  Limited (LTD) products only available to certain stores based  on demographics and the demands of customers within our region          Revamp and restore showroom walls by patching holes and painting where necessary to  ensure the showroom maintains a fresh updated and polished look           Create floor plans for customers, selecting furniture, fabrics, finishes and accessories for their     spaces          Completed projects for both residential and assisted living facilities, designing and staging  apartments for the viewing of prospective residents      Maintain an organized and welcoming store environment by creatin [...]","the data analystmanager provides oversight to the systems team and works with the larger management team to execute strategic plans to further develop the health homes program and create efficient and actionable data systems the data analystmanager is primarily responsible for billing compliance internal reporting to support quality assurance and data management measures and maintenance of collaborative relationships with hit teams at partner agencies
 oversee all aspects of hhccs internal and external data management systems and statistical reporting for department collaborate with senior management to develop and implement new systems when needed
 develop and oversee statistical reporting metrics and methods to measure program impact through client outcomes leverage external data sources such as nys office of mental health psyckes database and lead health home electronic health records for improved outcomes reporting for referral partners and funders metrics could include hospitalization rate preenrollment and postenrollment day readmission rate preenrollment and postenrollment and other metrics as identified by the management team
 monitor billing claims submission and remittance data to ensure all billable activity is submitted and reimbursed manage the creation and implementation of qa systems to ensure billing accuracy
 supervise data systems team recruit and hire new staff as needed provide onboarding training and coaching as needed ensure staff are performing duties a [...]"
185,Marketing Director,"ASSOCIATE TEACHER             Accomplishments      Bachelor of Science in Management and Business The Marshall Award 2007  The Barbara Hume Memorial Award 2011 Coach's Award 2007  The Rev. B.W. ""Pete"" Woodward, Jr. Prize 2010  Coached Hunter Forward, Kristen Markoe, CUNYAC Player of the Year        Experience      Company Name     January 2014   to   January 2015     Associate Teacher   City  ,   State    aintain safe classroom setting while fostering a positive and engaging learning environment M * a g Develop daily lesson plans for 5 nd 6 rade Reason and Rhetoric th th Teach students weekly vocabulary words and writing techniques using nonfiction articles Led and guide students in classroom discussions Lead co­curricular programs such as: recess, lunch, and study hall Closely monitor the academic and social lives of seventh grade boys        Company Name     January 2012   to   January 2014     Head Coach, Girls' Varsity Basketball   City  ,   State    anage recruitment and enrollment of prospective students from the New England area, New York, Montreal, New Jersey, M Philadelphia, Maryland, Chicago, Virginia, and Florida Develop contacts with feeder schools, sports programs, coaches, and educational consultants Act as the athletic liaison for the admission office Attend regional and national admission events to attract prospective students and families Coordinate and manage daily tour guides for prospective families and arrange for coaches to meet prospective students Interview and evaluate prospective students for admission Assist in the planning and execution of Holderness School's Fall Open House and Spring Second Visits for over 100 accepted students Help manage the Holderness Social Media websites (i.e. Facebook, Twitter, YouTube) Assisted in the development and implementation of the strategic plan to increase the number of applicants on a 1 year, 3 year, and 5 year span Developed strategies to attract mission appropriate students Collected the documents req [...]","organization heating airconditioning  refrigeration distributors international hardi

general description

reporting to the vice president of distribution strategies the marketing director is an executive responsible for making highlevel decisions regarding the strategy of the organization while providing leadership to hardis senior designer

hardi is predominantly a north american trade association with international members representing wholesale distributors of heating ventilation airconditioning and refrigeration equipment and supplies with a membership of approximately  distributors manufacturers manufacturer representatives marketing groups and service vendors hardi is a diverse organization that exists to make hvacr distributors the channel of choice for hvacr suppliers and contractors

specific accountabilities
 review current marketing trends to determine the effectiveness of different styles and strategies
 analyze sales numbers in comparison to the marketing budget to find the profit margin and which campaigns were most effective
 work with both the sales and marketing departments to develop successful strategies and campaigns that attract new members and keep current members
 collaborate with other directors to make highlevel decisions regarding the budget and the direction of the company
 create and maintain a successful brand and image that attracts customers to hardi
 develop marketing strategies services that comply with current company standards
 own site con [...]"
186,Data Entry Operator - REMOTE,"ADMINISTRATIVE ASSISTANT         Summary     Masters prepared Administrative Assistant seeking a position as Human Resource Assistant. Exceptional administrative skills, human resource experience, and 13 years of experience working with C-suite executives.        Highlights         Microsoft Outlook, Word, Excel, Power Point, Adobe Pro, SharePoint.              Accomplishments     Supported SVP through personal document management, calendar organization and collateral preparation for meetings.       Experience      Company Name    City  ,   State    Administrative Assistant   10/2014   to   11/2015       Provide administrative support to Director of Operations and Plant Manager including managing their complex calendars and making domestic and international travel arrangements. Prepare presentations and assist in creation and editing of monthly newsletter. Prepare Global Reports & compile Management Reports. Reconcile expense reports. Organize off site meetings and Career Fairs. Open, sort, and distribute incoming correspondence, including faxes and email.  Coordinate catering for luncheons and other meetings.          Company Name    City  ,   State    Administrative Assistant II   09/2013   to   09/2014       Provided administrative support to Chief Academic Officer and VP of Research. Managed calendars for two busy corporate executives while ensuring deadlines and time lines were met. Managed technology and c partner/stakeholder relationships. Transcribed/compiled meeting minutes. Reviewed and processed expense reports. Coordinated Department meetings and trainings. Arranged travel. Performed payroll functions, such as maintained timekeeping information and processed and submitted payroll. Proofread and ensured company policies were followed.  Managed paper or electronic filing systems.          Company Name    City  ,   State    EA/Project Manager   11/2012   to   07/2013       Provided system and project planning; and administrative support to SVP.  Estimated, [...]","we are seeking a detailoriented remote data entry operator to compile capture and maintain our digital database as a data entry operator you will be required to compile merge and format documents for data entry check documents for errors input data and update the database and manage the digital filing systems

to be a successful data entry operator you should possess excellent typing skills and be attentive to detail skilled data entry operators should be able to quickly identify data errors and demonstrate precision in their work

responsibilities
 gathering collating and preparing documents materials and information for data entry
 conducting research to obtain information for incomplete documents and materials
 creating digital documents from paper or dictation
 reviewing all documents and information for accuracy and informing the supervisor of any errors or inconsistencies
 capturing data into digital databases and performing regular backups
 updating and maintaining databases archives and filing systems
 monitoring and reviewing databases and correcting errors or inconsistencies
 generating and exporting data reports spreadsheets and documents as needed
 performing clerical duties such as filing monitoring office supplies scanning and printing as needed

requirements
 high school diploma or ged
  year experience as a data entry operator or similar
 excellent typing abilities
 excellent time management and multitasking abilities
 proficiency in data capturing and office [...]"
187,Construction Project Manager - Remote,"BUSINESS DEVELOPMENT           Career Overview     Committed and motivated professional with exceptional customer service and decision making skills. Extensive experience working with a diverse client base and delivering results. High-achieving professional possessing excellent communication, organizational and analytical capabilities. Background in business development, customer service and project management.       Skill Highlights          Problem resolution  Results-oriented  Meticulous attention to detail  Managing multiple priorities          Microsoft Office proficiency  Customer relations specialist  Employee training and development            Core Accomplishments      Data Organization     Improved office organization by compiling quarterly budget reports, financial spreadsheets, organizational charts and company data reports using advanced Microsoft Excel functions.  Coordinated all department functions for team of 40 Increased office organization by developing more efficient filing system and customer database protocols.    Customer Service     Handled customers effectively by identifying needs, quickly gaining trust, approaching complex situations and resolving problems to maximize efficiency.    Planning     Arranged, scheduled and coordinated all logistics and travel itineraries for staff of 40 employees.  Ensured staff was equipped with all necessary supplies and collateral for long distance travel.    Scheduling     Facilitated on boarding of new employees by scheduling training, answering questions and processing paperwork.        Professional Experience      Business Development    February 2015   to   September 2015     Company Name   -   City  ,   State      Responsibilities have included setting up new with vendors, manufactures and contractors by implementing effective networking and content marketing strategies.  Added value to marketing material by introducing creative advertising concepts.  Generated new sales opportunities through direct a [...]","position summary

the construction project manager will be accountable for expansion project execution including construction documentation build management scheduling move planning and budget management this position works in close collaboration with the director of real estate property coordinator and facilities team to ensure tep construction projects are executed on brand on time and on budget

responsibilities
 lead development of complete construction documentation which reflects design intent and brand standards
 guide architectural and construction vendors throughout construction process with key role in providing design direction for structural electrical and mechanical systems
 facilitate the seamless integration of it infrastructure security and access controls
 partner with stakeholder groups on tactical execution details it nutrition medical compliance etc integrating those requirements into architectural planning
 manage approved project budget and timelines with key responsibility to accurately integrate it budgets related to construction
 identify risks to budget timeline and project execution escalating to director of real estate as required
 administrate the bidding construction change order and submittal process using aia standards and in accordance with local building codes
 participate in internal expansion planning activities with key role in setting and maintaining project timelines
 coordinate deliverables and start of services with facility manager pu [...]"
188,SR. Web Designer,"SOFTWARE ENGINEERING MANAGER           Professional Profile    20+ years of software product development experience in broadcast media, video servers, editing, large scale applications, and 24/7 services, with emphasis on simple solutions, user experience, and teamwork.
*10+ years of experience in leading software development teams working across locations (      Qualifications        20+ software engineers), team building, hiring (10+ offers, 40+ interviews), HR personnel procedures, mentoring, performance reviews write up, peer reviews, and project transitions.
*Proficient: Visual C++, Windows, STL, OOP, MFC, threads, file maps, memory management, COM, ATL, IPC, FTP, TCP, HTTP, XML, JSON, services, web services, REST API, SOA, media formats and standards, codec SDK and integration, MPEG-DASH, API design and documentation.            Relevant Experience      REST API and URI specification document for Hercules web service.  Reuse Innovation"" award at Harris Corporation for reuse of the core IP from NLE product suite in Nexio server product suite.  The editing IP reuse contributed to the Server business unit turnaround.  Consistent ""role model"" performance review during principal engineer years.  Certified ScrumMaster, Scrum Alliance, Dec 2014 - Dec 2016.  Products: http://www.imaginecommunications.com/products/playout/video-servers.        Experience      Software Engineering Manager    September 2009   to   Current     Company Name   －   City  ,   State      Limited: C#, HTML5, CSS, JavaScript.  BCD of Harris Corporation spinoff as Imagine in 2013) Nexio video servers and applications facilitate collaborative workflow in Nexio LAN with video servers, services and applications running in various nodes.  Media comes from proprietary SAN or generic storage off NAS.  Development and team management, Nexio servers' applications, Playout business unit: Relocated from IL to CA, took on larger role, and video server applications product suite as well.  Led team of 6 from [...]","type of requisition regular

clearance level must be able to obtain none

job family web design

gdit has over  years of experience supporting the technology science and mission of the environmental protection agency gdit technologists scientists and innovators are experts in moving applications to the cloud modeling massive data sets in highperformance computing environments supporting innovative and bleeding edge technologies and scientific initiatives defending the cyber landscape and driving automation

highlevel skills
 htmlcssjavascript
 drupal 
 section  compliance expertise pertaining to pdfs adobe acrobat pro videos interactive trainings websites and web applications jaws dragon zoomtext articulate
 graphics design adobe photoshop illustrator after effects and lightroom

specific tasks
 designs and builds complex graphics page layouts and animation that suit web pages and enhance its layout to create visual appeal
 creates an advanced detailed draft of the website outlining the various web pages according to client specifications and needs
 provides thorough testing to ensure the website is userfriendly and interactive
 provides thorough review of the final webpage design for the next level production
 collaborates with other web professionals and provide guidance on the implementation of the website
 stays current with the latest design software to improve in knowledge and skills and be able to create better design quality
 provides guidance and leadership to lessex [...]"
189,REMOTE FLEX - Construction Project Manager,"DIGITAL MEDIA PRODUCER       Summary    Experienced and innovative Digital Media Producer with expertise in video production, as videographer, sound recordist, editor and post-production artist. Able work autonomously or collaborate with a team to produce highest quality production standards. Passion for constantly learning, developing and sharing new video skills with colleagues.      Highlights          Advanced Shooting Skills  Experienced with Video Cameras and DSLRs  Advanced Editing Skills using Adobe Premiere Pro  Expertise in Sound Recording and Sound Mixing  Ability to Bring Stories to Life with Visuals & Music  Experienced Aerial Imaging Drone Pilot  Experience with Teaching Students      Experience Directing On-camera Talent  Able to Work on Multiple Projects Simultaneously   Able to Collaborate with a Team, or Lead a Project     Able to Create Animated Titles and VFX    Proficient with Adobe Photoshop & Illustrator    Excellent Communication & Writing Skills             Experience      Digital Media Producer   05/2010   to   Current     Company Name   City  ,   State     Produced video and audio content to the highest quality production standards to promote clients' objectives, and bring their stories to life, including content for corporate applications, web sites, education, commercials, and other applications. Maintained awareness of developing technologies and best practices for media production; interacted with clients, providing excellent customer service. Maintained library of digital assets.        Teaching Assistant / Computer Lab Technician   09/2009   to   05/2010     Company Name   City  ,   State     Assisting Professor Philip Palombo, served as teaching assistant for a freshman class in video production and editing; Led discussions, screened relevant videos, and hands-on assisted them in the lab. Also served as the Computer Lab Tech during that time, troubleshooting problematic computers and software in use.        Education      Master of [...]","construction project managerremote flexibility  new england summaryto support the managing and communication of information for all phases of construction projects including budgeting permitting contract documents material purchasing and procurement site services warranties and close out documents and providing as needed support to field superintendents to ensure that specifications are being strictly followed and work is proceeding on schedule and within budget project manager shall be responsible for field and office coordination contract documents and management of internal documents and recordsessential functions  major responsibilities of project manager
 communicating with project team and finding solutions to asis rfis and other questions that arise throughout the life cycle of the project
 reviewing submittal documents
 reviewing ownergc and gcsubcontractor contracts and exhibits for accuracy and relevancy
 tracking and managing project expenses material purchases and other budget items
 preparing and distributing weekly reports meeting notes agendas etc as required by project
 preparing distributing and archiving close out documents
 providing support to site superintendents to answer questions order materials etc as needed to ensure project schedule is maintained
 perform site inspections as required
 obtaining project permitssecondary functions
 assisting in project bidding and budgeting
 maintaining project documents digital and hard copy in an organized manner jo [...]"
190,"Associate Director, Global Capital Markets Documentation, GBM...","ACCOUNT RECEIVABLE           Executive Summary    Champion of continual process improvements to create more efficient work environments. Leads by example, developing, mentoring and sharing best practices across lines of businesses. Analytical judgment with the ability to analyze and determine course of action required to meet client delivery requirements. Excellent communication skills, organizational skills and customer service skills. Supports diversity, organizational astuteness, and demonstrates consistent ability to develop and deepen client and partner relationships. Received awards for Customer service and satisfaction consistently ranked in the top 88%. Awarded top performer out of 18 location for consistent and precise working standards within the banking industry.       Core Qualifications        Microsoft Office, Excel, Access, PowerPoint, Lotus notes, Outlook, 10 key, Data entry            Professional Experience      Account Receivable    January 2014   to   January 2014     Company Name   －   City  ,   State      Processed and verified all incoming checks inputting the client information into the system.  Prepared invoices for recording, process all account receivable and deposit cash receipts.  Maintained records of the debits and credits and update the system.  Audited financial reports for accurate recording and process.  Provide daily report for to ensure proper debits and credits are applied.  Reconcile account booking saving over $1,000 from errors and omission from customers on outstanding invoices.  Communicated with manager and other team member to resolve outstanding issues.          Treasury Services Advisor    January 2013   to   January 2014     Company Name   －   City  ,   State      Researched, analyzed, and resolved a wide range of treasury, cash management and or depository products and service for Global Large Corporate accounts.  Provided a depth knowledge of Account Reconcilement, Cash Vault services, deposit demand accounts, Electr [...]",press tab to move to skip to content link please be advised that our careers site will be unavailable from november  at  et to november   et for scheduled system maintenance title associate director global capital markets documentation gbm requisition id  join a purpose driven winning team committed to results in an inclusive and highperforming culture position associate director global capital markets documentation gbm new york office purpose contributes to the overall success of the global capital markets documentation gcmd group by ensuring specific individual goals plans and initiatives are executed  delivered in support of the teams business strategies and objectives ensures all activities conducted are in compliance with governing regulations internal policies and procedures accountabilities  champions a customer focused culture to deepen client relationships and leverage broader bank relationships systems and knowledge this includes having a sense of urgency professionalism and active listening skills in all client dealings including the negotiation of trade documentation  negotiates documentation for the prime services business including document suites related to both synthetic and cash prime brokerage client relationships such documentation includes prime brokerage agreements lock up agreements master confirmation agreements isdas and csas repo and securities lending agreements  manages a complex international portfolio of negotiations in relation to the bank and it [...]
191,CEO - Cannabis & Investment,"HR SPECIALIST       Summary    Dedicated, Driven, and Dynamic with over 20 years of customer service expertise. Motivated to maintain customer satisfaction and contribute to company success with an emphasis in personnel and process management. Solid team player with proven ability to establish rapport with clients.       Skills          Type 50 wpm and 10-Key by touch  Microsoft programs Word, Excel, Access, Outlook, PowerPoint  Personnel management  and Telephone inquiries specialist      Excellent customer service skills with call quality and customer satisfaction as primary focus.  Inbound and Outbound contact center experience  Excellent oral and written presentation and seasoned in conflict resolution             Experience      Hr Specialist     May 2007   to   Oct 2008      Company Name   －   City  ,   State     Accenture Peopleline Email Management Team.  Received inbound emails from clients as initial point of contact to answer questions related to HR policies, practices or to resolve issues.  Helped the client by answering their inquiry, resolving their issue or routing their email to a caseworker for resolution.  Recorded and tracked the client issue via the case management tool from initiation to resolution.  Maintained records of customer interactions and transactions by documenting details of inquiries, complaints, and comments as well as actions taken.         Customer Service Representative     Mar 2007   to   Feb 2008      Company Name   －   City  ,   State     Maintained records of customer interactions and transactions by documenting details of inquiries, complaints, and comments, as well as actions taken.  Developed and implemented filing and delivery methods for FMLA and Short Term Disability documentation to respective global clientele.  Facilitated communication for the Absence Management Team to clients and internal departmental teams.  Organized and maintained payroll and people services database management system.  Communicated to clients a [...]","job description

ceo  cannabis  investment industry

location remote with travel needed

citizen

the global medical cannabis industry is on the brink of exponential growth medical cannabis is forecasted to be worth usd  billion by  the increasing acceptance and application of cannabis to treat pain and insomnia disorders are dominating the global market the growing demand for the decriminalization of cannabis will continue to fuel significant market growth

our clients team of scientists doctors and industry experts provide timely articles so people can better understand and navigate how to invest in medical cannabis their clients explore medical and recreationaladultuse cannabis stocks penny stocks bonds etfs retirement funds earlystage and startup private investments

our client is looking for a dynamic leader to be their ceo this person will have an outstanding background in taking earlystage startup through the fundraising process via private investors accredited investors high net worth individuals andor family offices prior experience in the investment and cannabis industries would make you the ideal candidate you will have a passion for helping companies make a profit being aligned with social ideals and nonprofits

the right person for this role will be excited about taking equity and perhaps a small monthly salary until they have closed funding

one of the main focuses from day one will be fundraising

qualifications
  years in a senior leadership role
  years in a [...]"
192,Marketing Director,"ENGINEERING TECHNICIAN/ FIELD SERVICE       Professional Summary    Results-driven and focused Engineering Technician who prioritizes safety, cost-effective solutions and exceeding customer expectations. With my background in both Field Service and as an Engineering Technician. I was able to effectively reduce test and production time through gaining a true understanding for the process without sacrificing quality.  Long term goals , become an intuitive I/E Technician in the pulp and paper industry, teach others with the potential to take on a leadership role within my first 5 years      Skills          Operational analysis  Exceptional time management  Geometric dimensioning  Strong leader  Manufacturing process controls  Detail-oriented  Analog and digital circuitry  Detail drawings  Comfortable working at heights and odd locations        Technical plan execution aptitude  Detail-oriented understanding that any downtime must be minimized if not avoidable    Understand overtime and on-call basis may be required   Rigging    Soldering, Drilling- Tapping  Measurement and layout  Test and measurement equipment  Equipment calibration  Tenacity , willingness to go to whatever length it takes to solve a problem or improve a process             Work History       Engineering Technician/ Field Service     May 1994   -   May 2000      Company Name     City  ,   State       Developed and built, complex RF systems for broadcasters worldwide.  Tested at the component level and built the systems  Worked closely with the staff engineers and engineering department as well as customers to be certain the end users needs were met.  I was also responsible for equipment maintenance and calibrations being kept up to date.  I was also responsible for the low voltage control wiring for protection circuitry and system operations both as components and at a system level.  Field service engineering, install and provide proof of performance to the end user and transmitter manufacturer, Some [...]","organization heating airconditioning  refrigeration distributors international hardi

general description

reporting to the vice president of distribution strategies the marketing director is an executive responsible for making highlevel decisions regarding the strategy of the organization while providing leadership to hardis senior designer

hardi is predominantly a north american trade association with international members representing wholesale distributors of heating ventilation airconditioning and refrigeration equipment and supplies with a membership of approximately  distributors manufacturers manufacturer representatives marketing groups and service vendors hardi is a diverse organization that exists to make hvacr distributors the channel of choice for hvacr suppliers and contractors

specific accountabilities
 review current marketing trends to determine the effectiveness of different styles and strategies
 analyze sales numbers in comparison to the marketing budget to find the profit margin and which campaigns were most effective
 work with both the sales and marketing departments to develop successful strategies and campaigns that attract new members and keep current members
 collaborate with other directors to make highlevel decisions regarding the budget and the direction of the company
 create and maintain a successful brand and image that attracts customers to hardi
 develop marketing strategies services that comply with current company standards
 own site con [...]"
193,Dump Truck Driver,"SALES       Summary     General Sales Manager offering 17-year background in sales and customer service, as well   as leading a cohesive team in consistently achieving aggressive sales goals.       Highlights          Excellent communication skills  Established track record of exceptional sales results  Effective Retail Sales Manager  Exceptional multi-tasker      Compelling leadership skills  Resolution-oriented  Energetic  Excellent time management            Experience     April 2014   to   Current     Company Name   City  ,   State     Sales        Successfully assisted clients in choosing floor covering that was consistent with their preferences and budget.  Described use and operation of merchandise to customers.  Ensured that the project vision and design intent were reflected.  Shared product knowledge with customers while making personal recommendations.  Maintained friendly and professional customer interactions.  Opened and closed the store, including counting cash, opening and closing cash registers and creating staff assignments.  Wrote sales slips and sales contracts.         January 2005   to   June 2013     Company Name   City  ,   State     General Sales Manager        Identify staff vacancies and recruit, interview and select applicants.  Determine staffing requirements, and interview, hire and train new employees, or oversee those personnel processes.  Plan and direct staffing, training, and performance evaluations to develop and control sales and service programs.  Provide current and prospective employees with information about policies, job duties, working conditions, wages, opportunities for promotion and employee benefits.  Plan and conduct new employee orientation to foster positive attitude toward organizational objectives.  Perform difficult staffing duties, including dealing with understaffing, refereeing disputes, firing employees, and administering disciplinary procedures.  Analyze training needs to design employee development, language [...]","these include but are not limited to

whether working in construction or any other field dump truck drivers will be required to fulfill a number of responsibilities while on the job

strong communication skills  can speak clearly no matter what type of situation is able to listen to others responds to questions can present in a group will actively participate in meetingsinterpersonal skills  driver should be able to listen to others without interruption control emotions have a willingness to listen to others and a focus on resolving conflict peacefullyawareness of budget  driver should maintain awareness of costs to help contribute to profits and reduce lossefficiency  driver should complete work efficiently while working on increased productivity they should also work in a safe manner and encourage others to be safe as wellethical awareness  driver must treat coworkers and clients with respect maintain commitments show up to appointments on time show integrity and uphold values of employertime awareness  driver must be able to plan and organize in addition to using their time efficientlydependable  driver should listen to management follow instructions take responsibility for their own actions work hard to reach goals maintain work commitments and work as a team to create alternative planssafety awareness  when working driver must be aware and execute all safety and security procedures driver should also be able to report unsafe conditions use equipment properly handle mater [...]"
194,Loss Prevention (LP) Detective,"OWNER SENIOR GRAPHIC DESIGNER / UX DESIGNER / APP DEVELOPER          LINKSLINKSLINKSLINKSLINKS    dLINKSLINKSLINKSLINKSLINKSLINKS    LINKSLINKSLINKSLINKS         Professional Summary     Multi-talented  [Job Title]  skilled in several artistic mediums, including  [Medium]  and  [Medium] . Seasoned  [Job Title]  who specializes in print and environmental graphics.  Graphic Designer who multi-tasks and manages time well in fiercely competitive, fast-paced environments. Graphic Artist motivated to work on all projects collaboratively with the design team from conception through to final production.      Skills           Excellent communication skills    Complex problem solving   Print advertising  Web site advertising  Website design expert  Complex problem solving  Superb eye for detail  Proficient in Adobe CS6  Website and electronic marketing  Print advertisements      CSS expertise  SMS deployment  Proficient in photograph restoration  Customized template design  Excellent leader  Advanced graphic design            Work History      Owner Senior Graphic Designer / UX Designer / App Developer     01/2010  
                                to   Current      Company Name   –   City  ,
                              State      Enhance CSS, HTML, PHP codes for the frontend and backend of e-commerce store · Create graphics for silkscreen and direct to garment (DTG) printing · Work with programmers to design online-tool to enable users to personalize their own designs, and provide access to quality on-demand printing services.  Translated complex concepts and data into compelling visuals for media outreach.  Designed new on-brand visual elements to effectively convey concepts and messaging.  Maintained consistent use of graphic imagery in materials and other marketing outreach.         Senior Graphic Designer     10/2006  
                                to   06/2007      Company Name   –   City  ,
                              State      Designed original graphics for priv [...]","i realize this is not the dream job you desire but i thought this may be an opportunity that could provide experience that help prepare you for your goal just a thought

lp detective
requisition  
brand  tj maxx
location  columbus oh us
employment type  fulltime
employment status  regular
functional area  loss prevention
style is never in short supply at our more than  tj maxx stores they all have different products but the same commitment to the thrill of the find from designers straight off the runway to statement jewelry we offer exciting surprises that make the everyday a little more fun same with working here our environment is everchanging yet always encouraging each shift is a new opportunity to discover different

posting notes tj maxx store    easton market  columbus  oh  
executes the daily tasks required for store loss prevention and safety programs maintains strong partnerships with store management conducts apprehensions within established policies and guidelines communicates with store associates on damage and shrink initiatives identifies and resolves internal and external theft


responsibilities
adheres to established shoplifter guidelines and policiesprovides prompt courteous and knowledgeable service to internal and external customerspromotes a culture of honesty and integrity maintains confidentialityobserves apprehends andor deters any acts of dishonesty from outside sourcesparticipates in investigations and surveillance as assignedensures apprehensions a [...]"
195,Marketing Project Intern,"BUSINESS DEVELOPMENT MANAGER       Summary     Extensive and diverse sales, business development, and management background. Creative professional with records of increasing revenue and department effectiveness. Proficient in prioritizing and completing tasks in a timely manner, yet flexible to multi-task when necessary. Customer focused with diverse industry experience including security, computer, sales, management, psychology, non-profit, and retail. Enjoys learning new programs and processes. Team player who is attentive to detail and able to work in fast paced environments. Excellent oral and written communication skills.        Highlights          Trained in business development  Accomplished in relationship selling  Friendly and cheerful  MS Office proficiency  Team leadership      Proven sales track record  Goal-oriented  Detail-oriented  Exceptional time management  Analytical problem solver  Sales management            Experience      Business Development Manager   07/2015   to   Current     Company Name   City  ,   State       Generate new business from cold calling efforts  Manage advertisement budget  Maintain key performance measures  Identify, coordinate and participate in client relationship-building activities and meetings.  Assist sales managers with new and pre-owned sales through writing, negotiating, and closing sales  Develop and manage CRM tool  Design social media content and company webpage  Conduct discovery and needs analysis with each potential client  Participate and make recommendation in screening/hiring and development of associates          Sponsorship & Exhibition Account Executive   07/2015   to   Current     Company Name   City  ,   State       Research and develop a list of potential sponsors for each MMA event  Develop and maintain relationships with existing and potential sponsorship clients  Keep precise records of conversations with all clients and sponsors  Invoice sponsors once agreements have been reached  Coordinate vario [...]","are you looking for an internship that will allow you to gain valuable professional experience in a corporate environment state industrial products is currently looking for an intern to join our marketing organization this intern will contribute to key marketing initiatives and assist with a number of projects including machine sourcing through web sourcing and direct contact and build a usable network for sourcing these machines

the candidate will need to have strong written and verbal communication skills experience with ms office products and familiarity with content marketing best practices the best candidate will need to be comfortable with field and corporate setting

this is a parttime position at this time this will be an ongoing internship with a review at the six month mark we are flexible on the exact startstop date of the individual that is hired based on their school schedule

 identify and create a usable network with local used equipment dealers

 source used dish machines for restaurant use through web search and direct contact

 learn how to market to this segment to be able to find additional sources in new geographies

 work closely with the marketing team to create product brochures and accompanying marketing materials

 complete in field training as needed to develop full understanding of industry

 meet deadlines to keep major projects on track

 other related tasks to meet state cleaning initiatives as needed

 ability to travel throughout the clevelan [...]"
196,Marketing Advisor,"READING TEACHER           Summary     I am a highly motivated educator and self-starter with a passionate commitment to learners and their success and growth. I am accountable and thorough with a history of sound decision-making and innovative skills that have helped a plethora of teachers and students succeed.       As a professional educator with an extensive background in student success, I am also a certified Life and Success Coach.         I look forward  to extending my expertise to the teachers and staff at Van Buren Middle School. I believe that student success is inevitable with competent, passionate, ""all in"" teachers that will stand by their side inspiring productivity and essentially life long learners..        Highlights          97% senior student success rate (2016-2017)  15 years of successful teaching experience(tenured)  Hillsborough Alliance for Black School Educators, HABSE Teacher of the Year 2016-2017  Teacher of the Year, Greco Middle School 2005-2006  Rookie Teacher of the Year, Greco Middle School 2002-2003                                     Experience      Company Name     August 2006   to   May 2017     Reading Teacher   City  ,   State      Reading Endorsed   Helped students develop and improve study methods and habits.  Used a variety of teaching methods such as lectures, discussions and
demonstrations.  Improved 97% reading scores to satisfy graduation requirements   Met with parents and guardians to discuss students' progress at least once per
semester.  Established positive relationships with students, parents, colleagues and
administrators.  Encouraged discussion of class material to promote critical thinking and academic success  Implemented remedial programs for students requiring extra help  Participated in regular professional development training to keep up-to-date with new teaching.          Company Name     August 2013   to   June 2016     Sunshine Social Chairperson   City  ,   State      Collected faculty and staff dues  Pl [...]","at compass we envision a world where the experience of selling or buying a home is simple and pleasant for everyone founded in  compass provides an endtoend platform that empowers residential real estate agents to deliver exceptional service to their seller and buyer clients all in service of our mission to help everyone find their place in the world

team overview

compass seeks a marketing advisor based in new york to join the team that shapes all of our agents marketing and branding projects from concepts and development through implementation and tracking at compass our agents are our brand and vice versa when their marketing excels then our company does this team provides vital account services and strategy to our agents to help their marketing efforts be the best they can be

you will work collaboratively with the industries best inhouse marketing  creative team as well as key external vendors to execute a wide variety of initiatives and help ensure cohesion between the compass brand and the marketingadvertising deliverables of our agents you will serve as a consultant to the agents to elevate the effectiveness of their individual efforts while playing a key role on the team refining and improving agent marketing tools developed inhouse as well as all policies processes strategies and best practices that inform our nationwide practice

at compass you will
 consult with agents daily to identify their marketing needs and help them execute tactics to deliver on those needs [...]"
197,Sr Accountant,"ACCOUNTANT I       Summary     A business management graduate with significant experience in disability services, human resources and finance department; seeking to apply my abilities to position in a human resource department. Proven ability to deal with multiple tasks efficiently and maintain organization.       Highlights          Extensive customer service skills  Able to retain the confidentiality of paperwork and information  Flexible team player and quick learner, interested in new technologies  Able to meet deadlines and handle stressful situations in a professional manner  Microsoft Office:  Word, Excel, Access and Outlook  Knowledge of State accounting system[MMARS system], People Soft, System 7 and client tracking system  Excellent Communicator: Written and Verbal  Office Experience- Ability to create reports, analyze data and manipulate data              Accomplishments     Created a Pivot table for contracts department to utilize for renewal of contracts. Received an opportunity to grow as an employee after my internship.       Work History              Experience      Accountant I   12/2010   to   Current     Company Name   City  ,   State       Provide Administrative support to the Finance Unit and maintain orderly filing system for various departmental units Oversee and maintain the proper and appropriate systems for storing financial records and documents utilized by finance unit Assist Contracts and Accounts Payable department with clerical duties such as faxing, filing, copying and scanning and assisting with the creation and editing of documents, spreadsheets or PowerPoint presentations.  Process travel reimbursements, incoming payment vouchers and financial documents in a timely and efficient manner Assist with payroll projections made for  pay periods and end of the fiscal year Analyze financial reports for trends in major programs and to determine their effects on spending, and prepare financial projections accordingly Monitor internal budget [...]","salary range lower than you desire  but still wanted to share the opportunity

it is a remote position

the reinsurance operations team provides accurate and insightful financial analytical and claims information we support the internal and external core reinsurance programs by providing a foundation to establish and enhance strategic product offerings through traditional and alternative reinsurance solutions for our global customers additionally the reinsurance team safeguards company assets through proactive identification and management of reinsurance recoverables the second largest liberty mutual asset
 
as a senior accountant you are responsible for the thorough execution of book close and financial reporting processes in a deadline focused environment this position will use business acumen and strong analytical expertise to perform complex ad hoc analysis as well as communicate financial results accounting issues trends and business implications to management and other groups at the appropriate level of detail you will also work to continuously improve processes and innovate to ensure work is performed in the fastest most efficient means possible
 
the compensation for this role is dependent on experience and geographic location of candidate
 
responsibilities

responsible for the accurate and timely completion of monthly quarterly and annual book close cycles through effective planning monitoring and troubleshootingprepare andor input general ledger entries by utilizin [...]"
198,Project Manager/Ship Manager,"TRAINING SPECIALIST - CONSTRUCTION EQUIPMENT       Summary     Experienced Construction Equipment Operator and Carpenter that is hardworking, dependable, and reliable; offering extensive experience with heavy equipment operation. Highly motivated to produce quality work on tight deadlines with safety in mind and to exceed expectations.       Experience     October 2010   to   Current     Company Name   City  ,   State     Training Specialist - Construction Equipment       Serve as a Training Specialist and Training Manager for construction equipment the U.S. Army procures.    Developed, updated, and managed training material that provides the Soldier on basic operation, techniques, and maintenance procedures for the various types of construction equipment that the U.S. Army's owns.   Developed scope of work and contract language.  Conducted reviews and provide recommendations on associated Technical Manuals for construction equipment before authentication and publishing in occurs.  Evaluated training materials prepared by instructors.  Monitored training costs and created budget reports for management.          August 2000   to   October 2010     Company Name   City  ,   State     Delivery Driver       Delivered product and filling vending machines at all points of availability within established accounts. Completed a daily pre-trip inspection checklist before first delivery of the day. Operated motor vehicles in a safe and efficient manner. Loaded and unloaded merchandise at stores and vendor locations. Maintained a Commercial Drivers License Class A.         Military Experience     February 1999   to   Current     Company Name   City  ,   State     Combat Engineer: Construction Foreman, E-7     Serve as Platoon Sergeant of a 42 Marine size platoon that is responsible for the professional development, morale, health and welfare of Marines.   Mentor Marines on the knowledge and procedures for: horizontal and vertical construction, blueprint reading, concrete form co [...]","job description whats it like working for a company that makes a national impact inspiring the bae systems ship repair group in san diegoca is seeking a project manager for our navy shipyard reporting to the director of operations you will oversee and manage the technical projects and serve as a liaison between project planning safety and line management

additional responsibilities include
 overall responsibility for deck plate execution
 safety quality cost and schedule performance of the project has ultimate say on tactical decisions made during construction in alignment with schedule and pmo strategy
 coordinate directly with craft managers to support schedule adherence cost performance and quality performance
required education experience  skills
 a year degree from an accredited university and  years experience in ship repair or ship new construction in roles leading major industrial projects or equivalent combination of education and experience
 experience in naval ship repairconstruction or commercial ship repairconstruction
 ability to board and traverse all areas of naval and commercial vessels
preferred education experience  skills preferred degree in industrial manufacturing or systems engineering
about bae systems platforms  services bae systems inc is the us subsidiary of bae systems plc an international defense aerospace and security company which delivers a full range of products and services for air land and naval forces as well as advanced electronics securi [...]"
199,Technical Support Agent (Remote),"INFORMATION TECHNOLOGY COORDINATOR       Professional Profile    B.S. graduate with a record of success implementing IT solutions. Demonstrated commitment to quality and customer service, detail oriented, strong team player, self motivated, demonstrated exceptional analytical skills, proven ability to work effectively and cross functionally with all levels of management with responsibilities increasing in scope. 9+ years of experience as Client/Server developer using Transact SQL, PL\SQL, Classic ASP, ASP.net, HTML, DHTML, XML, JavaScript, using CSS layout and design principles. 7+ years of managing project timeliness, accuracy, approving high-level and detail designs, as well as managing successful test plans. Directed all stages of software development including requirements, design, coding, testing and implementation of several company wide Intranet initiatives like Ovations! - An associate rewards and recognition program used by over 30,000 employees; Kronos TM Workforce Central - a time and attendance program for 13,000 non-exempts employees. Several projects included the management of offsite vendor resources. Experience using the following database management tools MS SQL Server 6.5,7, 2000 and 2005, My SQL, and Oracle 9i. Proficient with MS Windows, MS Office, Minitab, Business Objects, Adobe CS3 Web Edition, Visual Studio, Frontpage, PaintShop Pro.           Experience      Information Technology Coordinator     Nov 2003   to   Current      Company Name       Provide technical support throughout the office from building and managing the web presence, networking computers and other office equipment as well as researching grant opportunities for the implementation of a technology component for the Leadership SOAR program. Responsible for building capacity for the foundation within the area of information technology by helping them move closer to a paperless environment. The scope of my role is to streamline IT operations, implement an effective online marketi [...]","job description

minervas support team aims to deliver a worldclass support experience ensuring that partners are able to teach effectively and with minimal disruption on forum minervas full active learning platform support is provided during and outside of class including assisting users  instructors and students  with resolutions to technical issues answering questions about the platform documenting bugs and solutions and escalating technical issues to product engineers as needed

the technical support agent will play a critical role in addressing higher order tasks on the team in addition to providing frontline support for live classes responsibilities include but are not limited to
 writing technical reports summarizing technical issues and resolutions
 responding to questions via our support chat feature livechat
 answering help desk emails
 triaging and escalating software bugs
 investigating bugs and complex support questions
 scheduling frontline support agents for shifts
 observing live classes on minervas platform

most support interactions take place via slack so we are looking for someone who can interact via typing in real time with a professional but friendly and empathetic manner the role also offers the flexibility to work from home while gaining experience at a company leading education innovation

key skills
 works well under pressure all support agents respond in real time to incoming requests for help from both faculty and students during live classes
 qui [...]"
200,Sales Associate,"DIGITAL MEDIA INTERN       Summary    Competent and reliable professional seeking an internship or co-op position that will allow me to apply my education
and enthusiasm in a professional, mutually beneficial, growth-oriented business environment.      Experience     01/2017   to   Current     Digital Media Intern    Company Name   －   City  ,   State      Researched and implemented the use of immersive technology like Oculus Rift, HTC Vive and Samsumg VR in Florida International University's Virtual Reality Lab  Collaborated in the production and post-production of 360 video content  Published an article on an inter-displinary play focused on Sea Level Rise for FIU's Inspicio Magazine         09/2015   to   06/2016     Marketing assistant    Company Name   －   City  ,   State      Assisted Product Managers with the launch of new products
      Participated in weekly customer briefings and team meetings   Supported the marketing team in advertising new products through Social Media
      Gained useful knowledge on financial statements and how they are leveraged by the finance team to enhance
    daily business operations.         08/2014   to   12/2014     Project Engineer Assistant    Company Name   －   City  ,   State      Assisted project engineer, accounting, and superintending staff with daily duties
       Collaborated with construction observation, staking, and administration duties         12/2013   to   06/2015     Sales Associate    Company Name   －   City  ,   State      Ensure high levels of customer satisfaction while maintaining excellent sales service
    Assess customers' needs and provide assistance and information on product features          Education and Training     Spring: 2018     Bachelor of Science  :   Digital Media Communications    Florida International University   －   City  ,   State      GPA: 3.2        Languages    Fluent in English and Spanish (writing and speaking)      Skills    Proficient in Adobe Photoshop and Adobe Premiere","descriptionour customers come to us to fulfill a need complete a project on their boat or gather items for a great day on the water
 as a sales associate customers rely on you for product knowledge and to understand the features values and benefits of our products
 you are comfortable engaging in customer discussions to fulfill their immediate needs while shopping as well as recommend additional items or services that will complement their boating experience
 you and your team are key to ensuring they leave with the right products to make that happen
 each interaction with a west marine customer is an opportunity for you to exceed expectations and ensure they remain a loyal customer
 qualificationskeen interest in providing great customer interactions and service while sharing knowledge and passion about west marine products
 ability to process a wide variety of transactions to help customers seamlessly complete their purchases
 strong communication skills comfortable in small groups and in individual interactions to solve problems
 a passion for boating or for life on and around the water
 available to work a flexible schedule based on business needs including nights weekends and some holidays
 ability to lift and mobilize items weighing  pounds to shoulder height unassisted
 why west marine
 we take care of our customers we take care of each other and we value our local communities
 these founding principles were just as important to our mission statement  years ago when we [...]"
