row_id,job_position_title,resume_text,job_description
201,Talent Acquisition Specialist / Recruiter,"HR GENERALIST         Skills        Microsoft Office Suite, SAP, Kronos, IBM, ADP, ATS, MSS, HRSS, and Oracle, Workbrain, T            Experience      HR Generalist     Jan 2015   to   Current      Company Name   －   City  ,   State     Provides strategic HR counsel by driving the company's HR practices.  Evaluates the current HR practices and makes recommendations for best in
    class solutions for contemporary HR issues.  Partners with Plant HR Manager Partner for disability processing, relocation coordination, HR
     requisition and PAF process, maintaining employee files and performance plan tracking and
     record keeping.  Client Manager for Security and Cintas.  Executed labour and employee relations activities that drive productivity and
     efficiency.  Provide labor relations and grievance counsel throughout the plant.  Execute talent management processes including; recruiting & staffing,.  Partner with regional health and safety manager to improve safety performance and reduce workers compensation costs.  Provide performance management, employee development, training and succession planning.  Administers employee benefit and compensation programs and other company initiatives as required.  Launched and currently managed a training database for employee performance and tracking.  Super User for the plant's HRIS system.  Generated enthusiastic, above goal participation in an employee engagement committee.         Sr. Administrative Assistant     Jan 2012   to   Jan 2015      Company Name   －   City  ,   State     Create highly effective organizational and filing systems, including quick and thorough indexing, filing and offsite storage, resulting in easy access to critical information and streamline office functioning.  Conduct extensive internet research on competitors and potential acquisitions, reporting findings to the facility manager.  Perform administrative management functions applicable to the assigned unit, e.g., payroll processing, data entry [...]","volt has partnered with a leading manufacturing company in san diego to help identify a recruiter for immediate hire
as a talent acquisition specialist  recruiter  you will be responsible for
 primary recruiting contact for hiring manager continually engages with hiring managers and leaders to understand the recruiting business
needs and required skills
 manage the candidate pipeline by implementing effective sourcing strategies effectively program manages recruitment campaigns as
required
 manage full cycle recruiting for client groups submit background checks drug screens etc
 responsible for quality of the prospective candidates that are presented to the hiring managers for open requisitions
 partnering with business leaders and hr team members to develop and maintain effective relationships
 maintain and ensure compliance with local recruitment policies  processes
 track candidate process and minimize time to hire resume cv to offer through driving the candidate pipeline
 understand and use workday the candidate database and ensure up to date data management of recruitment applications by hiring
managers at all times
 utilize all recruiting tools and resources job boards crm etc to ensure hiring managers are receiving top quality candidates for current and future talent needs
 ensure client satisfaction for the recruitment efforts within span of support by communicating business needs
 ensure the positive candidate experience is at the forefront of all recruitment activit [...]"
202,System Administrator,"NETWORK ADMINISTRATOR       Summary     Analytical  Network Administrator  adept at resolving complex network issues. Critical thinker who addresses customer support issues quickly and who consistently exceeds performance standards.        Highlights        Server administration, Technical documentation, Network security, Network management, Data backups, Disaster recovery,  Project Management, LAN Knowledge, Proxy Servers, Networking Knowledge, Network Design and Implementation, Network Troubleshooting, Network Hardware Configuration, Network Performance Tuning Microsoft Office expert   Microsoft Certified Solutions Associate (MCSA) Certificate  DHCP/DNS Ethernet and Firewall proficient  MS Office proficiency  Microsoft Certified Solutions Associate (MCSA):  [Name of Microsoft technology]   Microsoft Certified Technology Specialist (MCTS):  [Name of Microsoft technology]      Exceptional telephone etiquette  Patient and diligent  Troubleshooting proficiency  Windows XP/Vista  Proficient in AVG, Printers, PC Security systems            Accomplishments       Exceeded monthly goals by successfully handling more than  80  trouble tickets per week.          Experience      Network Administrator     Feb 2006   to   Mar 2016      Company Name        Establishes networking environment by designing system configuration; directing system installation; defining, documenting, and enforcing system standards.  Maximizes network performance by monitoring performance; troubleshooting network problems and outages; scheduling upgrades; collaborating with network architects on network optimization.  Secures network system by establishing and enforcing policies; defining and monitoring access.  Reporting network operational status by gathering, prioritizing information; managing projects.  Maximizing corporate network services uptime.  Giving over the phone, email and remote support to customers.  Implementing network security measures to protect data, software, and hardware.  Utilize [...]","intrepid museum is now hiring system administrator in new york ny  view job listing details and apply now

the systems administrator is responsible for the daily operations of the it systems infrastructure and the management of the it servers and network this position is responsible for insuring that all it facilities computer systems and applications achieve and maintain a service level of  for the museum the systems administrator will adhere to all it policies and procedures and will work with the vp of it it manager and team members to develop maintain and adhere to pci gdpr ccpa it best practices and provide evidence for audit compliance the systems administrator will stay abreast of the latest it systems technology and serve as a trusted advisor to the vp of it and it manager and champion those business initiatives and goals presented by the museums departments

responsibilities include but are not limited to
 ensure that all it infrastructure computer operating systems and applications achieve and maintain a service level of  percent uptime availability annually
 maintain and verify that all network facilities and servers are maintained with the latest software updates patches and fixes required by the it vendors to maintain support
 maintain and verify that it software hardware and network facilities are maintained with the appropriate vendor maintenance and support required to ensure uptime availability at  percent
 escalate triage and handle service issues to msp as [...]"
203,Chief Executive Officer - CEO Consultant,"SR. NETWORK ENGINEER       Summary      Bilingual Network Engineer offering in-depth understanding of IT infrastructure areas, particularly IT Network Design, Implementation & Optimization of Wired & Wireless Network. Detail-oriented self-starter with demonstrated success in initiating, tracking, reporting and closing projects.         Certifications    CCT Data Center, CCNP, CCNA, MCSE, Security +, Network +, A+      Skills       Routers: Cisco 17XX, 18XX, 26XX, 28XX, 37XX, 38XX, 39XX &72XX series & ASR 1K & 9K Series     Switches: Cisco 3550, 3750, 45XX, 65XX series, Nexus  5K, 2K, 7K, 9K    Load Balancer: Cisco CSS, F5 Networks     WAN Optimization: Cisco WAAS, PPP Multilink Routing: OSPF, EIGRP, BGP, RIP-2, PBR, Route Filtering, Redistribution, Summarization, Static Routing.     Switching: VLAN, VTP, STP, PVST+, RPVST+, Inter VLAN routing &Multi- Layer Switching, Multicast operations, Layer 3 Switches, Ether channels, Transparent Bridging     LAN: Ethernet, Fast Ethernet, Gigabit Ethernet, FDDI, CDDI, Token Ring, ATM LAN Emulation     WAN: Leased lines 64k - 155Mb (PPP / HDLC), channelized links (E1/T1/E3/T3), Fiber Optic Circuits, Frame Relay, ISDN, and Load Balancing.     Various Features & Services: IOS and Features, HSRP, GLBP, IRDP, NAT, SNMP, SYSLOG, NTP, DHCP, CDP, DNS, TFTP and FTP Management.     IP Telephony: IP Telephony utilizing Cisco routers, FXO/FXS/E&M/T1/ISDN/ PRI, Call manager (publisher & subscriber) AAA Architecture: TACACS+, RADIUS, Cisco ACS.     Security / Firewalls: Cisco ASA Firewalls 55XX, IPSEC & SSL VPNs, IPS/IDS, DMZ Setup, CBAC, Cisco NAC, ACL, IOS Firewall features, IOS Setup & Security Features       Juniper: EX 2200, EX 4200, EX 4500, MX-480, M Series, SRX210, SRX240    VPN: Remote VPN & Site to Site VPN, DMVPN    Wireless Site assessment using AirMagnet & Ekahua Adaptors.​    Installation, configuration and maintenance of Palo Alto Firewalls.   ​       Work Experience      Sr. Network Engineer     Sep 2014   to   Jul 2017      C [...]","company overview

exechq is a consulting firm comprised of executives with extensive csuite eg cfo coo cmo ceo etc experience delivering ondemand and costeffective solutions for complex business problems faced by ceos and business owners

we offer fractional interim or projectbased services to clients that need a higher level of expertise or experience than they currently have or have the ability to retain on a fulltime basis we believe that every company deserves the right executive we believe that many ceos andor business owners can better focus on their core responsibilities and reach maximum effectiveness when they are able to take off some of their multiple hats delegating these areas of responsibility to trusted business advisors

job summary

consulting ceo to work with the other principals in our firm to provide the best solutions to our clients across the globe apply your knowledge and expertise gained from your experience as a fulltime or consulting ceo to help business owners andor ceos help their organizations as they need we are looking for ceos with an entrepreneurial spirit who want to work with a firm who treats their consultants as its  priority and clients a close second

responsibilities and duties
 apply your skills and knowledge as a chief executive officer to assist your clients as needed with leadership turnarounds taking them to the next level executive coaching building effective teams etc
 employ our training and coaching to expand your business netw [...]"
204,Customer Service Representative - Remote,"BUSINESS DEVELOPMENT CENTER MANAGER         Professional Summary     Dynamic Marketing Manager with more than 7 years in the Sales Management and Territorial Marketing Industries. Creative and innovative team player with compelling leadership skills. Highly customer service oriented with excellent written and verbal communication skills which enhance the customer service experience. Excels in deadline-driven account management with an established track record of remarkable sales results.       Experience      Business Development Center Manager  ,   08/2017   to   10/2018    Company Name   －   City  ,   State      Achieving daily-weekly and monthly goals and objectives.  Making 75-100 outbound calls per day.  Initiating and Responding to customers with 40-60 emails per day.  Working in a computer based management tool.  Setting a volume of appointments daily.  Following up with customer vehicle inquiries efficiently to maximize opportunities.  Effective working as part of a team.          Internet Sales Manager  ,   12/2016   to   03/2017    Company Name   －   City  ,   State       Maintained a 94% average of leads answered in <15>     3 minute average answer time per lead.     Worked flexible schedule and from home office to insure precise customer lead follow up     Provided expert product and service information.         Delivered 5 Units during first week of hire  Ensure that salespeople are informed of all incoming appointments  Enhance customer satisfaction during the entire purchase experience.  Partner with the Financial Services Department to develop and coordinate best practices for the most efficient and effective sales approach          Sales Consultant  ,   12/2016   to   08/2017    Company Name   －   City  ,   State       Contributed to repeat and referral business by using strong customer service and problem solving skills.     Maintained a  98 % customer service satisfaction rating per KIA Performance Center.       Worked flexible schedule to accommo [...]","the opportunity 
the customer service representative supports customers by providing helpful information answering questions and responding to customers theyre the front line of support for clients and customers and they help ensure that customers are satisfied with products services and features as a customer service representative you will partner with sales logistics inventory management leadership team and customers to achieve optimal customer satisfaction
 
responsibilities 
    supports the assigned business unit and their teams to achieve revenue and profitability goals
     to resolve daily customer issues and identify strategic solutions for key customers
     play an integral role in the teams support of providing superior business guidance and the greatest customer experience possible
     actively pursue opportunities to provide input and guidance to management on best practices and ideas to find additional ways to deliver an exceptional customer experience
     maintain a positive empathetic and professional attitude toward customers at all times
     respond promptly to customer inquiries
     acknowledging and resolving customer complaints
     knowing transtars product offering to best answer questions
     processing orders forms applications and requests
     keeping records of customer interactions transactions comments and complaints
     communicating and coordinating with colleagues as necessary
     providing feedback on the efficiency of the customer s [...]"
205,Business Development Executive /Remote with Travel/ - with Growth...,"DIRECTOR, BUSINESS DEVELOPMENT           Executive Profile     Passionate sales executive and recognized, respected leader.  Forward and creative thinker producing bottom line results.  Cultivates, nurtures and maintains long-term customer relationships to boost sales and grow brand visibility.  Consistently exceeds revenue goals, opens new accounts and generates new business opportunities.  Extensive experience in account and customer management.  Proven track record of success.       Skill Highlights          National account management  Business development  Powerful negotiator  Revenue production  Sales forecasting and analytics  Relationship cultivation        New opportunity prospecting  Strategic planning  Category management  Enthusiastic, professional demeanor  Market analysis  Project Management            Core Accomplishments       Launched CPG division of a 23 year old sales and marketing firm 90 days after employment began  Top sales person nationally two months into plan at NCR  Grew territory by 53% in the first year at NCR; Top 8% of sales representatives nationwide  Increased revenue with Walmart by an additional $3.3M during first quarter at Azteca Milling  Grew the business with Sam's Club at Glazer's by 15.98% in first year  Increased item distribution by nearly 100% in one high-profile Sam's Club while at Glazer's        Professional Experience      Director, Business Development    October 2014   to   Current     Company Name   -   City  ,   State      Solely built and launched  the CPG division of 2020 Companies within 90 days of hire  Created strategic alliance with similar company that expanded our reach into Canada  Closed business with 3 new CPG clients within first 6 months of employment  Oversees projects from conception to completion to ensure flawless execution for clients  Consistently arranges client meetings locally and domestically to attain new or additional business  Designed and implemented supporting sales reporting systems; de [...]","we are on the lookout for an enthusiastic business development executive remote with travel to join our exceptional team at usc consulting group lp in atlanta ga 
growing your career as a full time business development executive remote with travel is a fantastic opportunity to develop useful skills
if you are strong in presentation creativity and have the right experience for the job then apply for the position of business development executive remote with travel at usc consulting group lp today

usc consulting group is a forward moving consulting firm that partners with clients to provide greater value and competitiveness within their businesses we provide multiple skills and business techniques such as systems solutions process improvement quality function deployment continuous flow manufacturing and integrated supply chain management

usc has established a reputation of excellence since  and we continue to generate growth with a major client base a business development executive with our organization will lead all aspects of the sales cycle and will demonstrate proven closing skills and extensive experience selling intangible services through oneonone presentations to clevel executives they must demonstrate highly developed interpersonal skills be driven to excellence and motivated to be very successful

business executives should have significant business experience at various levels of senior management with some having spent time in the csuite it is not required to come [...]"
206,Strength & Conditioning Coach Jobs at Onelife Fitness – Falls...,"GROUP FITNESS INSTRUCTOR       Summary    7+ years customer service experience Advanced written and spoken communication skills in varying audiences 2+ years experience working with employers and job seekers in all aspects of job searches 2+ years experience conducting group and individual interviews, anticipating job-readiness, administering aptitude tests and identifying training needs Knowledge of employment and training, state and federal laws, policies, rules and regulations Highly self-motivated with effective time and workload management skills Knowledgeable and intuitive computer hardware and software abilities              Devised a successful recruiting plan for new call centers, which resulted in  [Number]  new employees in  [Number] -months.            Education     2012     Western New Mexico University   City  ,   State       Masters of Business Administration (MBA)             2003     Western Washington University   City  ,   State       Bachelor of Arts  :   English    English       May 2016     Additional Trainings, Certifications, Research Work
National Federation of Professional Trainers (NFPT) 
Personal Training Workshop and Certification             February 2016     Keiser M3 Indoor Cycling Instructor Program
Indoor Cycling Certification             December 2015     CorePower Yoga
200 Hour Yoga Teacher Training      Chicago Yoga Center
100 Hour Yoga Teacher Training       May 2008     CPR Certified
*Non Violent Communication Research              Experience     January 2014   to   Current     Company Name   City  ,   State     Group Fitness Instructor        Responsible for teaching several group fitness classes including Yoga, Cycle, and Aqua Promote knowledge of proper group fitness components, (i.e.  warm up, aerobic exercise, cool down) Ensure proper alignment and safety of all participants Maintain the group fitness equipment and room Participate in Continuing Education Credits throughout the year.         January 2013       Company Name [...]","strength and conditioning jobs in virginia usa  apply for strength  conditioning coach jobs at onelife fitness  falls church va onsite see job descriptions requirements and the link to apply

summary objective

provide personalized attention and professional fitness instruction to explosive performance members build training business through referrals and improve members lives under the management of theexplosive performance site director and with theexplosive performance team

essential functions
 develop and maintain your training business
 help recruit and retain explosive performance members
 monitor coach and instruct members in safe and effective exercise tactics
 support and participate in efforts that promote explosive performance to become the leading sportspecific training company in the nation through education effort and ingenuity

job responsibilities
 provide high level of personal service and attention
 maintain a minimum of  client hours weekly
 conduct fitness assessments and smart start appointments
 achieve average  percent booking rate per floor hour in smart start or other meaningful personal training entry points for members
 respond appropriately to questions comments and complaints from members guests and visitors
 highlight and promote all activities events training programs and services
 participate in special events to recruit and educate members
 qualify all leads using the exercise readiness questionnaire and member questionnaire
 attend all manda [...]"
207,Data Entry Clerk,"SYSTEM ADMINISTRATOR             Experience        03/2009      Company Name          21674	SKSIT Security and the Wireless Environment	         11/05/12 18640	SKSIT Securing WLANs	         10/30/12 27481	SKSIT Building and Securing VoIP Networks	         03/20/12 36542	SKSIT Protecting Windows 7 Against  Malware and Vulnerabilities          03/13/12 30688	SKSIT Physical Security	         02/03/12 14766	SKSIT FIREWALLS AND VPNS	         01/23/12 34601	KISAM Service Manager (SM) Overview	         09/27/11 31699	Adding of Assets in KISAM Asset Manager	         09/26/11 31856	Windows Server 2008 System Administration	         04/01/11 28902	STAN - Security Configurations for Windows 2003 Servers	         01/31/11 28801	""EOps Test Planning Procedures OS, Databases and COTS""	         01/20/11 14763	SKSIT (ANS) ENCRYPTION TECHNOLOGIES	         04/09/10 23796	SKSIT Intrusion Detection and Response in Networked Environments        	03/22/10 21797	SKSIT Introducing Voice Over IP	         04/15/09 21674	SKSIT Security and the Wireless Environment	         04/14/09 17090	SKSIT Wireless Communication Basics	         04/10/09 17623	SKSIT Auditing and Monitoring	         05/01/08 21597	SKSIT (ANS) The Fundamentals of Networking	         04/25/08 18287	SKSIT ITIL: Problem and Change Management	         04/24/08 18054	KARTA Introduction to the Certification & Accreditation Process	         04/12/07 18064	KARTA Information Security Awareness - Beginner	         04/11/07 13085	SKSBS BUILDING RELATIONSHIPS TO GET RESULTS	         08/03/06 14115	SKSIT INTERNET SECURITY: FIREWALL PRINCIPLES	         08/02/06 14025	SKSIT CISCO ROUTERS, FIREWALLS, AND PERIMETER SECURITY    07/31/06 14780	SKSIT Wireless Security	         07/31/06 15248	WINDOWS SERVER 2003 ACTIVE DIRECTORY SERVICES	         04/07/06 17633	SKSIT Malicious Code	         03/24/06 18035	KARTA Technical Controls	         03/23/06 18041	KARTA Risk Management	         03/22/06 18034	KARTA Operational Controls	         03/17/06 180 [...]","work from homeremote customer service

we are looking for people who are motivated to participate in paid research across the country and local areas join our work from home usa market research panel today

you have two options when it comes to paid research  you can either take part in person or online this is a great way for you to make extra income at home as data entry clerk we would love to see you apply for a spot while we still have spots

compensation
 work from home and take surveys to earn money
 there are many payment options including paypal direct checks and online virtual gift cards codes
 opportunities to earn rewards

responsibilities
 take part with work from home surveysstudies by following written and oral instructions
 participate in research focus groups
 each panel receives a complete written study
 if products or services are provided you must actually use them

needs
 you must have a working camera on your smart phone or a webcam on your desktoplaptop
 access to reliable internet connection is essential
 you would like to be fully involved in one or more of these topics
 capacity to understand and follow written and oral instructions
 although part time data entry and at home customer service experience are not necessary they are highly beneficial

job benefits
 participation in online and inperson discussions
 if you work remotely there is no commute
 no minimum hrs this is a work from home job
 get free samples from our partners and sponsors for your [...]"
208,Job Coach,"MEMBERSHIP COORDINATOR       Career Focus    I would like the opportunity to share more about my work experience and how my skill set could contribute to the
successful day-to-day running of your company. I'd be happy to supply strong references at your request.
I am currently in pursuit of a career and believe my skills could greatly contribute to your company.
Gainful employment in a well structured cooperative environment in which my skills and hard work can be optimally
utilized. Frankly stated I am looking for a career as opposed to a ""job"".      Summary of Skills          Reliable and dependable          High customer service standards  Active listening skills          Flexible scheduling  Top sales performer          Superior organization skills  Customer service expert          Excellent multi-tasker  Opening/closing procedures          Superb sales professional  Sharp problem solver          Bar management      Time management ability  Excellent communication skills  Strong lead development skills  Goal-oriented   Focused on customer satisfaction   Customer service expert    Employee training  Clean and professional  Cold calling  Self-motivated            Professional Experience     05/2014   to   Current     Membership Coordinator    Company Name   －   City  ,   State      As Membership Coordinators I am responsible for selling memberships at the health club.  The position requires that
     the membership coordinator generate at least 60% of my own prospects through normal prospecting channels.  The other 40% may originate from club advertising and promotions.  A strong working relationship with club staff
     is expected of the membership coordinator.  Paperwork and administrative follow-up on personal sales, along with
     personal follow-up on new memberships are essential tasks.  Responsibilities and Approximate Time Distribution
     15% - Telephone solicitation, prospecting and other follow up.  4% - Sending mailings to prospects.            60% [...]","job coach  job description

summary

the job coach will provide assistance to the vocational rehabilitation team by providing support and coverage for individuals who are being served on a community work site the job coach is to assist the individual in the learning process to perform the essential functions of the job they are performing as well as to provide guidance on soft skills and interpersonal behaviors in addition the job coach is to identify any accessibility issues and accommodations job coach positions are prn unless otherwise specified

responsibilities
 assess worksite accessibility and identify any accommodations needed
 perform a task analysis and create a learning structure for the individual based on his or her needs to perform the job duties
 facilitate the learning process for individuals on a community job site
 maintain detailed and accurate daily notes of coaching activity
 communicate with vocational rehabilitation staff referral sources consumers and consumers team effectively
 provide a timely report of the job coach assignment weekly utilizing the proper report template
 manage and submit timesheets for individuals that are coached weekly
 report any concerns regarding the individual being coached andor the job site immediately
 at times provide travel training for public transportation

requirements
 must be dependable and able to function independently professionally and responsibly
 excellent oral and written communication skills
 excellent time [...]"
209,Sales Associate - Sun Center,"TRAINING & DEVELOPMENT SPECIALIST/HR         Summary    Seeking to obtain a position within Human Resource Management where my acquired skills in Employee Engagement and Training & Development will be challenged and acknowledged in a direction where I can be committed to personal, professional, and community growth. Extensive experience in Human Resource Management, Training & Development, Employment Engagement, Temporary Services and Talent Acquisition. With proven leadership abilities that includes professional, interpersonal communication, presentations, and training.  Strong project management skills working cooperatively with cross functional groups demonstrating a commitment to team successes with a winning mentality.  Proficient user of Microsoft suite, HRIS, and Learning management data systems.          Experience      Training & Development Specialist/HR  ,   09/2013   to   Current    Company Name   －   City  ,   State      Responsible for organizational development.  Developed and managed programs; Career Path (apprenticeship program), Education Reimbursement, Employee Suggestion, Professional (salaried)development, New Hire Orientation, New Hire Luncheon, and Shares for Cares.          Workforce Development and Human Resource Manager  ,   08/2006   to   01/2012    Company Name   －   City  ,   State      Developed recruitment relationships within the non-profit community Delivered world-class customer service/client relations; identified client needs and opportunities for success through established WFD program in Kent Co.  Ensure successful hire-in of the client through positive relationships, employment training and coaching/counseling feedback.  Maintained dependable results with placement in non-profit community to commit to retention expectations of program.  Successfully placed within 18 months, over 800 temporary associates in full time long-term positions through non-profit organizations including Michigan Works, Goodwill and GRCC exceeding progra [...]","about old navy

forget what you know about oldschool industry rules when you work at old navy youre choosing a different path from day one weve been on a mission to democratize fashion and make shopping fun again our teams make style accessible to everyone creating highquality musthave fashion essentials for the whole family with love season after season

we opened our first store in  in san francisco and have been on a roll ever since we cultivate a community of playful personalities that thrive in a fastpaced environment where our employees can be their most authentic selves here were family

about the role

in this role you will engage and connect with our customers by providing excellent customer service you will be an expert in product and use this expertise to educate inform inspire and outfit the customer you will offer information to the customer on current merchandise assortment store promotions and events and execute operational processes effectively and efficiently your goal is to bring our brand to life for our customers while building brand loyalty and delivering with productivity

what youll do
 acknowledge and assist customers locate merchandise efficiently using various methods answer questions quickly and accurately
 offer style and outfit suggestions to the customer utilizing mannequins and displays for inspiration
 promote loyalty by educating customers about our loyalty programs
 leverage omni channel offerings to deliver a frictionless customer experience [...]"
210,Software Developer- Entry Level,"HR BUSINESS PARTNER II       Summary    To obtain a position in the Human Resources field where I can utilize proven people-oriented skills to develop and promote a positive work environment. This position would leverage my professional experiences and job knowledge to enable me to make an immediate contribution to the organization; while providing me with a challenging work environment that will allow me to continue to learn and grow.      Core Competencies          Human Capital Planning  Employee Engagement  Change Leadership  Project Management  Hiring and retention  Training and development  Performance management strategies                 Experience     12/2002   -   Current     Company Name   －   City  ,   State    HR Business Partner II        Experienced HR professional with successful career in banking, operation/procedural development, and administration.  Excel at interfacing with employees at all levels to ensure organizational goals are attained.  I support the South Florida Retail LOB (Approx 330 Employees).  Possess excellent communication, analytical, and organizational skills.  Support the following functions within the Retail line of business; Employee Engagement analysis and delivery (this including focus groups and listening sessions), Talent Review, organizational design, Performance and talent management cycles, and partner with learning to coordination professional skills based training registration and annual compliance training adherence, Support Market Manager and Regional Managers on all HC initiatives (Recruiting, Training, Performance, Development, Engagement, Retention).  Excel within fast paced environments where indirect leaderships skills are the keys to success.  An effective project manager with the skills necessary to direct, train and motivate teams to their fullest potential.  Deposition Simplification OCM Core Team - HR Project Lead Change Leadership Series HR Total Rewards Ambassador work stream.         09/1992   -   10/200 [...]","apprentice now has an excellent tech job opportunity for individuals looking to start and build a new career in technology as a software developer our client is an industry leader in technology services and consulting providing you a great job opportunity in the tech field to get your foot in the door

you will have the opportunity to work alongside a team of professionals to solve reallife problems and learn how to make an impact they will equip you with everything you need to know to make a meaningful impact as a professional within their organization and start your new career off right this is a fulltime salaried opportunity with benefits and no prior technical experience required

software development job duties may include but not limited to

responsible for developing solutions for clients using appropriate software

involves daytoday configuration build test support and maintenance

build and test interfaces for application development assignments test all code developed as per the defined quality process standard

develop userfacing applications that address the functional requirements while providing a superior user experience to the endusers

develop software and integration flows for clients

design execute and automate scenarios scripts and procedures

document software defects using a bug tracking system

participate in trouble shooting existing software issues and implement as per the change management process

design and configure interfaces needed to transfer [...]"
211,Software Developer - New Graduate,"STORE KEEPER / PRODUCTION CO-ORDINATOR       Summary     To develop and find a place in the industry where I can utilize my skills through serving efficiently and with complete honesty, integrity and hard work for personal and organizational growth.       Highlights          Ms-Office (Excel, Word, Pivot & Vlookup) & Internet applications.            Customer Service Oriented           Merchandising           Production Co-ordination           Store Managing     Inventory tracking  Vendor management  Shipment consolidations planning  Warehouse and fulfillment  Imports and exports  Works well independently            Accomplishments      Credentials Institution/University Year of Completion   B.Com C.K.Thakur College of Arts & Commerce Mumbai University 2008   HSC S.E.S College / Mumbai University 2005   SSC New English School / Mumbai University 2003.        Experience      Store Keeper / Production Co-ordinator   03/2014   to   Current     Company Name   City  ,   State       Designation: Store Keeper / Production  Co-ordinator                                           Key Responsibilities:  Maintained store facilities to ensure smooth functioning - Made arrangements and placed orders for new stock and supplies whenever necessary.  Responsible for upkeep of various appropriate records of materials received.  Received deliveries of ordered items and ensured that all the supplies were in proper order - Stored the supplies and items received in their designated place to avoid time wasted searching for items and general confusion.  Maintained the budget of all the expenditures incurred and presented same to Manager.  Reported to Prod.manager on a regular basis regarding the need/demand of items so that the future orders could be placed  accordingly.  Monitored the functioning of store equipment and reported problems and failures to the supervisor.  To initiate action for stoppage of further purchasing when the stock level approaches the maximum limit.  To check the boo [...]","where applicable confirmation that you meet customer requirements for facility access which may include proof of vaccination andor attestation and testing unless an accommodation has been approved

secure our nation ignite your future

due to the ongoing pandemic the health and safety of our employees and their families remains our highest priority our student employment opportunities may vary in starting onsiteinperson or remain in a virtual setting this will be dependent on the critical needs of the specific role each student is hired for the mantech excelerate program is honored to continue our worldclass early career programs for 

job description

become an integral part of a diverse team while working at an industry leading organization where our employees come first at mantech international corporation youll help protect our national security while working on innovative projects that offer opportunities for advancement

currently mantech is seeking a motivated career and customeroriented software developer associate to join our team locations vary depending on business needs

responsibilities include but are not limited to

use your skills learned in and out of school on mantechs mission critical work mantech is seeking a motivated missionoriented software developer associate to join our mission at mantech you will work on innovative projects that offer great technical challenges
 assisting the development leadsmanagers with all aspects of software design and coding
 a [...]"
212,Sales And Marketing Representative,"PUBLIC RELATIONS CONSULTANT           Summary     Experienced public relations, sales and marketing professional with expertise in the technology, financial, consumer and healthcare industries.       Highlights          Global marketing  Account management  Direct marketing campaigns  Public relations expert  Quality leadership       Multi Task Abilities  Proven Sales Success  Start-up background  Deadline-driven  Microsoft Office Suite expert            Experience      Public Relations Consultant    June 2005   to   January 2016     Company Name   -   City  ,   State      Managed PR programs for AccordSQA and GatherWorks.  Secured inclusion of SmartScript and SmarteLoad  in Dr.Dobbs and SD Times.          Inside Sales Representative    March 2008   to   June 2008     Company Name   -   City  ,   State      Identified and called decision makers within targeted verticals, while educating prospects about key features and benefits of software; secured four qualified leads in first two weeks in position.          Direct Sales Representative    December 2007   to   January 2008     Company Name   -   City  ,   State      Sold more than $8,800 in products in one month to more than 100 new accounts, while developing positive rapport and relationships with more than 800 new accounts in three territories.  Confirmed two participants to a monthly Web training seminar.  Developed campaign ideas for marketing, including initiative for promoting seminars; new sales support literature; and new product initiatives.  Provided key feedback for streamlining processes for sales operations and efficiencies; mailings; and updating client contact information.  Solicited key feedback from clients of interest to marketing, sales, business development.          Account Manager    January 2004   to   May 2005     Company Name   -   City  ,   State      Lead PR strategy, client relations, and PR activities for AccuRev and Bowstreet.  Identified and pursued new business for the agency.  Increa [...]","apply now

our company prides ourselves on generating outstanding sales results for clients

we have the ambition to succeed and grow  with our hardworking marketing sales force and our experience in promotional work this will be a year for expansion and even greater results weve recently acquired an exciting new client to add to our database we are now looking to source a confident new candidate to join our growing team

we are looking for candidates who may hold some experience however experience within the sales or marketing sector is not fundamental as we work with candidates to develop product knowledge and presentation skills

responsibilities
 customer representation
 product demonstrations
 brand management
 face to face customer service
 new customer acquisitions and existing customer upgrades
 opportunity to participate in regional and national seminars with campaignspecific specialists travel opportunities

requirements
 enthusiastic
 ambitious
 creative
 proactive

full time immediate start availability is preferred"
213,Sales Manager,"IT CONSULTANT           Summary      Over Seven years of Software Application Development, Application Support, Testing and Implementation experience with Web based and N-tier Architectures involving all stages of Software Development Life Cycle (SDLC).   Experience in developing Web applications in . SDLC) including requirements, logical and physical architecture modeling, design, development, implementation, and support.   Ability to work in a fast paced, collaborative environment and handle multiple concurrent projects.   Collaborate with partners to understand high-level conceptual flow and develop prototypes to review with business partners.   Functional Domain experience involves HealthCare, Life Sciences and Transportation.   Moved to Application Support team and leading an offshore team in Triaging production related issues since six months   Experience in using Fiddler in Post Production Release Validation for monitoring Web Traffic   Hands on experience in decompiling the code from the DLL's by using dot peek tool   Achieved ""Masters degree in Computer Sciences"" from University of IL, Springfield         Highlights          NET framework ASP.NET, C# .NET, XML, HTML, HTTP, MS SQL Server, Web Services, ADO.NET, Entity Framework and LINQ  Expertise skills in CSS, Java Script, Themes & Skins, User controls, Custom Controls and intrinsic state management functionality in ASP.Net.  Experience in Object Oriented Analysis & Design (OOAD) concepts including Inheritance, Polymorphism & Abstraction.  Expert skills in ASP.NET Web Forms, State Management, Caching features, and Securing ASP.NET Web applications. Technologies	ASP.NET 2.0/3.5/4.0/4.5, Web Services, WCF, MVC 4.0, .NET MVC  Languages	C#.NET, XML, HTML, JavaScript, Core Java, T-SQL  Database Access Methods	ADO.Net, ODBC  Databases 	MS SQL Server 2000/2005/2008/2014, Oracle 9i/10g/11g  Servers	IIS 7 & 7.5  Web Programming 	ASP.NET, Java Script, HTML, CSS, AJAX, JQuery  Version Control Tools	Team Foundation Se [...]","we are hiring a sales manager

summary

being the sales manager at a concord hospitality property means you hold an important key to the hotels success you will develop and foster hotel business through direct sales marketing telemarketing direct mail and tours of the hotel for both guest rooms and event space

responsibilities

 foster business with proactive and reactive sales efforts

 provide excellent customer service to our clients with speed and efficiency in returning calls and bookings

 exude proactive planning organizational skills and keen sense of pricing for overall efficiency of department

 provide excellent follow through on details to account and to hotel departments

 be the face of the hotel as all industry events with property representation of professionalism and character

 work with  party booking sites concord revenue management and city convention centers for maximization of key citywide events

 meet and exceed all monthly revenue and sales calls goals

 documentation of all sales activities in delphi or similar sales system for tracking and history

 be a team player at all times to assist as needed in the operation of a successful hotel

benefits

we offer competitive wages fulltime associates are eligible to participate in a comprehensive benefit package which includes medicaldentalvision plans life insurance stlt disability options  options tuition assistance discounted room rates at concord managed hotels plus training  development and career a [...]"
214,Senior / Lead Software Engineer (Remote),"MOVER       Summary    Extremely motivated and dependable Laborer with years of extensive experience in general maintenance and construction tasks ranging from demolitions to site clearing and debris removal. Proven physical stamina with a demonstrated ability to work without supervision. A fun and friendly individual who enjoy working collaboratively.      Experience     01/2016   -   Current     Company Name   －   City  ,   State    Mover        Warehouse/ Mover.  Packing material, equipment, furniture from warehouse to businesses or residential areas throughout Maryland and D.C.  Loading and unloading moving trucks, vans or automobiles with hands and pallet jacks.  Installed protective bracing, padding and strapping to prevent shifting and damage to items and furniture during transport.  Maneuvered trucks into loading positions, following signals from loading crew and checking that vehicle and loading equipment are properly positioned.  Performed routine maintenance on vehicles and auxiliary equipment, such as cleaning, lubricating, recharge batteries, fueling, or replacing liquefied gas tank.  Moved materials to construction zones and trucks using cards, hand trucks, and forklifts; installed protective devices to prevent shifting or damage to transported items.  Performed pre trip for all trucks before leaving the yard daily, check tire pressure and gauages.            Selected, loaded, moved, and unloaded food supplies at the dock, and adhered to OSHA standards to increase efficiencies and minimize reworks or losses during the process.  Loaded the forklift properly to perform daily job duties, placed materials in appropriated storage locations, and maintained accurate records of materials during transfers.  Kept abreast of quantity counts for various products and replenished supplies as required.  Picked and filled job orders for different stores, and placed products on the pallets.  Lifted from 80 to 100 pounds at a fast pace, and completed the work timing cyc [...]","remote

job title hiring for seniorlead software engineers

job location  remote

salary 

we are the leader in cloudnative claims management software insurance claims in many industries our newest partnership is with nvidia with over  million in funding our company was  remote prior to  with offices for hybrid work available in  different locations throughout the us with  current employees and constant growth we are looking to continue our efforts to bolster our engineering team for the foreseeable future

what you need for this position

the ideal candidate will have
 understanding of scalability challenges and performance of serverside code
 saas development experience
 experience with restful web services apis and asynchronous data flow
 experience designing schemas and performant queries for relational databases
 experience building applications a frontend framework
 deep understanding of commonly used data structures and algorithms
our stack includes the following we are open to engineers willing to learn
 ruby on rails mysql react redux docker
what you will be doing

design build and implement saas applications and play an influential role in growing our company to be the industry leader

fullstack development with a strong emphasis on backend

top reasons to work with us
 full medical dental and health benefits
  match for your 
 unlimited vacation time  we actually use it
 fully remote role  the tools needed to successfully work remotely
 flexible scheduling
 career [...]"
215,"Director, ACX Creator Marketing","HEAD CHEF       Summary    Chef Energetic culinary professional with a blend of creativity, passion for food and
          exceptional cooking skills. Works well as a dynamic leader in high-pressure settings.
          Expert in managing kitchen staff and preparing foods at reduced cost without
          compromising quality and taste.

          Beautiful presentation of food
          Institutional and batch cooking
          Strong attention to safe food handling
          procedures
          Extensive catering background.      Highlights          Strong butchery skills  Contemporary sauce work  High volume production capability  Focus on portion and cost control      Well-tuned palette  Inventory management familiarity  ServSafe certified            Experience     04/2016   to   Current     Head Chef    Company Name   －   City  ,   State        Identify opportunities to increase revenue, decrease kitchen expenses and maximize departmental productivity without compromising guest satisfaction.  Regularly develop new recipes in accordance with consumer tastes, nutritional needs,  and budgetary considerations.  Consistently produce exceptional menu items that regularly garnered diners' praise.  Ensure smooth kitchen operation by overseeing daily product inventory, purchasing and receiving.  Follow proper food handling methods and maintained correct temperature of all food products.          05/2006   to   01/2016     Executive Chef/Director    Company Name   －   City  ,   State      Working chef in charge of food costing and liquor.  In charge of all food and beverage ordering and inventory controls.  planning for 110 person restaurant plus on-site pavilion hosting banquets and
          weddings for up to 275 guests - plated, or 325 guests - buffet.  Also provide service for gazebo snack bar and directly in charge of training all
          kitchen staff and front of the house staff on site.  Frequently coordinate multiple parties in various locations of the premis [...]","description

job summary

good storytelling starts with great listening at audible that means each role and every project has our audience in mind because the same people who design develop and deploy our products also happen to use them to us that speaks volumes

about this role

audible is looking for a creative and analytical individual to join the marketing team for acx the audiobook creation exchange acx is a marketplace where authors literary agents publishers and other rights holders can connect with narrators engineers recording studios and other producers capable of producing a finished audiobook this role requires a combination of strategic thinking marketing creativity and the ability to understand a diverse and passionate group of creators the director acx creator marketing will help build the marketing roadmap  drawing successes from the past and innovating for the future  to support acx as a service and will oversee a team to execute that roadmap

about you

you have excellent communication skills experience with creators a tenured marketing background with a focus on both creativity and analytics and a hunger for innovation you are an experienced marketer who has developed and executed short and longterm campaigns that build brand equity and drive conversion and retention you are a natural collaborator with strong written verbal and presentation skills and the ability to develop strong relationships across an organization you understand the creative class and a [...]"
216,Digital Marketing Specialist (REMOTE),"INFORMATION TECHNOLOGY CONSULTANT, MANAGING MEMBER           Summary    A versatile, analytic IT Specialist with a proven record of success within large institutions as well as entrepreneurial organizations. Thrives on challenge and solves problems with creativity and persistence. A data-driven team leader skilled in both producing and communicating results.      Experience      Information Technology Consultant, Managing Member    January 2017   to   Current     Company Name   －   City  ,   State       Worked with product designers and product managers to design user interactions in applications.    Envisioned inspired new products, features and flows.   Answered user inquiries regarding computer software and hardware operation.    Installed and performed repairs to hardware, software and peripheral equipment, following design and installation specifications.  Set up equipment for employee use.   Conducted computer diagnostics to investigate and resolve problems and provide technical assistance and support.            Chief Technology Officer, Partner    August 2015   to   January 2017     Company Name   －   City  ,   State      Successfully re-branded established dealership, launched new eCommerce website, added six new lines of vehicles, and created new
          customer engagement strategies.  Developed sales and marketing strategy and directly managed over 15 full-time and part-time staff.  Streamlined processes in Sales and Service departments using new technology.  Managed legal and security policies such as loss prevention and DMV compliance.  Negotiated and secured corporate partnerships, including vehicle and trailer maintenance for FreshDirect.com's same-day product
          (FoodKick).           CTO, Partner    May 2012   to   August 2015     Company Name   －   City  ,   State      Provided IT solutions targeting small and medium size businesses in the New York metro area.   Solutions to include: Infrastructure/ Network design and impletation, server b [...]","summary

the digital marketing specialist will be responsible for supporting the execution of our digital marketing strategy across all key digital channels including website email social media ppc programmatic affiliates account based marketing and paid social channels working within a dynamic and fast paced environment you will have experience and understanding of digital  campaigning and the ability to adapt marketing initiatives and materials to suit audiences across north america

working closely with the demand generation manager and other members of the marketing team you will have experience across the full marketing mix and will be assist with the creation implementation and reporting of our digital marketing programs to support the expansion and growth of the companys services and solutions

job duites
 support the organizations digital marketing initiatives across various channels and platforms to drive engagement leads sales and loyalty across north america
 coordinate the creation of digital content eg website blogs press releases and podcasts
 work directly with team to promote and drive traffic to the website and social media platforms
 assist in the development implementation and execution of social media campaigns to increase social engagement across all platforms linkedin twitter youtube
 contribute to the enhancement of our seo strategy by implementing best practices including keyword research tagging and link building
 assist with our ppc strategy by monit [...]"
217,Luxury Sales Stylist - Mens Combo - Saks Fifth Avenue,"FIELD SUPPORT SPECILIST         Summary     Technology support representative providing workstation and application support. Provides end-user support via phone in a service desk environment. Installs, troubleshoots, maintains and uses a variety of computer systems, software and peripheral devices.        Highlights            Network traces         Technical standards and deliverables      Critical thinker    Technical standards and deliverables    Telecommunications field service   Network security      Network protocols                                Proficient in Internet Technologies  Proficient in Windows  MS Office proficiency    Efficient data management    Excellent communicator     Cisco routers and switches      Supporting IP Telephony     Visio  Analysis and problem solving            Education      Master of Science  :  Network Communications Management   2016     Keller Graduate School of Management  ,   City  ,   State  ,   United States of America        3.15 GPA        Master's Degree of Network Communications Management          Concentration in Technology Apps 3.35 GPA           Completed data model normalization          Process modeling          Object oriented analysis          Created Entity Relationship Diagrams in MS Visio          Knowledge of user interface design              Bachelor of Science  :  Interdisciplinary Studies with a concentration in Mathematics   2003     Texas Southern University  ,   City  ,   State  ,   United States of America        3.1 GPA      Coursework in  Interdisciplinary   Studies, Mathematics, Elementary and Middle School Education             Experience      Company Name    City  ,   State    Field Support Specilist   06/2017   to   Current       Download radio and alarm panel programming information into new/existing accounts in response to telephone requests.  Provide real-time installation quotes to field technicians and limited technical support to customers.  Enter order information into the system for t [...]","what this position is all aboutthe style advisor is responsible for elevating their shopping experience by welcoming visitors to the store providing directions and answering questions to help customers efficiently get to their desired location
 the style advisor has a strong working knowledge of the store the designers it carries as well as the many services offered and they use this knowledge to provide customers with personalized assistance to enhance their shopping experience
 who you arebuilding teams by bringing others together when needed
 creates a senseof community and builds morale and spirit in their team
 lead through results
 often going above and beyond yourgoals
 isconsistently a top performer and elevates the performance of others
 innovative with a mindset that generates a variety of approaches toproblem solving including new and novel ideas
 you also haveproficient in ms word excel powerpoint outlook blackberry ipad etc
 technologically savvyfluent in multiple languages fluency in mandarin would be a strong asset
 exposure to rewarding career advancement opportunities from retail to supply chain to digital or corporate
 a culture that promotes a healthy fulfilling worklife balancebenefits package for all eligible fulltime employees including medical vision and dental
 an amazing employee discountsaksstyleadvisorthank you for your interest with saks fifth avenue
 we look forward to reviewing your application
 saksfifth avenueprovides equal employment opportuni [...]"
218,Work From Home Administrative Assistant Skills (Data Entry - Remote),"SENIOR WARRANT OFFICER ADVISOR       Summary    A dedicated and experienced Personnel Manager, Education Administrator, trained in Blackboard development, technical writing, Graduate level platform teaching, and flight instruction. Works well with people at all levels of the organization, including stakeholders, customers, and outside vendors. Self-motivated, innovative, and goal-oriented management professional committed to project accomplishment. Dedicated team player, skilled at mediation and conflict resolution. Flexible Operations Officer and Supervisor, driven to manage the design and development of new training programs and modify existing curricula to meet the needs of participants. Training Instructor, who helps participants obtain knowledge and skills required to thrive in a fast-paced setting. Highly organized Subject Matter Expert in aviation operations and extremely successful at managing people and time. Offers prompt feedback on training assessments, participant behavior, and the overall effectiveness. Professional, detail oriented, administrator motivated to drive projects from start to finish as part of a dynamic team.      Skill Highlights          Upper-level management   Project management  Strategic planning  Quality management  Tactical-level analysis  Reconciliation budget management  Administrative management  Logistics management  Conflict resolution       Secret security clearance   Exceptionally organized   Excellent team-builder     Analytical        Strong attention to detail         Technical writing            Effective time manager        Training specialist Certified  Instructional technologies knowledge            Accomplishments         
Managed the complete redesign of the Aviation Warrant Officer Advanced Course, improving the professional education for Army Aviation.    Developed a Blackboard interactive Aircrew Training Program, reducing administration requirement by half.    Developed aviation track-specific training for instr [...]","work from home entry level data entry associate

are you looking for a way to earn part time work from home money that you can do whenever you want we are looking for people who want to work remotely from home youll need an internet connection and a way to do the tasks such as mobile device or computer

we need folks who want to do tasks micro tasks work from home opinion panels online focus groups and more this is not a job but a fun way to earn extra cash working from home part time on the fly  work when you want sign up today for free and start cashing in work from home from any location any hours any day your choice do work get paid

join the folks who work from home apply today

all backgrounds welcome work from home part time amazon customer service representative medical professional remote work at home drivers administrative assistant work from home customer service representative registered nurse web developer assistant manager pharmacy techniciancovid

work from home

high school diploma or ged  this is entry level

current usa resident

speak read and understand english  spanish a plus as more opportunity is available to you

able to focus and follow through

this is a remote work from home part time gig youll need a computer laptop or mobile device

microsoft word or excel helpful as a tool to keep yourself organized but not mandatory

work from home part time amazon customer service representative medical professional drivers medical receptionist our folks come f [...]"
219,UI Web Designer,"CONSULTANT         Professional Summary     Highly motivated female with over 3years management experience and exceptional people skills, looking to join a growing organization as part of the executive team.        Core Qualifications         Results-oriented  Operations management  Client-focused  Microsoft Office  Computer proficient  Quick learner  File/records maintenance  Reports generation and analysis  Contract negotiation/review/drafting  Financial records and processing  Training and development  Change management  Contract auditing      Account Management, Advertising, Budgeting, Business Development, Client Relations,  Computer Literate, Computer Proficient, Creative Problem Solving,  Customer Needs Assessment, Customer Satisfaction, Customer Service, Domestic and International Experience, Expense Control, Internal Auditing, Lead Development, Marketing,  Multi-Task Management, Product Development, Project Management, Reporting,             Experience      Company Name    City  ,   State     Consultant   05/2014   to   Current        Conducted detailed site analysis  to address project overlapping  which led to timely project completion and cost savings.  Provided onsite training.  Monitored multiple databases to keep track of all company inventory.  Prepared departmental contracts for attorney approval.  Completed all company insurance renewals including property, Workers' Compensation, general liability, cargo and aviation documents.  Successfully led key projects which resulted in [positive outcome].  Planned and executed [project].  Effectively controlled the release of proprietary and confidential information for general client lists.  Organized and coded all documents related to due diligence for acquisitions. .  Reviewed and provided comments on the adequacy of documents and took necessary steps to cure any deficiencies.  Prepared correspondence, accounting and financial documents for analysis.  Completed all company insurance renewals including pro [...]","if youre passionate about building a better future for individuals communities and our countryand youre committed to working hard to play your part in building that futureconsider wgu as the next step in your career

driven by a mission to expand access to higher education through online competencybased degree programs wgu is also committed to being a great place to work for a diverse workforce of studentfocused professionals the university has pioneered a new way to learn in the  century one that has received praise from academic industry government and media leaders whatever your role working for wgu gives you a part to play in helping students graduate creating a better tomorrow for themselves and their families

position summary

the web designer works on the creative side of producing a website they are responsible for designing visual elements for use online reflecting our branding and design aesthetic they create layouts for landing pages product pages homepages category pages and other areas of the website ensuring their designs are emotionally compelling unique and on strategy the position is remote

essential functions and responsibilities

this person will be part our creative team consisting of over  talented people including copywriters video editors and graphic designers the position will report to the sr manager of brand design this position works closely with the greater marketing team to create pages that will help to increase engagement and conversion within [...]"
220,Supply Chain Analyst IV,"SENIOR EXECUTIVE CHEF           Summary     Utilize my extensive experience in the food service industry and to contribute my skills and knowledge in a management position with an industry leader.           Experience      Senior Executive Chef    January 2012   to   Current     Company Name   －   City  ,   State      Manage and provide leadership and culinary training to 23 direct reports Worked under budgeted costs through effective menu planning Received gold scores in sanitation, safety and compliance audits Demonstrated hands-on leadership skills in training and staff development Implemented branded foods marketing program for retail Introduced the use of sustainable products, local produce and farmers markets Created special per diem menus for conference center increasing catering sale.          Executive Corporate Chef    January 2008   to   January 2012     Company Name   －   City  ,   State      Collaborated with Corporate RD/RN in creating and implementing upscale guest dining room and room service menus.  Led culinary team in the implementation and support of corporate strategies in the opening of new properties and special events.  Developed workplace safety and sanitation training schedule for culinary associates and dining room servers.  Received Top percentile in silver chair training and state health department audits.          Executive Chef / Event Consultant    January 2004   to   January 2008     Company Name   －   City  ,   State      Laison to the Chicago Board of Realtors in consulting and planning of special events Planned private parties and fundraisers for various government organizations and dignitaries Created catering menus targeting specific lifestyle demographics Hired, trained and counseled culinary and server staff of 25 Initiated program with vendors on wine tastings and culinary workshops.          Executive Chef / GM    January 1995   to   January 2003     Company Name   －   City  ,   State      Managed café and conference center [...]","supply chain analyst iv

location houston tx

key accountabilities
interprets date analyzes results using statistical techniques and provides ongoing reports including but not limited to
 gathering and analyzing company spend supply market data and other related commercial information to drive value from supply chain activities and develop sourcingnegotiation strategies
 building shouldcost and total cost of ownership economic models for materials and services
 providing analytical support for category sourcing initiatives contract negotiations and bid evaluations
 monitoring and evaluating supply risks
 supporting the supplier performance management process
 developing tools and processes in sap microsoft excel and spotfire to improve the efficiency of analytical work
 compliance with company policy and industry regulations

required and preferred skills and experience
 senior level typically  years of experience
 understands advanced aspects of discipline and is viewed as an expert in a given field
 applies broad range of competencies to develop solutions to complex problems
 influences others to achieve objectives
 often provides specializedtechnicalfunctional guidance to others within department andor business asset"
221,Animation Programmer,"HR COORDINATOR       Professional Summary     Highly efficient Hr Coordinator well established in administrative environments that are fast-paced and challenging.       Core Qualifications          Exceptional interpersonal skills  Innovative  Microsoft Office Suite expert  Human resources audits  Maintains confidentiality  Personnel records maintenance  New hire orientation        Applicant Tracking System  EEO Reporting  HRMS  People-oriented  Organized  Exceptional communicator  Recruiting            Experience      HR Coordinator  ,   09/2012   -   Current    Company Name   -   City  ,   State     ?Responsible for initiating, tracking and follow up of background checks and drug tests. ? First day on-board for new employee - first day documents, I-9 and tour of the building. ? Conducts exit interviews - relays info back to management. ? Routes positions for approval and posts requisitions to the company careers page and to outside job boards. ? Recruits for warehouse, driver and entry level to mid level positions using Kenexa BrassRing and sourcing resumes from online jobsites/databases. ? Run applicant flow logs from applicant tracking system, putting data into AA-EEO spreadsheet. ? Attends college career fairs to recruit potential interns and fill other positions as necessary. ? Initiates and leads Best Practices initiatives. ? Administrator for employee performance review program tool (Access database). ? Responsible for reviewing manager's submissions of employee performance reviews to ensure proper content and giving feedback to the manager. ? Maintains associate personnel files from filing and retention. ? Vouches department bills for payment. ? Other administrative duties as assigned.         HR Coordinator  ,   06/2012   -   09/2012    Company Name   -   City  ,   State     Assignment at Edward Don & Company, temp to hire.         HR Coordinator  ,   08/2008   -   09/2011    Company Name   -   City  ,   State     ?Scheduled background checks and drug scre [...]","want to work with a world class team that is committed to changing the face of the entertainment industry join us in building an environment where creatives of all backgrounds can thrive and bring unique and compelling stories to market
 

brass lion entertainment is seeking an animation programmer to join a talented and diverse team currently working on a new  unannounced a ction  rpg title 

the right candidate for this position will work closely with our animators designers and gameplay programmers to develop an outstanding game experience by collaborating on implementation of features such as melee combat and other player and enemies mechanics you will be the bridge between animation content creators and developers working in unreal engine you will guide the team on technical decisions for our game specific requirements for anime style animations h ave a passion for gameplay and animation this role is for you

brass lion entertainment has employees based in new york city montréal and remote locations across canada and the united states

responsibilities
 develop animation logic for gameplay and combat features in unreal engine
 own the animation state graph in unreal engine
 support technical animator with tools to optimize dcc to unreal workflows
 architect and write core animation code specific to our games anime style
 work with our animation and gameplay teams to maintain stability and performance
 participate in defining our game design

qualifications
  or more year [...]"
222,Registered Nurse Casual Mount Royal,"ACCOUNT RECEIVABLE           Executive Summary    Champion of continual process improvements to create more efficient work environments. Leads by example, developing, mentoring and sharing best practices across lines of businesses. Analytical judgment with the ability to analyze and determine course of action required to meet client delivery requirements. Excellent communication skills, organizational skills and customer service skills. Supports diversity, organizational astuteness, and demonstrates consistent ability to develop and deepen client and partner relationships. Received awards for Customer service and satisfaction consistently ranked in the top 88%. Awarded top performer out of 18 location for consistent and precise working standards within the banking industry.       Core Qualifications        Microsoft Office, Excel, Access, PowerPoint, Lotus notes, Outlook, 10 key, Data entry            Professional Experience      Account Receivable    January 2014   to   January 2014     Company Name   －   City  ,   State      Processed and verified all incoming checks inputting the client information into the system.  Prepared invoices for recording, process all account receivable and deposit cash receipts.  Maintained records of the debits and credits and update the system.  Audited financial reports for accurate recording and process.  Provide daily report for to ensure proper debits and credits are applied.  Reconcile account booking saving over $1,000 from errors and omission from customers on outstanding invoices.  Communicated with manager and other team member to resolve outstanding issues.          Treasury Services Advisor    January 2013   to   January 2014     Company Name   －   City  ,   State      Researched, analyzed, and resolved a wide range of treasury, cash management and or depository products and service for Global Large Corporate accounts.  Provided a depth knowledge of Account Reconcilement, Cash Vault services, deposit demand accounts, Electr [...]","registered nurse casual mount royal  agecare mount royal  calgary

the opportunity

the rn is responsible to the director of care collaborating on the delivery of resident care to meet individual needs within hisher level of competency heshe integrates and applies the knowledge skills judgment and interpersonal attributes required to provide safe and ethical professional nursing services to residents

the rn provides quality and safe resident care the rn promotes teamwork and a culture that supports agecare mission vision and guiding principles of respect teamwork quality and encourages practices that respect resident family and staff rights individuality and diversity the rn promotes health and safety awareness in the workplace

within the scope of this position the rn takes on a key role to continually provide an environment promoting a culture of resident safety and freedom from harm and injury

key responsibilities

 work to your full scope of practice

 ensure all care needs are coordinated

 become a part of a resident  familycentered environment

 join an interdisciplinary team involved in best practice programs

 make a difference every day by enriching the quality of life for albertas aging population

qualifications
 bachelors degree in nursing

 registration and membership in good standing with carna

 minimum two years of experience in a continuing caregerontology environment preferred

 knowledge of supportive living long term care  dementia care

 certified in c [...]"
223,Real Estate Paralegal or Executive Assistant,"SALES CONSULTANT       Professional Summary     Customer Follow-up ensured that customers were satisfied with company products and services by doing purchase follow-up calls. Sales consistently generated additional revenue through skilled sales techniques.  Motivated sales professional offering 6 years of progressive retail experience. Highly result oriented and energetic with unsurpassed interpersonal and communication strengths.  Skilled Sales Associate with 6 year track record of success. Maintained professional and calm demeanor under pressure. Thrive in high volume environments where knowledge, composure and interpersonal abilities are keys to success.  Retail sales professional versed in product placement and merchandising. Extensive experience in inventory management and shipment processing.  Punctual retail sales professional focused on exceeding expectations and building customer loyalty. Flexible schedule and strong mathematical aptitude.  Enthusiastic, outgoing and fashion-savvy Sales Associate proficient at building positive relationships with new and existing customers by offering superior customer service.  Retail Sales Associate with more than 6 years in the retail industry. Areas of expertise include sales, customer relations and inventory management.       Skills          Career Overview  I am a Dedicated Customer Service Representative motivated to maintain customer satisfaction and contribute to company success.  Results-driven Customer Services Representative with proved ability to establish rapport with clients. Highly enthusiastic customer service representative with 4+ year's client interface experience.  The Best Parts Of The Jobs I Have Worked Is The Amazing Feeling Of Closing A Big Sale And Making The Customer Feel Comfortable And Confident!  Core Strengths  Inventory control  Customer service  Top sales performer  Strategic sales  Conflict resolution  Credit card processing  Creative problem solver  Consistently meets sales goals  Credit c [...]","job description

work with the attorneys of a collegial growing law firm direct client relations the firms areas of practice include sophisticated real estate development transactional sales and purchases nonprofit organizations commercial transactions community economic development and housing

high quality work with interesting clients in a supportive environment the successful candidate will have experience with residential andor commercial real estate title matters and mortgage lending and possess excellent communication skills and the ability to work and think independently and in a team careful attention to details and excellent computer and organizational skills are vital being a notary public in ny is a plus good knowledge of excel outlook and practice panther is also a plus willing to train the right individual

please respond with a cover letter and resume candidates may be
asked to submit a writing sample that is their own work and that
shows their analytic ability"
224,Customer Service Representative / Inside Sales,"SALES       Summary     Enthusiastic, reliable and well­ organized Office Assistant with solid background in data entry, communication, telephone and customer service skills. Ability to manage daily office functions with a strength in managing multiple projects simultaneously.       Highlights         Professional mature attitude and appearance Professional phone etiquette Excellent communication skills Effective time management, organization, and multi- tasking skills Quick to learn Dependable Ability to work independently and collaboratively Customer service-oriented Detail oriented Ability to work under pressure and meet strict deadlines Multi-line phone proficiency Filing and data archiving Data Entry Familiarity with Microsoft Office, Word, Excel, PowerPoint, Outlook and Quickbooks              Work Experience      Sales     Feb 2008   to   Jun 2014      Company Name   －   City  ,   State     In this small, family owned business there are a lot of hats to be worn. And with just 4 employees to run this store; a store manager, two salespeople and our jeweler, this is not just a sales job.   I provided courteous and prompt service by greeting & welcoming customers, assisting them in locating what they're looking for and provided excellent after­sales service by sending out thank you letters, birthday & anniversary reminders and follow­up calls to check in and see how everything is going with their purchases.   I keep the behind the scenes of the store running smoothly by ordering all supplies; jewelry boxes, gift bags, watch batteries and all office and shipping supplies. I assisted in ordering new merchandise for the store, picking new styles and creating new styles through our custom jewelry design. I used POS data entry for all sales, customer contact information, research of transaction history and entering all inventory into the store data base. I used Outlook for all email correspondence, Microsoft Word for all documents, Excel spreadsheet for inventory of c [...]","position also known as visual communications specialist inside sales

are you a highly motivated and talented sales professional are you looking for an inside sales career with an established and fastgrowing company if so were looking for sales savvy candidates who are interested in a career with outstanding growth and earnings potential if you are looking for a rewarding career in sales not just another job then come join our team as a customer service representative csr

our ideal csr is an outgoing focused and motivated individual with excellent listening skills who can deliver an extraordinary customer experience you will be responsible for all sales activities within the fastsigns center and will serve as the first point of contact for walkin email and telephone customers we are looking for an individual with a strong desire to succeed the ability to develop lasting relationships and the skills to close sales through a consultative sales approach

responsibilities
 sells consultatively and makes recommendations to prospects and clients using various fastsigns products
 follows up on new leads and referrals resulting from telephone marketing and email activity
 demonstrates the ability to carry on a business conversation with customers
 prepares estimates and establishesmaintains estimate followup procedures
 communicates with customers on order status and changes in the production schedule
 executes a variety of marketing functions including database mailings thank you c [...]"
225,Fraud Representative,"CONSUMER BANKING DEFAULT MANAGEMENT SUPERVISOR           Summary     Innovative Customer Service Manager who effectively executes process changes to improve operational efficiency.  Dedicated to providing excellent customer service and making operational and procedural improvements.            Highlights          Microsoft Word, Microsoft Excel, Microsoft  Access, Microsoft Power Point, Management, Payroll,  Staffing/Scheduling    Strategic Management,   Lotus Notes, Hogan, Lease Master, ALS, CPI, CACS, HIS, 10-key,         Client relations specialist  Conflict resolution techniques  Team management  Management of remote employees  Focused on customer satisfaction  Skilled multi-tasker  Training and development  Scheduling            Accomplishments     Developing Leaders - Management Training Program.     Reduced staff turnover by  20 % in one year by implementing several well-received team and morale-building programs.         Experience      CONSUMER BANKING DEFAULT MANAGEMENT SUPERVISOR    October 2007   to   Current     Company Name   －   City  ,   State      Supervising a team of up to 7 - 10 collectors in a proactive and caring way to achieve the delinquency targets provided by upper management.  Managed daily operations, dealt with customers and supported and worked with the management to motivate growth.  Working with the CBDM team to understand and proactively supervise the daily and weekly performance data that is provided to me.  Work closely with upper management to implement efficiency improvement ideas and process improvement initiatives.  Assist the Auto Dialer Team in managing and measuring call handling within collections to ensure efficiency of call volume and maintenance if queues.  Manage the incentive plan with my team and provide spot incentives as a motivational tool.  Listen, document and disperse call recordings for Quality Assurance & training purposes.  Monitored progress against strategic objectives Daily coaching of employees in custome [...]","job summary
the account protection department commonly referred to as the fraud department is the area of the business that manages fraud reporting investigation and resolution related to consumer complaints and disputes of fraudulent activity on our plcc and cobrand credit card accounts the account protection triage associate wah is responsible for taking incoming calls from customers and business partners related to potential fraud concerns the triage associate will utilize various tools to initiate fraud investigations assist with pending applications and verify transaction activity the role contributes to our profitability and retention of customer loyalty while minimizing credit loss resulting from fraudjob description
essential job functions 
 
customer experience receive incoming investigative and verification phone calls from customers and business partners to minimize fraud loss and risk exposure review and verify customer behavioral activity and identify potentially fraudulent activities provide courteous and professional service to customers even in potentially escalating situations escalate any fraud issues to the appropriate investigative unit for proper resolution demonstrate outstanding verbal and written communication skills when working with internal and external partners 
 
documentation  process pending credit applications using snap assist with intake of new fraud claims in vcars demonstrate ability to utilize multiple programs simultaneously such as exper [...]"
226,"Regional Sales Director, SAP - NE - United States","DIRECTOR OF ENGINEERING           Experience      Director of Engineering  ,     04/2018   to   05/2018     Company Name   –   City  ,   State      Calero is a leading provider of Communications Lifecycle Management (CLM) solutions designed to turn communication data into actionable insight by simplifying the management of voice, mobile, and other communications services and assets  In control of two new product development teams and one legacy team working driving future growth  Started the Atlanta Engineering office hiring 12 junior engineers and enabling them to be productive and working on roadmap items in less than 9 months  Built new a new platform enabling the existing marquee software product to be multi-tenant and cloud-enabled  Powering one-click upgrades / migrations, seamless movement across nodes, and unified performance monitoring  60% of all implementations are now deployed on this platform  Created a new product segment for mobility including new mobile-first UI design, e-bonding, self-service responsive portal, unbilled usage tracking, and workflow-enabled device ordering         Sr. Director Software Development  ,     04/2016   to   04/2018     Company Name   –   City  ,   State      CLA is an alternative consumer lending providing consumer loans and various financial products  Lead three different development teams focused on different areas of business: consumer lending, merchants, and medical insurance  Responsible for business analysts, quality assurance, database administration, product management, and software development  Moved team to agile scum process: stories, cards, standups, timebox releases, developer estimation, unit testing, release automation  Increased quality and decreased time between releases  Implemented a new single ticketing system across the company  Created a new application with responsive UI for mobile and tablets for healthcare         VP of Engineering and Operations  ,     08/2013   to   04/2016     Company Name   – [...]","location remote  northeast united statessyntax is a leading managed cloud provider for mission critical enterprise applications and has been providing comprehensive technology solutions to businesses of all sizes since 
 syntax has undisputed strength to implement and manage erp deployments oracle sap in a secure and resilient private public or hybrid cloud
 with strong technical and functional consulting services and worldclass monitoring and automation syntax serves some of north americas largest corporations across a diverse range of industries
 syntax has offices worldwide and partners with oracle sap aws microsoft ibm and other global technology leaders
 position summarythe regional sales director  solution saleswill be part of a national sales team and will work within the southeast region
 the position is a remote position but will include  travel throughout the northeast and other areas of the country
 the regional sales director will be responsible for prospecting in hisher territory pursuing qualified leads and meeting quarterly revenue targets
 ability to call on clevel executivesstrong contact and networking baseexcellent listening writing  presentation skillssense of urgency and strong work ethic selfmotivated and accountable to forecast and quotahighly energetic person who can work independently in addition to being a strong team playerstrong interpersonal and influencing skillsstrong verbal and written communications skillsit infrastructure and hosting knowledg [...]"
227,Sr. Director/Head of Strategy and Business Operations,"TEACHER       Summary    A dedicated Teacher and Marine Corps Veteran experienced in many different working environments, I am accustomed to leading coworkers in both large and small teams to create innovative solutions.      Highlights          Experience working special needs students    Knowledgeable in distance learning techniques     Goal Setting      Strong communication skills    MS Office     Deadline-oriented       Employee training and development              Experience     August 2007   to   December 2016     Company Name   City  ,   State     Teacher        Teaching a variety of asynchronous courses (Law, Government, Algebra, Sociology, Pennsylvania History, Political Science) to all students across multiple schools in multiple states.  Create and implement individualized academic plans for gifted students as well as students with disabilities.  Create new courses for delivery via multiple LMS Platforms to client schools (to include all content and assessments).  As Department Chair duties included leading a team of 8 teachers while maintaining a high level of professionalism and technical proficiency, training new teachers and maintaining appropriate records.  As SAP coordinator duties included identifying and communication to the appropriate team members those student behaviors that presented a threat to student learning and ensuring at-risk students were connected with relevant social services.   Supervisor: Rodney Slappy (1 866-990-6637)          April 2006   to   July 2007     Company Name   City  ,   State     Appraisal Coordinator        Manage process of national real estate appraisals.  Facilitate communication between appraisers, lenders, buyers, and sellers.  Maintain records of all actions taken from incoming orders through to acceptance of appraisal documents and loan closing.  Troubleshoot the process via phone contact and email.          Education     12/2009     Robert Morris University   City  ,   State  ,   United States     Master of [...]","resilience national resilience inc is a firstofitskind manufacturing and technology company dedicated to broadening access to complex medicines and protecting biopharmaceutical supply chains against disruption founded in  the company is building a sustainable network of hightech endtoend manufacturing solutions to ensure the medicines of today and tomorrow can be made quickly safely and at scale resilience will offer the highest quality and regulatory capabilities and flexible and adaptive facilities to serve partners of all sizes by continuously advancing the science of biopharmaceutical manufacturing and development resilience frees partners to focus on the discoveries that improve patients lives

for more information visit 


role and responsibilities

reporting to the chief manufacturing officer the senior director  head of strategy  business operations shapes the strategic direction of technical operations techopts as a competitive advantage for resilience in alignment with rd process development commercial and business development to succeed this leader has a track record of success with opex and change management this position is based in san diego california

the senior director  head of strategy  business operations will
 set the strategic goals and supports performance targets of techopts in collaboration with cmo and functionalsite leaders in view of techopts strategy business complexity fast changing competitive environment while enabling cooperation interdependen [...]"
228,Sales Manager,"TUTOR       Professional Summary    Self-motivated and detail oriented individual with comprehensive training in ICD-10-CM/PCS, CPT and HCPCS II coding. Focused individual who has demonstrated ability to work well independently while actively coordinating with other team members. Seeking medical coding position.      Education and Training     July 2016     Career Step Professional Medical Coding and Billing Program        City  ,   State      Certificate of Graduation with Honors
*Inpatient and Outpatient coding
*Medical Terminology
*Anatomy & Pathophysiology        Professional Affiliations     American Academy of Professional Coders (AAPC) -Member			CPC-A (7/23/2016)  
American Health Information Management Association (AHIMA)-Member        Professional Experience     01/2013   to   01/2015     Tutor    Company Name          Tutored homeschool students in weekly high school prep courses.  Researched, planned and facilitated studies in Latin, Debate, Literature, Composition, Algebra, Science, Geography and History.  Provided parent mentoring and support.         01/2011   to   Current     Office Manager    Company Name          Tracked financial transactions.  Monitored accounts receivable, accounts payable.  Negotiated with vendors and customers.  Produced profit and loss statements.         01/2008   to   01/2014     Independent Sales Consultant    Company Name          Presented product demonstrations.  Communicated with hosts and customers and provided product support.  Recruited and mentored new consultants.  Won numerous sales and recruiting level recognitions and promotions.          Skills     computer systems, organized, self starter, grammar, communicates well  ​","we are hiring a sales manager

summary

being the sales manager at a concord hospitality property means you hold an important key to the hotels success you will develop and foster hotel business through direct sales marketing telemarketing direct mail and tours of the hotel for both guest rooms and event space

responsibilities

 foster business with proactive and reactive sales efforts

 provide excellent customer service to our clients with speed and efficiency in returning calls and bookings

 exude proactive planning organizational skills and keen sense of pricing for overall efficiency of department

 provide excellent follow through on details to account and to hotel departments

 be the face of the hotel as all industry events with property representation of professionalism and character

 work with  party booking sites concord revenue management and city convention centers for maximization of key citywide events

 meet and exceed all monthly revenue and sales calls goals

 documentation of all sales activities in delphi or similar sales system for tracking and history

 be a team player at all times to assist as needed in the operation of a successful hotel

benefits

we offer competitive wages fulltime associates are eligible to participate in a comprehensive benefit package which includes medicaldentalvision plans life insurance stlt disability options  options tuition assistance discounted room rates at concord managed hotels plus training  development and career a [...]"
229,Human Resources Director,"CONSULTANT       Profile     

Skilled professional with 15 years of
experience in electrical and quality engineering for numerous engineering

and quality control processes. Expertise in
creating detailed test plans and test cases for optimal quality control.

Solid background in various testing
methodologies for both client-facing and non-client-facing procedures

and products.

       Experience      Customer Relations     Monitored customer technical related issues   Maximized operational efficiency by coaching staff on various customer service initiatives   Improved employee-customer relations by providing
social skills and managerial training to staff.    Analytical Skills    Oversaw quality assurance initiatives to design and implement products and processes for ongoing
projects.  Ensured optimal productivity and quality assurance initiatives by performing routine maintenance on
electrical equipment.  Review statistics and determine areas requiring enhancement, which includes inspecting samples and
formulating improvement policies to meet quality standards.    Organization and Document Management    Managed CAPA's and Risk assessment analysis, failure Mode and Effect analysis, and forensic investigation of     manufacturing and product field failures.    Wrote procedures and established practices
     to develop templates and documentation to improve forensic investigation for
     manufacturing and product field failures.


   Ensured proper documentation of phase deliverables in
Products Design History and Technical Files.           Work History      Consultant   01/2009   to   Current     Company Name   City  ,   State       Conducted product analysis to address products high failure rates, which led to more than 15% decrease in failure rate.   Provided failure analysis, engineering support, forensic investigation, and statistical data analysis.  Provided training to staff in leadership, strategic planning, and organizational management.          Electrica [...]","myusa credit union  million in assets located in middletown ohio has engaged angott search group to conduct the search for its next director of human resources

reporting to the president and coo the director of hr is responsible for the administration of all human resources activities including but not limited to recruitment onboarding training and development performance coaching and management employee engagement benefits employee relations and compensation
this position monitors and ensures the organizations compliance with federal state and local employment laws and regulations
the director of human resources strives to integrate the myusa values in all daily interactions

a bachelors degree preferably in human resources is required with at least three years of human resource experience andor training
experience working in a financial institution is also preferred
for immediate consideration please send your resume to lisa burroughs at angott search group

asgteamcom

associated topics
benefit compensation employee hr human resource hunter interview recruiter talent management train"
230,Criminal Investigator 2,"SEXUAL ASSAULT CRISIS COUNSELOR / VICTIM ADVOCATE         Core Qualifications        Microsoft Office and General Computer skills              Education     August 2012     Master of Social Work      Fordham University   －   City               May 2009     Bachelor of Arts  :   Social Services    Quinnipiac University   －     State      Social Services       May 2006     Associate of Science  :   Human Services    Naugatuck Valley CC   －     State      Human Services          Experience     02/2013   to   Current     Sexual Assault Crisis Counselor / Victim Advocate    Company Name   －   City  ,   State      One on one trauma informed crisis counseling to clients with an emphasis on empowerment *Provide advocacy and accompaniment for clients at the hospital, police and court level *Provide support and counseling to family members and friends of victims *Community Outreach  *Facilitates multiple support groups to men and women at various community agencies *Legislative Advocacy Committee Liaison *Attend multiple community meetings, roundtables, committees, teams.         01/2010   to   01/2012     Clinical Social Work Intern    Company Name   －   City  ,   State      Visited clients in their homes, nursing facilities and hospital setting *Maintained a caseload of 20 - 30 clients *Provided Psych-Social initial and updated assessments *Developed care plans for clients and their families *Coordinated community services for clients and their families.         01/2008       Community Educator Intern    Company Name   －   City  ,   State      Facilitated educational training in the community on domestic violence and sexual assault.         02/2005   to   06/2016     Supervisor    Company Name   －   City  ,   State      Train and Supervise 153 employees and new supervisors.         01/2001       Social Work Intern    Company Name   －   City  ,   State      Developed and implemented curriculum on issues of domestic violence, sexual assault and self-esteem for male and female [...]","about us

the office of the ohio public defender opd is the state agency responsible for providing legal representation and other services to people accused or convicted of a crime who cannot afford to hire an attorney

our mission advocating fighting helping

our vision a fair justice system

our values compassion dignity equity integrity service community

our commitment to diversity equity and inclusion our commitment to inclusion is inseparable from our commitment to a fair justice system we strive to ensure inclusive spaces and services for our staff our clients and ohios diverse communities we are committed to building a work environment where all our team members have a voice and can embrace our differences to innovate service to the public we can best meet our public defense mission through a diverse workforce and an inclusive workplace where employees thrive our mission is accomplished and ohioans are served teamopd is grounded in diversity equity inclusion as we work together to pursue fairness and justice for all people

follow opd on facebook and twitter  visit our website

about the position and what youll do

the criminal investigator  works independently and at the direction of their supervisor to conduct thorough detailed and accurate psychosocial investigations of clients at the trial court and posttrial litigation levels you will also conduct fact investigations on trial and posttrial litigation you will join the mitigation and investigation department which [...]"
231,Sales Representatives,"SALES REPRESENTATIVE         Highlights        Business Tools: SAAS, Microsoft Access, Excel, Word, Power Point, InDesign, Adobe Photoshop, Salesforce, Quicken              Experience     03/2014   to   Current     Sales Representative    Company Name   －   City  ,   State      Responsible for the day-to-day relationship management of over 40 unique clients regarding planning, production, marketing, sales and distribution of Josten's yearbook program.  Key priorities include maintaining current account volume of over 700k and developing new business from potential prospects.  Project manage the life cycle of customers yearbook program, including idea generation, production deadlines, marketing campaigns, pricing structures, budget responsibilities, shipping schedules, sales goals and distribution.  Utilize salesforce to log customer communication and update targeted new business pipeline.  Develop partnerships and grow Josten's market share by leading effectively as the trusted main point of contact with school administration, school organizations, teachers, students, coaches and parents.  Support school missions by implementing educational programs surrounding school pride, anti-bullying, student-teacher recognition and commitments to achievement.  Doubled new account volume growth YoY when compared to previous rep performance in same timeframe.  Currently at 50% to goal for 2017 new business.         08/2012   to   03/2014     Digital Media Sales Representative    Company Name   －   City  ,   State      Responsible for the day-to-day relationship management of over 60 unique clients regarding online advertising for our dealer partners.  Key priorities include servicing current accounts and developing new business from potential prospects.  Convert prospective dealer principals to clients by selling Cars.com online ad packages/ancillary products.  Analyze and consult dealer principals on best way to allocate their advertising budget through a competitive SEO/paid s [...]","sales representatives  launch a new insurance sales career with the support of top producers  scheduling phone interviews

salary and  positions available
   is the  year minimum target for our agents  schedule your phone interview today 

we offer you
 position as a life or health insurance agent  a culture of achievement  success
 vested day renewals
 access to multiple insurance carriers to fit the clients needs
 instant approval of electronic applications
 personal mentorship and training with top producers earning 
 an unmatched bonus structure  compensation up to 
 proprietary social media strategies proven to generate warm market leads and organic growth
 payment for the statemandated hour online course
 freedom to work the schedule that fits your life

your success comes from
 a determined and achievementfocused mindset
 excellent communication skills
 a desire to build and nurture client relationships
 competitive drive and personal discipline
 your willingness to ask for help listen and learn
 a valid drivers license and reliable transportation

we are looking forward to meeting you

you will
 advocate for all your clients  establish and maintain productive professional relationships
 set appointments and interview prospective clients  analyze their financial resources and individual needs
 align and recommend insurance products that suit their needs and bring peace of mind
 feel amazed how quickly your sales close with financial alignment"
232,"Executive Coordinator, Office of The President","SENIOR HR MANAGER         Professional Summary    Results-driven and business-oriented professional with strong experience in business operations, full-cycle human resources, and administrative management. Strong business acumen with the ability to execute a wide range of business management, administrative and practical strategies that result in streamlined operations, increased production, workforce optimization, and employee retention.   A top rated, proven performer who easily moves from vision and strategy to implementation with an organizational focus.  Ability to manage multiple tasks simultaneously in fast-paced environments demanding strong critical thinking, creative, interpersonal and time management skills. Human Resources Process & Project Management Team Training & Development Staff Recruiting & Retention Organizational Optimization Benefits & Payroll Administration Policy & Procedure Development Administrative Management      Skills                    Work History      Senior HR Manager  ,     12/2006   to   Current     Company Name   –   City  ,   State      Aegis Treatment Centers, LLC operates one of the largest networks of Narcotic Treatment Programs (NTPs), also known as Opiate Treatment Programs (OTPs), in the nation.  Manage all aspects of the daily operations Human Resources for multi location organization.  Supervisory scope: staff of 6.  Employee Relations/Employee Retention: Oversight of all aspects of staff performance; performance evaluations, progressive discipline, mediation of staff disputes and grievance procedures in accordance with state and federal laws as well as company policies   Ensure proper staffing ratios contingent on patient census company-wide   Management Coaching Staff training and development Policy development   Full cycle recruiting   New hire orientation   Unemployment, workers' compensation and disability claims administration   Track and analyze annual workforce turnover rates   Prepare reports and recommend proce [...]","requisition id 

job title executive coordinator office of the president

department office of the president

location columbus campus

employment type staff

employment status board approved

bargaining unit nonbargaining unit

flsa status nonexempt

compensation type hourly

compensation commensurate with experience

schedule mon  fri    some evenings and weekends as needed

job description

position summary

the executive coordinator manages all aspects of the presidents calendar and agenda this role communicates with internal and external contacts whom the president meets to ensure efficient and effective management of the office of the president this position secures essential information in support of the presidents engagements provides support acts as backup for the executive assistant to the president and completes other miscellaneous tasks as required this role also provides administrative and scheduling support to the chief of staff

this is accomplished by preparing correspondence complex calendar management recording tracking and responding to incoming requests meeting coordination and event arrangements strong decisionmaking ability integrity and the ability to interact and be an effective team player at all levels of the college are a must

core competencies required

professionalism managing work continuous improvement customerstudentemployee focus collaboration communication positive approach quality orientation adaptability and building partnerships

essentia [...]"
233,CNC Programmer Machinist,"CUSTOMER SERVICE MANAGER       Summary    Pleasant and energetic Office Professional with excellent written and oral communication skills
          and knowledge of use of Office Systems Technology including: Microsoft Office Word, Excel,
          and PowerPoint seeking a role of increased responsibility and authority while committed to
          delivering high quality results.      Skills          Microsoft Office proficiency         Self-starter  Meticulous attention to detail       AS/400  Professional and mature          Medical terminology  Resourceful          Proofreading  Dedicated team player          Understands grammar  Strong interpersonal skills          Business writing  Results-oriented          Mail management              Experience     10/2012   to   Current     Customer Service Manager    Company Name   －   City  ,   State      Promoted to Closing Key Holder after 1 month of employment.  Received a merit raise for strong attention to detail, exemplary customer service and
          team-player attitude.  Received a certificate of appreciation from Tara Hall Home for Boys in recognition of
          my service and support through family services.  Received a certificate from Howard Adult Center for completing a continuing education
          introductory course in computers.  Received a merit raise and certificate for meeting Store Inventory goals with a
          variance of +1.02%.  Overnight winner of the ""[WalMart] Employee of the Month Award September, 2010.  Promoted to Customer Service Manager upon demonstrating exemplary customer
          service and leadership skills October 2012.  Provide Customer service by acknowledging the customer, identifying Customer needs,
          assisting with purchasing decisions, locating merchandise, resolving Customer issues
          and concerns, and promoting products and services, while maintaining a safe shopping
          environment.  Maintain the front-end in accordance with Company policies and [...]","cnc programmer machinist

we are currently seeking a fulltime salaried cnc programmer machinist to join our team in our hawthorne ny  location

who we are

founded in  clarapaths mission is to transform the laboratory space and advance how hospitals provide laboratory care our company is strategically backed by one of the largest hospitals in the country as well as visionary pharmaceutical and academic leaders in collaboration with our partners we aim to improve patient care through our automated processing analysis and diagnostics technology

from our fully automated precision sectioning technology to worldclass imaging and analysis expertise our team is building a robotic system that will impact the future of digital pathology we offer challenging opportunities to join a uniquely innovative company that straddles the worlds of medical devices robotics industrial automation and technology

to learn more about us please visit us at

about the role

clarapath is looking for a cnc programmer machinist who has machine shop experience in a manufacturing environment skilled in the operation of a cnc mill cnc lathe manual equipment tools and measuring devices the cnc machinist will produce parts in a production and rd setting and will collaborate with engineers for dfma and optimal machining designs

what youll do

core duties and responsibilities include the following

program and operate cnc mill axis and cnc lathe for the manufacturing of  unique parts

operate any type and size [...]"
234,Web Developer (Front-End),"CONSULTANT       Summary    Media Planner and Media Buyer roles handled in the adverstising industry with a total work experience of 4+ years. Excellent knowledge in the Media agency analytical tools like TAM (Television Audience Measurement), IRS (Indian Readership Survey), TGI (Target Group Index), and Google Analytics. Excellent knowledge in Microsoft Excel, Powerpoint, Outlook, Project, and Visio. Have used the tools at work place and academic front prudently. Basic and working knowledge in SQL (Structured Query Language), Core Java, HTML, SAP MM module Worked on operating systems like Windows 7, Windows Vista, Windows XP, and Apple OS X. Strong Interpersonal skills, leadership skills, listening skills, quick learner, and team player. Have a delightful and enlightening experience in working with top clients in FMCG, Automobile, Retail, e-commerce etc. Attended several conferences, and training programs with seniors. Highest qualification is MBA in International Business with dual specialization in Marketing and Finance. Currently pursuing Masters in Management Information Systems in the US. Looking forward to switch industry from Marketing to Technological field focused on Database side preferebly.       Highlights          JAVA  Web Technologies  HTML, CSS  Databases  MYSQL  Database Tools  SQL  Analytical and data Retrieving Tools  Google Analytics, TAM, TGI, RAM, IRS  Operating Systems  Windows 7, Windows Vista, Windows XP, and Apple OS X.              Accomplishments      Project Title Hospital Database Management System Course Database Design and Implementation Problem Lack of Centralized Database System, paper records management and lack of communication between functional Department Solution To design a Hospital management system and build the database in SQL Summary The project was related to Relational Database System and after identifying the departments and hospital unit as a whole.  At the designing stage ER and Schema was formulated and in the imple [...]",commerceasia the most comprehensive ecommerce ecosystem in south east asia is looking for exceptional and highly motivated web developer with a strong track record of designing and developing multitiered web applications that are high quality scalable and reliable you will be actively encouraged to push the boundaries of new technology to ensure that we choose the most appropriate solutions for delivering our web application to enable you to progress to meet your own potential
235,Commercial Construction Manager,"KEY HOLDER       Summary    Highly organized efficient in multitasking environments; able to prioritize effectively to accomplish
objectives with creativity, enthusiasm and humor. Resourceful and flexible, able to adapt to changing priorities
and maintain a positive attitude with strong work ethic.      Highlights        Microsoft Outlook, Word and Excel          Skilled trainer MS Office expert          Customer-focused Strong interpersonal skills          Effective workflow management Accomplished manager          Goal-oriented Positive and upbeat              Experience      Key Holder   08/2012   to   Current     Company Name   City  ,   State       Trained all incoming sales team members.  Promptly resolved all customer requests, questions and complaints.  Maintained knowledge of current sales and promotions, policies regarding payment and exchanges and security practices.  Assumed ownership over team productivity and managed work flow to meet or exceed quality service goals.  Trained staff on operating procedures and company services.  Prepared for opening and closing of the store.          Collections Specialist   02/2010   to   04/2011     Company Name   City  ,   State       Effectively managed a high-volume of inbound and outbound customer calls.  Evaluated and initiated alternatives for resolving account balances.  Responded to customer inquires regarding account status.  Coordinated collection activities for delinquent accounts.  Resolved customer situations calmly and courteously.  Accurately documented, researched and resolved customer service issues.  Met or exceeded service and quality standards every review period.          Sales Associate   07/2008   to   04/2009        City  ,   State       Greeted customers in a timely fashion while quickly determining their needs.  Maintained knowledge of current sales and promotions, policies regarding payment and exchanges and security practices.  Contributed to team success by exceeding team sales goals.  Ope [...]","full job description 

commercial construction manager 
johnson creek development is actively seeking a commercial construction manager the selected candidate will manage the overall construction of commercial projects and will supervise a team of subordinates subcontractors and suppliers johnson creek development embraces those with entrepreneurial instincts and forwardthinking views we reward our employees who acquire new clients propose new forms of revenue recruit new high performing team members and explore cutting edge business ventures within the commercial realestate construction market our working environment is fast paced and performance expectations are high however we recognize the importance of family and a healthy balance between our employees personal and professional life 

mandatory requirements
bs in engineering construction management or related discipline preferredhs diplomaged  plus years of experience requiredosha  certifiedexperience managing and estimating commercial projects from  to  with managing union personnelavailability to travel to jobsites in the champaignurbana areaexperience in preconstruction tasks post construction tasks managing change orders and building schedulesability to write and comprehend rfis potential change orders project schedules week outlooks and other project documentsability to utilize microsoft office suite and adobeability to clearly communicate to office owner and subcontractors
primary responsibilities
provide leadershi [...]"
236,Retail Sales Associate,"SR.  BUSINESS DEVELOPMENT DIRECTOR         Accomplishments      Cyber security classified systems - Department of Defense: held Top Secret, Secret Clearances Windows server networks, Disaster Recovery, Microsoft Office applications Guest Teacher Lee County Schools Career Counseling High School and College level Low Vision support software, Guide, Zoom Text, Jaws support Classroom lecture training on Aviation and commercial business topics EH&S Tier 1,2 auditor Private Pilot.        Professional Summary     Top producing sales professional and expert in the aerospace  industry. Dynamic communicator who consistently exceeds goals and company expectations.  Motivated business developer with solid experience managing all levels of large-scale projects, including budgeting and administration.  Client-focused Sales Representative with 8+ years of providing solutions to customers. Solid understanding of the [ systems and program areas].       Skills          Risk management processes and analysis  Team leadership  Staff development  Project management  Self-motivated  Process implementation      Powerful negotiator  Extremely organized  Client assessment and  analysis  Budgeting and finance  Strong verbal communication  Team liaison  Conflict resolution            Work History      Sr.  Business Development Director  ,     01/2014   to   Current     Company Name   –   City  ,   State      Manage and develop business relations with insurance marketplace clients sales.  Direct sales team with software sales nationally.  Consult clients to assess technology requirements and advise on software to address their needs.  Lead project management for complete life cycle of software build and customization.  Implemented marketing strategies which resulted in 12% growth of customer base.         IT Program Manager  ,     12/2012   to   01/2014     Company Name   –   City  ,   State      Successfully built the confidence and trust of major companies, in Xerox software and support thro [...]","overview

if you want an exciting job with one of the largest offprice retail stores in the nation join the burlington stores inc team as a retail sales associate are you an outgoing upbeat peopleperson with great organizational skills would you thrive in a highenergy environment where associates work together to drive results is it important to you to make a difference in the community where you live and work if you answered yes then this may be the right opportunity for you

retail sales associates are important ambassadors of the burlington brand at the front lines in our mission to provide worldclass service to our customers youll be responsible for greeting and assisting customers maintaining a neat organized and clean sales floor and supporting the management team with daytoday store operations retail sales associates may be assigned to work in any or all of the following departments ladies men youth sportswear shoes home or baby depot

responsibilities
 assisting customers in locating merchandise when needed
 assisting in floor moves merchandising display maintenance and housekeeping
 assisting in ringing up sales at registers andor bagging merchandise
 performing other tasks as assigned by manager from timetotime

candidates must be able to work a flexible schedule including nights weekends and holidays as required physical requirements may include the ability to lift and move boxes weighing  lbs or more and the ability to stand for extended periods of time

if you

a [...]"
237,Web Developer,"IT CONSULTANT       Career Overview     Network administration veteran with extensive experience  building, improving, supporting and architecting ASP-type infrastructures.        Qualifications        Windows Server 2000-2012, Active Directory, Windows Desktop O.S. 7 - 10, Exchange Server 2010-2013/VMWare vSphere (ESXI), Amazon Web Services, EC2, S3, CloudFront, Glacier, RDS, MySQL, MS SQL,  Linux Centos 6, Apple IOS, SonicWall, Office365
Software:		MS Office, RDP, Putty, SuccessWare21              Accomplishments      CERTIFICATIONS:.        Work Experience     01/2001   to   01/2015     IT Consultant    Company Name          Implemented and managed IT infrastructure Designed and managed Windows Active Directory Network (Windows NT 4.0, Windows 2000 - 2012 servers); Managed MS Exchange, MS SQL, SuccessWare21, Symantec Backup Exec, Kaspersky Virus Protection servers, and Sonic Firewalls; Managed and supported Tadiran PBX, AEONIX Contact Center, and CSI (VO) Call Accounting servers; Developed and implemented secure remote access solution for sales consultants and field  service technicians; Provided hardware and application support for in-house and field service personnel; Installed, and troubleshoot applications and services on Windows and IOS devices; Network Design and Installation (Windows Networking, Active Directory) Hardware/Software Installation and Configuration Remote Access Solutions, including secure Wireless technologies Email § Database Development Services Performance Monitoring and Tuning Server Sizing and Capacity Planning Disaster Recovery and Business Contingency Planning Vendor liaison and product selection 24x7 network & application monitoring § Comprehensive network support agreements.         01/1998   to   01/2001     Sr. Systems Engineer/Project Manager    Company Name               01/1996   to   01/1997     Network Analyst/Director of Operations      City  ,   State      Member of global systems integration team.  Provided field service fu [...]","web developer

job id 

 positions 

location ustnnashville

posted date 

category digital business  digital operations

level representative

more information about this job

overview

leading country music company sony music nashville is looking for a technical highlymotivated rockstar web developer are you the professional who can help us make a direct impact on our artists sales and label success in the online world

consider this rewarding position in our digital department if you

have the ability to design across a broad range of artistic styles

are capable of working concurrently on multiple projects in a fastpaced environment and stay on deadline

sony music entertainment is a global recorded music company with a roster of current artists that includes a broad array of both local artists and international superstars as well as a vast catalog that comprises some of the most important recordings in history sony music entertainment is a wholly owned subsidiary of sony corporation of america

all qualified applicants will receive consideration for employment without regard to race color religion sex national origin disability or protected veteran status

responsibilities

the web developer will use technical skills to develop and maintain the online assets for sony music nashvilles roster of artist this will include the creation of digital assets coding of online campaigns maintenance of company and label internet and intranet websites and the collection and evaluation [...]"
238,"Program Manager, Blended Learning","DIGITAL MARKETING SPECIALIST             Highlights          Strong Digital Marketing experience using Social Media platforms  Proficient in the following programs, tools, and applications:  Slack, Google Analytics, AdWords, Site Catalyst / Omniture / Adobe Analytics, Microsoft Excel and Word / Apple Pages and Numbers, Adobe Creative (Photoshop, Lightroom, Illustrator) Final Cut Pro, Avid, Mail Chimp, Constant Contact, Work Zone, Mind Jet, Salesforce, GitLab, GitHub, CVS, WordPress, Dreamweaver                    Experience      Company Name     January 2014   to   Current     Digital Marketing Specialist   City  ,   State      Strategic Management: Use expertise to interpret e-commerce merchant objectives, data insights, and digital marketing requirements into digital plans.  Push thinking on customer/merchant projects and integrate search marketing into broader digital marketing channel performance for more advanced acquisition and lead generation initiatives.  Applies analytic and technical skills to problem solve and iterate campaigns.  Observes and follows e-commerce and technology trends and resources as they emerge into the marketplace.  Analyzes and interprets raw data points to uncover new business opportunities.  Interprets charts, spreadsheets and presentations to create marketing opportunities.  Identifies needs and opportunities and develops action plans to address.  Able to think strategically and tactically.  Developers appropriate project plans and timelines, coordinates and negotiates project plans with other team members and departments.  Ensures project completion, accuracy and frequently updating senior management of project progression.  Digital Operations: Identifies process improvements across planning and account management with the goal to optimize business operations.  Working independently with minimum supervision, demonstrates digital expertise by guiding the users on best practices and teaching them how to leverage systems functionalitie [...]","program manager blended learning
at general assembly view all jobs
us remote
who we are
since  general assembly has transformed tens of thousands of careers through pioneering experiential education in todays most indemand skills as featured in the economist wired and the new york times ga offers training in web development data design business and more both online and at campuses around the world our global professional community boasts  alumni  and counting
in addition to fostering career growth for individuals ga helps employers cultivate top tech talent and spur innovation by transforming their teams through strategic learning more than  employees at elite companies worldwide have honed their digital fluency with our corporate training programs ga has also been recognized as one of deloittes technology fast  and fast company has dubbed us leaders in worldchanging ideas as well as the  most innovative company in education

position description
the program manager is responsible for managing multiple complex stakeholder intensive programs related to general assemblys blended learning initiative this individual has experience leading concurrent programs that have financial regulatory instructor and learner implications  all of which must be weighed prioritized and advanced through the appropriate product technology and delivery channels 
this role is part of a crossfunctional team of product and learning experts supporting the development of a new learning experience to supp [...]"
239,Retail Sales Associate,"Rachel    Guardado         Summary     Polished and professional team member skilled at counting money, processing payments and building relationships with patrons. Effectively meet front-end needs with skilled merchandising, customer support and register management. Proficient in processing purchases and returns with high accuracy and diligent attention to important details. Sales expert promotes products and plans to boost store profits. Hardworking Warehouse Associate with excellent materials handling, storage management and shipment preparation skills. Experienced in picking orders, assembling pallets and preparing containers. Delivers accurate inventory counts and maintains detailed warehouse records. Dedicated Customer Service Specialist providing skills to prioritize and multi-task in fast-paced working environment. Successfully works as part of team to reach personal and business goals. Known for successfully handling escalated customer support issues.       Skills          Credit and cash transactions  Issue resolution  Scanner operations  Cash register operation  Customer assistance  Staff mentoring  Cash counting machine operations  Product location skills  Heavy lifting  Warehouse operations  Weighing and Measuring      Tagging expertise  Automatic packing equipment  Microsoft Office  Leadership  Front of House Organization  Event Planning  Reservations  Customer Service  Check payment processing  Service prioritization            Experience      Warehouse Picker     City  ,   State      Company Name  /   May 2021   to    Current        Prepared inventory for shipment by attaching tags and labels and executing shipment documents to facilitate delivery to proper customers.  Packaged items with appropriate materials to prevent damage during shipping.  Marked and labeled containers with accurate shipping information to prevent delays.  Assembled cartons, crates and containers.  Utilized pallet jacks to move items to and from different warehouse locations. [...]","are you a high energy outgoing person who loves to help others and work as part of a team are you interested in starting a career in retail do you thrive in fast paced environments

then you may be the perfect addition to our team

guest service associates provide an exceptional guest shopping experience by greeting our guests and keeping our stores instock clean and organized as a guest service associate you will support the manager in day to day operations you will be crosstrained in all areas of the store gaining valuable operations experience looking for growth opportunities our parent company eg america operates nearly  locations across the united states

here are some of the tasks you will complete here
 we like to make sure all guests are greeted with a warm welcome and a smile after all we are known for delivering exceptional guest service
 operating the cash register in an efficient manner
 ability to adjust to whatevers thrown your way the environment here is fast paced no  days are alike thats what keeps it fun
 brewing coffee stocking shelves coolers and freezers
 juggling various tasks
 we love to keep a clean store we work as a team and do our part to maintain impeccable standards

we take great pride in the important role we play in the communities we serve our doors are always open to our guests rain or shine and on weekends  holidays each team member contributes to delivering the best experience to our guests by participating in all parts of the job

if you h [...]"
240,Project Manager,"SR. PROJECT MANAGER       Profile     Information Technology Professional with a diverse background and 10+ years of progressive experience as an: experienced IT professional consistently delivering exceptional vendor solutions, third party development resources, project resources and program management results. Proven track record and experience with multiple large full-scale, full life cycle implementations, managing both functional and technical teams while provide operations and maintenance support in achieving corporate goals       Core Qualifications          Web content management  Business case development  Leading execution and delivery  Vendor management  Contract negotiations  Product Roadmaps  Financial management  Sustainable applications management  Internal and External Communication        Strong analytical skills  Cross-tier components implementation  Project management  Information security  Document management  Testing  Excellent problem solving skills  Content management systems            Technical Skills        Skills    Experience    Total Years    Last Used    Windows, VMWare, SQL, Mobile Development                      Professional Experience      Sr. Project Manager   08/2012   to   Current     Company Name   City  ,   State       Responsible for software lifecycle in the Cloud Realization group Manages multiple projects that involve planning, development of business and technical requirements, testing, deployment, and operational support of new products and features for AT&T's Cloud Services Leads cross-functional project team meetings, coordinates resources, facilitates communication with stakeholders, and drives project tasks, issues, and action items to completion or resolution Develops and manages detailed project documentation including project timelines, leadership status reports and presentations, issues logs, and meeting minutes Consults directly with clients on business goals, tools, strategy and best practices for software devel [...]","about the position

here at globalization partners a project manager is seen as a key driver in the successful achievement of our ambitious companywide goals in taking the helm of some of the most important projects going on within the company you will turn these highlevel goals into discrete projects with clear steps to deliver results in the process you will orchestrate the activities of a team from across departments at all levels and around the globe to execute on these project plans this role requires a combination of demonstrated experience in managing applicable crossfunctional projects along with the aptitude attitude and energy to drive forward progress in an environment with many competing priorities

what youll do
 be an active and visible leader of crossfunctional business and technology projects consisting of multiple workstreams and phases executed by geographically distributed teams consisting of internal and external resources
 develop a big picture endtoend understanding of your project and use that to help your project team to connect the dots between their activities and the larger goal
 build detailed project plans that provide clarity on the path to completion and key milestones along the way
 track and communicate project progress status and health to project stakeholders and company leadership on a regular basis
 establish highperforming project teams of matrixed resources not reporting directly to you that are able to deliver quality and timely results [...]"
241,Dump Truck Driver,"ASSISTANT MANAGER - HR            www.linkedin.com/in/sumankumari725b9236         Professional Summary     Looking for a challenging position, which utilizes my skills, hard work and provides opportunities to learn and contribute to the organization. I want to see myself as an active contributor to a team of ambitious people and thereby enhance my knowledge and personality. Human Resource Professional with over 4 years of rich experience in Recruitment, Organization Developement, Time Management, Training & Development, Performance Management, Employee Engagement, TPM & Audit. Worked as an Assistant Manager- HR (Generalist Profile) with VARROC POLYMERS PVT. LTD at its manufacturing unit and assisted HRM & SAP at the unit. Possess strong communication, interpersonal, problem solving skills and analytical skills. Strong communication, collaboration & team building skills with proficiency at grasping new technical concepts quickly and utilise the same in a productive manner. Fast Learner (demonstrated ability to learn and master new skills/tools, even in strictly harsh deadline) Mentor and groom resources.       Skills         SAP R/3 4.7, MS Office (Word, Excel, Power Point, Outlook, Internet Applications). *Have good understanding of SQL, HTML, CSS and JavaScript. *Operating Systems: Windows 95/98/2000/XP *Functional Knowledge: Recruitment, Organization Management, Time Management, Payroll, Benefits, Personal Administration, Training and Development, ESS, Performance Appraisal.             Work History      Assistant Manager - HR  ,     09/2012   to   08/2013     Company Name          Generalist profile - Recruitment, Training & Development, Performance Appraisal, Employee Engagement, Audit, SAP-HR PA -Personnel Administration Defined the Enterprise Structure, Personnel Structure and Pay Scale Structure for the enterprise and linked the Pay Scale and Enterprise Structures.  Configured user parameters and the number range intervals for personnel numbers.  Configured p [...]","these include but are not limited to

whether working in construction or any other field dump truck drivers will be required to fulfill a number of responsibilities while on the job

strong communication skills  can speak clearly no matter what type of situation is able to listen to others responds to questions can present in a group will actively participate in meetingsinterpersonal skills  driver should be able to listen to others without interruption control emotions have a willingness to listen to others and a focus on resolving conflict peacefullyawareness of budget  driver should maintain awareness of costs to help contribute to profits and reduce lossefficiency  driver should complete work efficiently while working on increased productivity they should also work in a safe manner and encourage others to be safe as wellethical awareness  driver must treat coworkers and clients with respect maintain commitments show up to appointments on time show integrity and uphold values of employertime awareness  driver must be able to plan and organize in addition to using their time efficientlydependable  driver should listen to management follow instructions take responsibility for their own actions work hard to reach goals maintain work commitments and work as a team to create alternative planssafety awareness  when working driver must be aware and execute all safety and security procedures driver should also be able to report unsafe conditions use equipment properly handle mater [...]"
242,Supply Chain Analyst,"SUPPLY CHAIN MANAGER           Summary    Operations Manager FIU College of Business MBA Programs          Experience         November 2013   to   July 2014     Supply Chain Manager   City        Achieved corporate goals through the development and execution of strategy, policy, and leadership.  Primarily, but not limited to activities relating to master planning, tactical purchasing, receiving, warehousing, and shipping, and general materials Management.  Created and implemented Supply Chain Operational Excellence plan and Business Process Improvement plan to increase inventory turns (from 4 average turns per year to 7 average annual turns per year) within a high mix, low volume global business environment.  Controlled inventory assets to include expendable aircraft parts, Rotable and exchange pool assets, chemicals, miscellaneous shop supplies and consumable items valued at 6.8 million dollars.  Achieved and maintained  KPI's related to inventory turns, purchase price variances, material availability, on-time delivery, past due backlog, customer lead time, and overtime premium expenses.  Through both strategic initiatives and tactical response, ensured material availability for fulfilling customer orders on time, meeting target customer lead times, and fulfilling revenue commitments.  Responsible for weekly cycle count program and annual physical inventory processes.  Maintained a key role in the execution of monthly Sales, Inventory, and Operations (SIOP) goals.  Implemented lean principles, change management process, and best practices, for all purchasing/procurement, material handling/storage, and logistics activities.  Developed direct reports to support departmental and organizational continuous improvement goals.  Created and managed departmental expense budgets.  Negotiated and executed supplier agreements/contracts by working with cross-functional stakeholders and suppliers to reach agreement on contract terms and conditions.  Worked closely with departmen [...]","position supply chain analyst
reports to senior supply chain manager
description
we are seeking a detailed oriented supply chain analyst to join our privately owned chemical company the ideal candidate will be a fast learner as they analyze data and methods to improve berrymans delivery of products and services to our customers
essential duties and responsibilities
 analyze and assign lots to shipmentsorders
 analyze and reconcile discrepancies
 save all related documents to share drive
 work with accounting to correct any orderinvoicing issues related to inventory
 communicate with other departments to identify efficiency issues develop solutions and implement changes
 seek to improve all aspects of the supply chain department by reviewing current methodology and processes
 analyze month end reportingreconciling
 assess vendor operations and enforce compliance within quality standards
 reporting
 backup to purchasingbuyer
 backup to inventory analyst
 other duties as assigned

competencies to perform the job successfully an individual should demonstrate the following competencies

 problem solving  identifies and resolves problems in a timely manner
 interpersonal  remains open to others ideas and tries new things demonstrate kindness and respect to others while performing the duties that make up this job
 communication  strong written and verbal communication skills inclusive of active listening
 business acumen  understands business implications of decisions
 critical thin [...]"
243,Content Creator,"MARKETING CONSULTANT           Summary     Value Creator, Marketing Executive:  Versatile strategic leader with over 15 years in corporate marketing, business development, and account management for Fortune 1000, niche, and start-up companies. Success in healthcare, technology, automotive, retail, and consumer-packaged goods. Proven ability to grow revenues and brand loyalty in B2C and B2B markets with innovative campaigns and targeted marketing programs.  Contributor to team leader with experience over million-dollar budgets. Entrepreneur mindset creative and analytical skills for measurable impact. BBA in Marketing and MBA in Management.      Skills          Strategic Planning  Forecasting, Budgets, & P & L  Brand & Product Management  Channel Strategies  Lead Generation  Account Management  Complex Selling  Software & Technology  Manufacturing   Sourcing  Sales Enablement      Business Competitive Analysis  Market Research  New Product Development  Packaging  Creative/Design  Content & Communications  Social Media & Digital   Events   Project Management, Vendor Management  CRM & Automation Apps  Call Center & Telemarketing            Experience      Marketing Consultant    May 2011   to   Current     Company Name   －   City  ,   State      Marketing services and consulting working with diverse companies in healthcare and technology.  Client roles 
vary as Consultant, Contractor, and Employee in marketing leadership and managing all areas of the marketing function and 
resources.  Experience focuses in corporate, startups and individuals seeking to thrive including:.          Marketing Director/Consultant    April 2015   to   December 2016     Company Name   －   City  ,   State      Increased profits by 60% in one year through restructure of business line.  A B2B technology & healthcare solutions provider and VAR for GE Imaging reporting to matrix executive leadership Oversaw marketing for three divisions to support revenue pipeline across diverse vertical markets [...]","about us

we are noble people a modern creative media agency we worked with the best creative agencies in the business and left to do things our own way 

we are an agency that wants to develop original bold and provocative media ideas

media ideas that arent media

media that isnt freaking boring

brand ideas that people love

we do communications strategy media planning and buying and reporting and optimization  but with a lens that respects creativity and without the bullshit that comes along with most media agencies we are passionate we have strong values based on integrity and honesty we find smarter ways to make an impact we strip out the nonsense and do away with the old rules we take a modern transparent and innovative approach to media  again always through a creative lens

we partner with some of the best creative agencies in the business including opinionated and preacher and others you will know we also have relationships with some of the most innovative brands in business today including wetransfer venmo nickelodeon and whoop

who you are

the ideal candidate already creates content for themselves or on behalf of others in a way that demonstrates creativity resourcefulness and an understanding of the platforms
 you are detailoriented
 you can exercise active listening and can effectively communicate verbally visually and in writing
 you know when to ask questions formulate solutions and take initiative
 you have excellent organizational skills and can multitask p [...]"
244,"Software Engineer, Test, Advertising","SOFTWARE ENGINEERING MANAGER       Summary    Experienced software engineer, and hands-on engineering manager with 20+ years of product development experience in broadcast media, and 10+ years of experience in leading development teams (20+ engineers), hiring (10+ offers, 40+ interviews), HR personnel procedures, performance reviews, and project transitions.          Experience     09/2009   to   Current     Software Engineering Manager    Company Name   －   City  ,   State      Visual C++, Windows, STL, OOP, MFC, threads, file maps, ATL, IPC, FTP, TCP, HTTP, XML, JSON, services, web services, REST API, SOA, media formats and standards, codec SDK and integration, MPEG-DASH, API design and documentation.  BCD spinoff as Imagine in 2013) Nexio video servers and applications facilitate collaborative workflow in Nexio LAN with video servers, services and applications running in various nodes.  Media comes from proprietary SAN or generic storage off NAS.  Development and team management, Nexio servers' applications, Playout business unit: Relocated from IL to CA, took on larger role, and video server applications as well.  Led team of 6 from Burbank, team of 8 from Naperville, and team of 8 (indirect report) from Beijing.  Introduced peer reviews, repurposed components, and all 3 teams collaborated as one large team.  Adopted Scrum since 2014 (ScrumMaster), team of 3 to 6 from Burbank; Naperville office closed in 2013.  Team migrated source revision control to Mercurial / Jenkins, 30+ products.  Recipient of ""Reuse Innovation Award"" for IP reuse, major factor to Server business unit turnaround.  Released deliverables for Nexio Software Suite 6.0, 7.0, 8.0, Global Proxy Suite 2.5, 3.0, 3.5 Initiated, architected and executed SOA from concept to completion to facilitate decoupled UI clients, 2 web services and 10 services, and selected hands-on projects include: Hercules web service for web player solution based off MPEG-DASH Created C++ engine to process URI, handle sessi [...]","at spotify advertising our part of that mission is to build the next generation advertising platform for audio which can scale the freemium experience for hundreds of millions of fans and tens of thousands of advertisers this scale brings unique challenges as well as tremendous opportunities to define the insights product for our business
we are looking for an experienced software engineer in test sdet to enable and encourage squads across the selfserve advertising organization to design and implement tests in an efficient way by providing them with the right tools frameworks and infrastructure as a part of a reliabilityfocused team you will help exemplify measure and raise the reliability of our products"
245,Construction Project Manager,"SENIOR ANALYST - BUSINESS INTELLIGENCE AND ANALYTICS - HEALTHCARE       Summary     My 9 years of experience working in Retail, Analytics, and Reporting have given me a strong understanding of both business objectives and technical capabilities. I have worked on Data Visualization, Data Analysis, Analytical Reporting, Retail Reporting, Retail Forecasting, Retail Inventory Management, and Retail Product Management, as well as capabilities consulting on broader initiatives. The knowledge I have developed through this work and my strengths in problem solving, critical thinking, and effective communication allow me to develop creative solutions to complicated problems and clearly communicate with both development teams and end users.       Highlights          Collaborative worker  Creative problem solver  Critical thinker      Mentor and leader  Requirements gathering  User acceptance testing            Experience      Senior Analyst - Business Intelligence and Analytics - Healthcare   05/2013   to   Current     Company Name   City  ,   State       Prioritize and scope a large portion (over 40%) of the new analytics requests coming through our team by engaging the clients on prioritization and keeping them updated through regular communications  Led a cross functional team to review the repeatable reports being delivered to our clients resulting in a 22% reduction in the number of reports our team created on a regular basis  Gathered business requirements and created use cases to support the building of a self-serve tool for our clients to access pharmacy sales data  Work with clients to determine goals and requirements and help them understand what capabilities our team can provide  Work with development teams to discuss goals and requirements of clients and determine a solution that will fit their needs  Consult on various Healthcare initiatives (including loyalty programs, diabetic growth, and vaccination growth) to provide input on how our team can assist  Mentor yo [...]","job details
description
the purpose of your role as a project manager 
as a project manager you will will provide project management support during all phases of hvac construction to ensure project standards budget deadlines and communications are maintained
manage safety compliance and foster a culture of safetydocument control and reviewmanage scope of workbasic schedule management and field resourcesprocurement management  coordinationestimationfinancial managementdevelop build  maintain relationshipssupport sales processtravel or temporarily relocate to project sites until project is completedwhat were looking for in you
bachelor degree preferred or equivalent years experience  years knowledge or experience in the building and construction industry strong understanding of mechanical systems design techniques tools and principlesproven ability to read and comprehend construction documentsproficient knowledge of microsoft office suite and estimating softwarepmp certification and osha  a plusleed accreditedknowledge a plusability to travel and relocate to different project sites as neededyour life at harris
as one of the countrys leading mechanical contractors harris offers you the best of both worlds the stability resources and opportunities of a national company and the team culture creative spirit and customer loyalty of a local business if you thrive on variety and new challenges we want to meet you
from stadiums to manufacturing facilities power plants to hospitals conc [...]"
246,Customer Service Representative (Work at Home),"SR. BUSINESS DEVELOPMENT MANAGER         Professional Summary     Highly organized sales professional with 12 years of inside and outside sales. Exceptional Outside Sales Representative who consistently achieves annual sales quotas and increases the overall customer base in several fields including telecom, advertising, and software solutions. Effectively grows brand awareness through increased market penetration and new market development. Experienced in presenting and selling to senior level(CEO's, CFO's, etc) decision makers in various types of verticals including technology, healthcare, entertainment, logistics, retail chains, hospitality, etc.       Work History      Sr. Business Development Manager     04/2015   to   Current      Company Name   –   City  ,   State      Surpassed annual quota by 125% in 2015.  Scheduled and attended at least 10 appointments per week.  Organized joint sale calls with current customers and outside vendors.  Including the W hotel, Atlanta Hawks, TruGreen, LG, etc.  Vast knowledge and use of Salesfore.com.  Successful at working with senior level decision makers in various verticals including hospitality, technology, logistics, healthcare, contractors, etc.  Maintain strong ties with M2M/IoT Operations, IT, Sales Engineering, Accounting, and Legal teams in support of your customers.  Interact with Finance & Operations to ensure compliance with financial obligations, Accounts Payable, credits.         Entrepreneur     11/2016   to   Current      Company Name   –   City  ,   State      Developed and implemented a comprehensive salesperson training program.  Prospected to obtain new accounts while maintaining relationships with existing accounts.  Directed targeted marketing efforts that introduced new products and promoted product visibility.  Optimized the Ride Ad website and all social media accounts to boost traffic to the sites.         Sr. Business Development Manager     04/2015   to   11/2016      Company Name   –   City  , [...]","minimum level of education
high school or equivalent
minimum years of experience
 year
employment type
full time
travel percentage

position summary
who we are
guest worldwide is a leading global manufacturer and distributor to the travel and leisure industry providing products to over  hotels in  countries we manufacture personal care amenities and a full range of textiles and we distribute nearly everything else you find in the hotel public guest areas in the hotel room recently achieving a billion dollars in annual revenue guest worldwide has grown its business by over  in the last  years guest worldwide is also a wholly owned subsidiary of sysco sysco is a  billion dollar industry leading global food and beverage distribution company employing thousands of employees worldwide and home to the  largest sales organization in the world 

the customer service representative provides customer and territory managers tms support with the sales of hotel and operational supplies 
work at home requirementshigh speed internetmust live in one of these states fl ga oh in tx or mt nvquiet secured workspaceprimary responsibilities
customer  territory manager support 
answer incoming calls and emails from tms research and provide information such as estimated time of arrival eta customer history data order tracking delivery issues proof of delivery etc provide customer with order history information ie item  quantity etc and pricing process orders including new cancellation or additions t [...]"
247,Vice President of Operations - Indianapolis & St. Louis,"INFORMATION TECHNOLOGY AUDITOR         Skills        PeopleSoft HCM 8.8/9.x, PeopleSoft Financials 8.8/9.x,  PeopleTools 8.51/ 8.54, SQL Developer, MS Office, Visio, MS Project, Dell Stat 5.6/5.7, SQL Developer, Application Designer, Putty, SharePoint, HP Application Lifecycle Management, Oracle Enterprise Manager, STAT Admin, TOAD, Service Now, Remedy, Heat, Oracle E-Business, Asset Suite 8.            Experience     10/2016   to   Current     Information Technology Auditor    Company Name   －   City  ,   State      Participate in the annual risk assessment and audit planning process covering IT, financial, operational, and contract areas.  Assist with IT audits and reviews including user access, database and service configurations, security, and policy and procedural compliance.  Perform IT project pre and post audit assessments.  Participate in external cyber related audits and assessments.  Assist with IT portion of annual assessment of internal controls over financial reporting (Sarbanes Oxley - SOX).  Includes risk assessment, control walkthroughs, control testing, remediation assistance, report of results to IT management and other management, and collaboration with our external financial IT auditors.  Consult on IT matters within non-IT focused audits and reviews performed internal audit.  Assist and consult with IT management on upgrades, implementations, and action plans resulting from various audits and assessments.  Assists and provides support to others auditing the Association as needed.  Train and educate members of the internal audit team and other personnel on IT audit methods and emerging IT risks.  Coordinates work of internal auditors when assigned to assist with special/complex audits.  Adhere to company policies, programs and procedures as well as Critical Infrastructure Protection (CIP), Western Electricity Coordinating Council (WECC), Federal Energy Regulatory Commission (FERC), North American Electric Reliability Corporation (NERC), and Midw [...]","this website is audioeye enabled and is being optimized for accessibility to open the audioeye toolbar press shift   the toolbar contains the following

the audioeye help desk to report accessibility and usability related issues

the audioeye certification statement to explain the ongoing web accessibility and usability enhancements for this website

the player tool to listen to this site read aloud the player is not intended as a substitute for your screen reader

if you are unable to complete this application due to a disability contact this employer to ask for an accommodation or an alternative application process
vice president of operations  indianapolis  st louis

full time pepper pike beachwood oh us

 days ago requisition id 
 oversee and monitor both operational and financial performance of all properties
 establish and execute operations strategies
 build train and develop opportunities for growth for the property management leaders  team members
 develops and maintains a positive and productive team environment providing guidance and motivation to maximize portfolio value and streamline reporting
 direct oversight of regional managers within the specified portfolio
 maintain thorough knowledge of relevant markets including competing properties employment trends and new development
 ensure the physical properties are well maintained and capital improvements are recommended and carried out in a timely and costeffective manner
  years of property management industry e [...]"
248,Commercial Real Estate Attorney,"MORTGAGE BANKING DEFAULT OPERATIONS SPECIALIST II       Objective     Seeking a challenging position where I am able to utilize my customer service, trouble shooting, communication and problem solving skills towards growth and advancement within a prestigious company.       Experience     February 2015   to   Current     Company Name    City  ,   State    Mortgage Banking Default Operations Specialist II        Responds to internal inquiries from customer service specialists regarding issues such as missing documents, ordering certain third party services and reviewing ""specialty flags""   Facilitate the gathering of underwriting documents for both pre and post underwriting decision making   Responsible for conducting research on mortgage files currently in litigation   Present results to management with issues and potential risks identified   Receives decision/results from underwriting and QC review and process according to decision   Communicate effectively with borrowers attorney on status of the loss mitigation and/or liquidation   Assess and analyze trial plan and/or modification document detail and verify against modification portal (PEGA)   Thorough understanding of investor requirements and impact potential to loss mitigation and default foreclosure processes  Coordinate tactic initiatives to better streamline department processes & procedures to present to senior management.         May 2014   to   Current     Company Name    City  ,   State    Audio-Visual Technician        Responsible for setting and striking general session/meeting room exhibit labor including load-in & out with install and dismantle, audio, video, and/or lighting assist   Coordinate and/or assist technical crews at various sites   Work with inventory control to ensure complete equipment coverage for clients are established   Operates multi-media equipment   Responsible for all technical labor of production, ensuring picture, sound, and quality   Performs maintenance of audio-visual equip [...]","job description

we are seeking a commercial real estate attorney to become a part of our team you will represent clients in variety of negotiations and sophisticated transactions

responsibilities
 prepare and draft legal documents on behalf of clients
 advise clients on business and legal transactions
 negotiate a variety of transactions including joint ventures commercial leases financings acquisitions and dispositions
 facilitate and attend closings
 participate in business develop activities

qualifications
  years of legal experience in general commercial real state transactions including joint ventures commercial leases financings acquisitions and dispositions
 familiarity with various transactions legal documents relating to the foregoing practice areas
 strong analytical and problem solving skills
 ability to build rapport with clients
 excellent written and verbal communication skills

company description
we are an entrepreneurial firm that started as inhouse counsel for one large owneroperator in new york and then grew to a nationwide client base serving a diverse real estate asset mix including multi family office retail mobile home parks and industrial our recent transactions outside of the new york include deals in arizona arkansas florida ohio west virginia and alaska"
249,Talent Acquisition Advisor (Healthcare)   REMOTE,"FULL TIME STUDENT/INTERN       Summary    Tank Platoon Sergeant with twenty-four years of dedicated military service with the U.S. Army; two years' experience as a qualified trainer and instructor at the U.S. Army Armor School; successfully managed diverse groups of employees. My present position has facilitated the learning of the importance of providing timely support and services while managing a multitude of tasks. Assisted in the conduct of program orientations for large and small groups, complete individual mentoring of students, analyzed and synthesized data and information, wrote clear and concise reports, and effectively communicated with the staff, students and many members of a multidisciplinary team. Career supported by a recent completion of a Bachelors' Degree in Social Work. Team Building Personnel Management Inventory/Supply Management Time Management Training Evaluation Safety/Risk Management Inner-agency Coordination Training and Development Policy Implementation Needs Assessment Curriculum Development Organization/Communication Research/Analysis Microsoft Word, Power Point, Excel         Accomplishments      Graduated with Honors with a 3.69 GPA from the University of Louisville with a Bachelor's Degree in Social Work. Completed 560 hours of Social Work Practicum Internship with the Fort Knox Warrior Transition Center.   BSW Cum Laude - 2015  Bronze Star/Meritorious Service Medal (2)/ARCOM (11)/AAM (7)/Overseas Service Medal (4)/National Defense (2)/NCO Professional Development Ribbon (4)/Southwest Asia Service Medal/Liberation of Kuwait/Defense of Saudi Arabia/Operation Iraqi Freedom/Korean National Defense Ribbon/Army Service Ribbon        Experience      Full Time Student/Intern     Jan 2013   to   Jan 2015      Company Name        Graduated with Honors with a 3.69 GPA from the University of Louisville with a Bachelor's Degree in Social Work. Completed 560 hours of Social Work Practicum Internship with the Fort Knox Warrior Transition Center. [...]","work for one of the worlds best health care systems

for four consecutive years newsweek named southcoast health among the worlds best hospitals charlton memorial st lukes and tobey in addition since  southcoast health has been voted by readers as south coast media groups best place to work join us and be part of a talent acquisition team that provides collaboration support a great work culture and worklife balance

we are searching for a talent advisor ii to carry out systemwide recruitment and related activities for positions throughout southcoast health system assigned client groups could include clinical areas such as but not limited to allied health professionals patient care support nursing and nurse leadership and ancillary
 hours full time exempt
 shift day shift mondayfriday  flexibility in start and end time
 location remote must live in ma or ri infrequent in person availability needed for hiring events

job responsibilities
 facilitate the recruiting and hiring process which includes recruiting conducting indepth phone assessments work history review recommendations to hiring managers negotiation of pay rates and extending job offers scheduling physicals completing offer letters and working collaboratively with the shared services team to efficiently process onboarding documents
 utilize a variety of proactive sourcing tactics including but not limited to sourcing on linkedin social media various job boards mining of applicant tracking system and or crm advertisin [...]"
250,"Holman Frenia Allison, PC Hiring for Audit Staff Accountant Job at...","GENERAL ACCOUNTANT           Career Focus     To obtain a position which will allow me to utilize skills I have acquired through my education and work experiences while continuing to expand my knowledge. Energetic and motivated student dedicated to providing top-quality patient care. I have ten years of administrative support service with five years of that being in a senior position. I work proficiently in a team environment and demonstrate excellent interpersonal skills. I am detailed and multi-task oriented and believe that I can efficiently accomplish any task placed before me.       Licenses     Basic Life Support (BLS) Certification 2013-Present       Skill Highlights          Skilled in conducting physical assessment  Post-operative care  BLS certified  Committed to pediatric nursing         Type 72 WPM  Computer skills: MS Word/Excel/PowerPoint/Outlook, RIS, Health Connect, Symposium, Mainframe, Abraxas, SAP            Professional Experience      General Accountant    April 2010   to   April 2011     Company Name   －   City  ,   State      Responsibilities: Maintain general ledgers, bookkeeping, generate reports from Dun and Bradstreet, establish credit limits for new customers, balance books for end of month closing.          Medical Biller/Collector    December 2009   to   April 2010     Company Name   －   City  ,   State      Responsibilities: Post charges/payments,  Maintained patient charts and confidential files, transcription, prepare progress reports for workers compensation cases, process liens for liability cases, manage M.D.'s calendars, prepare subpoenas, answer high-volume phones, front desk check-in and scheduling.           Lead of Clerical Services    August 2000   to   December 2009     Company Name   －   City  ,   State      Responsibilities: Provide administrative support for senior management, present education/training to all new clerical staff, including cross-training for multiple service areas,  Maintained patient charts and confiden [...]","brdisplaynonecss ul  limarginleftcss lipadding

holman frenia allison pc certified public accountants and consultants hfa is headquartered in central new jersey the firm services a diverse client base within the tristate area providing highly personalized and comprehensive accounting audit tax and business consulting services

we are looking for a staff accountant i to work in our lakewood nj office this position will work for our audit department

in this role you will
 reconcile client records to trial balance which may include analytical procedures and performs schedule computations of prepaid accruals property equipment and calculates depreciation expense
 complete testing on internal controls single audit and other various funds
 confirm cash legal insurance revenue etc accounts
 use the firms software programs to automate the process from trial balance and financial statements
 perform other accounting auditing tax and consulting duties as needed in engagements

applicants must possess the following
 bachelors degree in accounting finance business or related field
 cpa within  years of date of hire
 prior internship with public accounting firm preferred
 knowledge of general accounting principles
 proficient in use of computers
 proficient in microsoft excel and word
 ability to communicate clearly and concisely
 reliable transportation to and from client locations

we offer an excellent benefits package including
 medical dental and vision plans
 health savings account [...]"
251,Senior Accountant,"CONSTRUCTION SUPERINTENDENT         Professional Summary      More than 26 years in construction supervision including accurate takeoffs, estimating, budgeting, contracting, Purchasing and invoicing. Experience in full on-site construction management and land development; effectively schedule, monitor and inspect all work from mobilization to completion. Work with architects, engineers, developers, contractors, inspectors, city officials, designers. Experienced in all phases of building commercial and residential. Veteran Superintendent well-versed in preparing and interpreting graphs, charts and maps to create practical schedules for new construction projects.        Skills           Subcontractor supervision    Construction materials knowledge    Blueprint interpretation    Good communication skills    Strong team player    Good multi-task    Supervisory experience    Works well independently        Commercial site supervision    Prolog experience    Construction Scheduling experienced in P3, sure track    Commercial construction    Project management skills    Power and hand tools    Computer proficient             Work History      Construction Superintendent  ,     07/2017  
                            to
                          Current     Company Name   –   City  
                            ,
                          State       Assisted in budgeting, bidding and the award of subcontractors.    Scheduled subcontractors, consultants, and vendors to ensure timely completion of projects.    Coordinated required inspections with local jurisdictions.    Coordinated required inspections with local jurisdictions.    Followed standards and procedures to maintain safe work environment.    Operated wide variety of equipment including power saws, sanders, grinders, cranes drill press, forklift and basic hand tools.    Followed company procedures to maintain work environment in a neat and orderly condition.    Loaded and unloaded building materials used for construct [...]","at mjh life sciences our success is measured by your success if you set your standards high and want to contribute to a winning team we ll provide you with every opportunity to help grow our company and your career our associates come from all backgrounds sharing one key quality determination to succeed we value being service focused having a passion for winning innovation respect integrity and teamwork nothing means more to us than hiring people with these attributes if you believe you re right for the job this is the place to prove it
formatted job description for senior accountant
senior accountant
as a senior accountant you are responsible for overseeing the maintenance and accuracy of the workday general ledger and related financial statement support for assigned business units
responsibilities
 gl coding of all invoices for assigned business units
 prepare monthend journal entries for assigned business units
 maintain balance sheet support schedules reconciliations for all balance sheet accounts
 prepare monthly variance analysis for all income statement accounts vs budget investiagte and resolve all unepexcted variances
 calculate and prepare monthly commission statements for salespersons associated with assigned franchises
 ensure daily processes are running accurately and smoothly
 prepare ad hoc analysis as required

requirements
 bachelor s degree in business andor  years of experience as a staff or senior accounting or a similar role
 strong interpersonal skills a [...]"
252,Software Engineer (remote),"EXECUTIVE CHEF         Summary     Motivated Executive Chef with 22 years of culinary expertise.  Recognized for assessing operational needs and developing solutions to save costs, improve revenues, and drive customer satisfaction. Resourceful and well-organized with excellent leadership and team building record.  Last 4 years were spent actively participating and designing kitchens and restaurants in a 167 million dollars hotel expansion, while still managing and maintaining a fiscally responsible operation.  The Waterfront Beach resort is recognized by guests and peers as a premier culinary location in Orange County.       Experience      Executive Chef  ,     12/2003   to   Current     Company Name   –   City  ,   State      Managed kitchen and stewarding staff team of 67 and assigned various stages of food production and event management.  designed, managed and created menus for 3 restaurants (offshore 9, Boardwalk and newly opened Henry's), 2 pool pantries and 1 market (Riptide and Surf Hero).  Managed, designed menus and cooked for over 51,000 square feet of meeting space.  Maintained labor at under 11% to promote long-term business profitability.  Purchased ingredients and managed inventory from a variety of vendors which allowed for a hotel wide food costs of 26%.  Worked closely on a daily basis with sales and catering to create dynamic cost effective food selections for small banquets and large events for up to 1000 people.  Experimented new dish creations by incorporating customer recommendations and feedback.  Created recipes, incorporating various techniques, to build flavor and unique visual appeal.  Adjusted seasonal plans to source local ingredients and aligned special dishes to complement area events.  Worked with vendors to locate optimal recipe ingredients at cost-effective rates.  Utilized local, fresh food products to support local economies and showcase community support.  Produced or amended menus and item selections in conjunction with food a [...]","who we are
climb credit nmls  is an innovative student financing and payments platform that makes careeradvancing education more accessible affordable and accountable than ever before

climb identifies programs and schools with a demonstrated ability to improve the earnings of their graduates climb partners with schools that teach everything from cybersecurity to healthcare heavy machine operation to data science and culinary arts to coding

we provide learners with financing and payment options that are priced and structured to meet the unique needs of those seeking career elevation and increased earning power

climb credits mission is to expand access to career advancing education and we aim to do this for all communities therefore we are committed to building a workforce thats a representation of our learners climb fosters an inclusive work environment to all its employees we celebrate diverse representation and diverse thinking

to further this commitment weve set a goal to promote inclusivity and equity in our workplace internally and with schools and financing providers externally we do this through our company dei taskforce meetings to work through these initiatives climb acknowledges its power in providing access to educational opportunities and the positive impact of diversity which is why we have taken on this commitment to push forward this work we encourage our employees to be their most authentic selves and strive to create nurture and sustain an inclusive cultur [...]"
253,Software Engineer,"SALES ASSOCIATE       Professional Summary    Sales professional offering nearly 4 years experience in sales and sales management in a retail setting. Specializes in men and women's wear, with emphasis in building a solid customer base.      Skill Highlights          High-end fashion knowledge  Superb sales professional   Loss prevention comprehension  Ability to mediate disputes   Listening skills            Reliable and punctual             Compelling leadership skills            Customer service oriented  Cash handling accuracy  Retail merchandising expertise   Excellent communication skills  Energetic  Bilingual in English and Spanish            Achievements      Developed highly effective sales training strategies as Sales Manager.   Lead management team to exceed monthly store sales goal multiple times as Sales Manager.   Earned an achievement in Sales for Management, averaging 20% of the stores sales per month.   Lead several departments as the top salesperson by surpassing periodical goals  Sold high end product & merchandise to elite celebrities and continued service beyond the store.         Experience      Sales Associate     Nov 2016   to   Mar 2017      Company Name   －   City  ,   State     Described merchandise and services to customers.   Responded to safety and loss prevention incidents.   Organized in-store promotional events.   Maintained store in clean and neat manner.   Completed special client deliveries in person.   Evaluated transactions for suspected fraud.          Sales Associate/Brand Ambassador (TOPMAN)     Feb 2016   to   Nov 2016      Company Name   －   City  ,   State      Opened credit & debit cards to customers.     Described merchandise and services to customers.        Opened and closed the store, which included counting cash drawers and making bank deposits.          Collaborated with customer service team members to give exceptional service throughout the entire shopping and purchasing experience.          Maintained department [...]","tldr

highimpact software development jobs for smart people

code that saves lives

as a software developer at epic youll write software that impacts the lives of  of americans and  million patients around the world working in your own office surrounded by thousands of highcaliber developers youll use modern development methodologies and employ usercentered design analytics and machine learning tools to drive innovation in healthcare using leadingedge technologies and languages like js ts and c youll invent better ways to reduce medical errors streamline record sharing between hospitals and provide the quality of care a patient deserves

write software for the most innovative health systems on the planet

the topranked health systems in us news and world report are epic customers our community includes major systems like the mayo clinic johns hopkins cleveland clinic and kaiser permanente as well as leading academic medical centers at the university of wisconsin university of michigan university of california university of texas the ohio state university and many more

experience our stateoftheart campus eat delicious food and travel the world

we dont believe in cubicles well we believe they exist but our uniquely themed campus was designed to heighten your ability to get stuff done in your office a conference room or by the fireplace in a comfy chair for lunch visit kings cross or cassiopeia for a wide array of meal options or go to one of our smaller themed bistros featuri [...]"
254,Remote Logistics Customer Service Rep,"PROJECT MANAGER       Summary     Technical Support Professional skilled at resolving complex customer service issues in a timely manner. Enjoys troubleshooting to find solutions to technical issues. Successful at driving financial and productivity results in fast paced environments.       Highlights          Windows XP/7/8, Server 2003/2008  Active Directory, MS Outlook 2007/2010  SCCM, RDC, SMS  PC Hardware/Software, Printers, Copiers, Laptops, Mobile devices  Routers, Switches, Storage  VPN, VOIP, Wifi  Avaya PBX systems  Remedy              Accomplishments     Exceeded monthly goals by successfully handling more than 50 calls per day. Reduced technical exceptions to management by 40% to only 15 per day.        Experience     07/2013   to   Current     Project Manager    Company Name   －   City  ,   State       Built and maintained successful relationships with service providers, dealers and consumers.  Provided base level IT support to company personnel.  Defined project deliverables and monitored status of tasks.  Delivered status reports to stakeholders for budgeting and planning purposes.  Collaborated with cross-functional teams to draft project schedules and plans.  Monitored costs, timescales and resources used to achieve [Goal].  Monitored team progress and enforced deadlines.  Partnered with [Department Name] and [Department name] to address [Issue description].  Planned, implemented and managed all project contracts, performed scheduling, risk analysis, quality control and trained staff.  Key Performance: Managed 40 team members with the ability to initiate/manage cross-functional teams and multi-disciplinary projects.  Increased productivity with critical thinking, decision-making and problem solving skills.  Planned, organized and scheduled daily activities.  Excellent communication skills to coordinate with customers, vendors, and stakeholders.  Skilled in leading, negotiating and delegating abilities.  Tolerant to stressed situations.         03/200 [...]","job description

job summary
as a customer service representative you will be responsible for gathering and processing customer and carrier paperwork this position handles all data entry tracking tracing of loads imaging service oversight you will also be required to call on shipments in transit to get updates and ensure on time delivery frequently solves problems through research of multiple alternatives

essential functions
 call carriers to provide service updates gather missing documents
 assist in billing disputes
 respond to any communications received from customers and carriers
 upload documents and accurately enter and maintain up to date information on a continuous basis in tms
 work in a team environment to quickly resolve problems and meet business needs
 maintain system integrity by ensuring all data is entered accurately and timely
 ensure that all carrier documentation is completed and received prior to carrier utilization
 provide status updates as needed
 performs other related duties as assigned

requirements

knowledge experience and key competencies
 ba or equivalent experience preferred will accept any reasonable combination of education training and experience
  years experience in a fastpaced customer service environment
 experience in the transportation industry is a plus
 experience navigating transportation management systems is a plus
 strong negotiating problemsolving skills
 excellent verbal and written communication skills
 ability to work indepe [...]"
255,Chief Financial Officer,"PERSONAL/ PRIVATE CHEF         Professional Summary     EXECUTIVE CHEF __________________________________________ With more than 29 years of expertise at the forefront of restaurant operations and menu development, I bring an innovative approach to restaurant's, catered events and hospitality services – one that focuses on cost-effectiveness in food and labor, with quality to deliver impactful and exceptional cuisine. My background includes Mexican, Italian, Japanese, American, and fusion of all those cuisines, with broad experience in line management, staffing, new restaurant development and menu planning. Fine dining, scratch kitchens, Catering onsite and offsite 100-20000 people at any given time, retail food outlets, concessions and QSR's       Skills          Kitchen Design & Workflows  Operations Management  Product Costing / Cost Control  Innovative Menu Development  Team Building & Leadership  Quality & Customer Service  New Restaurant Openings 7  Revenue Growth / P&L  Performance Management  IMenuPro  Aloha  Microsoft Office Suite  Solomon  Quest  ETeac  Eventmaster  Caterease  Food plating and presentation  Forecasting and planning  Kitchen equipment operation and maintenance  Operations management      Business process, Negotiation, Unique  Com, Operations Management  CA, Optimization  Cooking, Performance Management  Cost Control, Personnel  Clients, Processes  Client, Purchasing  Customer Service, Quality  DC, Quality control  Direction, Quality management  English, Quest  Financial management, Reception  Focus, Recruitment  Greek, Research  Italian, Retail  Kronos, Sales  Team Building, Scheduling  Recipes and menu planning  Payroll and scheduling  Menu planning            Work History      Personal/ Private Chef  ,     01/2019   to   Current     Company Name   –   City  ,   State      Traveling around the LA and Orange County cooking for parties of 2 to 50.  Plated, buffet, family style or food stations, plus more.  Sourcing wild and sustainable meats [...]","if you seek a truly outstanding employment experience utica national is the place for you
we are always looking for conscientious customeroriented people  whether youre a seasoned insurance professional or just starting out
we offer a supportive and friendly work environment that features a variety of career paths
we offer challenging assignments advancement opportunities full benefits packages competitive salaries and a great work environment
and were big enough to offer the opportunities you need to be successful but not so big that youll get lost in the crowd
are you up for the challenge take a few minutes to look at our job openings to explore the possibilities  then find one thats right for you and apply online today
position specific responsibilities include the oversight of the following but not limited to
provides key leadership in the development and continuing evaluation of short and longterm strategic financial objectives
management and oversight of accounting and financial functions for the organization
manages and leads finance teams including supervision progress reviews and plans for improvement and team building
responsible for integrity accuracy and timeliness of all internal and external financial reporting
builds and utilizes financial models and systems for proactive analysis of results and forecasting
collaborates  educates business unit leaders on their respective pls surfacing further opportunities for increased productivity and profitability
manages ex [...]"
256,Marketing Intern,"ENGINEERING SERVICES MANAGER       Executive Profile    A results driven Controls Engineer and Project Manager with over 20 years of experience in manufacturing. Skilled in Industrial Automation and Process Engineering with a strong mechanical design background. Proven ability to lead and motivate high performance teams. History of building systems with improved functionality and productivity, consistently meeting critical requirements.      Skill Highlights          Proficient in process engineering and applying process needs to available technology to improve production availability and uptime.      Proficient in process engineering and applying process needs to available technology to improve production runablility and uptime.              Professional Experience      Engineering Services Manager   02/2013   －   08/2015     Company Name     City  ,   State       Accountable for maintaining the efficiency and effectiveness of all production manufacturing processes required to manufacture a high quality product in a repeatable and cost effective manner and provide overall customer satisfaction.   Manage  all engineering services with provision of all energy sources. Accountable for all mechanical repairs, design and construction within all departments and the resources engaged in the provision of these services both internal and external.   Support waste water operations by providing advanced troubleshooting on Siemens PLC's. Configured WINCC SCADA system.  Ensure that all expenditures both in supplies and staffing are optimized and maintained within budget.  Developed asset management software to track cost, asset history and work order tracking.  Performed advanced troubleshooting and PLC support for all plant equipment.          Electrical Superintendent   05/2008   －   02/2013     Company Name     City  ,   State       Primary responsibilities include supervising and coordinating all electrical and instrumentation activities.  Accountable for the proper operati [...]","the marketing intern works in an inhouse position with the marketing department gaining valuable experience in multiple areas of marketing communications corporate partnerships retail special events  experiences social media digital marketing photography videography advertising research and analytics

essential functions
 regular and predictable attendance is expected and required all cleveland metroparks employees must be prepared to work flexible schedules including evenings weekends andor holidays as required
 provides support to the department and assists with related functions and special projects as assigned
 serve as customer support liaison between public and internal staff
 assists with corporate partnership activation as needed and provides client support
 provides departmental support and assists with related functions and special projects as assigned
 assist in the collection analysis and synthesis of information including survey data collection through inperson interceptsinterviews
 utilizes google analytics to develop insights and make recommendations for digital and website strategy
 assists with setup execution and tear down for special events ribbon cuttings or media interviews
 assists with event promotions including collaboration with partners stakeholders and the media
 performs updates to website content and assists with ongoing website maintenance
 gathers information and creates enewsletter
 drafts andor proofreads written communications social posts pr [...]"
257,Project Manager,"VICE PRESIDENT INFORMATION TECHNOLOGY - SOFTWARE ENGINEERING         Professional Summary     A results-driven and business minded technology leader with 20+ years of experience in technology and software development.  A professional who is passionate about developing people and teams to reach their greatest potential. A thought leader that partners with business to drive strategy from conception to execution. A team player that places a priority on networking, relationship building and diversity to achieve the greatest possible outcome. A progressive technology leader with an innovative and growth mindset.       Skills          People Centered Leadership  Strategic & Tactical Planning  Software Engineering  Designing & Architecting Systems      Coaching and Talent Development  Building a Culture of Innovation and Engagement  Transformation and Change Advocate            Work History      Vice President Information Technology - Software Engineering  ,     03/2018   to   Current     Company Name   –   City  ,   State      Leading all aspects of IT Application Development and Corporate Systems teams encompassing 100+ IT associates plus consultants, $20 m budget, key capital trans-formative projects for the full life-cycle of delivering world class business solutions.  Supporting company-wide Fit for Growth initiative which focuses on improving customer and associate experience by transforming business processes and leveraging modern technology solutions replacing antiquated systems.  Leading technology transformation focused on re-platforming legacy core systems to a cloud and microservices/containers-based architecture running on the AWS platform.  This allows Safelite IT to deliver business value faster (improved speed to market by ~20%).   Leading implementation of robotic process automation (RPA) by automating manual/repetitive business processes. Anticipated savings of $2-$3 M per year.         Assistant Vice President - Solutions Delivery  ,     07/2015   to   0 [...]","would you love to work for a fastgrowing company with amazing perks and benefits including educational and professional development and a great worklife balance then forward slope wants you to join our team we are a fastpaced global company with a great reputation in the dod industry for over  years

forward slope inc is seeking an experienced project manager to lead an agile software development team with planning implementing and delivery innovative software systems to the department of defense dod daytoday efforts include working with highlytalented professionals to manage cost schedule performance and staff for delivering missioncritical software systems that provide us navy warfighters with the tools and resources for successfully planning and executing missions

this is a fulltime position under our enterprise solutions portfolio

this position requires that candidates be located in san diego ca

why join forward slope
 telework option available work from home yay
 flexible working hours based on job needs
 great and fun work culture
 amazing benefits package for full time employees including  employer contribution for employee medical benefits
  weeks of pto a year
  paid company holidays a year
 team building  continuous appreciation events for our employees
 education and professional development  programs to help you with your educational and professional growth
 free coffeesnacks and occasional free food and so much more

required qualifications
 currently hold an [...]"
258,Business Development Center Representative - Performance Columbus,"GAME DESIGN INTERN           Summary     I am an aspiring programming professional with experience in concessions management, customer service, and team leadership        Highlights          Working in a fast paced environment.  Managing a large volume of orders.  Maintaining sanitation and complying with food safety regulations.  Oversight of daily business income.      Working in a changing environment with diverse team members.  Operation of commercial equipment requiring safety protocol.            Skills      Knowledge in C++, Java, Ruby, MatLab, Linux/Unix Command Line, LaTex, Microsoft Office Package  Basic Data-Structure Construction and Management  Advanced Calculus, Discrete Mathematics, Linear Algebra        Accomplishments      Earned ""Team Member of the Month"" while working in the food service section of a Market Street grocery store.  Swift vertical promotion within food service section at Market Street.  Member of Alpha Phi Omega : September 2015 - May 2016  100+ hours of various volunteer services.        Work Experience      Game Design Intern    November 2016   to   Current     Company Name   －   City  ,   State      Oversight of documentation and file organization.  Level Designer, including enemy, items, and basic layout.  Co-Designer for general game mechanics.       ​         Concessions Supervisor    June 2016   to   Current     Company Name   －   City  ,   State       Served as mentor to junior team members.   Filled out daily paperwork; inventory logs, staff time logs, etc.  Oversight of multiple concession stands serving a variety of items.   ​​         Food Service Clerk    September 2014   to   July 2015     Company Name   －   City  ,   State      Prepared food items and cooked on a grill or in fryers.  Carefully maintained sanitation, health and safety standards in all work areas.  Performed general maintenance duties.  Took initiative to find extra tasks when scheduled duties were completed.    Took necessary steps to meet customer need [...]","at performance columbus family of dealerships contiues to expand

we have immediate full time opportunities for bdc service representatives at our performance columbus family of dealerships you will be working in an inboundoutbound call center that schedules appointments for our service departments

performance columbus family of dealerships is a leading automotive retailer with  automotive dealerships as well as a motorsports location if you consider yourself to be highly motivated friendly and career minded performance columbus is the team for you

apply now and make going to work fun again

employee benefits package
 top level compensation
 hsa  fsa health plan
 dental  vision plan
 short  long term disability
 life insurance
 company match retirement
 paid time off
 employee purchase program

the performance impact

exceptional
 team
 passion
 community

remembera smile changes the delivery of everything

if youre ready for a new and exciting change in your career take the first step and reach out today

as a performance columbus bdc representative you will
 answer inbound service calls professionally and schedule appointments
 generate appointments by means of incoming and outgoing calls no cold calling
 attract potential clients and retain current clientele by answering product and service questions received via phone andor internet
 contribute to high scores for the manufacturers customer satisfaction index csi
 check email frequently and respond to inquiries immediate [...]"
259,Case Manager I - Remote,"HR SENIOR SPECIALIST       Career Overview      Dedicated Service Representative Professional motivated to maintain customer satisfaction and contribute to company success.       Core Strengths         Excel, Data entry systems, Outlook, Microsoft systems   Amisys, Access.     Able to master, process and apply new skills and concepts quickly.      Customer service expert  Telephone inquiries specialist  Courteous demeanor            Accomplishments      Customer Assistance     Worked with company systems such as Live Support and diligently completed all assigned tasks, working overtime as needed.     Customer Service     Researched, calmed and rapidly resolved client conflicts to prevent loss of key accounts.         Work Experience      HR Senior Specialist   09/2006   to   Current     Company Name   City  ,   State       Health insurance/Benefit Specialist Administrative Xerox Corporation - Xerox is a leader in BPO and IT Outsourcing across a variety of industries and the public sector.  Thousands of companies rely on Xerox to help improve their processes, manage client operations, and focus on their core business.  Duties: Provide administrative support functions relating to personnel, retirement benefits and special projects.  Specific Responsibilities: Assist participants with questions regarding Medicare/Medicaid questions, eligibility and their specific state's guidelines to qualify for the Medicare/Medicaid Explain Health and Insurance coverage, primary doctors and specialists, hospitals and treatments covered by their medical insurance and what the Medicare/Medicaid covers.  Explain the changes in their insurance of choice.  Keep up to date with the changes in the health and insurance coverage, processes and changes.  Responsible for processing and calculating retirees' pension.  Educate participants on their retirement plan benefits.  Handle inbound and outbound calls for the team and handle the administrative tasks associated with these calls.  Work speci [...]","you could be the one who changes everything for our  million members centene is transforming the health of our communities one person at a time as a diversified multinational organization youll have access to competitive benefits including a fresh perspective on workplace flexibility

note must have compact license in pstcst time zone

position purpose conduct screening and risk assessment interventions per program guidelines
 identify special needs members through the completion of health screens and other resources
 work with community outreachmember advocates to coordinate member care
 educate providers and community resources on program components and available support services
 educate members with special needs to foster compliance with program and positively impact outcomes
 conduct site visits as appropriate for programs and provide support to other special programs
 develop and modify care plans in conjunction with member members family and managing physician
 development of plan specific literature and education materials in conjunction with medical director and corporate oversight

our comprehensive benefits package
 flexible work solutions including remote options hybrid work schedules and dress flexibility
 competitive pay
 paid time off including paid holidays
 health insurance coverage for you and dependents
 k and stock purchase plans
 tuition reimbursement and bestinclass training and development

educationexperience bachelors degree in social work nursing he [...]"
260,Construction Project Manager (Remote),"ASSISTANT MANAGER           Career Overview     Committed and motivated office professional with exceptional customer service and decision making skills. Strong work ethic, professional demeanor and great initiative.       Skill Highlights          Professional and mature  Strong interpersonal skills  People-oriented  Excellent work ethic          Microsoft Office proficiency  Meticulous attention to detail    Problem resolution  Excellent time management skills  Schedule management              Core Accomplishments      Process Improvement     Oversaw implementation of instant issue datacard system which resulted in more cost-effective service.    Data Organization     Improved office organization by compiling monthly sales and performance reports for employee evaluations using advanced Microsoft Excel functions.    Training     Successfully trained staff in all office systems and databases, policies and procedures while focusing on minimizing errors and generating superior results.    Multitasking     Demonstrated proficiencies in telephone, e-mail, fax and front-desk reception within high-volume environment.         Professional Experience      Assistant Manager    June 2014   to   January 2015     Company Name   －   City  ,   State      Coach, motivate and develop staff; prepare disciplinary notes and performance evaluations   Responsible for branch, vault, and ATM settlement daily and reconciling differences as needed   Work at the greeter desk to greet members as they come in, direct them to the appropriate area of the branch, and schedule appointments   Help to monitor and answer calls coming thru the call center  Resolve customer issues in a timely manner.  Serve as back up to the staff; running a teller drawer, opening account, processing loans   Pull reports to track branch productivity and goals.          Head Teller & Training Assistant    March 2011   to   May 2014     Company Name   －   City  ,   State      Ensure all policy and procedures are understo [...]","job description

we are currently seeking a talented and motivated individual to join our team as the cigars international construction project manager in this position you will be responsible for overseeing the construction process for buildings and infrastructure of new retail locations the ideal candidate is one who has a construction management background in the commercial construction of retail locations

responsibilities
 serve as jobsite representative for cigars international
 assist in the identification and qualification of the various subcontractors required for the project including all site and building trades
 coordinate and align on all requirements set forth by landlord developer federal state and local government agencies
 provide coordination and input as needed with utility companies providing services and infrastructure for the project including schedule and cost management
 coordinate with internal and external support teams outside of general contractor scope including but not limited to  internal information technology team security system security cameras low voltage install dish network install cloud cover music data and voice provider and ffe
 develop initial project specific cost estimates and taking lead responsibility with the budgetary management of the various cost components of the project
 monitor and ensure schedule performance and quality workmanship of inhouse crews and contractors
 work closely with the contractor architect civil engineer [...]"
261,Director of Development ,"WMS CONSULTANT         Objective     Looking for the position of a supply chain consultant, where I can optimize a company's business, by  providing supply chain solutions and building an efficient customer relationship.       Summary of Skills      Strong understanding of supply chain principles with an expertise in warehouse management.   Functional knowledge in the end to end warehouse systems with an experience in Manhattan Associates' Warehouse Systems.  Complete understanding of Inbound, Inventory and Outbound in a Warehouse.   Excellent knowledge in software development life cycle with an emphasis in analysis and testing.  Ability to clearly define and execute test plans and procedures.   Ability to meet deadlines and deliver projects on time.  Strong analytical and problem solving skills.  Hands on experience in troubleshooting computer hardware peripherals.        Work Experience      Company Name    City  ,   State    WMS Consultant   05/2015   to   Current       Created Test Cases for inbound receiving and put-away fields.  Verified ASNs after parsing multiple ASNs using XML format.  Created Inbound and Outbound License Plate Numbers.(iLPN/oLPN).   Configured and Tested System directed and manual put-away.  Configured the inventory to move an item from one active location to the another; one active location to a reserve.  Configured Wave Management, Task Management, Locations, Wave Process Types and Inventory Need Types.  Tested partial shipment and RF receive menu.  Tested the PIX transaction to keep track of Inventory Movement.  Worked on back-end testing of the databases by writing SQL Queries to join the tables, verify the data, etc.     Environment: Manhattan Associates WMOS 2013, SQL Server 11.02      Client: Li&Fung(2013)           Company Name    City  ,   State    Quality Assurance Engineer   11/2014   to   05/2015       Performed necessary software and hardware evaluations as per the client's requirements.  Designed and modified user interfaces [...]","posted date 
description position description
the director of development will develop and execute strategies to engage foundations and community members in supporting yaffed they will fundraise develop volunteer leaders and create strategic partnerships in the community 
responsibilities include
development
develop and implement comprehensive fundraising strategy that includes prospecting cultivation solicitation and stewardship of prospective and current donorsset specific metrics around increased giving expanding the pipeline and securing new and increased gifts in the  range meeting the department fundraising goalsengage prospective donors with specific interests andor expertise in areas that align with yaffed initiatives or strategic prioritiesidentify and solicit endowment and legacy prospectsidentify new foundations from which to solicit grantsmanage new and existing grants including reporting and new applicationsplan fundraising and stewardship eventsmanage grants and relationships with local foundations and federations as necessarywork closely with program professionals to gain knowledge of the ongoing activity of the programqualifications
 years of experience in major gifts development for a nonprofit organization or political campaignhistory of successful grant writingexcellent public speaking skillsexceptional verbal written and proofreading skillsvery motivated creative and willing to take risks entrepreneurial in spiritability to hold oneself accountable and wor [...]"
262,Crew Team Member,"FAST FOOD RESTAURANT MANAGER           Summary    To join a company that offers me a stable and positive atmosphere and inspires me to enhance and
therefore to innovate the work culture for the betterment of all parties concerned.      Highlights          Computerized cash registers, Email software, Inventory management software, Laser printers, Microsoft Office software, Microsoft Outlook, Microsoft PowerPoint, Microsoft Word, Notebook computers, Personal computers, Point of sale POS software, Spreadsheet software Operating Vehicles, Mechanized Devices, or Equipment  Resolving Conflicts and Negotiating with Others  Training and Teaching Others  Laptop computers, Microsoft Word, Personal computers, Scheduling  software Organizing, Planning, and Prioritizing Work Judging the Qualities of Things, Services, or People Documenting/Recording Information Developing and Building Teams Experience with: Adobe Systems Adobe Acrobat, Adobe Systems Adobe Acrobat software, Adobe Systems Adobe Flash      Experience in; Placing food orders, making weekly employee schedules, interviewing, hiring and termination of employees               Experience      Fast Food Restaurant Manager    March 2013   to   May 2016     Company Name   －   City  ,   State      Monitor employee and patron activities to ensure liquor regulations are obeyed Count money and make bank deposits Monitor food preparation methods, portion sizes Investigate and resolve complaints regarding food quality, service, or accommodations Monitor budgets and payroll records Schedule and receive food and beverage deliveries, checking delivery contents to verify product quality and quantity Schedule staff hours and assign duties Establish standards for personnel performance and customer service Perform some food preparation Keep records required by government agencies regarding sanitation or food subsidies Review work procedures and operational problems to determine ways to improve service, performance, or safety Order and pu [...]","this job posting is for a position in a restaurant owned and operated by an independent franchisee and not mcdonalds usa this franchisee owns a license to use mcdonalds logos and food products for example when running the restaurant however this franchisee is a separate company and a separate employer from mcdonalds usa if you are hired for the job described in this posting the franchisee will be your employer not mcdonalds usa only the franchisee is responsible for employment matters at the restaurant including hiring firing discipline supervisions staffing and scheduling employees mcdonalds usa has no control over employment matters at the restaurant mcdonalds usa will not receive a copy of your employment application and it will have no involvement in any employment decisions including whether you receive an interview for the job or whether you are hired

we are hiring driven crew members

start moving forward safely today  mcdonalds corporateowned and franchise restaurants have over  procedures in place to help ensure the safety and wellbeing of crew members customers and the community

start building your future today  build your skills through worldclass training and pursue your education we offer college tuition assistance free high school completion programs free english language classes and even career advising to help employees achieve their goals

start a flexible schedule today  get a job that fits your life and encourages you to balance whats important to you 

s [...]"
263,"Project Manager, Construction Manager (Remote), Project ...","HR PARTNER           Summary     Experienced Human Resources Business Partner with expertise in partnering with Line of Business Leaders to provide guidance on human capital strategies to include, but not limited to, employee relations, talent management, compensation, etc., in order meet business goals and objectives.       Highlights          Project management  Matrix management experience  Talent management expertise  Employee relations expertise  Performance management strategies  Compensation experience  Employment law knowledge  Manager coaching and training  Presentation/Facilitation experience              Accomplishments     Lead Project Teams to address human capital strategies (i.e., Performance Management, Rewards and Recognition, etc.) that resulted in manager tools and resources.  Developed and facilitated Change Management training for all front-line managers in the Line of Business.  Developed, trained, and implemented common attendance guidelines for line of business and executed to the new guidelines.       Experience      HR Partner    June 2007   to   Current     Company Name   －   City  ,   State      Provide strategic human resources guidance and oversight on a wide range of activities in support of assigned line of business.  In both a hierarchical and matrix management environment  Collaborate with senior leadership teams to influence organizational design, management practices and work environment changes.   Lead project teams on end-to-end strategy on human capital initiatives (i.e., retention, rewards and recognition, performance management, etc.)  Problem-solve mid-complex issues as they arise with all levels of management across business groups.  Coach and develop less experienced staff on broad human resources issues and monitor resolution progress.  Coach and develop managers at all levels on performance management of their employees.  Provide expertise in facilitating resolution of complex issues and interpretation of policies.  Part [...]","job title

project manager construction manager remote project  development services

job description summary

the project manager is responsible for the successful management of the design planning and construction of real estate facilities projects with accountability for accomplishing all project goals and objectives project aspects may include mechanical electrical civil industrial and architectural applications the associated administrative and budgetary control responsibilities the planning organizing coordination of resources and full control and execution of the project to the fulfillment of client expectations this is a remote position

job description
 management of project deliverables including developing scope of work scheduling project reports managing the development of drawings for clients and propertyfacility management team designing and development and constructions phases for assigned project
 proactively manages projectrelated issues on an account or assigned project as necessary
 ensure success in initiation planning execution and completion of all projects against agreed upon targets
 maintain high qualitative and quantitative standards for work performance along with maintaining accurate and consistent electronic files
 prepare agendas and meeting materials lead meetings develop and maintain master project budgets and timelines as required for each project and project phase to ensure overall project objectives and client needs are met
 advise and obtai [...]"
264,Customer Service Sales Associate,"MEMBERSHIP COORDINATOR       Career Focus    I would like the opportunity to share more about my work experience and how my skill set could contribute to the
successful day-to-day running of your company. I'd be happy to supply strong references at your request.
I am currently in pursuit of a career and believe my skills could greatly contribute to your company.
Gainful employment in a well structured cooperative environment in which my skills and hard work can be optimally
utilized. Frankly stated I am looking for a career as opposed to a ""job"".      Summary of Skills          Reliable and dependable          High customer service standards  Active listening skills          Flexible scheduling  Top sales performer          Superior organization skills  Customer service expert          Excellent multi-tasker  Opening/closing procedures          Superb sales professional  Sharp problem solver          Bar management      Time management ability  Excellent communication skills  Strong lead development skills  Goal-oriented   Focused on customer satisfaction   Customer service expert    Employee training  Clean and professional  Cold calling  Self-motivated            Professional Experience     05/2014   to   Current     Membership Coordinator    Company Name   －   City  ,   State      As Membership Coordinators I am responsible for selling memberships at the health club.  The position requires that
     the membership coordinator generate at least 60% of my own prospects through normal prospecting channels.  The other 40% may originate from club advertising and promotions.  A strong working relationship with club staff
     is expected of the membership coordinator.  Paperwork and administrative follow-up on personal sales, along with
     personal follow-up on new memberships are essential tasks.  Responsibilities and Approximate Time Distribution
     15% - Telephone solicitation, prospecting and other follow up.  4% - Sending mailings to prospects.            60% [...]","benefits and perks

general responsibilities

the starting wage for this position is hr

below are a few perks and discounts

not only do you get to be part of an organization where you drive your potential power your passion
  off any standard hertz rental
 discounted travel and food
 tuition reimbursement
 career growth with handson learning

job description

essential requirements

the customer service sales associate consults with customers on their hertz rental maximizing revenue opportunities by actively offering products and services and overcoming customer objections ensures that the customer receive world class customer service and sales support

qualifications

strong oral and written communication skills must have the ability to build relationships with customers this position requires strong multitasking the ability to upsell and overcome customer objections display a high level of ownership accountability and initiative all employment is contingent on the successful completion of a background screen

apply today and shift your career into drive for tomorrow

at hertz we champion and celebrate a culture of diversity and inclusion we take affirmative steps to promote employment and advancement opportunities the endless variety of perspectives experiences skills and talents that our employees invest in their work every day represent a significant part of our culture  and our success and reputation as a company

individuals are encouraged to apply for positions becau [...]"
265,Contracting Project Management Intern,"DIRECTOR, FINANCE           Executive Profile     Visionary leader able to drive a culture of excellence throughout the organization, focused on consistently exceeding expectations through innovation, collaboration, and teamwork.  Demonstrated ability to thrive within fluid business environments including fast-paced, high-growth periods, as well as cost-containment and cost-cutting cycles.    Ambitious Director who creates strategic alliances with organization leaders to effectively align and support key business initiatives. Ability to build and retains high performance teams by hiring, developing and motivating skilled professionals.       Skill Highlights             Corporate Consolidations  Complex Change Management	  Financial Planning and Analysis   Mergers and Acquisitions          Project Management  System Integration   Business Process Re-engineering  Strategic and Operational Planning             Achievements      Project Management:   Successfully launched over 200 projects for Finance in FY14 and FY15 respectively  Implemented Finance PMO to manage project lifecycle, and capital budget of $45M  Drove operational efficiencies for Stock Administration decreasing processing time by 70%  Delivered $13M enterprise solution for transacting, managing and
reporting in the Treasury areas of Cash Operations, Investments and Foreign
Exchange & Currency Option Management     Acquisition Integration:   
















Designed, developed and implemented change
management strategies that included tools and processes capable of scaling across
large, complex acquisitions  Drove Change Management strategies for both Tandberg and Starent Networks acquisitions  Launched integration principles for integrating newly acquired
companies                               Corporate Controller's Office:?   Pioneered strategy for Web 2.0/Collaboration
technologies, improving collaboration across global Finance teams by creation of
tools such as MyCloseSpace, and Process Central

?? [...]","contracting project management intern
 requisition  
 attrane technologiestm and through our businesses includingtraneandthermo king we create innovative climate solutions for buildings homes and transportation that challenge whats possible for a sustainable world
 were a team that dares to look at the worlds challenges and see impactful possibilities
 we believe in a better future when we uplift others and enable our people to thrive at work and at home
 as a contracting project manager you will work on all aspects of construction projects from beginning to end with responsibility for project execution while working with a team to complete objectives in a given time frame and with available resources
 you will also be responsible for the administration implementation and management of projects and accountable for assigned scope of work schedule and budget
 in particular you will enable trane technologies to focus on solutions that provide our customers with the most energy efficient buildings
 in the trane technologies graduate training program gtp you will learn from experts in the field who are committed to preparing you for a rewarding career in contracting project management
 the gtp provides you with intensive technical business and leadership training with an emphasis on maintaining the highest ethical and professional standards
  attend lectures and technical presentations that are practical for this career
  hear about real world projects from trane technologies mana [...]"
266,Email marketing specialist,"SALES       Summary     Enthusiastic, reliable and well­ organized Office Assistant with solid background in data entry, communication, telephone and customer service skills. Ability to manage daily office functions with a strength in managing multiple projects simultaneously.       Highlights         Professional mature attitude and appearance Professional phone etiquette Excellent communication skills Effective time management, organization, and multi- tasking skills Quick to learn Dependable Ability to work independently and collaboratively Customer service-oriented Detail oriented Ability to work under pressure and meet strict deadlines Multi-line phone proficiency Filing and data archiving Data Entry Familiarity with Microsoft Office, Word, Excel, PowerPoint, Outlook and Quickbooks              Work Experience      Sales     Feb 2008   to   Jun 2014      Company Name   －   City  ,   State     In this small, family owned business there are a lot of hats to be worn. And with just 4 employees to run this store; a store manager, two salespeople and our jeweler, this is not just a sales job.   I provided courteous and prompt service by greeting & welcoming customers, assisting them in locating what they're looking for and provided excellent after­sales service by sending out thank you letters, birthday & anniversary reminders and follow­up calls to check in and see how everything is going with their purchases.   I keep the behind the scenes of the store running smoothly by ordering all supplies; jewelry boxes, gift bags, watch batteries and all office and shipping supplies. I assisted in ordering new merchandise for the store, picking new styles and creating new styles through our custom jewelry design. I used POS data entry for all sales, customer contact information, research of transaction history and entering all inventory into the store data base. I used Outlook for all email correspondence, Microsoft Word for all documents, Excel spreadsheet for inventory of c [...]","core responsibilities include  performing daytoday email marketing activitiesensuring overall client satisfactiondeveloping and executing email marketing strategiesposition requirements include  proficiency in commonly used email marketing platformsknowledge and expertise of emailing through esp  cms platformsthe ability to write marketing copy for various industriesexperience in strategizing creating and implementing drip campaignsthe ability to strategize and implement email marketing campaignsstrong proofreading and editing skills

last updated"
267,FT Sales Associate,"DESIGNER STYLIST       Summary     High-achieving Sales Associate offering an extensive background in customer service, sales, client relations and merchandising. Self-directed and self-motivated team player who also works well independently.        Highlights          Reliable and punctual  Cash handling accuracy  Organized  Time management  Detail-oriented      Strong communication skills  Flexible schedule  POS systems  Energetic self-starter  Excellent communication skills            Experience     02/2014   to   11/2014     Designer Stylist    Company Name   －   City  ,   State      Cut, trimmed and shaped hair or hairpieces, based on customers' instructions, hair type and facial features, using clippers, scissors, trimmers and razors Analyzed patrons' hair and other physical features to determine and recommend beauty treatment or suggest hair styles Scheduled client appointments Eyelash extensions Utilized bleach, dye, or tint hair, using applicator or brush Shampooed, rinsed, conditioned and dried hair  according to state regulations Demonstrate and sell hair care products and cosmetics Used cash register, in charge of daily total sales, and answered phone. Helped customers select products that best fit their personal needs. Processed an average of 30 transactions each day in a timely manner. Answered customers' questions and addressed problems and complaints in person and via phone. Opened and closed the store, which included counting cash drawers and making bank deposits. Helped customers select products that best fit their personal needs. Maintained visually appealing and effective displays for the entire store. Educated customers on product and service offerings.Offered exceptional customer service to differentiate and promote the company brand.Consulted with customers on the latest styles and trends.Kept the showroom clean and maintained neat, orderly product displays.Built customer confidence by actively listening to their concerns and giving appropriat [...]","now hiring sales consultants  at levin furniture  mattress

earn more  well guarantee your pay while you learn and build your clientele

on average sales consultants can earn    annually

were a familyowned company with a history of caring for our employees customers and community

now offering a  signon bonus

levin furniture  mattress compensation and benefits program
 generous draw vs commission structure  commission up to   bonus income
 paid training  minimum guaranteed salary of month for the first  days
  signon bonus
 firstyear associate average earnings 
 average annual salary up to 
 top performers can earn  annually
 growth opportunities  levins loves to promote from within
 great benefits  medical dental vision life  disability  and pto
 generous employee discount
 friendly supportive work environment
 beautiful showroom with top brands  trends
job descriptionduties
 maximize excellent customer service and customer satisfaction
 meets andor exceeds minimum sales standards and assigned sales goals
 prospects new customers through various networking and clienteling efforts
 completes all required initial and ongoing sales training programs and attends required store meetings
 communicates with all internalexternal customers clients management andor colleagues in a professional manner
 works independently andor cooperatively with others as part of a team

required skills
skillsrequirements
 flexibilityavailability to work a retail hoursscheduling includes days evenin [...]"
268,Executive Assistant to CEO at Chartis Federal (Hybrid: Remote ...,"STUDENT           Professional Summary    Completed Bachelors of Science in Interdisciplinary Social Science and Minor in Conflict Analysis and Trauma
Studies in August 2015. Possesses strong interpersonal skills and a desire for a career in social sciences. Served 8 1/2 years' in the US Army with experience in professionalism, dedication to duty, and integrity. Extensive background in Executive Administrative affairs over a 4 year period, including experience in employee training, personnel information management, counseling and mentorship, conflict resolution, general office operations, communication, mediation, and coordinating travel. Demonstrated success in developing training modules and coordinating ceremonies.      Core Qualifications          Personnel Management; Personnel Information  Management; Proficient in Microsoft Outlook/Excel  Word/Power point; Employee Relations; General Office  Operations; Orientations/Ceremonies Training and  Development; Performance Management; Ability to type 45 wpm              Experience      Student    June 2013   to   Current       City  ,   State      Diligently maintained living environment for three individuals and two pets all while completing Bachelors of Science through distance learning.  Provided three nutritional meals daily.  Responsible for the care and well-being of one child.             September 2004   to   June 2013     Company Name          35-40 hrs.          Executive Administrative Assistant    September 2012   to   April 2013     Company Name   -   City  ,   State      Essential member of the Army communications maintenance team and is primarily responsible for performing field and sustainment level maintenance on avionic navigation flight control systems, stabilization systems and equipment.  Maintain, test and repair communication equipment Install and repair circuits and wiring Calibrate and align equipment components Test and isolate faulty assemblies and components Replace parts, rewire equipment [...]","chatterboss is recruiting for a directhire role at chartis federal

about chartis federal

chartis federal is a systems engineering and integration firm that specializes in missioncritical it and communications for public safety law enforcement homeland security and defense we have more than  staff in  states providing services and solutions across the globe with yearoveryear growth chartis has been a member of the washington technology fast  two times and ranked on the inc  five consecutive years

notably chartis is among the highest awarded prime contractors on the  department of homeland security dhs tactical communications strategic sourcing vehicle taccom i and taccom ii

our mission is to keep americas heroes safe and connected  on the battlefield on the border and in our backyards

learn more about chartis federal here

the opportunity

this is an exciting opportunity for an executive assistant hybrid role with  days remote and  day in the office at the dc metro location this person will be the right hand of the ceo this individual excels at organization project management and research this role is the glue that keeps the ceo running while working closely with internal teams for strategic objective compliance

responsibilities
 managing ceo schedule coordinating meetings events providing necessary prep items documenting and managing followup items
 managing ceo email reviewing and drafting responses adding to task management  email accounts
 creating competitive resear [...]"
269,Talent Acquisition Coordinator/ Technical Recruiter (100% Remote...,"ASSISTANT, ACQUISITIONS AND DISPOSITIONS         Summary     Acquisitions and dispositions coordinator adept in client relations, due diligence and real estate management. Seeks a challenging position in property management with room for continued growth and professional development.       Experience      Company Name     February 2007   to   Current     Assistant, Acquisitions and Dispositions   City  ,   State      Coordinate due diligence information in the disposition of non-core properties to brokers and principals/investors  Facilitate underwriting of potential acquisitions in coordination with leasing reps and regional asset managers  Work on the capital harvesting program to sell off non-core assets and out-parcels in creating capital that can be redeployed into better-performing core assets  Manage acquisitions and dispositions network drive and update the company website as properties are sold and acquired  Organize Investment Committee Meetings for discussion and approval of redevelopment properties as well as approval of acquiring or disposing of assets  Prepare property reports such as rent rolls, tenant sales, aged receivables, and operating statements for the analysis of core and non-core properties slated for disposition           Company Name     November 2000   to   January 2007     Sales and Product Associate   City  ,   State      Supported associate Field Sales Representatives to assist with high-volume single or multi-site customers   Acted as liaison between customers and Field Representatives to generate leads and quotations for possible future sales   Diligently researched information in assisting customers and distribution companies with technical product and applications inquiries  Processed customer invoices for purchase of demonstration equipment and maintaining sales representatives' consignment accounts   Authorized requests for product returns and exchanges as well as monitored high-dollar purchase orders and customer account status [...]","description our history from our start in  conexess has established itself in  markets employing nearly  individuals nationwide operating in over  states our client base ranges from fortune  companies to midsmall range companies for the majority of the midsmall range companies we are exclusively used due to our outstanding staffing track record

who we are conexess is a fullservice staffing firm offering contract contractto hire and direct placements we have a wide range of recruiting capabilities extending from help desk technicians to cios we are also capable of offering project based work

we are seeking multiple technical recruiters to join our client a global consulting firm as they are experiencing unprecedent growth the role offers long term job security and career growth in a globally recognized organization

the talent acquisition coordinator technical recruiter job responsibilities include but are not limited to
 plan and schedule inperson or phone interviews by contacting hiring managers interviewers and candidates schedule creation space procurement candidate travel collection of interviewer feedback etc
 work with recruiters on large interview days one off interviews and events as needed
 utilize webbased applicant tracking system to maintain candidate data and reporting
 assist with candidate expense reimbursement process
perform other various administrative responsibilities related to recruiting
 utilize effective communication and followthrough while acting as [...]"
270,Regional Sales Manager - Air Solutions NE,"DIRECTOR OF BUSINESS DEVELOPMENT         Executive Profile    To apply over 22 years of experience as an exceptional Director of Business Development, to manage personnel and resources by utilizing financial and strategic analysis.  To apply logistical support, and budget analysis skills to enhance management.  To enforce departmental policies, goals, procedures and objectives through communicating in writing and orally with subordinates, and executive management.  To apply years of leadership experience and vast amounts of financial responsibilities to maintaining a district's bottom-line. Top Secret      Skill Highlights        Types 80 WPM, Microsoft Word, Excel, PowerPoint, Sales Force and Outlook              Professional Experience      Director of Business Development  ,   07/2010   to   02/2015    Company Name   －   City  ,   State      Plan, direct, and coordinate operational activities at the highest level of management with the help of subordinate executives and staff managers.  Excellent communications skills written and orally especially under pressure.  Ability to forecast future issues through ongoing strategic analysis.  Prospect for new sales and manage current and pending sales in the amount of over $1M.  Maintain relationships with Client Government Sales Management to ensure strategy and sales objectives are identified and plans developed for the sales year.  Ensure all relevant Human Resources and policies, procedures are followed.  Establish and oversee the implementation departmental policies, goals, objectives, and procedures, conferring with senior management and staff members as necessary.  Analyze day to day business activities ensuring efficient and effective services.  Supervise budgets for maximum Return of Investment (ROI).  Negotiate business transactions for the company in the amount of over $1K.  Ensure adherence to all Health, Safety and Environmental policies and procedures.  Experience in fracking.  Exercise confidential informat [...]","we are currently seeking a regional sales manager to join our dynamic air solutions team in the northeast us region
 in this capacity you will be the applied channel lead helping to grow lgs commercial air conditioning business
 the region covers the states including pa nj ny ct ri ma vt nh and me with multiple regional sales engineer direct reports 
 build strong relationships with employees channel partners engineering firms contractors and owners in the region to understand market needs and trends
 develop a strong strategic grasp of the market in order to provide an actionable plan for share growth in the short and long term
 lead a team of regional sales engineers to help drive growth of our applied representative channel and achieve regional sales and margin targets
 provide voice of the customermarket insight to optimize lgs offering and value proposition to the region
 qualify channel opportunities and manage opportunity pipeline to ensure forecast accuracy and inventory availability
 collaborate with internal stakeholders including functional expertssubject matter experts energy operational engineering technical financial and legal support when necessary on all aspects of strategy planning developing executing and growing lgs business
 develop account market analytics and timely performance metrics to sales management
 represent lg at industry events building on our brand reputation to deepen existing relationships while building new ones
 bachelors degree is require [...]"
271,VP of Finance (East Meadow),"STAFF ACCOUNTANT       Summary    EXPERIENCED ACCOUNTANT with more than 15 years of accounting and financial analysis experience.  Expertise in budgeting and economic analysis, financial reporting, and resource analysis/optimization. Solid record of performance managing analytical studies, key initiatives, and high-profile performance improvement projects. Technical expert and analyst on complex program issues. Solid critical thinking, problem-solving, research and liaison skills. Recognized for outstanding communication skills, flexibility, keen political savvy, sense of humor, and leadership abilities.  
AREAS OF EXPERTISE:  Accounting; financial analysis; program evaluation and management; strategic and operations planning and streamlining; operations management; workforce analysis and manpower planning; operational, financial, and compliance auditing; profit/revenue analysis; internal control reviews; process improvement and simplification; team and project leadership; quantitative/qualitative analysis; risk and feasibility assessment and management; database management; statistical analysis; technical, regulatory and best practices research;      Skills        Lawson, Invision, QuickBooks, MS Word, Excel, PowerPoint, Lotus Notes, and Meditech            Experience     01/2001   to   02/2011     STAFF ACCOUNTANT    Company Name   －   City        40 hours/week, 
ANALYZED FINANCIAL REPORTS AND PROGRAMS TO RESOLVE PROBLEMS.  Formatted and prepare internal financial reports for various entities.  Monitored and researched significant revenue and budget variances, including actual costs versus budgeted costs, recommending alternative courses of action.  Resolved complex issues involving multiple aspects of financial management.  Reviewed policies and principles to plan and develop financial controls and made changes and additions to cost allocation codes.  ANALYZED AND RECONCILED A VARIETY OF ACCOUNTS AND TRANSACTIONS:  Monitored, reconciled, researched, analyzed and [...]",vp of finance about flywheel flywheel software is a highgrowth technology startup transforming data activation on snowflake  bigquery  and redshift that is changing the way businesses acquire retain and winback their customers clients include google indeed and the boston red sox we apply bestinclass architecture and technology to build a system that is both functional and beautiful about the role flywheel is looking for a vice president of finance to work directly with flywheels founders to integrate an accounting and finance perspective into our growth strategy this is a great role for someone looking to be the founding member of the finance team driving forecasts and operations and have the opportunity to institute accounting policies procedures and best practices as well as eventually grow and develop a team responsibilities will include routine maintenance of the accounting books and records but with a strong focus on creating forecasts developing financial plans to achieve strategic objectives and working hand in hand with the rest of the leadership team and the board of directors to manage explosive growth in a fiscally responsible manner in this role key areas of focus will be to define and build regular financial and operational kpis which will drive financial discipline business growth and profitability initiatives across the business while managing control systems designed to preserve company assets and report accurate and meaningful financial results responsibiliti [...]
272,Regional Sales Manager,"HR SHARED SERVICES ANALYST           Summary    Versatile HR professional with a strong benefits administration background, progressive cross-functional experience in broad range of HR functions including; HRIS, state and federal reporting, project management, client and vendor relation management, HR regulations, employee relations, HR policies and procedures, training, candidate screening and interviewing, employee oversight      Highlights        Applaud, Colleague, SAP, ADP, PeopleSoft, Microsoft Office, Aon/Hewitt HRIS Systems              Experience      HR Shared Services Analyst    September 2015   to   Current     Company Name   －   City  ,   State      Provide customer support for HRIS questions and issues by researching resolving simple to complex policy and transactional questions related to the use of the PeopleSoft HRIS and HR administrative policies and practices.  Assist in addressing and resolving inquiries from employees, managers and/or or internal HRBPs Provide tier 1 or 2 support to employees, managers and HRBPs Receive, audit, and complete requests for Mass Changes/ Reorganizations in PeopleSoft Perform periodic audits of data entered into HR systems Establish guideline for setting up standard reports Complete HR transactional, payroll and administrative activities as needed Suggest methods to update, simplify, and enhance processes, procedures and technologies based upon customer feedback Receive, audit, and complete requests for data corrections using Correction Mode in PeopleSoft Support and execute user acceptance testing of system updates and enhancements to PeopleSoft Conduct data audits to ensure data integrity Fulfill general reporting requests Maintain consistent service levels as defined Meet deadlines and handle varying workloads with a high degree of accuracy.          Human Resources Representative    January 2014   to   February 2015     Company Name   －   City  ,   State      Daily support for the administration of all University [...]","must have  years of net new sales experience in the cooling towerhvacpump industry to be considered for this role
 my client developed the first cooling tower of its kind back in the  when they were founded on strong core values
 they are proud to still offer cutting edge and proprietary technology to this day with a year warranty
 they are looking for a regional sales manager to cover the western us canada and mexico
 this person will primarily hunt for new account opportunities while managing manufacturer rep accounts
 strong base  uncapped commissions  great benefits"
273,"Systems Administrator, IT (Brooklyn, NY)","INDEPENDENT DESIGNER         Professional Summary    Independent and results driven Design Professional with an extensive background in the design process. Proficient in taking initiative, along with a desire to achieve client satisfaction, for a record of accomplished results.      Skills          Space Planning  Workplace Strategy  Project Coordination  FF&E Expertise  Problem Resolution  ADA & Building Codes  Written & Verbal Communication  Product Specification  AutoCAD  MS Office Suite  Salesforce  ADA, Specification  AutoCAD, Strategy  Budgets, Verbal Communication  Change management, Written  COUNCIL  Creativity  Customer satisfaction      Direction  Documentation  Innovation  Interior design  Team lead  Leadership  Materials  Meetings  MS Office Suite  Office  Organizational  Personnel  Presentations  Problem Resolution  Processes  Procurement  Programming  Project Coordination  Real Estate  Retail  Sales  Space Planning            Work History      INDEPENDENT DESIGNER  ,     04/2020   to   Current     Company Name    –    City  ,   State        Create Site and Fixture Plans utilizing AutoCAD for Walgreens, Chipotle, and Aspen Dental for use by Real Estate Developers and Property Investors.  Perform on-site surveys to produce AutoCAD floor plan drawings of existing spaces for electronic documentation, in addition to providing space improvement solutions and options.         SPECIFICATIONS MANAGER  ,     01/2015   to   03/2020     Company Name    –    City  ,   State        Traveled extensively throughout my territory creating and conducting product presentations/meetings for Architects, Designers, Builders, Furniture Manufacturers, Facility Managers, Retail and Commercial End Users.  Initiated new business and grew existing accounts by 40 percent while maintaining/nurturing relationships.  Identified and targeted high value projects in planning stages to drive specifications, resulting in exceeded sales goals.         WORKPLACE CONSULTANT  ,     01/2003   t [...]","who we are

the vera institute of justice founded in  is a nonprofit criminal justice organization that strives to build just government institutions and safe communities free from the scourge of racism white supremacy profit and inequity that is pervasive in this countrys legal systems we are an inside lane organization that drives change at scale with ambitious public sector leaders who share our commitment to building antiracist reparative systems that deliver justice we leverage our access to government to transform these systems and work collaboratively with stakeholders across many movementsincluding advocacy grassroots and grasstop organizations our role is to pilot solutions that are transformative and achievable harness the power of evidence to drive effective policy and practice and use advocacy and communications to change narratives and norms

vera has a staff of just over  people and offices in new york city washington dc los angeles and new orleans we are an equal opportunity employer with a commitment to diversity in the workplace we expect our staff to embody respect independence collaboration commitment antiracism and equityboth in our outwardfacing work and the internal culture of our workplace we value a range of experiences in peoples educational backgrounds and encourage people who have been directly impacted by the criminal justice system to apply

who you are

the system administrator is responsible for maintaining veras systems deploying and managing s [...]"
274,"Manager, Sales and Customer Service","ACCOUNTANT       Summary    Degreed accountant with more than 10 years of diversified accounting experience seeking accounting position at a well-established company in Houston      Highlights          Team-oriented  Detail-oriented  Deadlines focused  Excellent communication and presentation skills  Quick learner  Strong management skills  Good analytical skills  Ability of managing multi tasks  Technical Skills  Accounting Software:  PeopleSoft / QuickBooks  Tax Software: Drake / Ultra Tax / TurboTax  Operating Systems: XP Windows Professional / Windows 7/ Windows 8  Microsoft Office: Word / Advanced MS Excel skills /MS Access / PowerPoint / Outlook  PDF: Adobe Reader / Adobe Acrobat X                Experience     04/2012   to   06/2014     Accountant    Company Name   －   City  ,   State      Prepare federal tax returns for individuals and small businesses.  Perform bookkeeping and prepare financial statements for small businesses.  Perform special projects & short-term assignments such as accountant at MCT Sheet Metal, Inc.         10/2011   to   04/2012     Tax Accountant    Company Name   －   City  ,   State      Contributed to the overall production and enhanced the efficiency of the corporate tax services by exceeding production goals.  Answered clients' queries regarding their tax filing status.  Resolved clients' tax filing problems.  Prepared simple and complex tax returns for individuals and for small businesses.  Prepared and reviewed financial statements needed to prepare tax returns.         01/2007   to   08/2011     Accounting Manager    Company Name   －   City  ,   State      Established new strategies to maximize profitability.  Played an overwhelming role in the developing and restructuring of the entire accounting department.  Improved the efficiency of the entire accounting department by 40%.  Reduced accounts receivable turnover by 50%.  Prepared general ledger journal entries on QuickBooks.  Processed weekly and monthly invoices for accounts [...]",job overviewas the leader of sales and customer service you will lead by driving sales and selling with focus on the macys customer and colleagues all activities related to presenting a clean neat and organized shopping environment for our customers and managing all aspects of selling support are under your direction you will lead initiatives and related efforts to increase customer loyalty while delivering on macys standards for customer service with training coaching and development a team of colleagues will grow following your leadershipkey accountabilities drive and exceed sales goals by leading macys initiatives through coaching and recognition while optimizing productivity and efficiency lead customer service in the store ensure colleagues engage with customers and provide a friendly and easy to shop environment manage all aspects of selling support including workload execution backstocking and equipment return maintaining stockroom and signing standards and supporting the merchandising process support manager omni operations when needed to complete fulfillment product movement logistics and back of house activities support manager style merchandise execution when needed to complete all merchandising product movement price changes visual execution and event setup activities support manager asset protection when needed with execution of shortage reduction strategies and merchandise protection review sales and star rewards results and strategize action for continued impro [...]
275,Fraud Awareness Educator – Associate,"HEALTHCARE ADMINISTRATION INTERN         Professional Summary    To find a position that will utilize my knowledge while working in tandem with in a highly-regarded setting. Skilled at communicating, organizing and solving problems to raise the stature and rankings of health care facilities.      Skills          Strong p resentation skills   Effective staff coach  Strategic planning capability  Planning and development  Supervisory training      Analytical thinker  Supervisory training  Quality improvement competency  Independent judgment and decision making            Work History      Healthcare Administration Intern  ,     01/2014   to   04/2014     Company Name   –   City  ,   State      Conducted a feasibility study on 12, 10 and eight hour shifts by compiling statistics.  Handled detail work including make and maintaining a work schedule for 16 employees.  Proposed new ideas for the holiday and schedule guidelines.  Worked with a LEAN coach, Budget Director, Human Recourse, Pay Roll Reprehensive to get an over view of how things are ran in the department.  Worked with tight deadlines.  Skillfully developed departmental goals, objectives, standards of performance, policies and procedures.  Organized the department in accordance with administrative guidelines in order to provide specified nursing services to meet the legal, organizational and medical staff guidelines.  Interpreted and communicated new or revised policies to staff.  Led the planning and achievement of goals and objectives consistent with the agency mission and philosophy.         Pulmonary Lab Technician  ,     04/2011   to   Current     Company Name   –   City  ,   State      Performed 12-lead EKGs on patients throughout the health system using the GE MAC 5000 EKG Machine.  Assumed responsibility for reading EKGs for normal and abnormal results and reporting these to the Doctor, Charge Nurse or Nurse.  Extracted arterial blood for blood gas tests for patients using ABL800 Flex Radiometer and ran [...]","job description

responsibilities
assist with the planning and facilitation of internal stakeholder and client fraud education sessions create fraud awareness materials for internal stakeholders and client fraud awareness support internal fraud awareness requests globally as needed analyze awarenessrelated problems and feedback and strategize for better solutions conduct employee surveys and interviews track and compile collected data test and review created materials maintain a database of all training materials support ongoing and ad hoc requests as needed

attributes  skills
prior client servicing experience and training facilitation experience strong interpersonal skills and communication with all levels of management strong project management skills able to multitask prioritize and manage time efficiently organized and able to create multiple timelines and schedules strong verbal and writing skills proactive and selfdriven proficient computer skills microsoft office suite word powerpoint outlook and excel general financial crimes knowledge"
276,Marketing Intern,"JAVA INTERN       Career Overview     Developer well-versed in structuring, developing and implementing interactive websites.  with experience in back-end programming, relational databases and performance testing SAN.             Education      May 2015    Wichita State University   －   City  ,   State      Master of Science    Computer Science    GPA:   GPA: 3.93/4     GPA: 3.92/4          May 2013    BMSCE   －   City  ,   State      Bachelor of Engineering    Computer Science    GPA:   GPA: 8.81/10     GPA: 8.81/10         Qualifications          Programming and design skills  Strong analytical skills  Optimizing and performance tuning  Experience with writing and executing test plans  Experience working in Agile Software development methodology       Capable of working simultaneously on diverse projects individually and as a team  Experience in project presentations and enthusiasm in understanding new concepts            Technical Skills       Server-side  technologies : servlets, JSP, J2EE technologies, Hibernate3.x, JPA, Spring 3.0, Struts 2.0, EJB, JMS, Design patterns, SQL, Pl/SQL   Client-side  scripting : HTML5, CSS, Java Script, AngularJS, Jquery and bootstrap   Consuming and producing SOAP and Restful web services (XML and JSON)  C, C++,Unix system programming, CUDA, Perl  Data Structures, Operating system concepts, multicore and multi-threaded programming, SAN, UNIX   Tools  : Eclipse, IOmeter , Code Warrior, vi editor, Visual Studio, Arduino, Oracle 11g, Code Blocks, iSCSI initiator, NetApp internal tools, Navicat, JConsole, JMeter, tomcat, JBOSS, Git        Technical projects       Unix system programming : Built a binary search tree using system calls in C (on Linux platform) to sort a file of records Implementation of Unix commands : tail, tee, cp and mv, in C   Parallel Apriori  algorithm proposal on Nvidia GPU Performance of Apriori algorithm with multiple threads on a single-core machine was compared against multi-threading on GPU. The newly propo [...]","the marketing intern works in an inhouse position with the marketing department gaining valuable experience in multiple areas of marketing communications corporate partnerships retail special events  experiences social media digital marketing photography videography advertising research and analytics

essential functions
 regular and predictable attendance is expected and required all cleveland metroparks employees must be prepared to work flexible schedules including evenings weekends andor holidays as required
 provides support to the department and assists with related functions and special projects as assigned
 serve as customer support liaison between public and internal staff
 assists with corporate partnership activation as needed and provides client support
 provides departmental support and assists with related functions and special projects as assigned
 assist in the collection analysis and synthesis of information including survey data collection through inperson interceptsinterviews
 utilizes google analytics to develop insights and make recommendations for digital and website strategy
 assists with setup execution and tear down for special events ribbon cuttings or media interviews
 assists with event promotions including collaboration with partners stakeholders and the media
 performs updates to website content and assists with ongoing website maintenance
 gathers information and creates enewsletter
 drafts andor proofreads written communications social posts pr [...]"
277,Senior Statistical Programmer,"ADVANCED LEVEL WHEELED VEHICLE MECHANIC       Career Focus    To obtain a challenging, rewarding position in a professional and structured environment, where I can utilize my vast military experience, work ethic and training to become an integral contributor to a growing and productive organization. Skills Proven excellence with budgets, schedules, coordination, supervision, training, management, and maintenance of projects and programs at all levels, effectively interpreting and communicating requirements across functional organizations. In depth knowledge of OSHA, NAVOSH, and the handling, storage and disposition of Government Owned Property, and capable of providing effective employee training on all related topics. Verbal, interpersonal skills: able to facilitate cooperation among team members. Managerial skills with time management and delegation with the initiative to take on tasks and resolve problems immediately. Deeply instilled discipline, work ethic, customer astuteness, and conceptual thinking. A fast learner who will be an immediate asset to any workplace. Windows Server 2008 - planning, deploying, configuring, and maintaining AD infrastructure, environment, and objects.      Core Qualifications          Installation, Configuring, and Management of Windows 7  Active Directory Windows Server 2008 R2  Administration of Active Directory  Managing Windows Server 2008 R2 Components  IP Addressing & Name Resolution  Network Components of Windows Server 2008 R2  Windows Server 2008 R2 MCSE 70-640, MCSE 70-642 and MCSE 70-646 Key Differences between Server 2003 and Server 2008.  Windows 7 Domain Integration & Client Support. DHCP, WINS, RRAS, IPSEC, TCP/IP, & Computer Troubleshooting.  Installing and supporting Windows 7 and Windows Server 2008 in virtual environment.  IP and IP Routing; IPsec; DHCP; Remote Access. Installing, configuring, managing, and maintaining hardware.  Configuring Domain Name Resolution, Network Connectivity; Installing and Deploying Win [...]","be part of our empowered parexel statistical programming team today the senior statistical programmer with sdtm experience will contribute to meaningful advances that benefit patients in need

as a senior programmer you will be recognized as a subject matter expert providing technical support and expert advice to internal and external sponsors parexel will provide you with the perfect opportunity to expand on your experiences and develop new skills in a stimulating work environment

key responsibilities include not an exhaustive list of duties
 input into and negotiate statistical programming timelines
 ensure that timelines are adhered to coordinate and lead a statistical programming team to successful completion of a study within given timelines and budget
 monitor project resourcing project budgets and identify changes in scope
 ensure quality control qc on all process and technical activities related to derived dataset table listing and figure programming in accordance with corporate quality standards
 maintain all supporting documentation for studies in accordance with wsopsguidelines to ensure traceability and regulatory compliance
 provide a broad range of leadership and influencing capabilities to achieve the business objectives and goals for both parexel and sponsors
 provide leadership project specific training stakeholder management external sponsor support resource management and project management for the required programming tasks supporting clinical trial activ [...]"
278,Sales Leader I - Business Banking Sales Manager,"CORPORATE ADMINISTRATOR           Summary    Successful administrative professional with 15 years of experience.      Skills          Organized  Detail oriented  Efficient  Prioritize multiple deadlines  Work well independently  Collaborate with others  Software  Microsoft Word  Excel  PowerPoint  Outlook  Adobe Acrobat  Multiple project software websites  General Clerical  Type 75 WPM  Multiline phones              Experience      Corporate Administrator    January 2009   to   January 2017     Company Name   －   City  ,   State      Light accounting/bookkeeping
Travel arrangements
Meeting agendas and minutes
Editing/Proofreading
Meticulously proofread
Ensure consistency in content 
Structure
Revise for clarity
Review style format
Bidding Administration
Prepare ""front-end docs""
Familiar with various loaning agency requirements
Know and able to carry out bid process from start to finish
Construction Administration Assist approximately 15 engineers in our water/wastewater department working on multi-million dollar projects.  Requires great attention to detail while meeting multiple deadlines simultaneously.  Specific duties include:.  Document Processing - Proofread, revise, format, PDF, and produce master plans, planning studies, specifications and plans, technical memos, letters, meeting minutes, and O&M manuals for municipalities and cities.  Bidding Administration - Distribute plans and specifications, maintain planholders' lists, issue and confirm receipt of addenda, and complete bid tabulations.  Construction Administration - Prepare contract documents.  Receive and return submittals and RFIs; maintain logs.  Assisted approximately 18 engineers in the water/wastewater department working on multi-million dollar projects.  Required great attention to detail while meeting multiple deadlines simultaneously.  Coordinated with clients, contractors, subconsultants, and internal drafters to help keep projects running smoothly.  Specific duties included:
Document Process [...]","job profile

position overview

at pnc our people are our greatest differentiator and competitive advantage in the markets we serve we are all united in delivering the best experience for our customers we work together each day to foster an inclusive workplace culture where all of our employees feel respected valued and have an opportunity to contribute to the companys success as an business banking sales manager within pncs small business banking organization you will be based in piscatawaynew jersey

a business banking sales leader is responsible for coaching their team members on the skills needed to analyze evaluate and mitigate risk the business banking sales leader leads the team on credit requests by utilizing advanced knowledge of credit fundamentals and internal credit policies the leader motivates and develops team members while monitoring progress against individual goals in conjunction with our key service partners they will provide their team with support and coaching as they focus on the customers overall financial wellbeing leading to a bestinclass banking experience

job description

manages and directs a team to achieve business results and customer experience goals may have direct sales and client responsibilities oversees the execution of strategy

leads and coordinates the daily activities of team members engaged in customer andor prospect management activities achieves business results attracts new customers andor grows existing customer relationships by [...]"
279,System Software Development Engineer - Entry Level,"PUBLIC RELATIONS/SOCIAL MEDIA MANAGEMENT       Summary    Public Relations Manager with strong communications, event planning, media relations and social media experience within consumer brands. Solid experience establishing excellent media contacts within the beauty, fashion, and technology industries. Strong project management skills with ability to execute projects effectively and efficiently. Served as brand representative for English/Spanish speaking TV segments both nationally & regionally; appeared regularly on Access Hollywood Live, E! News, NBC San Antonio Living, ABC 7 News, Better Mornings and Miami LIVE.      Accomplishments          Experience      Public Relations/Social Media Management    07/2014   to   Current     Company Name      Public Relations and Social Media Career Highlights: Responsible for pitching and securing positive press coverage for all clients through all media platforms including TV, Print, Digital Social Media and Blogs for startups Responsibilities: Managing events, lifestyle media relations, entertainment, multicultural (AA & Hispanic), beauty and fashion, B2B, parenting, sports, natural wellness and spirits.  Executing brand awareness programs through consistent marketing efforts, product campaign events and launches.  Social Media Management.          Public Relations and Social Media Manager   11/2012   to   06/2014     Company Name      Responsible for the execution & management of strategies supporting content development, influencer marketing, events, strategic partnerships, cause marketing and social media campaigns.  Managed online and print advertising budgets up to 1M  Identified customer needs through market research and analysis.Defined project and company vision, strategies and tactics.Oversaw an average of [Number] new customer inductions per month, including keeping accurate records.Coached less experienced public relations staff members on corporate communications practices.Developed corporate communications stra [...]","job details

job description

intels flex engineering team is an internal software engineering consulting team that works with product groups across intel

as a software engineer on the flex team you get the opportunity to work on multiple different projects across intel ranging from autonomous driving virtual reality  artificial intelligence cloud iot and memory we will work to flex you to projects that align to your skills and interests

we are looking for software engineer that has a solid cc programming data structures andor algorithms experience these core skills we require will allow our software engineers on the flex team to work on a variety of different projects across the company and be successful

the focus of this role is on systemlevel software development in areas such as linuxwindows os kernel firmware librarymiddleware optimization graphics or memory area simulationvalidationo driver imagingmedia aimachine learning and computer vision among others

qualifications

you must possess the below minimum qualifications to be initially considered for this position preferred qualifications are in addition to the minimum requirements and are considered a plus factor in identifying top candidates

experience listed below could be obtained through a combination of schoolwork classes research or any relevant previous job or internship experiences

please include any operating systems c computer architecture data structures data structures and algorithms embedded systems d [...]"
280,Administrative Assistant - Remote / Online / Work From Home (PT/FT),"AUDIT AND RECOVERY SPECIALIST         Summary    Proficient and highly skilled Customer support specialist with years of experience seeking to use my extensive background in customer relations, collections and sales into an intermediate-level position with future advancement.      Experience      Company Name    City  ,   State    Audit and Recovery Specialist   01/2016   to   Current       Review, investigate, analyze, and resolve key issues at the provider and client level.  Manage outstanding inventory as assigned by maintaining daily call volume and inventory turnover rate expectations.  Adhere to all escalation timeframes and re-status inventory according to department guidelines.  Interface and collaborate with various levels at the provider level to communicate outstanding inventory issues and attempt continuous follow-up throughout the order to cash revenue cycle.  Utilize and contribute to refining department policy and procedures.  Identify and communicate process improvements which result in operational efficiencies.  Ensure systematic data oriented efforts to improve consumer and/or client services.  Serve as resource and subject matter expert to less experienced staff.  Collaborate, coordinate, and communicate across disciplines and departments.  Ensure compliance with HIPAA regulations and requirements.  Demonstrate commitment to the Company's core values.  The position responsibilities outlined above are in no way to be construed as all encompassing.  Other duties, responsibilities, and qualifications may be required and/or assigned as necessary.          Company Name    City  ,   State    Healthcare Collections Specialist   06/2015   to   01/2016       The handling of inbound and outbound calls from client customers.  Conduct account research and general analysis in order to assist customers.  Interacting with customers in order to resolve outstanding account balances and assist with payment plan set-ups.            Following up with customers on pay [...]","our assistants are our frontline employees and a very important they work diligently to sort and make sure packages are in the correct route to ensure proper delivery timelines they work closely as a team to make sure all the behind the scenes work is done safely and successfully no day is the same we are looking to expand our team with people that care about safety quality and work at a fast pace

work when you want and get paid daily immediate openings

   per hour

flexible hours available

duties  essential job functions

 monitor the employees shipping dashboard for incoming orders and packages

 stay available to receive shipments at the designated address

 inspect product boxes for damage and take and upload photos

 consolidate or process outbound shipments according to customer wishes and instructions provided

 deliver packages to local postal locations and ship them using provided shipping labels

 working at your own at home or home office

benefits

 highly competitive compensation depending on your experience with an annual increase based on performance

  program

 health insurance

 paid time off

 medical and other employee benefits

 opportunity for longterm employment and advancement

qualifications

 no hs diploma or ged required

 prior work experience in a wholesaleretail environment preferred but not required

 the company will provide training during the probationary period

we are an equal opportunity employer in compliance with federal and state emp [...]"
281,Associate Software Engineering,"ADMINISTRATIVE ASSISTANT         Summary    To acquire a challenging position with a reputable agency that will allow me the opportunity to showcase and further develop my skills and gain experience.       Highlights          Bilingual- Fluent in both English and Spanish  Active U.S. Security Clearance granted on March 2013  JPAS access  Experience living abroad in Quito, Ecuador  Ability to plan, organize, coordinate and direct Technical Proficiency  Macintosh & Windows Software  Microsoft Office: Word, PowerPoint, Excel, Outlook  Adobe Creative Suite 5: InDesign and Photoshop  SharePoint  Social Media                Experience      Company Name    City  ,   State    Administrative Assistant   08/2013   to   Current     I directly support the Hospitality sector and attend weekly conference calls in which I record and draft the meeting minutes for later distribution amongst the team. I create and edit monthly reports for current hospitality projects on InDesign and review for proper accuracy. I receive invoices from multiple projects and I am responsible for compiling the information and forwarding to the Project Manager for their approval before distributing the invoice packages. I schedule and coordinate appointments and sector meetings as needed. I assist the office by setting up conference calls and transferring calls to the appropriate person. I have developed various correspondences, spreadsheets and have drafted RFPs, RFIs and project contracts. I have successfully managed to coordinate and direct group conferences. I send out Courier/ FedEx/Mail as needed for Project Managers and update the internal vendor contact list.        Company Name    Consular Visa Clerk   05/2013   to   07/2013     (Bureau of International Narcotics and Law Enforcement Affairs Section, previously known as NAS). I assisted the INL Officer by coordinating and managing their meetings and travel arrangements. I provided travel support to several agencies by assisting them with inquiries [...]","gaming

welcome to the world of landbased gaming light  wonders gaming team builds cuttingedge technology products and content for the most iconic casinos and operators across the globe

position summary

job summary

the person in this position is responsible for development designing testing coding and integrating softwareembedded products troubleshoots and debugs software defects reviews interprets and executes softwareembedded requirements and specifications

essential job functions
 performs highlevel design and development of assigned embedded related projects
 creates highlevel andor detailed analysis on the design of various components to be used in the companys gaming and system products
 tests integrates writes troubleshoots and debugs embedded software applications
 develops and produces new games while adding to the main game libraries
 plans codes tests demonstrates and trains fellow engineers on software engineering practices followed by company standards and practices
 maintains liaison with engineers and other groups such as marketing and sales regarding relevant issues
 documents all tasks performed solutions to issues and implementation process
 researches new technologies and incorporates them into new gamingsystems products

knowledge skills and abilities
 strong attention to detail
 ability to share expertise and train subordinates
 ability to multitask and work independently
 good working knowledge and understanding of software modeling in realtime respo [...]"
282,Senior graphic designer,"STAFF ACCOUNTANT         Summary     Flexible Accountant who adapts seamlessly to constantly evolving accounting processes and technologies.  Committed to keeping accurate accounting records. Possesses a natural knack for numerical accuracy and calculating balances.       Highlights          Account reconciliations  Cash-flow report generation  ACCPAC accounting skills  Accounts receivable professional  Accounting operations professional  Knowledge of Sage  General ledger accounting aptitude  Complex problem solving  Great Plains knowledge  Effective time management  Proficient in SAP         Microsoft Office proficiency  Excel spreadsheets  Meticulous attention to detail  Results-oriented  Self-directed  Time management  Professional and mature  Resourceful  Strong interpersonal skills  Strong communication skills  Expert in customer relations            Accomplishments       General Ledger Accounts   Maintained accurate accounts including cash, inventory, prepaid, fixed assets, accounts payable, accrued expenses and line of credit transactions.   Researched and resolved billing problems that had been previously missed. Training   Successfully trained staff in all office systems and databases, policies and procedures while focusing on minimizing errors and generating superior results.        Professional Experience      Company Name     December 2009   to   Current     Staff Accountant   City  ,   State      Prepares general ledger entries by maintaining, coding, and processing records and files; reconciling accounts.  Responsible for recording journal entries, compiles, identifies and analyzes changes in account reconciliations, researching and resolving variances.  Prepares consolidated internal and external financial statements by gathering and analyzing information from the general ledger system and from sub- companies.  Maintains and balances an automated consolidation system by inputting data; verifying data.  Analyzes information and options by developing sp [...]","sonneman a way of light is seeking an experienced and talented senior graphic designer this person will be a creative who loves design and branding as much as high level visualization and inspirational

youll be involved on fully integrated digital social print and ecommerce solutions for sonneman products we will look to this role to ensure sonneman  a way of light creative is constantly delivering great thinking attention to detail and allaround amazing work for all product and the brand

the position

title  senior graphic designer

location  larchmont ny hybrid  week onsite

reports to  design director

responsibilities 
 motivated and driven that collaborates well with a crossfunctional team
 experience and indepth knowledge of all steps required in the creative process
 have excellent design sensibility and strong communication skills
 deliver consistently highquality content aligned with brands vision and overall creative direction
 ability to visualize environments and provide accurate direction and feedback
 able to effectively lead junior creative staff members and outsource creative teams as needed
 have a pulse on trends in design architecture interior design technology and arts

professional qualifications 
 at least  years as a graphic designer of proven experience working product and brand in these industries ie architecture design and  or interior design design consultancy advertising agency or inhouse creative environment
 expertise in developing groundbreaki [...]"
283,Workday Sales Director,"GLOBAL SR. MANAGER, PAID MEDIA         Professional Summary     I am a digital and product marketing professional with 13 years of experience, helping businesses increase their brand presence, engage with their customers and generate revenue throughout the customer lifecycle. My success comes from understanding and speaking to customer needs, creating compelling programs and pushing the boundaries of today's innovative marketing platforms to drive measurable results.       Core Qualifications          Digital Marketing  Social Media Marketing  Lead Generation  Brand Managemen  Online Advertising  Search Engine Marketing       Product Marketing  Strategic & Tactical Planning  Storytelling  Content Creation   Product Messaging  Mobile Marketing            Experience      Company Name    City  ,   State    Global Sr. Manager, Paid Media   04/2014         Pioneers Rackspace's paid marketing initiatives to drive lead generation and eCommerce conversion through customer engagement   Develops strategy for enterprise, mid-market and SMB marketing plans to ensure digital programs contribute to business growth Manages annual budgets of $6M across six differentiated business units   Collaborates with Creative, eCommerce and Brand teams to ensure a consistent story is told throughout the user experience   Provides business insights to internal clients to realize cross-channel efficiencies and optimization.          Company Name    City  ,   State    Director of Digital Marketing   01/2013   to   11/2013       Led HP Autonomy's search engine marketing, online advertising, blog and social media content and marketing strategy  Worked directly with HP Autonomy business units to conceptualize content and messaging and integrate this into lead generating digital campaigns to promote product pushes   Created and oversaw blogging platform recognized as the consistent top performer of all HP Software blogs, with over 35 contributing authors   Managed HP Autonomy's social profile, increa [...]","who we are

accenture is a global professional services company with leading capabilities in digital cloud and security combining unmatched experience and specialized skills across more than  industries we offer strategy and consulting interactive technology and operations servicesall powered by the worlds largest network of advanced technology and intelligent operations centers our  people deliver on the promise of technology and human ingenuity every day serving clients in more than  countries we embrace the power of change to create value and shared success for our clients people shareholders partners and communities

we are

people in the sales career track grow pipeline and sales by supporting managing or leading the origination andor closing of sales opportunities in a specific area or across a range of accenture offerings they progress by deepening sales skills andor developing new related skills growing into more complex sales roles laterally upward or in their current role

sales professionals drive the sales process and outcomes on a dedicated basis growing a profitable pipeline andor backlog of sales through deal origination sales negotiations and closure

you are
 the workday government account executive manages the opportunity from sales pursuit to close using deep sales process and offering expertise develop relationships with key buyers and decision makers at new andor existing clients protect and grow the business act as point of contact for resolution and esc [...]"
284,Career Coach (Remote Accepted),"MARKETING & COMMUNICATIONS EXECUTIVE       Executive Profile      Creative leader  offering rich career experience in corporate communications for domestic and global brands and strategic communications for use on social media, internal operations, and multi-media production. Successfully communicates brand messages to impressive heights through story-telling; key to transforming ideas into realities.      Achievements include  product penetration, brand recognition and value, brand and image awareness, visual communications, and public relations campaign management/execution. Recognized skills in content development, project planning/management, multi-million-dollar budget oversight, business development, advertising, and agency management.       Skill Highlights          Persuasive Leader  Skilled Negotiator  Brand Champion   Revenue Generator  Communications  Branding  Strategic Planning  Operations         Social Media Marketing  Digital Production  Budgeting  Project Planning & Execution  Business Development Support  Customer Service  Leadership  Sales            Core Accomplishments      Capitalize on story-telling talents  and visionary approach to communicate corporate accomplishments across all media including success in global media platforms such as YouTube, Twitter, Facebook, LinkedIn, Instagram, Vimeo, and Tumblr    Principal player  that navigated Robert Redford's Sundance TV from conceptualization through launch. Collaborated with television and feature film producers and distributors, cemented 12+ national partnerships, and spearheaded public relations and corporate communications campaigns that garnered global coverage. Developed communication positioning that boosted entity from a premium-only subscriber base to recognition as a vital entertainment channel    Contributed to millions of dollars  in sales by architecting awareness and communications strategies for the issue or re-issue of Disney films such as “Cinderella,” “Jungle Book II,” “Annie,” [...]","what is pathrise
pathrise yc  is an online program for tech professionals that provides on mentorship training and advice to help anyone land their next job on top of that were built around aligned incentives fellows only pay when they get hired and start working at a job first

every day we are expanding our team and our services we are looking for individuals who are ready to jump into a new role with us we are a flourishing team and we really enjoy working together to improve our fellows chances of getting the jobs of their dreams if this sounds like something youd be interested wed like the opportunity to get to know you more

our mission
we seek to uplift job seekers in their careers and help them fulfill their hopes ambitions and livelihoods read more about why were driven to do this in our manifesto

the role
the career mentor team is the fastest growing at pathrise with curriculum developed by extechnical recruiters we are looking for missiondriven and hardworking career educators to join our awesome team of career mentors

as a career mentor you will be responsible for fellows success by helping our job seekers develop their soft skills and personal brand through a variety of workshops and on mentoring sessions you will work crossfunctionally with technical mentors our product team and operations to promote engagement process improvements and data tracking

the total compensation for this role including base salary  potential bonuses which is  plus  remote candidates [...]"
285,"Vice President, Business Development","GENERAL MANAGER           Executive Summary    To secure a position with a respected business that will benefit from my organizational and leadership skills. To work with accuracy, efficiency, and friendliness in order to promote customer loyalty, while developing an enthused and goal oriented environment with the entire professional team.      Core Qualifications          Operations management  Staff development  Inventory control  Change management     Food cost analysis expert    Strong customer relationship builder  Ability to handle fast-paced environment      Customer-oriented  Strong leader  Proven sales record  Employee recruitment expertise  Hiring and training  Cash handling   Food production quality knowledge    Performance tracking and evaluation  P&L management            Professional Experience      GENERAL MANAGER    April 2015   to   Current     Company Name   －   City  ,   State      Accomplished in restaurant and human resource objectives by recruiting, selecting, orienting, training, assigning, scheduling, coaching, counseling, and disciplining management staff; communicating job expectations; planning, monitoring, appraising, and reviewing job contributions; planning and reviewing compensation actions; enforcing policies and procedures.  Extreme focus on having a safe, secure, and healthy facility environment by establishing, following, and enforcing sanitation standards and procedures; complying with health and legal regulations; maintaining security systems.  Maintained patron satisfaction by monitoring, evaluating, and auditing food, beverage, and service offerings; initiating improvements and building relationships with patrons.  Controlled purchases and inventory by negotiating prices and contracts; developing preferred supplier lists; reviewing and evaluating usage reports; analyzing variances; taking corrective actions.  New York City Food Handler Certified & National ServSafe Food Safety Manager Certified.          ADMINISTRATIVE SECRETAR [...]","vice president business development

about the position

cincinnati association for the blind and visually impaired cabvi is currently seeking a vice president business development this is a fulltime staff position reporting to the presidentceo

the vice president business development is an integral member of the cabvi leadership team leading the drive to build new customer relationships retain existing customer relationships to assure the ongoing financial sustainability of cabvi s business lines counted on to deliver significant new revenue annually the vice president will provide team leadership and grow the overall capacity of the team ensuring team collaboration with other agency segments this role is critical in supporting the ceo in creatingbuildingsustaining an environment and culture that focuses on fulfilling the cabvi s mission vision and values along with making diversity equity and inclusion part of everything we do

principal responsibilities for the position include

strategically directs growth initiatives related to the agency s servicebased social enterprises as well as state use and federal expansion identifies and evaluates new product service and business to expand and diversify employment and options for independence for people who are blind or visually impaired

manages existing key account relationships and develops new relationships necessary to meet goals engages prospects with the outcome of new business relationships

ensures diversification of pro [...]"
286,"Vice President, Business Development","SOCIAL MEDIA COORDINATOR         Highlights          Microsoft Office (e.g. Word, Excel and Power point)  Intermediate knowledge of Photoshop  Intermediate Knowledge of WordPress  Proficient knowledge of social media platforms (e.g. Facebook, Instagram, Twitter, Polyvore)  Proficient in e-ClinicalWorks software, QuickBooks, and Multichannel Order Manager              Experience      Social Media Coordinator     Sep 2015   to   Current      Company Name   －   City  ,   State     Proposing creative strategy in collaboration with marketing director
         Adding 45 quality boards on Pinterest and resulting in 47% follower growth
         Posting on Twitter and Instagram at least once a day
         Keeping track of social media trends and competition via Alexa Rank and Google Analytics
         Creating relevant contests to grow brand recognition and excitement.         Social Media Intern     Nov 2014   to   Feb 2015      Company Name   －   City  ,   State     Website and social media optimization
         Monitoring and posting on blogs, forums, and social networks
         Online outreach and promotion using Facebook, Twitter, Instagram and email marketing.         Bookkeeper     Sep 2013   to   Dec 2015      Company Name   －   City  ,   State     Inputting vouchers, invoices, checks, account statements, reports, and other records
       Managing charges and refunds
       Recording business transactions and key daily worksheets to the general ledger system.         Medical Record Clerk     Jan 2008   to   Jan 2013      Company Name   －   City  ,   State     Transferring patients' data into DOH website
        Reviewing 500+ records for completeness, accuracy, and compliance with regulations on a monthly
          basis
        preparing quarterly reports.         Education        Public Affairs Communication    Baruch College - CUNY   －   City  ,   State     Public Affairs Communication       Interests    Moma PS1 Warm Up Series 2015 and 2016
       New York Care [...]","vice president business development

about the position

cincinnati association for the blind and visually impaired cabvi is currently seeking a vice president business development this is a fulltime staff position reporting to the presidentceo

the vice president business development is an integral member of the cabvi leadership team leading the drive to build new customer relationships retain existing customer relationships to assure the ongoing financial sustainability of cabvi s business lines counted on to deliver significant new revenue annually the vice president will provide team leadership and grow the overall capacity of the team ensuring team collaboration with other agency segments this role is critical in supporting the ceo in creatingbuildingsustaining an environment and culture that focuses on fulfilling the cabvi s mission vision and values along with making diversity equity and inclusion part of everything we do

principal responsibilities for the position include

strategically directs growth initiatives related to the agency s servicebased social enterprises as well as state use and federal expansion identifies and evaluates new product service and business to expand and diversify employment and options for independence for people who are blind or visually impaired

manages existing key account relationships and develops new relationships necessary to meet goals engages prospects with the outcome of new business relationships

ensures diversification of pro [...]"
287,Development Associate,"SENIOR ENGINEERING PROGRAM MANAGER         Summary     Accomplished senior program management professional with a successful broad-based career defining and guiding the
implementation of industry best practices, standards, processes, and tools to strengthen organizations and drive
competitive growth. Extensive expertise in leading and delivering cross-functional transformational solutions.
Demonstrated knowledge of project life cycle methodologies with experience in developing and implementing
leading-edge strategies for large-scale enterprise initiatives. Proven ability to navigate complex situations while
prudently mitigating risks, identifying value creation opportunities, and building strategic partners.        Skills          
		
	
	
		
			
				
					
						
							
								Program Management  Portfolio   Management  Process Analysis  Solution Design  Enterprise   Software   Systems Integration      Data Management  Product Excellence  Agile Methodology  People Development  Leadership Development  Coaching/Mentoring            Professional Experience      Company Name    City  ,   State    Senior Engineering Program Manager   02/2011   to   04/2017          Accomplishments:   Managed mission critical project initiatives to support the Corporate Finance Organization     Developed strategy and led effort to evaluate the upgrade of the Oracle EBusiness
          Suite of Applications to Release 12. Highly complex ecosystem with over 70 countries, 100 boundary systems, and 3000 customizations    Built and led project team through the assessment and proof of concept required to build business case
          and secure funding for project.  Defined program governance structure and staffed program   Developed several presentations to executive leadership in Finance, Supply Chain, and Engineering to secure buy in and funding        Accomplishments:   Led various initiatives to improve operational effectiveness/efficiencies for a portfolio of over 60 projects    Champio [...]","our vision
 central synagogue
 is a thriving reform congregation in midtown manhattan serving  households and the larger jewish community we work towards a world in which judaism is central to our lives and is a profound and positive force for humanity we are constantly evolving as we pursue that goal together we learn worship serve and continually redefine what it means to be jewish today both within our community and far beyond our walls we do this through our programmatic areas of focus worshipholidaysmusic pastoral carelifecycles adult engagement youth and family engagement and social justice learn more about centrals vision centrals development department plays an integral role in supporting its mission by building relationships with donors and managing the process for gift solicitation recording and acknowledgment and communicating and publicizing the impact of giving
 job summaryobjective
 the development associate plays a critical role in all aspects of central synagogues fundraising efforts including direct mail fundraising email event planning and management and acknowledgement processing this person also maintains a tracking system for all donor recognition throughout the synagogue additionally this person supports the chief development officerdirector of development with calendar management travel expense reporting and other administrative tasksthis individual must be comfortable in a fastpaced environment able to work independently and operate with a high attenti [...]"
288,Commercial Construction Manager,"FINANCIAL ANALYST INTERN         Skills        Financial Planning & Analysis, Analytical skills, Forecasting, Portfolio & Wealth Management, Financial Reporting, Business Analysis, Financial Consulting, Quantitative Analysis, Market Research, Financial Modelling, Project Management, Strategy, Operations, Risk Management, Corporate Finance, Global Finance, Product Management Slabware, Quickbooks, Busy LS, Microsoft Office, Microsoft Excel, Mutual Funds, Alternate Investments, Real Estate Funds, Mortgages, Consumer Loans, Insurance, Microsoft PowerPoint, Microsoft Access, Microsoft Outlook            Experience     05/2017   to   08/2017     Financial Analyst Intern    Company Name   －   City  ,   State      Augmented company profits by 25% by conducting a detailed financial analysis and refining the budgets and forecasts.  Analyzed company financial reports to make recommendations for revenue generation and cost reduction.  Reduced 30% costs by designing financial process tools, and implementing pricing strategies for process improvement.  Spearheaded and led due diligence for Acue Marmonite's international projects in India, identifying key risk factors and forecasting investment viability and educated the senior management about the project NPV.  Developed innovative financial tools to simplify Business Requirement Documentation (BRD's), which helped record-keeping, understanding client business and expanding client relationships.         11/2015   to   07/2016     Manager    Company Name   －   City        Retail Banking - Affluent Business.  Amplified the high net worth client portfolio from USD 16 million to USD 18 million in less than 9 months.  Recommended customized product portfolios to high net worth clients through financial planning and investment analysis resulting in average client portfolio growth up to 27%.  Administered regulatory and procedural compliance to ensure adherence to proper accounting procedures.  Advised clients about global trade, design [...]","full job description 

commercial construction manager 
johnson creek development is actively seeking a commercial construction manager the selected candidate will manage the overall construction of commercial projects and will supervise a team of subordinates subcontractors and suppliers johnson creek development embraces those with entrepreneurial instincts and forwardthinking views we reward our employees who acquire new clients propose new forms of revenue recruit new high performing team members and explore cutting edge business ventures within the commercial realestate construction market our working environment is fast paced and performance expectations are high however we recognize the importance of family and a healthy balance between our employees personal and professional life 

mandatory requirements
bs in engineering construction management or related discipline preferredhs diplomaged  plus years of experience requiredosha  certifiedexperience managing and estimating commercial projects from  to  with managing union personnelavailability to travel to jobsites in the champaignurbana areaexperience in preconstruction tasks post construction tasks managing change orders and building schedulesability to write and comprehend rfis potential change orders project schedules week outlooks and other project documentsability to utilize microsoft office suite and adobeability to clearly communicate to office owner and subcontractors
primary responsibilities
provide leadershi [...]"
289,Workday Sales Director,"OWNER/PRESIDENT           Professional Profile    A seasoned marketing professional who delivers results in alignment with strategic business plans by developing and executing marketing campaigns as well as managing external agencies.      Qualifications             Strategic marketing planning  Results measurement  Strategic development  Experiential customer events  Plan execution  NASCAR sponsorship  Video production      Execution of Webinars  Product positioning  Brand developmentIntegrated marketing communications  Account relations  Tactical planning            Relevant Experience     Oversaw campaign that exceeded annual goals and increased brand relevance with consumers/       Experience      Owner/President    January 2013   to   Current     Company Name          Freelance communications and digital content creation for corporate and independent businesses.  Development and production of video content for internet and social media.          Strategic Marketing Manager    January 2010   to   January 2012       Formulated, directed and coordinated marketing activities to promote products and services Maximized marketing budget and coordinated media buys.  Provided oversight of PR and trade show activity.  Created strategies to stretch marketing and promotional budgets while improving brand impact in the marketplace.  Adjusted marketing mix and implemented an improved integrated strategy.  Took ownership of and executed an experiential NASCAR marketing program that raised awareness for one of our brands and increased pull-through rate for the product resulting in a 15% increase in production volume and sales and $3 million of total branded TV exposure as estimated by Joyce Julius.  This program also resulted in strengthening a relationship with a major customer.  Reduced shipping and set-up costs for trade show properties by $3000 per event by refreshing tradeshow properties and displays.  Developed impactful displays designed and engineered to be lighter and [...]","who we are

accenture is a global professional services company with leading capabilities in digital cloud and security combining unmatched experience and specialized skills across more than  industries we offer strategy and consulting interactive technology and operations servicesall powered by the worlds largest network of advanced technology and intelligent operations centers our  people deliver on the promise of technology and human ingenuity every day serving clients in more than  countries we embrace the power of change to create value and shared success for our clients people shareholders partners and communities

we are

people in the sales career track grow pipeline and sales by supporting managing or leading the origination andor closing of sales opportunities in a specific area or across a range of accenture offerings they progress by deepening sales skills andor developing new related skills growing into more complex sales roles laterally upward or in their current role

sales professionals drive the sales process and outcomes on a dedicated basis growing a profitable pipeline andor backlog of sales through deal origination sales negotiations and closure

you are
 the workday government account executive manages the opportunity from sales pursuit to close using deep sales process and offering expertise develop relationships with key buyers and decision makers at new andor existing clients protect and grow the business act as point of contact for resolution and esc [...]"
290,Senior Talent Acquisition Specialist,"FRONT DESK CLERK (FEE BASIS, JOHN D DINGELL VA MEDICAL CENTER)           Summary     Passionate, results-oriented  Customer Service Representative  with diverse background in management and customer service. Dedicated to providing excellent customer service and making operational and procedural improvements.       Highlights          Effective communicator  Expert in building lasting  customer relationships  Computer Proficient  Leadership skills and abilities        Compassionate mentor  Team management   Skilled multi-tasker     Meticulous attention to detail               Accomplishments      Coordinated dual department functions for team of  10+ employees.     Planned and executed all aspects of a major store renovation for hardlines departments of store 55 (Meijer).       Preserved an accuracy of  98 % during 3 years of employment at Jackson Hewitt (SoFar, Inc.).          Customer Relations:       Earned high marks for customer satisfaction, store-wide.        Workflow Planning:        Implemented new work process flow which increased department productivity.                 Experience      Company Name     March 2011   to   June 2011     Front Desk Clerk (Fee Basis, John D Dingell Va Medical Center)   City  ,   State      For Fee Services:  Monitored multiline phones  Addressed patient concerns weekly about hospital fees incurred outside VA  Arranged meetings between Fee Services manager and VA patients  Processed claims for VA patients desiring payment of VA approved outside hospital bills, decreasing patient wait time by 30%  Screened and assisted VA patients with bill claims against local hospitals          Company Name     January 2004   to   April 2006     Income Tax Preparer, Jackson Hewitt   City  ,   State      Prepared income tax returns for 180 clients per tax season via data entry  Authorized clients for special company loans  Maintained returns for returning clients by creating algorithmic paper system  Repaired and maintained office computer syste [...]","position talent acquisition specialist senior  remote

location san diego ca  remote

duration  months contract

job description

collaborates on talent acquisition initiatives to enhance the candidate experience and add value to our talent acquisition team researches learns and applies understanding of ta tools systems principles and best practices for endtoend recruiting lifecycle to identify source and hire qualified diverse candidates provides best practices in recruiting that align with corporate objectives workflows and processes while considering business industry legal and compliance factors to enable ta solutions

required

applies a good understanding of tools eg linkedin ats and strategies to build a small network in order to quickly identify and hire qualified diverse candidates for multiple workstreams

applies deep knowledge and principles of ta programs policies processes labor law where applicable interviewing compensation negotiation and some business and industry factors to compliantly source recruit hire onboard transfer and disposition candidates

gathers integrates and interprets data and information from ta dashboards supervisors and stakeholders

pulls appropriate reports for databased engagement discussions with hiring managers"
291,Audit Staff Accountant,"GENERAL CONSTRUCTION INTERN       Objective     Dedicated student with excellent technical, analytical and communication skills, in search of an organization that gives me a platform to develop new skills. While also utilizing my present knowledge as a Science Construction Management student.       Education          Eastern Washington University   City  ,   State       Bachelor of Science  :   Construction Management     Minor in Spanish             Colegio Delibes   City  ,   State  ,   Spain 2015             Experience     June 2015   to   August 2015     Company Name   City  ,   State     General Construction Intern        Gathered appropriate information of site before initiating construction prior to building  Cooperated in demolition of roof in order to provide customer with new stick roofing  Built additional room and bathroom at a home remodel and also framed multiple doors and windows   Handled power tools such as: handsaw, skill saw, drills, and full head framing nailer         February 2015   to   July 2015     Company Name   City  ,   State     Bartender/Server        Delivered quality service while tending to multiple orders during times of exhaustion  Performed constant product quality assurance  Showcased quick problem solving abilities by pleasing customers         June 2013   to   July 2015     Company Name   City  ,   State     Voluntary Business Manager        Managed appropriate documentation in order to abide by Washington State Department of Early Learning law  Assured that safety protocols met Washington State Law by eliminating all hazards   Efficiently maintained onsite equipment   Developed floor plan that illustrates egress in case of emergency  Generated spreadsheet that showcased business expenses and monthly revenue          Skills      Bilingual and biliterate in Spanish  Proficient technical skills in: AutoCAD, Microsoft Word, PowerPoint, Excel  Quality control & safety on project work field  Able to perform management and communicat [...]","our client a cpa firm located in central new jersey is currently seeking an entrylevel audit staff accountant to join their team in lakewood nj the firm services a diverse client base within the tristate area providing highly personalized and comprehensive accounting audit tax and business consulting services

responsibilities
 reconcile client records to trial balance which may include analytical procedures and performs schedule computations of prepaid accruals property equipment and calculates depreciation expense
 complete testing on internal controls single audit and other various funds
 confirm cash legal insurance revenue etc accounts
 use the firms software programs to automate the process from trial balance and financial statements
 perform other accounting auditing tax and consulting duties as needed in engagements

working hours  am   pm

skills
 proficient in use of computers
 proficient in microsoft excel and word
 ability to communicate clearly and concisely

education
bachelors

experience
 years

qualifications
 bachelors degree in accounting finance business or related field
 cpa within  years of date of hire
 prior internship with public accounting firm preferred
 knowledge of general accounting principles
 reliable transportation to and from client locations

benefits
 medical dental and vision plans
 health savings account with employer contribution
 safe harbor k plan
 commission policy
 firm provided life insurance
 continuing professional education
 tuit [...]"
292,Sales Executive Fiber,"FINANCE DIRECTOR       Summary    Seasoned professional accountant with extensive experience in financial accounting in both private and public sector entities.  Recruited to multiple positions to restructure/reorganize/revitalize non-performing teams.       Skills    Accounting, General Accounting,  Acquisitions, Budgeting, Controller, Cost Analysis and Analytical Reporting, Credit, Facilities Management, Finance, Financial Reporting, Forecasting, Governmental Accounting, Human Resource, inventory, Leadership, Negotiations, Processes, Sarbanes-Oxley      Experience     02/2012   to   Current     Finance Director    Company Name   －   City  ,   State      Responsible for Accounting & Finance functions including management of IT outsourcing vendor for $20 million government entity.  Moved IT function to outsourced vendor vs. full-time employee, saving $34,000 in salary plus benefits and pension costs.  Developed monthly financial reporting to all department heads & elected officials, budgeting processing, account reconciliations.  Compile audit workpapers and manage audit process with external audit firm.  Audit adjustments reduced from historic trend of 100 adjustments to 3 in audit most recently completed FY'16.  Support County Negotiations Committee in union negotiations for FOP and AFSCME contracts with cost analysis and competitive salary and benefit information.  Analyzed pension plans and educated County Board on interest cost of ECO plan. As a result, Board increased pension levy pension and plan funding increased from 80% to 93%, 53% to 85% and 0% to 94% during this period. Interest savings to Iroquois County taxpayers during this period is $245,000.         01/2009   to   01/2012     Director of Finance & Human Resources    Company Name   －   City  ,   State      First Human Resource & Accounting professional hired by 19 year old fitness equipment sales & repair company.  Developed standard monthly financial reporting, budgeting and forecasting processes, a [...]","joining our team comes with perks now offering a  sign on bonus to join our best in class sales team

at att were transforming the speed of business our national sales team works at the center of the deal offering our millions of customers integrated business solutions to meet their needs in cybersecurity fiber wireless cloud iot and more as part of our team youll play a pivotal role in redefining how our customers grow their businesses and connect to the world its a huge opportunity to close the deal on a career with global connections and even bigger rewards

as a sales executive fiber youll work at the intersection of people and technology proactively sell atts predeployed fiberbased broadband network assets to small business and midmarket customersyoull serve as a lead generator  uncovering your own leads through external networks andor cold callingyour ability to drive sales and maintain a selfstarter mindset will help you to grow your own territory as you make daily sales calls build relationships and identify new sales opportunities youll also partner with clients to uncover their needs and deliver custom solutions that add value and solve customers strategic business priorities your success will require tech savvy resiliency and the ability to learn quickly act boldly and move fast

youll be tasked with

 prospecting and qualifying leads within assigned territory via phone door knocking or prem visits

 understanding the communication and technology needs of small and [...]"
293,UI Web Designer,"CONSULTANT       Professional Summary    Over 15 years of experience in the Non-profit social services sector. Specific target populations: underserved Native American, Latino, youth, adults and families. Passionate about helping others become empowered and self-sufficient through community resources and wrap-around services. Extensive work in the following areas: operational management, case management, grant writing, program development/ management, fundraising, community outreach and direct client services.       Skills        Microsoft Word, Power-point, Excel & Office Project Evaluation Media Relations Employee and Volunteer Training Grant Certification Project Coordination            Work History      CONSULTANT       Assist individuals with ESL (English as a second language) tutoring and preparation for citizenship exam.  Provide event coordination for Golden Boy Promotions (GBP), marketing and outreach in the community and serve as personal assistant for VP of Digital/Marketing ­ Mr.  Scott Tetreault (E: Scott@goldenboypromotions).         Lead Employment Specialist      Company Name   -   City  ,   State     02/2015   -   03/2016       Develop and maintain relationships with community referral sources, such as Department of Rehabilitation (DOR), work source centers, America's Job Exchange and others.  Maintain close contact with clients during job training and placements to resolve problems and evaluate placement adequacy.  Locate barriers to client employment, such as inaccessible work sites, inflexible schedules, and transportation problems, and work with clients to develop strategies for overcoming these barriers.  Participate in job development and placement programs, contacting prospective employers, placing clients in jobs, and evaluating the success of placements.  Collaborate with community agencies to establish facilities and programs for persons with disabilities.  Coordinate recruitment and placement of training program participants.  Provide int [...]","if youre passionate about building a better future for individuals communities and our countryand youre committed to working hard to play your part in building that futureconsider wgu as the next step in your career

driven by a mission to expand access to higher education through online competencybased degree programs wgu is also committed to being a great place to work for a diverse workforce of studentfocused professionals the university has pioneered a new way to learn in the  century one that has received praise from academic industry government and media leaders whatever your role working for wgu gives you a part to play in helping students graduate creating a better tomorrow for themselves and their families

position summary

the web designer works on the creative side of producing a website they are responsible for designing visual elements for use online reflecting our branding and design aesthetic they create layouts for landing pages product pages homepages category pages and other areas of the website ensuring their designs are emotionally compelling unique and on strategy the position is remote

essential functions and responsibilities

this person will be part our creative team consisting of over  talented people including copywriters video editors and graphic designers the position will report to the sr manager of brand design this position works closely with the greater marketing team to create pages that will help to increase engagement and conversion within [...]"
294,Real Estate Paralegal or Executive Assistant,"CUSTOMER SERVICE REPRESENTATIVE       Professional Summary     Office professional with an extensive background of more than twelve years of Customer Service, Account Manager and Office Administrative Support. Exude strong and excellent communications skills and creative support with team-building and the ability work independently. I adapt to change quickly and motivate staff to ensure a smooth workflow and increased productivity.       Skills          Typing 55 wpm/Ten-Key 10500 kspm  Microsoft Office (Word, Excel, Outlook)  Data Entry/Customer Liaison/Support  Agency Management System (AMS, 360, Sagitata)  The Agency Manager (TAM) Applied System  CRM Software Systems  Quick learner              Work History      Customer Service Representative     09/2017   to   Current      Company Name   –   City  ,   State      Provide customer support to accounts, track orders, provided price quotes, order changes and/or cancellations.  Identify customers' needs, research issue and complaints with problem solving for resolution.  Assist to ensure professional and exceptional customer service with products inquiry and online services.  Document account and conversation during inbound and outbound calls in call center environment.         Owner     01/2015   to   09/2017      Company Name   –   City  ,   State      Responsible for day-to-day operations of online retail store, including sales, stock and resource management.  Develop social media strategy and set goals to increase brand awareness and  engagement.  Maintained online storefront and social media platforms with new products and marketing sales promotions.         Commercial/Personal Lines Account Manager     03/2014   to   01/2015      Company Name   –   City  ,   State      Temporary assignment ended March 214 - Jan.   Processed Certificates of Insurance for heavy contractor's, service and retail risk for commercial Line policies  Verified and explained Commercial Insurnace policy coverages' and issued renewals   Pr [...]","job description

work with the attorneys of a collegial growing law firm direct client relations the firms areas of practice include sophisticated real estate development transactional sales and purchases nonprofit organizations commercial transactions community economic development and housing

high quality work with interesting clients in a supportive environment the successful candidate will have experience with residential andor commercial real estate title matters and mortgage lending and possess excellent communication skills and the ability to work and think independently and in a team careful attention to details and excellent computer and organizational skills are vital being a notary public in ny is a plus good knowledge of excel outlook and practice panther is also a plus willing to train the right individual

please respond with a cover letter and resume candidates may be
asked to submit a writing sample that is their own work and that
shows their analytic ability"
295,Software Developer,"PRESENTATION DESIGNER           Summary     Customer Service and Retail Associate.Specializes in Design and technology, with a particular talent for building a solid customer base.Team-oriented, working well in a collaborative environment, yet thrives on personal sales achievements       Highlights          InfoGraphics Person of the Quater (2014)  MTN Yello Star Award Person of the Quater.  Customer Care Satisfaction Training  Retail and Sales       Adobe Photoshop (Mock ups and Prototype)  Axure RP (Wireframes and Interactive Prototypes)  Adobe Illustrator (Vector Assets)  Adobe Dreamweaver (Creation of mobile sites and Websites)  HTML and CSS. Adobe Creative Suite CC, Adobe Photoshop, Adobe Illustrator, Adobe Dreamweaver, HTML, CSS, Jquery, Axure RP, Powerpoint and Keynote            Experience      Presentation Designer    February 2016   to   Current     Company Name   －   City  ,   State      Designing Keynote and Powerpoint Slides.  Creation of Graphic Assets for the presentations.  Animating Keynote/Powerpoint slides.  Conceptualize and visualize clients brief/ scripts to storyboards.  Work primarily with producer to deliver on presentations before deadlines.          Multimedia Designer    October 2015   to   Current     Company Name   －   City  ,   State      Create marketing or product tutorial videos - create storyboards, record audio, shoot video, and edit final product Other projects may include catalog/brochure design, marketing collateral, online banners, print advertising.  Collaborate with project teams to plan, analyze, organize, and complete assigned projects.  Design and develop marketing materials for product campaigns, events, presentations, and internal communications using cross-platform and industry standard design and office software (both proprietary and open source); visually communicate abstract and concrete ideas.  Work primarily with Jesus House Dallas team to resolve a wide range of design related marketing requests and challenges in [...]","were not looking for rockstars zombies or magicians were looking for motivated creative and resourceful developers who take pride in their work and want to partner with clients who are pushing the boundaries of the technology we work with

software developers at alley work collaboratively to understand the challenges facing our clients and implement effective and meaningful technological solutions frequently using wordpress your responsibilities will range from technical discovery that informs custom feature builds to custom architecture and development to largescale data migrations for a high volume of content

software developers at alley need to be wellrounded technologists who have a holistic understanding of the web technology stacks that we work with are excited about keeping our team at the cutting edge and are eager to work directly with clients to help them solve interesting and novel business problems

alley is an equal opportunity employer and we seek to increase diversity in the tech industry we encourage applications from women black people indigenous people people of color lgbtqia people disabled people and other communities traditionally underrepresented in this field to learn more about how alley values diversity equity and inclusion read our dei pledge 

for information on our hiring process and what its like to work at alley please check out our faq  if you have any questions about our hiring process please contact us at hiringalleyco

qualifications
 this i [...]"
296,"Associate Director, Global Capital Markets Documentation, GBM...","MORTGAGE BANKING DOCUMENT MORTGAGE BANKING DOC OPS SPECIALIST           Summary    Ability to organize and multi-task in a fast paced environment; possess ability to prioritize workload and operate effectively and efficiently with minimal supervision.
Ability to think analytically and creatively in response to problem 
Knowledge of commercial loan pricing, credit policies, procedures, practices, and documentation.  
Ability and willingness to train and present to small and large audiences of varying sophistication complex concepts in a manner that are easily understood.      Highlights        SAP, Lotus Notes, Team Leader and Administrative support in communications and training, Research, Reporting, Negotiation Skills, Organization and Interpersonal skills, team work and dedication.
Proficient and strong PC skills in scheduling software, Windows XP, Microsoft Word, Excel, Access, and PowerPoint, Excellent interpersonal, oral/written communication and partnering skills.            Experience      Mortgage Banking Document Mortgage Banking Doc Ops Specialist    March 2009   to   Current     Company Name   -   City  ,   State      Update procedures as needed and support all team lead functions and reporting.  Monitor documents daily for mortgage banking customers.  Preparation of paid mortgage files for updating identified pay off tracking system, research websites, and internal systems, along with performing daily functions displaying professionalism, time management skills, and organizational skills.  Create and maintain productivity reports for tracking databases.  Test new reporting and tracking systems.  Work closely with department channels, management, and automation to resolve a multitude of complex issues and provide testing results.  Monitor reports and queues for Lien Release Customer Care Workbench inbox and the manual add accounts in the payoff tracing system.  Provide training to peers on new functions and processes.          Workforce Management Analyst [...]",press tab to move to skip to content link please be advised that our careers site will be unavailable from november  at  et to november   et for scheduled system maintenance title associate director global capital markets documentation gbm requisition id  join a purpose driven winning team committed to results in an inclusive and highperforming culture position associate director global capital markets documentation gbm new york office purpose contributes to the overall success of the global capital markets documentation gcmd group by ensuring specific individual goals plans and initiatives are executed  delivered in support of the teams business strategies and objectives ensures all activities conducted are in compliance with governing regulations internal policies and procedures accountabilities  champions a customer focused culture to deepen client relationships and leverage broader bank relationships systems and knowledge this includes having a sense of urgency professionalism and active listening skills in all client dealings including the negotiation of trade documentation  negotiates documentation for the prime services business including document suites related to both synthetic and cash prime brokerage client relationships such documentation includes prime brokerage agreements lock up agreements master confirmation agreements isdas and csas repo and securities lending agreements  manages a complex international portfolio of negotiations in relation to the bank and it [...]
297,Marketing Specialist,"EDITORIAL ASSISTANT       Summary    Focused Journalist successful in developing feature articles, short stories, editorial pieces and broadcast
scripts. Strong technical command of the English language and familiarity with a wide range of writing
styles. Committed to maintaining journalistic excellence and integrity.      Skills      Proficient with video editing software: Final Cut Pro and Edius.   Desktop Publishing Software: Photoshop, Illustrator, HTML  Photojournalism and videography   Copy editing and proofreading  Managing skills: advanced problem-solving, great organizational skills.         Experience      Editorial Assistant   08/2017       Company Name   City  ,   State       Head of submissions department.  Act as the first point of contact for author's questions, concerns ect. during the submission process.   Update and maintain company's database.  Review samples to determine if suitable for publication.           Production Assistant   01/2017   to   08/2017     Company Name   City  ,   State       Provided video production and digitization services to faculty, staff, and departments at The University of Tennessee.          Intern   01/2016   to   06/2016     Company Name   City  ,   State       Contributed articles and photos to Sydney local magazine Peninsula and Northshore Living.            Intern Reporter   08/2015   to   12/2015     Company Name   City  ,   State       Captured visual content and edited general assignment stories to be shown on air.   Gathered and verified factual information regarding stories through interviews, observation and research.          Columnist   08/2013   to   12/2016     Company Name   City  ,   State       Published weekly op-ed in school newspaper titled School of Sarcasm.   Topics covered campus life.   Received highest readership for three consecutive years.          Freelance Writer   08/2014   to   Current     Company Name   City  ,   State       Wrote unique articles for Wojdylo media, pertaining to social [...]",seeking a team player who brings expertise in communicating via social media websites print publications and video production to increase awareness of our nonprofit mission at home for families we believe that families deserve and have a right to housing economic and educational stability our marketing specialist will own and complete projects that increase awareness of our mission leading to great engagement of our central ohio community in turn making the critical impact for strong and resilient families on the path to stabilty
298,Talent Acquisition Coordinator/ Technical Recruiter (100% Remote...,"ASSISTANT BANKING CENTER MANAGER I         Summary    Experienced in Signals analysis, Geo-Spatial analysis, Electronic Warfare analysis, Networks and Threat analysis, and DNR.  Limited knowledge of performing DNI analysis.  Basic knowledge of computer network applications from the World Wide Web, printers, email, and instant messaging.  Knowledge in Local Area Networks as well as Wide Area Networks.  Expert working knowledge and experience with Google Earth, Microsoft Office Suite, various SIGINT Geospatial Analyst/Signal Analysis/SIGDEV collection, identification and analysis processing tools, applications, and databases.  Experienced in analytic research and development techniques along with management of analysis databases, and products.  Excellent oral and written communication skills, regular displays of high levels of professionalism and problem-solving skills.  Bloomberg certified as of 2014.  Highly adaptive to changing environments, a self-starter and people motivator with a broad set of analytical and technical skills.  Proficient in Governmental Health Care programs and regulations; eg. Medicare Advantage.      Highlights        RT-RG suite, Belleview, Metrics, Anchory, Globalreach, SEDB, SIGNAV, NSAnet, Target Profiler, MS Office Suite, ArcMap, ArcGIS, Google Earth, Analyst Notebook, Dishfire, JWICS, Bloomberg, Archtics, Ticketmaster, MarX, Continuum, FACETS, MEDCO, Med Informatics, Care Advance, Verint, Cisco, CITRIX              Experience      Company Name    City  ,   State    Assistant Banking Center Manager I   03/2016   to   Current       Knowledgeable in all aspects of running Retail Banking Center Building Operations; Audit policies and procedures, general management, TEAM building, Comerica Securities, and all Retail Financial Products.  Preparation of internal instructions, operating policies, Standard Operating Procedures (SOPs), and guidelines.  Skilled in assessing Fraudulent Issues; plans and conducts investigations designed to achieve ca [...]","description our history from our start in  conexess has established itself in  markets employing nearly  individuals nationwide operating in over  states our client base ranges from fortune  companies to midsmall range companies for the majority of the midsmall range companies we are exclusively used due to our outstanding staffing track record

who we are conexess is a fullservice staffing firm offering contract contractto hire and direct placements we have a wide range of recruiting capabilities extending from help desk technicians to cios we are also capable of offering project based work

we are seeking multiple technical recruiters to join our client a global consulting firm as they are experiencing unprecedent growth the role offers long term job security and career growth in a globally recognized organization

the talent acquisition coordinator technical recruiter job responsibilities include but are not limited to
 plan and schedule inperson or phone interviews by contacting hiring managers interviewers and candidates schedule creation space procurement candidate travel collection of interviewer feedback etc
 work with recruiters on large interview days one off interviews and events as needed
 utilize webbased applicant tracking system to maintain candidate data and reporting
 assist with candidate expense reimbursement process
perform other various administrative responsibilities related to recruiting
 utilize effective communication and followthrough while acting as [...]"
299,Nursing Assistant (Inpatient Mental Health),"DENTAL HYGIENIST           Professional Summary    I am a dedicated and energetic Dental Hygienist with a total of sixteen years experience in the dental profession. My focus has always been to provide exceptional patient care, counseling and motivation to each of my patients. I have experience with patients of all ages including those that are medically compromised. I am enthusiastic about dental health and enjoy educating patients as well as dental staff members  on dental care and hygiene.      Licenses    State of Florida Registered Dental Hygienist      Skill Highlights          Nutritional Counseling     Oral Cancer Screenings    Smoking Cessation    Preventative Care         Soft Tissue Management    Dentrix Dental Software     Digital Radiographs              Professional Experience      Dental Hygienist    September 2015   to   Current     Company Name   -   City  ,   State     Provide optimal dental hygiene care for every patient, reinforce oral hygiene instructions to every patient and each appointment, educate patients on their periodontal status, treatment possibilities,  potential surgical, restorative or cosmetic procedures that may possibly be needed. Educate patients on the benefits of preventative care such as fluoride and sealants.    ?         Dental Hygienist    February 2008   to   August 2014     Company Name   -   City  ,   State      Assess patients oral health conditions, review dental and medical histories, dental charting, periodontal assessment and treatment, soft tissue management, administer local antibiotics, fabricate bleaching trays and occlusal guards, schedule patient appointments.          Dental Hygienist    June 2006   to   December 2010     Company Name   -   City  ,   State      Worked on an as-needed basis as a part-time hygienist providing dental care to patients as well as periodontal treatment and maintenance.  Exposed and developed radiographs, recorded conditions for diagnosis and treatment by dentist.  Applied fluoride [...]","duties

the ability to assist in the full range of nursing care to patients with physical andor behavioral problems in a locked setting under the direction of a registered nurse the ability to communicate orally with patients families interdisciplinary team and other personnel

as a nursing assistant you will provide prescribed medical treatment and personal care services to ill and injured veterans duties include upholding the standards of care as outlined by the medical center and the service policies and procedures provide quality nursing care to a variety of patients whose age may range from  years to  years provides complete personal hygiene care needs turn and position patients to maintain proper body alignment lift ambulates and transfer patients promote the physical independence of the patient by encouraging and teaching individual patients and groups of patients in selfcare activities such as progressive steps in personal hygiene bathing and oral care also assists in teaching and encouraging other care activities such as eating dressing undressing and bladder and other training as needed prepare patients for meals feeds and assists those requiring assistance take and record vital signs weights neurological checks and circulatory checks provides supportive assistance for the special precautions therapeutic mode by maintaining contact with the patient relative to their status observes and report desired effects or side effects of psychotropic medications to the rn or p [...]"
300,Marketing Specialist,"ENGINEERING TECHNICIAN III       Summary     Engineering Technician with an extensive troubleshooting, repair, and installation background. Thorough knowledge of Electrical, Mechanical, Pneumatic and computer systems. Self-starter who quickly masters new skills and systems.        Highlights          Extensive Troubleshooting and repair proficiency  Interpretation of schematics, blueprints and drawings  Quick to act on customer service requests/issues  Resolve issues down to the component level  Document work performed through internal database  Proficient in AC/DC motor systems and theory  Electrical Power Generation  Data Acquisition systems  Red-line documents and implement changes   Excellent written and verbal communication      Environmental/ESS Chamber repair  Pneumatic system design/repair and leak detection  Solenoid and valve replacement  Lock out/Tag out, Arc Flash, Live Electrical and ESD certified  Labview software  PC and ESS Monitor repair  Customer service-oriented  Strong safety awareness  Excellent problem solver  Strong attention to detail            Accomplishments     Troubleshot and repaired test equipment for several AOG's (Aircraft on ground) to satisfy customer (Delta Airlines) demands.       Experience      Engineering Technician III   07/2013   to   Current     Company Name   City  ,   State       Responsible for all Test Equipment Maintenance on-site to include Production, Repair & Overhaul, Engineering and Environmental labs.  Responds to test equipment Service requests through the TESR/TPM system.  Works closely with Engineering, Electricians, Facilities, and Metrology to resolve issues.  Areas of responsibility include Electrical Power Generation, Cabin Pressure, Fuel/Advance Controls and Sensors, Electronics, and Environmental Labs.  Troubleshoots down to the component level and resolve root cause.  Troubleshooting/repairing pneumatic pressure and vacuum systems.          Generator Test Technician III   08/1999   to   07/2013     Comp [...]","about us

thom browne inc is a highly coveted luxury fashion brand based in nyc founded in  the brand represents individuality within uniformity questioning traditional proportions to consistently convey a true american sensibility rooted in quality craftsmanship and precise tailoring we pride ourselves on our core values of respect and collaboration challenging ourselves to express creativity and continuously innovate we attract ambitious individuals who operate in unique ways while upholding exceptional craftsmanship and excellence

the role
 support the marketing team with execution of brand digital retail and wholesale product campaigns
 work with crossfunctional partners across creative digital retail and wholesale channels to maintain timely delivery of assets and communications of global marketing campaigns
 support digital marketing with day to day maintenance of global marketingcommunications calendars
 communicate detailed campaign updates directly to internal teams
 uphold email and product marketing briefs and deliveries
 analyze trends to identify new marketing opportunities
 develop and create marketing materials such as sales and product collateral and ensure brand guidelines are met

skills
 bachelors degree in business administration marketing communications or a related field
  years of experience in marketing
 excellent analytical skills and a knack for data analysis
 excellent written and verbal communication skills
 skilled in writing and editing content [...]"
