row_id,job_position_title,resume_text,job_description
1,Sales Associate,"INFORMATION TECHNOLOGY CERTIFIED TECHNICIAN       Summary    Over Nineteen years of experience in Information Technology.Information Technology professional with well-developed interpersonal, communication, organizational and presentation skills. 
Solutions-focused, team oriented Senior Technical Support Analyst with broad-based experience and hands-on skills in the successful implementation of highly effective desktop support operations.
A broad understanding of computer hardware and software, including installation, configuration, management, trouble-shooting, and support. Extensive experience with HP products to include Desktop, Laptop, high-end MFP devices and Web JetAdmin,
Areas of direct expertise include Project Coordination & Design, In-depth Technical Support, Corporate Desktop Support, Microsoft OS experience including installations-configuration-imaging, migration, and registry editing. Network and Citrix experience. Recommendations listed on 
Roz Arasmo - Estee Lauder Companies, Inc., Human Resources Administrator
It is with great pleasure do I take this opportunity to write this recommendation on such an extra ordinary individual who is not only an awesome person to know but a wonderful colleague as well.
During the almost ten (10) years of knowing Bill, he has not only displayed a great talent within the IT organization at Estee Lauder, but has distributed excellent skills and customer service to everyone throughout the company. He is extremely well thought of from every level of management to Senior management. His dedication and diligent to excellence has proven superior time and time again.
When called upon he demonstrates top support in a timely and professional manner not to mention that he completes his tasks thoroughly with accuracy never having to be called back again for the same issue. 
We have been privileged to have such an awesome professional within our organization.
________________________________________________________________________ [...]","sales representative

at cpf we pride ourselves on being a leading distributor in the wholesale flower industry by providing beautiful and unique flowers to many of the country s top wedding and event florists and offering exceptional customer service cpf is a dynamic and growing company

position summary

responsible for building strong customer relations through knowledge and exemplary customer service plan and carry out all sales activities on assigned accounts responsible for ensuring customer satisfaction managing the quality of products and services

essential functions

establish new accounts by planning and organizing a daily work schedule

service existing accounts

obtain orders

develop sales proposals

participate in sales events

generate and qualify leads

source and develop client referrals

develop and maintain a customer database

collaborate with sales manager to strategize sales action plan for new and existing business

comprehension of all sales programs

communicate needs to buyer

develop and maintain sales and promotional materials

monitor competitors market conditions and product development

understand and aid in transportation solutions

ensure customer service satisfaction and good client relationships follow up on sales activity

perform quality checks on product and service delivery

resolve customer complaints by investigating problems developing solutions

other functions as required

minimum qualifications

knowledge of customer service princ [...]"
2,Business Development Executive,"DIGITAL MEDIA CONSULTANT       Summary     Dynamic and results-driven Outside Sales and Territory Manager with over 15 years of successful new business development, competitive market share expansion, and customer relationship development. Creative,goal oriented and motivated team leader who develops strong working relationships,adapts well to a changing environment and provides clear direction.       Highlights           Successful Sales & Revenue Generation   Leadership & Team Building   Experienced Account Management   Effective Presentation Skills       Operations Management   Training/Instruction   Client Relations/Customer Service Development   Adapt at Creating & Executing Strategies             Accomplishments      2004,05, President's Club award recipient.   2013 Top five Digital Solutions Media Consultant while working at the NY Daily News.   Started a successful magazine publishing company in 2004 with distribution spanning as far as Japan. Generated $500,000 in advertising revenue.       Experience      Digital Media Consultant   11/2012   to   09/2014     Company Name   City  ,   State      Achieved monthly sales goals through vigorous marketing and selling of the NY Daily News Digital Solution products to small to mid-sized businesses. Maintained a daily 20-25 face-to-face cold call regimen to setup appointments with perspective clients in the NYC, Northern NJ areas. Provided clients with multi-service solutions based on their insight and marketing needs.    Presented and created custom presentations outlining details and benefits based each client's marketing needs and goals.  Developed and implemented innovative marketing strategies to reach sales goals.  Strong knowledge of the Internet as a sales & marketing tool and the use of social media.  Successfully managed all campaign execution according to the client's program goals.  Manage existing client relationships and while continuously looking for ways to grow revenue across team accounts.   Drove [...]","about us
yipitdata is the leading market research firm for the disruptive economy and recently raised  from the carlyle group at a valuation of over 

we analyze billions of data points every day to provide accurate detailed insights on ridesharing ecommerce marketplaces payments and more our ondemand insights team uses proprietary technology to identify license clean and analyze the data many of the worlds largest investment funds and corporations depend on

we are one of incs best workplaces  a fastgrowing technology company with offices located in nyc where we are based in hong kong and shanghai backed by norwest venture partners and the carlyle group with a strong culture focused on mastery ownership and transparency

about the role and challenges youll be helping to solve

we are looking to add an experienced business development executive to our team who will act as a main growth driver to position yipitdatas musthave products within our base of active clients

as a business development executive you will be responsible for effectively managing the commercial relationship with current clients developing rapport with key decision makers identifying upsell opportunities running the sales process from the beginning to the end and negotiating enterprise agreements you will create advocates for our products and constantly assist clients in finding answers to their key questions by collaborating closely with our client strategy research and data product teams
this is a remote [...]"
3,Systems Administrator,"HR ASSOCIATE         Professional Summary    Enthusiastic and goal-oriented HR Professional with 3+ years experience driving innovation and strategy for a global
technology organization. Excellent reputation for proactively resolving problems, communicating effectively, and
driving overall operational improvements. Relocating to the San Francisco Bay Area and seeking a fulltime role
in Human Resources or Talent Acquisition where I can leverage my experience and provide value to the company.      Skills          Recruiting  Onboarding  Project Management  Event Planning  Employee Relations  Teamwork/Collaboration  Training and Development  Public Speaking  Social Media Marketing  ADP  Workday  Microsoft Office Suite  ADP  Benefits  Branding  Budget  Oral communication  Competitive  Email      Employee Relations  Event Planning  Focus  Hiring  HRIS  HR  Leadership  Marketing  MS Excel  Microsoft Office Suite  Product manager  Project Management  Public Speaking  Recruiting  Recruitment  Researching  Strategy  Teamwork  Workshops  Written            Work History      HR Associate  ,     07/2018   to   12/2019     Company Name   –   City  ,   State      Conducted full lifecycle university recruitment (sourcing, screening, selecting, hiring, and onboarding)
Learned multiple HRIS systems and recruiting platforms including Workday, Taleo and Handshake
Led company internship program and facilitated training for interns across different functions and locations
Served as student liaison for company hackathon and grew participation from 20 to 100+ attendees
Proactively communicated with business partners, hiring managers, and external candidates to quickly
resolve issues and ensure overall positive recruitment experience
Gained proficiency in variety of other HR tasks to include strong understanding of compensation and benefits,
training and development, employee relations, and regulatory compliance.         HR Intern  ,     09/2016   to   12/2017     Company Name   –   City [...]","as an it support specialist the successful candidate will be responsible for life cycle maintenance of systems network and servers and providing technical computer support

responsibilities
 excellent troubleshooting skills and prompt resolution of networking andor computer issues
 operating system and application issue diagnosis and resolution ability
 windows server configuration and troubleshooting which may include active directory group policy server backups etc
 take ownership of specific projects and oversee it to its completion
 basic microsoft exchange  maintenance and troubleshooting
 vmware server management
 perform hardware and software moves changes additions and upgrades
 ability to configure and troubleshoot wiredwireless networks including managed switches wifi etc
 provide documentation through service tickets of tasks performed and issue resolution
 identify potential issues with computer systems and recommend changes to improve it environment

skills  experience
  years technical experience in large environments recentrelevant experience in the fields of it windows network technology with an advanced knowledge of computer troubleshooting
 microsoft certification is a plus
 familiarity with helpdesk incident and ticket resolution process
 ability to communicate effectively with team members and end users
 independent thinking and effective time management
 ability to prioritize and manage multiple projects simultaneously in a fast paced environment
 creativ [...]"
4,Data Entry Specialist,"FINANCE MANAGER         Summary     Pro-active, results-oriented, deadline driven with broad experience in all aspects of accounting and financial management.  Solid planning and organizational skills in coordinating all aspects of each project from inception through completion.  Sees the big picture and plans appropriate strategies to achieve results.  Well disciplined with proven ability to manage multiple assignments efficiently under extreme pressure while meeting tight deadline schedules.  Strong team builder and facilitator, creates an atmosphere that encourages individual growth among accounting professionals while maximizing their potential and production.  Ascertains needs and goals, streamlines existing operations, envisions new concepts and looks for areas of improvement while following through with development and direction.  Clearly and effectively communicates direction, commits people to action with timelines, and transforms complex information into easily understood formats.        Highlights         SAP, Dynamics AX, AS400, SBT, IFRS, JD Edwards, MAS90, Great Plains and Quickbooks.  Access, SAS and SQL.  MS Office including Excel 2010, 2007 and 2003.  UltiPro, ADP, Report Smith, E-Time Heavy, TimeSaver, EZLabor and EasyPay.     Comprehensive experience in Organizational Re-Engineering  Inventory Control/Purchasing  Reporting/Process  Improvement Financial   Management/Analysis   Quarterly/Year-End Audit   Budget & Forecasting   Preparation/Administration   General Accounting/HR/Payroll   Staff Management   Business Analysis   GAAP/JSOX/ISO/SOX            Experience      Finance Manager  ,   12/2011   to   05/2014    Company Name   －   City  ,   State      Provide financial reports for three plants in the region.  Manage day to day operations to include overseeing all accounting functions, procurement, annual budget forecast, payroll and complying with SOX.  Work with corporate HR in regards to plant personnel and suggest personnel changes in the pla [...]","data entry specialist

job locations usopen to location

job id 

category

growth office

team up with us

are you looking to take your career to the next level yes well armanino is an excellent place to start we operate like a startup and refuse to adopt a culture of unnecessary bureaucracy innovation and agility remain at our core we are unapologetic at wanting to be a high growth firm and have set out to prove that there is a better way to work in finance we are a rapidly growing top national audit tax and consulting firm with a net promoter score close to that of apple and bmw we have been named to ipas best of the best firms in the country and accounting todays pacesetters in growth we have been consistently voted as a best place to work by accounting today various business journals and vault

thedata entry specialist will support the efforts of the analytics  intelligence ai team within the firms growth office function heshe will report to the head of analytics  intelligence and work closed with other specialist within the ai team heshe will be responsible for ongoing maintenance of the firms customer relationship management crm system your top priority will be to perform database entry and maintenance ensuring the accuracy and integrity of information in the crm heshe will be responsible for researching and updating data performing searches to reveal inconsistencies and missing information and performing external research to expandenhance relationship content eg conta [...]"
5,CEO,"ACCOUNTANT           Summary    Senior-Level IT Finance Management Professional Highly knowledgeable, dedicated and ethical Senior-Level IT Management Professional, credited with 20 years of expertise in all facets of accounting, financial management, financial analysis, and controllership of IT operating & capital budgets within high-profile corporations. Experienced in various aspects of extensive change management in a corporate environment, outsourcing within transfer of duties, and streamlining processes that provide cost saving solutions and optimal performance. Exceptional leadership in solution management pertaining to the most complex financial questions and cost control concerns. Skilled in collaborating with all members of the organization to achieve business and financial objectives. Instrumental in streamlining and improving processes, enhancing productivity, and driving excellence in departments and talent. Strategic Business Planning Performance Evaluations Financial Standards Productivity Improvement Financial Planning & Analysis Training & Development Cash Flow Management Personnel Management Standards & Compliance Financial & Statistical Modeling Expertise with Financial Systems Training & Development Selected Career Highlights Successful in the oversight of IT operating & capital budgets annually, ensuring that projects and operating expenses remain on plan while keeping the project managers aligned with the budget constraints of each project Exceptional leadership of 32 IT capital projects that are approved and delivered annually Accolades as a Financial Architect for the IT department outsourcing analysis in producing decisions to transfer duties to an overseas organization resulting in a reduction of internal staff by 60% with a projected savings of $12M over 5 years Showcase strength in the management of IT $22M capital budget, as well as a $69 million operating budget Offer advancements with in-depth analysis, financial modeling, competency e [...]","salt creek capital is seeking an experienced operating executive to join the firm as an executive partner the executive is expected to work with the firm to evaluate acquisition opportunities of companies which they would oversee as president  ceo postclose as ceo the executive will be required to manage the full pl develop the growth strategy and provide operational management ceos of companies acquired by scc serve as the most senior business executive at the company and report to  participate on the companys board of directors

qualifications
 at least  years of senior management experience prior successful pl management andor president or gm experience required
 desire to participate as a business partner and ability to balance fiduciary responsibilities to numerous disparate stakeholders
 proven experience ability and desire to manage a business with focus on generating strong free cash flow  ebitda
 entrepreneurial thinker with an appetite to take on a high level of responsibility commensurate with anticipated rewards
 proven ability to manage all aspects of a company
 demonstrated ability to increase profitability through proactive business development efforts
 excellent professional references and high integrity

for more information about the executive partnership program and to apply please visit"
6,Registered Nurse,"CASE MANAGER/OUTREACH ADVOCATE           Summary     Adaptable and friendly Case Worker and team player with comprehensive background in crisis intervention utilizing motivational interviewing techniques.       Highlights         Microsoft Office, Word, Excel, Outlook, Data Entry and Power Point.        Ability to interact with a diverse population with a compassionate demeanor.Excellent interpersonal skills  Strong communicator  Culturally-sensitive  Self-starter  Skilled multi-tasker  Fast learner  Detail-oriented            Accomplishments     Spearheaded cell phone collection program for survivors.  Received Employee of the Month on multiple occasions.       Experience      Case Manager/Outreach Advocate    June 2008   to   October 2014     Company Name   －   City  ,   State      Caseworker/Outreach Advocate Use Microsoft Word in culmination with Excel to create monthly board reports Responsible for entering daily client data in the Integrated Tracking System Maintaining client files Responsible for maintaining client confidentiality Answer hotline calls Charged with maintaining and ordering all office supplies Used Xerox and fax machine Prepare presentations for outreach events Spearheaded cell phone collection program for survivors Assisted up to 15 survivors of domestic violence and sexual assault per week with setting and achieving goals that lead to recovery and self sufficiency by identifying victim needs and connecting clients to agency services Monitor client's progress with specialized agency service providers (e.g.  housing specialist and employment specialist) to ensure client is meeting goals and to help minimize any potential barriers to success Conduct approximately a dozen monthly home visits to identify changing needs and assess progress.  Provide clients with support, crisis intervention, advocacy, information and additional service coordination, such as transportation and dispatching Serve as the 24 hour on-call responder for one week a month m [...]","alio health has an exciting opportunity for canadian registered nurses rns to live and work abroad in the united states nurses will begin in phoenix arizona while acquiring necessary work documents and then will be relocated to new orleans or the bayou louisiana for the majority of the contract to work fulltime in a hospital setting this is a very unique and exciting opportunity to work in a new country and explore new areas

together with our client alio will be sponsoring a work visa as well as your usa rn license applications we will also be providing a travel and living stipend this contract offers competitive wages which include shift premiums when working afternoons overnight andor weekends which include shift premiums when working afternoons overnight andor weekends

general responsibilities may include
 assessing patients to identify appropriate nursing interventions
 collecting patient health history
 collaborating with members of a multidisciplinary team to plan implement coordinate and evaluate patient care
 monitoring assessing addressing documenting and reporting symptoms and any changes in patient conditions
 promoting a compassionate environment to patients and family members by providing emotional and psychological support when needed
 promoting patient independence by establishing patient care goals and providing education to patients family members and personal care providers
 maintaining patient confidentiality
 may be required to supervise other healthcare [...]"
7,Construction Project Manager,"SOFTWARE QUALITY ASSURANCE ANALYST II       Career Overview    12 years of experience in Software Quality Assurance requirements analysis, test planning, creating test cases, and  test process coordination Experienced with functional, end to end, regression and user acceptance testing of Web based and Client Server interfaces Familiar with the Waterfall and Agile SDLC 7 years experience in customer support/service and handling escalated issues 5 years of running formal training and development programs for system users Advanced Windows OS and MS Office applications user/troubleshooting skills Ability to learn new software very quickly Able to handle multiple projects Take ownership attitude Flexible team player       Qualifications        Microsoft Excel/Word/Outlook/Access/Powerpoint/Frontpage, Windows 7/XP/2k,  DOS, setting up/troubleshooting hardware/software, Mac, Internet, Test Director/Quality Center, Ontime, Zendesk, SharePoint, and basic office equipment                Work Experience      Software Quality Assurance Analyst II     Jan 2012   to   Current      Company Name   －   City  ,   State     Work Environment: Agile,  Windows based, Acuity Electronic Health Record System suite testing and administration, Ontime.com used for incident/bug reporting.  T-SQL used to query/insert/update SQL DB to verify  input/output of test scenarios.  WinAutomation and TestComplete used for automated testing.  Application software testing from local machines and Cloud Share environments.  Excel and Word extensively used for creation of project documentation Responsible for  analyzing the requirements and testing all modules of the Electronic Health Record (EHR) System including Patient, Company, Provider, Referrals, Collaborators, Utilization Management\Authorizations, Care Plans, Assessments, Tasks, Notes and any other modules that require testing.  Testing of the Implementation process from one version of an EHR to another appropriately mapping data from the source datab [...]","job details
description
the purpose of your role as a project manager 
as a project manager you will will provide project management support during all phases of hvac construction to ensure project standards budget deadlines and communications are maintained
manage safety compliance and foster a culture of safetydocument control and reviewmanage scope of workbasic schedule management and field resourcesprocurement management  coordinationestimationfinancial managementdevelop build  maintain relationshipssupport sales processtravel or temporarily relocate to project sites until project is completedwhat were looking for in you
bachelor degree preferred or equivalent years experience  years knowledge or experience in the building and construction industry strong understanding of mechanical systems design techniques tools and principlesproven ability to read and comprehend construction documentsproficient knowledge of microsoft office suite and estimating softwarepmp certification and osha  a plusleed accreditedknowledge a plusability to travel and relocate to different project sites as neededyour life at harris
as one of the countrys leading mechanical contractors harris offers you the best of both worlds the stability resources and opportunities of a national company and the team culture creative spirit and customer loyalty of a local business if you thrive on variety and new challenges we want to meet you
from stadiums to manufacturing facilities power plants to hospitals conc [...]"
8,Marketing Intern,"BUSINESS DEVELOPMENT COORDINATOR/EVENT COORDINATOR           Summary    Dynamic and creative Business Development Coordinator with a successful career in marketing,promotions,public relations,project and communications management.      Highlights          Event Management  Negotiation skills  Customer Targeting  Polyglot      Social Networking  Online Marketing Strategies   Teamwork  Problem Solver            Skills    Responsible and reliable,Highly motivated for career advancement,Able to deal in a mature manner with problem solving,Willing to learn and accept constructive criticism,Willing to help,Good attitude around others,Calm and focused,Good knowledge of social media,Able to use own initiative and work as part of a team,Excellent communication and organizational skills,Versed in all aspects of marketing campaigns from concept development to execution and launch,Skilled marketing professional focused on exceeding revenue goals,Builder of strategic partnership,New customer acquisition expert who emphasizes a mix online and offline marketing strategies.      Experience      Company Name     November 2013   to   Current     Business Development Coordinator/Event Coordinator   City  ,   State      Identify Customer care needs.Networking during events and established good and strong relations, in particular with the main  Businessassociations and Companies of the city.Screen potential Business deals by coordinating requirements,developing and negotiating contracts,integratingcontract requirement with business operations.Co-develop and implement strategic marketing.Identify specific opportunities to direct marketing efforts toward particular based practices areas and clients.Deal with the Chamber of Commerce and The Italian Consulate.Researching markets to identify opportunities for events.Leasing with clients to ascertain their precise event requirements.Producing detailed proposal for events.Agreeing to,and managing a budget.Identify professional and trade associ [...]","the marketing intern works in an inhouse position with the marketing department gaining valuable experience in multiple areas of marketing communications corporate partnerships retail special events  experiences social media digital marketing photography videography advertising research and analytics

essential functions
 regular and predictable attendance is expected and required all cleveland metroparks employees must be prepared to work flexible schedules including evenings weekends andor holidays as required
 provides support to the department and assists with related functions and special projects as assigned
 serve as customer support liaison between public and internal staff
 assists with corporate partnership activation as needed and provides client support
 provides departmental support and assists with related functions and special projects as assigned
 assist in the collection analysis and synthesis of information including survey data collection through inperson interceptsinterviews
 utilizes google analytics to develop insights and make recommendations for digital and website strategy
 assists with setup execution and tear down for special events ribbon cuttings or media interviews
 assists with event promotions including collaboration with partners stakeholders and the media
 performs updates to website content and assists with ongoing website maintenance
 gathers information and creates enewsletter
 drafts andor proofreads written communications social posts pr [...]"
9,Claims Investigator,"HR COORDINATOR         Summary    Applicant Screening, Background Checks, Benefits Administration, Compliance, Compensation, Drug Testing, EEO Inquiries, Employee Relations, Event Planning, Full-Cycle Recruitment, Interviewing, Investigations, New Hire Orientation, Performance Evaluations, Reference Checks, Policy & Procedure Administration, Training and Development, Worker's Compensation, Unemployment Claims.        Accomplishments      Chair, Employee Diversity Council, Kindred Healthcare (2009-2010), Employee Satisfaction Survey Achievement (50% increase in Survey scores within a year), Kindred Healthcare.  Employee of the Month-2005 (Academic Counselor, University of Phoenix).  Performance Achievement Award-1998-Account Executive, Xerox Corporation.  Total Quality Management Training-1999, Xerox Document University.        Experience      Company Name     January 2014   to   Current     HR Coordinator           Develops and coordinates a comprehensive employee recruitment, selection and placement program for all exceptional education teacher vacancies and for the teacher vacancies at the Alternative School, Amelia Street, REAL School and Thirteen Acres.  Seeks out, interviews, screens and recruits applicants to fill existing and future position vacancies.  Coordinates with the licensure associate to ensure applicants meet licensure qualifications.  Refers qualified teachers to administrators for interview.  Develops comprehensive recruiting partnerships with colleges, universities, associations and other school divisions.  Develops recruitment presentations for teacher applicants and conducts on-campus and job fairs orientations for potential applicants.  Ensures that all employment interviewers are trained and recruitment materials are accurate.  Ensures that all recruitment, selection and placement actions comply with Federal and State laws, school board polices and Richmond Public Schools administrative procedures.  Counsels employees to help resolve personne [...]","contact clients to review unemployment cases documenting conversations
 load and handle incoming emails
 screen unemployment documents and write detailed letters to the unemployment state agency
 analyze and review unemployment laws as needed for each case
 what youll doprovide excellent customer service by establishing a rapport with clients and the state agencies
 receive and prioritize claims questionnaires determinations and other unemployment related data
 analyze individual case information by reviewing data accessed through the pc from the investigative telephone calls or document images to determine if the facts warrant a response
 using the details regarding an employees separation provided by the client interpret and apply state laws and regulations in response to unemployment documents
 what experience you need associates degree aa or equivalent from twoyear college or technical school or two years customer service related experience andor training or equivalent combination of education and experience
 if this sounds like somewhere you want to work dont delay apply today  were looking for you
 all qualified applicants will receive consideration for employment without regard to race color religion sex sexual orientation gender identity national origin disability or status as a protected veteran
 primary locationusohcolumbusmill run drivefunctionfunction  fulfillment  operationsschedulefull time"
10,Entry Level Surveillance Investigator,"ASSOCIATE CONSULTANT           Professional Summary     7+ years of experience in Analysis, Design, Coding, Testing, Database Administrator & Production Support of application software in Mainframe platform.  Having working Domain experience in the areas of Banking, Financial, Warehouse, Legacy System.  Extensive hands on experience on IBM Mainframe Application programming using COBOL II, CICS, JCL, DB2, VSAM, UNIX.  Using BRIO for generation of Usage Reports.  Extensively used debugging tools such as XPEDITOR, IBM DEBUGER.  Hands on experience on DB2 tools such as QMF, SPUFI, FILE-AID, DB2 Admin, DB2 command editor.  Expertise in using configuration management tools ENDEVOR, SCLM.  Good exposure on Analysis and Designing of Documents like Software requirement Specifications (SRS) and specification design documents (HLD and LLD).   Expertise in using scheduling tool OPC.  Excellent in Problem Troubleshooting, Problem resolution and root cause analysis.  Excellent knowledge of both Batch and Online Systems running on Mainframes.     CERTIFICATIONS: IBMCertified z/OS Database AdmiN,DB2 Application Developer and DB2 UDB V8 family Fundamentals Certifications.         Key Skills          OS : MVS, OS/390, Z/OS, Windows, UNIX.   Databases : DB2,VASM ORACLE,  SQL.   Tools/Utilities : TSO/ISPF, RACF, OPC, QMF, FILE-AID, SPUFI, XPEDITOR,  ENDEVOR, ABEND-AID, SDF, DCLGEN, SUPER-C,IBM SORT, ICETOOL, BMS, Quality Center (8.2), Clear Quest, Fault Analyzer, SDSF, FTP,IBM UTILITIES, JCL UTILITIES. DB2 ADMIN PANEL,SONAR,RDZ,MQ Shooter      Languages : COBOL, JCL, CICS, VSAM, SQL, HTML, XML, JavaScript, REXX and Java  PC Applications : MS-Word, Excel, MS-Office, MS Access.  OLTP : CICS.            Experience      Associate Consultant    October 2010   to   July 2014     Company Name   －   City  ,   State            HSBC CORE BANKING    October 2010   to   July 2014     Company Name   －   City        HSBC Database	: DB2 9.0 Team Size	: 10 Role		: Developer -> Team Member -> Team Lead [...]","digistream investigations a fastgrowing national private investigation firm seeks a talented addition to our investigative team in the greater columbus region

this isnt your average desk job  being a surveillance investigator means youll have a career with excitement travel autonomy and purpose this role is meant for an individual with an adventurous and curious spirit and the drive to provide our clients with the evidence they need to defend their cases

what youll get
 a foot in the door to the investigationssecuritylaw enforcement fields
 experience conducting covert investigations
 a job youll love going to  no one day is the same
 opportunities for growth within the company via our surveillance investigator promotion track
 unlike most pi companies digistream provides full benefits a company vehicle and paid travel
 professional handson training program developed over the course of  years
 quarterly teambuilding events and comradery with fellow team members
 the skills you learn here can lead to jobs in
 fbi  law enforcement
 atf  us border patrol  state crime lab
 law  paralegal  legal assistant
 security  corporate investigations
 investigative journalism

what a day in the life of an investigator looks like
 monitoring following and videotaping subjects as they conduct their daytoday activities
 vehicle and foot pursuit of subjects while maintaining cover
 activity varies from filming someone at a grocery story to filming them at a seahawks game
 crafting presurveill [...]"
11,"Retail Sales Associate - Furniture​/Mattresses, Quaker Bridge Mall...","SALES       Summary    OFFICE & CUSTOMER SERVICE EXPERIENCED Reliable Dynamic Responsible Strong Problem Solving Skills Organized Summary Of Qualifications Dedicated and self-motivated individual offering a great background in office environment, with hands-on experience in quality customer service. Able to produce results above client and employer expectation. Excellent communication, organization and time management skills. Strong multi-tasking abilities, needing little or no supervision. Work well both independently and as a contributing member of the team. Proficient in Microsoft Office Suite and the Internet. Enthusiastic Personal Assistant who is a fast learner and can deliver results quickly.Energetic, motivated assistant who is highly organized and skilled at balancing the needs of clients in both personal and professional capacities.Accurate, assertive and adaptable Personal Assistant who can effectively multi-task in challenging situations and meet critical deadlines.Outstanding Personal Assistant driven to provide excellent support to busy business professionals with little guidance. Expert in Excel functions and multi-tasking.       Highlights          Database  Facsimile  Filing  Inventory  Materials  Mail  Money  Office machines  Photocopiers  Pricing and sales  Scanners  Telephones and voice mail.              Experience      Sales      Mar 2015   to   Current      Company Name   －   City  ,   State     Collected customer feedback and made process changes to exceed customer satisfaction goals.  Made reasonable procedure exceptions to accommodate unusual customer requests.  Provided accurate and appropriate information in response to customer inquiries.  Addressed customer service inquiries in a timely and accurate fashion.  Maintained up-to-date records at all times.  Worked with upper management to ensure appropriate changes were made to improve customer satisfaction.  Provided cross training to 3 staff members.  Recommended and helped customers sele [...]","location lawrence township
macys inc

  as a retail sales associate at macys youll
assist customers in all aspects of service fulfillment
determine customer needs based on personal features and other customer preference related factors
demonstrate knowledge of store products and services to build sales and minimize returns
perform sales support functions related to pos procedures"
12,Office Clerk,"CUSTOMER SERVICE REPRESENTATIVE       Career Focus    Dedicated and skilled cash administrator who
excels at prioritizing, and completing multiple tasks simultaneously. Committed
to delivering high quality results within a timely manner, with little to no
supervision. Energetic, organized, and professional.      Summary of Skills          Microsoft Office, Excel, and PowerPoint proficiency  
Quick learner   Outstanding interpersonal skills     Issue resolution         Excellent analytical skills  Cooperative team member  Computer proficient   Extremely organized     Energetic and organized     Attention to detail            Education and Coursework      Associate of Applied Science  :   Paralegal   2016       Central Piedmont Community College   City  ,   State                    Member of National Honor Society on Paralegal Lambda Epsilon Chi  3.56 GPA         Experience      Customer Service     Data Organization     Policy Development     Reporting     Technology Proficient     Document Organization       Multitasking    Inventory Management   Managed cash inventory and office budgeting for supplies for Lowe's Home Improvment.   Demonstrated proficiencies in telephone, e-mail, fax and front-desk reception within high-volume environment.   Developed and created effective filing system to accelerate paperwork processing.   Developed a strong knowledge of hardware and software while keeping abreast of new applications that increased efficiency and productivity for management and customers.   Maintained status reports to provide management with updated information for customer projects.    Improved office organization by compiling daily budget reports, organizational charts and company data reports using advanced VeriBalance functions.   Handled customers effectively by identifying needs, quickly gaining trust, approaching complex situations and resolving problems to maximize efficiency.        Work History      Cash Office Administration     01/2016   to   08/2016 [...]","classification
nonexempt

we are alsco uniforms weve been working hard for our customers since  when we invented the uniform and linen rental industry alsco uniforms has grown into a worldwide leader serving over  customers in  countries its our job every day to make every aspect of the customer experience better whatever our customers need alsco uniforms finds the answers that work for them

our employees are the heart and soul of alsco uniforms as a result we have a long history of strong financial performance continuous improvement and customer service were seeking driven professionals with ambition to grow within our company wed love to talk to you about how you can fit into our team of diverse individuals and how your hard work will be rewarded with competitive pay and benefits and ongoing career development

join our team and build your career with alsco uniforms

job summary
the office clerk is responsible to the office manager for daily processing of company business transactions this position may be assigned one or more clerical tasks as needed some of those tasks may include keypunching for routes filing some customer service or a variety of like tasks performs other tasks as needed

our fulltime employees enjoy

 plan with company match

medical dental vision fsahsa

life insurance disability insurance

vacation sick time holidays

choice of global cash card or direct deposit

career advancement

learning  development opportunities

inclusive and diverse team envir [...]"
13,"Manager, Sales and Customer Service","DFW PERSONAL CHEF         Experience      DFW Personal Chef      City  ,   State      Devise and execute growth plans entailing market penetration and expansion, product development and diversification,.  new customer acquisition and targeted marketing campaigns.  Formulate and administer policies and practices to.  maximize profit margins and minimize operating expenses.  Lead and mentor 27 team members.  Achievements Analyzed sales data, eliminated unpopular/unprofitable items, streamlined an expansive menu and introduced healthier recipe options, generating an additional $606000 in annual revenue Launched a Facebook boosted posts targeted marketing campaign, saving 30% in cost per lead compared to google display ads, and producing 12 points uplift in brand awareness and 10 points uplift in purchase intent Renegotiated existing food purchasing contracts with strategic vendors, slashing food cost by 15% Cultivated partnership with new shipping carrier, negotiated favorable pricing, reducing shipping cost by 20% Established an in-house payroll processing system, trimming administrative outsourcing cost by 18% Deployed an inventory management software, avoiding overstocking/understocking and decreasing food waste and spoilage by 81% Directed all employees to undergo rigorous sanitation and food safety training programs, maintained a sanitary safety grade of 99 by the Fort Worth Consumer Health Division for 10 consecutive years Enhanced customer confidence in food quality, sidestepping food wholesalers and sourcing directly from farmers and producers, procuring organic produce, non GMO ingredients and antibiotics free meats and poultry.         Senior Executive  ,     07/2008   to   Current           Senior Tax Specialist  ,     01/2015   to   04/2017     Company Name   –   City  ,   State      Prepared complex State and Federal tax returns for individuals, trusts, partnerships, corporations, charities and foreign.  tax clients.  Collaborated and advised taxpayers wit [...]",job overviewas the leader of sales and customer service you will lead by driving sales and selling with focus on the macys customer and colleagues all activities related to presenting a clean neat and organized shopping environment for our customers and managing all aspects of selling support are under your direction you will lead initiatives and related efforts to increase customer loyalty while delivering on macys standards for customer service with training coaching and development a team of colleagues will grow following your leadershipkey accountabilities drive and exceed sales goals by leading macys initiatives through coaching and recognition while optimizing productivity and efficiency lead customer service in the store ensure colleagues engage with customers and provide a friendly and easy to shop environment manage all aspects of selling support including workload execution backstocking and equipment return maintaining stockroom and signing standards and supporting the merchandising process support manager omni operations when needed to complete fulfillment product movement logistics and back of house activities support manager style merchandise execution when needed to complete all merchandising product movement price changes visual execution and event setup activities support manager asset protection when needed with execution of shortage reduction strategies and merchandise protection review sales and star rewards results and strategize action for continued impro [...]
14,Ecommerce Manager  Remote,"INFORMATION TECHNOLOGY SPECIALIST           Summary    Highly skilled and results-oriented IT specialist with extensive experience in Software Development, Software Configuration Management, Project Management, System Planning & Specification Development, CMMI5, Quality Assurance and Testing.       Highlights          Process improvement    Quality assurance and control    Results-oriented    Relationship building      Productivity improvement    Project development and lifecycle    Detail-oriented    Work flow planning            Experience      Information Technology Specialist    August 2006   to   Current     Company Name            Track and control over 150 change requests per month.  Manage the repository for Software and Customer Requirements Documents, Agreements and Governance Specifications.  Document and communicate defects and problems with stakeholders and developers.  Develop and report critical metrics related to CRSMB change request activity.  Ensure that all activities involved in the software design, coding and testing of the application software have been successfully completed before releasing software for independent testing and deployment into the production environment.  Deploy application software to the Test and Production environments using code management tools.  Manage logging change requests into the tracking system and assigning work activities to members of the branch.  Evaluate the adequacy of current CM processes and procedures and make recommendations for CM process improvement.  Coordinate and communicate with developers, subject matter personnel, stakeholders, database management support and project managers.  Performed platform testing and performance testing during the migration to the Serena Business Management (SBM) system.  Collaborated in the design of the Serena Business Manager (SBM) Workflow.  Administrator for the Serena Business Manager (SBM) System.  Proficiency in working with Serena Version Manager as a software rep [...]",are you a motorsport enthusiast trapped in a job where you work on boring websites that sell cogs and widgets do you wish you could use your skills to help race cars go faster instead have you been waiting for the right opportunity to align your career with your passion and hobby if so here is your chance apex race parts is looking for the right individual to join our team as our ecommerce manager and help us develop the absolute best website for purchasing lightweight race wheels we know our current site sucks which is why were about to launch a brand new one weve been working on it for years we may launch phase one of the site before you join our team but thats just a small first step your role would be to take ownership of the site going forward and drive many more feature enhancements site optimizations funnels and more to be successful in this position youll need strong leadership skills and project management experience as you grow the internal team while also overseeing outside agencies and contractors who already do a lot of the leg work if you havent built and managed a meaningful enterprise ecommerce website before  one that offers hundreds of landing pages and that required a team of designers developers and marketers to produce  then you likely dont have the experience this position requires were not looking for a catalog manager or someone to put up promotional banners we already have people for that we want an individual who would complement our existing skills [...]
15,SR. Web Designer,"CONSTRUCTION SUPPORT COORDINATOR           Professional Summary    Demonstrated ability including orientation to action, very detail oriented, courage to
innovate, and excellent follow-through skills. Understands how to think several moves
ahead to position for the future. Knows when to trade off items of less important
strategic value for the sake of the long term win.      Core Qualifications          Results-oriented  Operations management  Quick learner  Microsoft Office  Contract negotiation/review/drafting      Contract auditing  Training and development  Change management  Multi-Task Management   Contract management              Experience      Construction Support Coordinator    May 2016   to   June 2016     Company Name   －   City  ,   State      Originated, reviewed, amended: scope of work package contractor submittal work evaluations radiological work permits job hazard analysis Work packages Worked at Portsmouth Gaseous Diffusion Plant while plant is in cold shut down and going through decontamination and demolition.          Safety Coordinator/Specialist    December 2012   to   January 2016     Company Name   －   City  ,   State      Some of my responsibilities included: Managing all aspects of Safety, Exposure and Hazards Creating and maintaining the Safety Program and Procedures Performing hazard and Risk Assessments, Job Safety Analysis (JSA).  Safety Work Practices Managing Field Safety audits and inspections while incorporating the results into daily procedures.  Coaching others to perform work in a safe manner.  Ensuring both Safety and Training Record keeping on all procedures related to compliance with OSHA rules and regulations.  Maintaining Compliance and Training of personnel.  Excellent proficiency.  Root Cause Analysis, Accident Case Management and Tracking.  Conduct new hire safety orientation training.  Conduct refresher safety training.  Intermediate knowledge of Windows Operating Systems; particularly in: Word, Excel, PowerPoint, Outloo [...]","type of requisition regular

clearance level must be able to obtain none

job family web design

gdit has over  years of experience supporting the technology science and mission of the environmental protection agency gdit technologists scientists and innovators are experts in moving applications to the cloud modeling massive data sets in highperformance computing environments supporting innovative and bleeding edge technologies and scientific initiatives defending the cyber landscape and driving automation

highlevel skills
 htmlcssjavascript
 drupal 
 section  compliance expertise pertaining to pdfs adobe acrobat pro videos interactive trainings websites and web applications jaws dragon zoomtext articulate
 graphics design adobe photoshop illustrator after effects and lightroom

specific tasks
 designs and builds complex graphics page layouts and animation that suit web pages and enhance its layout to create visual appeal
 creates an advanced detailed draft of the website outlining the various web pages according to client specifications and needs
 provides thorough testing to ensure the website is userfriendly and interactive
 provides thorough review of the final webpage design for the next level production
 collaborates with other web professionals and provide guidance on the implementation of the website
 stays current with the latest design software to improve in knowledge and skills and be able to create better design quality
 provides guidance and leadership to lessex [...]"
16,Marketing Coordinator,"PROCUREMENT ANALYST               Accomplishments      New Professional Organization Attend seminars and events relevant in today's business market.  Karass Effective Negotiating Training to develop key negotiating skills Six Sigma Yellow Belt Certification.        Professional Experience      Company Name     March 2012   to   Current     Procurement Analyst   City  ,   State      Performs strategic sourcing of MRO (Maintenance, Repairs, and Operations) items for the company's North American manufacturing locations as well as supplier management of the strategic suppliers - spend $70M+ Sourcing functions include contract strategy development, issuance of contract RFQs and RFPs, supplier proposal analysis, negotiations, awards and implementations.  Responsible for all supplier performance and the on-going management of strategic supplier relationships.  Creates integrated processes among internal functions (e.g., operations, purchasing and logistics) and outside suppliers.  Support teams in conducting negotiations with financial/bid analysis and developing talent Assists in the development of the global commodity strategy and the implementation plan to leverage opportunities across sub-commodities and monitors compliance in order to capture savings.  Demonstrates execution and leadership in commodity management, strategic sourcing, portfolio management, Total Cost of Ownership, value chain analysis, supplier relationship management and implementations across the enterprise globally.  Understands the strategies, demands, and requirements of the enterprise and works to develop global commodity strategies that are consistent with short and long-term strategic plans.  Analyzes the demand side for a commodity by completing spend histories and demand forecast, by identifying current suppliers, determining procurement involvement, historical contract compliance, and demand segmentation to enable the identification of demand side opportunities.  Works collaboratively with t [...]","drg architects is looking for a recent graduate to join our team as a marketing coordinator drg architects will provide the necessary training for this starting position theposition will include writing preparing proposals preparing presentations graphic design marketing and social media this position will work with senior staff at the firm including our firms principals and will report to the director of business development

responsibilities include

receive prepare and submit responses for requests for proposalsqualifications rfpq

create and keep current all marketing materials such as project sheets resumes brochures and presentations

work with leadership to determine strategies on proposals and presentations handson planning and development of clientspecific responses to rfps and interview preparation

design graphics for internal communications presentations with clients or publicfacing campaigns

assist with the development and maintenance of drg s online presence including firm website and social media channels

participate in business strategic planning meetings representing marketing initiatives to management

coordinate and facilitate photoshoots with our clients and photographers

coordinate and produce award submissions

ideal candidates will have

bachelor s degree in marketing communications graphic design or related field

strong sense of graphics an interest in developing content that is both powerful and resonant editing and proofreading skills

microsoft [...]"
17,VP Marketing & Growth,"INTERIOR DESIGNER       Professional Summary    Hands on and highly motivated Interior Designer involved in all stages of design from concept inception
and development to installation. Results-oriented Design Professional who works with the design team
to provide seamless, cutting edge and creative designs within strict time frames.      Work History      Interior Designer     Jan 1999   -   Current      Company Name     City  ,   State       Consulted with clients to determine scope of project, and appropriate budget to achieve client's goal in a high level of design.  Presented professional and polished storyboards, layouts and budgets based on scope of each project.  Offered solutions for design concerns.  Negotiated and assisted in writing contracts to present to client.  Selected and Sourced all hardline materials, surface materials, paint colors and architectural solutions to assist in completing project.  Created custom furniture as needed by interfacing with fabricators and artisans.  Guided assistants, contractors and peers in resolving design issues, whether aesthetic or structural.  Offered clear and fair communication to team members, assisting with design process.  Sourcing of all ff&e items to suit specific project needs, while maintaining project budget.  Procurement of all items needed to complete project within deadlines.  Receipt and placement of furnishings, art and all decorative elements.  Created custom furniture as needed by interfacing with fabricators and artisans.         Procurement       Budget Preparation.  Sales and Customer Service.         Colorist and Paint Specialist            Education      High School Diploma  :           Shadle Park High School     City  ,   State            Skills    Photoshop, art, Budget Preparation, budgets, budget, contracts, client, clients, Customer Service, Layout, Leadership and Training, materials, Office Suite, paint, Procurement, Rendering, Sales, Sketching      Additional Information      Esprit Apa [...]","overview

we are altice usa a family of businesses that includes optimum suddenlink optimum mobile optimum business  advertising cheddar and  our common goal is connecting our customers to friends and family shows they love advertising that resonates and news that matters were building a workforce that thrives on collaboration inclusion and innovation we hope connecting you to a potential role is just the beginning

cheddar news is a live postcable network covering the headline and business news that is transforming our lives cheddar newsâ team is growing products are diversifying and infrastructure is becoming more complex at a very fast pace
responsibilities

summary

the vice president of marketing  growth is a highly visible leadership role in the cheddar news organization and reports directly to the general manager cheddar news

the vice president marketing  growth will drive direct and manage the brand strategy marketing and growth platform for the network develop strategies that energize and differentiate the brand including definingredefining positioning and developing new messaging strategies develop and implement strategic marketing and growth plans to support initiatives across multiple platforms web mobile social digital video resulting in audience growth retention and heightened brand awareness  consideration will be responsible to create manage coordinate and execute all marketing strategies and implement tactical plans that supports company growth strategy in t [...]"
18,sales associate,"ACTING GRADE 4  CUSTOMER/BRAND       Profile      Obtain a position that will allow me to utilize my strong abilities, educational background and the passion to work well with others. I am a motivated employee who is highly energetic, outgoing and detail-oriental. Handles multiple responsibilities simultaneously while proving exceptional customer service. Reliable and friendly who quickly learns and masters new concepts and skills. Passionate about helping customers and creating a satisfying experience.       Core Strengths          Attentive Listener  Excellent multi-tasker   Strong communication and interpersonal skills  Visual merchandising   Attention to detail      Bilingual  Usage of presentation software  Cash handling accuracy   Time management  Ability to work under pressure and to tight deadlines  Result driven            Work Experience      Acting Grade 4  customer/brand     Oct 2015   to   Jan 2016      Company Name   －   City  ,   State      A typical day as grade 4 is filled with coaching, developing and ensuring the store operations get fulfilled. Supporting and keeping open communication with management. Training and Coaching associates, Monitoring floor coverage and complete workloads.Ensure to maintain a positive work environment both internal and external. Grade 4 is required to work together with management and associates; perform variety tasks as assigned by leader on duty, such as customer engagement and daily operations. Grade 4 priorities are being in charge of Gapcards, Media Ambassador and weekly safety audits. When it comes to brand grade 4 are in charge, running shipment and merchandising and updating refreshers in a timely matter being well informed about remarked. Keeping the stockroom well maintained and keeping visuals up to date.         Sales Associate -      May 2015   to   Oct 2015      Company Name   －   City  ,   State        As a sales associate we demonstrate the finest customer service. We Speak with knowledge and confidence [...]",education secondary high school graduation certificate experience  year to less than  years specific skills operate cash register provide advice about merchandise conduct sales transactions through internetbased electronic commerce greet customers and discuss type quality and quantity of merchandise or services sought for purchase rental or lease prepare merchandise for purchase rental or lease prepare sales rental or leasing contracts and accept cash cheque credit card or automatic debit payment maintain sales records for inventory control assist in display of merchandise security and safety criminal record check work conditions and physical capabilities fastpaced environment repetitive tasks physically demanding standing for extended periods
19,SAP Alliance Marketing Director,"CONSTRUCTION MANGER III         Summary     Motivated Professional Construction Manager with excellent interpersonal skills. Works in a timely and efficient manner to see tough jobs through to completion. Bringing valuable experience from large corporate construction sites, as well as residential home repair projects.       Highlights          CPR certified and standard first aid  Storm Water Compliance Manager  Ultraweld Exothermic Connection training  Knowledge of transformers, high voltage switchgear, automatic tansformer Switch, Single and Three-phase power Proficient in; MS Excel, MS Word Excellent  customer service, conflict resolution and Job prioritization              Experience      City  ,   State    Construction Manger III   07/2014   to   07/2015       Provided accurate measurements and estimates for all projects and meet budget expectations.  Climbing and working on communications towers for the purpose of installing, replacing, and repairing antenna systems equipment; performed tower maintenance under close supervision.  As an experienced Tower Manager, lead in the construction, installation, and maintenance of communications to tower and support structures.  Implemented systems to improve process efficiency and reduce the project duration.  Scheduled all contractors and materials deliveries.  Responsible for managing the overall project execution performance including scope, cost, safety, quality, schedule, implementation, and customer satisfaction.  Serve as a single-point of contact, between project management and construction execution.  Providing oversight during construction on all assigned construction projects.  Able to establish, maintain, and manage subcontractor relationships.  Assuring we have the correct level and talent of subcontractors to maintain our construction schedules and level of work.  Developed detailed materials take off and scope of services lists from RFDS's and engineered drawings.          Company Name    City  ,   State [...]","specialtycompetency ifs  clients  markets
industrysector not applicable
time type full time
travel requirements up to 
job requirements and preferences 
basic qualifications 
minimum degree required 
high school diploma
minimum years of experience 
 years
preferred qualifications 
degree preferred 
bachelor degree
preferred fields of study 
marketing public relations business administrationmanagement communications studiesspeech communication and rhetoric
preferred knowledgeskills 
demonstrates thought leaderlevel abilities with andor a proven record of success directing efforts in demand generation campaign marketing channel or partner marketing andor digital marketing techniques marketing trends and industry leading practices emphasizing the following areas
 developing and implementing a data driven integrated marketing strategy delivering results against strategic priorities that contribute to developing relationships building pipeline and increasing brand equity
 developing and overseeing marketing tactics across several functional areas of the marketing mix including brand digital and social marketing public relations analyst relations collateral thought leadership and sales tools events etc and driving strategy to tie these initiatives together using customer journey principles and marketing automation
 collaborating with subject matter specialists and leadership to develop and drive compelling marketing messaging and value propositions
 utilizing competitive and market [...]"
20,Front-End Engineer/UI Developer,"EXECUTIVE ASSISTANT HR       Summary     Skillful and dedicated Executive Assistant with extensive experience in the coordination, planning and support of daily operational and administrative functions in a highly confidential environment.  Focused, results-driven professional looking to obtain a career oriented administrative position with Newark CEDC. Office Management Calendar Management Policies & Procedures Manuals	Report & Document Preparation Spreadsheet & Database Creation Bookkeeping & Payroll Records Management Meeting & Event Planning Facility Management      Highlights        Word, Excel, Access, PowerPoint, SAP, Lotus Notes, Oracle              Experience      Executive Assistant HR   01/2014   to   Current     Company Name   City  ,   State       Providing administrative support to President of home-care service provider to the Developmentally Disable population.  Maintain calendar, process requisitions, and organize company meetings.  Administer pre-employment training and testing.  Mange bi-weekly payroll for 100 employees Maintain schedules and calendar management for President.  Maintain organization charts, staffing/workforce plans, HR audit files and other confidential materials.  Coordinate with Recruiting and Staffing to process new hires.  Handle all administrative support responsibilities related to HR.          Biller   12/1999   to   05/2004     Company Name   City  ,   State       Processed incoming and outgoing shipments.  Analyzed customer billing issues for corrective actions.  Provided assistance to dock personnel and suppliers on shortages and overages.  Assisted in special projects as needed.          Administrative Assistant   10/1997   to   08/2013     Company Name   City  ,   State       Responsible for assisting the Director of Engineering, VP of Construction, HS&E Director and Human Resource Business Partner.  Maintain documentation control for construction projects, new hire and safety training, purchasing activities, ensuring [...]","company description

about digitas

digitas is the connected marketing agency committed to helping brands better connect with people through truth connection wonder with diverse expertise in data strategy creative media and tech we work across capabilities and continents to make better connections and achieve ambitious outcomes through ideas that excite provoke and inspire curious and fully transparent we are always examining real human behavior to create authentic connectionsbetween brands and consumers clients and partners and ideas and outcomes digitas has  employees across  countries and  offices with an extended network via publicis media of over  employees present in more than  countries worldwide to connect with digitas or learn more visit 

what can you expect from us the groupe

a people first culture where exceptional product is crucial

with this mindset creating nurturing and leading by example to deliver the best ideas bar none as leo burnett himself said many years ago to help our clients grow in a platform world is core to our dna we are collaborative by nature and construct and reward performance and domain expertise this groupe os positions us the only groupe in malaysia genuinely capable of full platform orchestration and we welcome anyone with the passion for the alchemy of creativity and technology to growand have some fun along the way

job description

senior frontend engineer  technology

digitas is a highlycaffeinated playground where brilliant minds c [...]"
21,Human Resources Director,"LECTURER, CHEF INSTRUCTOR, RESEARCHER, AND RECRUITER       Professional Profile     A goal-driven food service manager, dietitian, and culinary professional specializing in quick paced, high-volume operations, team building, and systems improvement eager to offer 15+ years experience towards maximizing productivity and profitability.         Highlights          6 years dynamic LLUH training and employment  Multi-unit manager 2,000-20,000 daily meals  National and international director to 100 employees and 500+ independent contractors      Extensive experience managing audits  Excellent communicator  Adept computer skills  Recipe modification specialist  Zero-based budget management             Accomplishments        Experienced Operations Director   :  Executive management of 500 national and international sales agent, grew portfolio from start up to 12 million monthly processing volume.    Experienced food service manager:   CBS Studios multi-unit, single-unit manager for Marriott concepts (including Bob's Big Boy and Alley's Restaurants), and Burger King.    Participation Driven:   Grew participation at CBS Studios by expanding audience services, increasing ready-made, and redesigned customer flow to increase speed of service.    Compliance Committed:   Provided menu compliance and policies for all food allergies at CHOC Hospital and Casa Colina Hospital  and drew upon best practices, as well as emerging evidence.    Recipe Modification Specialist:    Established compliant menus and recipes for kidney patients at Kaiser Hospital to include culturally relevant options.    Farmer Focused:   Connected the Cal Poly harvest through Taste of the Farm Store by providing student opportunities for nutritional education and cooking demonstrations. Supported locally grown by incorporating Rialto farmer Adams Acres to Rialto Unified School District    Dedicated Professional:   Regularly attend conferences to include Childhood Obesity Conference, California Dietetics Conferen [...]","myusa credit union  million in assets located in middletown ohio has engaged angott search group to conduct the search for its next director of human resources

reporting to the president and coo the director of hr is responsible for the administration of all human resources activities including but not limited to recruitment onboarding training and development performance coaching and management employee engagement benefits employee relations and compensation
this position monitors and ensures the organizations compliance with federal state and local employment laws and regulations
the director of human resources strives to integrate the myusa values in all daily interactions

a bachelors degree preferably in human resources is required with at least three years of human resource experience andor training
experience working in a financial institution is also preferred
for immediate consideration please send your resume to lisa burroughs at angott search group

asgteamcom

associated topics
benefit compensation employee hr human resource hunter interview recruiter talent management train"
22,Art director,"WEBSITE DESIGNER         Summary     Software developer well-versed in the entire workflow for developing and implementing websites, including: consulting with the customer, designing mock-ups, programming the site, and incorporating customer feedback.       Skills          Visual Studio.Net  ASP, ASP.Net  MVC 4.0  Visual Basic.Net  C#  Microsoft SQL Server, SQL, Stored Procedures  TFS (Team Foundation Server)  HTML5, CSS3  Javascript, JQuery  AngularJS  LINQ  PHP, mySQL  Adobe Design Suite  Agile Software Development Methodology              Accomplishments      JCH Digital Designs Portfolio, which lists a number of client sites:
	http://www.cocs.com/jchdesigns/portfolio.htm.        Experience      Website Designer  ,   12/2016   to   Current    Company Name   －   City  ,   State      Currently working as a freelancer to redesign websites for my own clients and customers.  The process involved working with the client during all stages of development:.  Discussed requirements, documentation, and business needs regarding the design of the site.  Created mockups to get client approval before starting the coding.  Worked with the client throughout the testing stages to make sure they were happy.  Delivered the final website within the client's budget and the quoted timeframe.  Used: C#, ASP.Net, HTML5, CSS3, Javascript, JQuery, mySQL, Adobe Design Suite.          Senior Software Developer  ,   07/2016   to   11/2016    Company Name   －   City  ,   State      Contracted to Fiserv and assigned to the Velocity Loan Software Migration project which involved upgrading credit union clients from version 2 to 3.  This involved taking a client's XSLT and XML files and transforming them with custom mapping software into LUXML files, which were then processed by the Velocity software.  Our team reduced the number of hours it took to migrate a client by 62.5%, from 800 hours, down to 500 hours.  Worked with the lead developer to create testing and review processes to ensure the ve [...]","coach is a global fashion house founded in new york in  inspired by the vision of creative director stuart vevers and the inclusive and courageous spirit of our hometown we make beautiful things crafted to last for you to be yourself in

coach is part of the tapestry portfolio a global house of brands powered by optimism innovation and inclusivity

primary purpose  the art director for concept graphics will ideate and create proof of concept branding for customerfirst campaigns

to drive brand awareness and new customer acquisition for coach globally working directly with the dvp of the creative studio and concept team this person will create strong brands identities for global initiatives

including product collaborations physical and digital experiential activations  store graphics and popups across digital and physical consumer touchpoints for both retail and outlet channels

this person will report to the dvp of creative studio and partner closely with art director of concept copy  editorial brand creative  digital experiential social media and the design studio

the successful individual will leverage their proficiency in graphic design to
 build a powerful unique and cohesive brand identity through campaigns and creative that are distributed across multiple markets and consumer touchpoints
 concept graphics that will build the brand values and identity globally by considering the nuances in our position across all markets greater china japan north america europe
 levera [...]"
23,Career Coach (Remote),"FINANCE MANAGER         Summary     Pro-active, results-oriented, deadline driven with broad experience in all aspects of accounting and financial management.  Solid planning and organizational skills in coordinating all aspects of each project from inception through completion.  Sees the big picture and plans appropriate strategies to achieve results.  Well disciplined with proven ability to manage multiple assignments efficiently under extreme pressure while meeting tight deadline schedules.  Strong team builder and facilitator, creates an atmosphere that encourages individual growth among accounting professionals while maximizing their potential and production.  Ascertains needs and goals, streamlines existing operations, envisions new concepts and looks for areas of improvement while following through with development and direction.  Clearly and effectively communicates direction, commits people to action with timelines, and transforms complex information into easily understood formats.        Highlights         SAP, Dynamics AX, AS400, SBT, IFRS, JD Edwards, MAS90, Great Plains and Quickbooks.  Access, SAS and SQL.  MS Office including Excel 2010, 2007 and 2003.  UltiPro, ADP, Report Smith, E-Time Heavy, TimeSaver, EZLabor and EasyPay.     Comprehensive experience in Organizational Re-Engineering  Inventory Control/Purchasing  Reporting/Process  Improvement Financial   Management/Analysis   Quarterly/Year-End Audit   Budget & Forecasting   Preparation/Administration   General Accounting/HR/Payroll   Staff Management   Business Analysis   GAAP/JSOX/ISO/SOX            Experience      Finance Manager  ,   12/2011   to   05/2014    Company Name   －   City  ,   State      Provide financial reports for three plants in the region.  Manage day to day operations to include overseeing all accounting functions, procurement, annual budget forecast, payroll and complying with SOX.  Work with corporate HR in regards to plant personnel and suggest personnel changes in the pla [...]","job description

the flatiron school is seeking a parttime career coach to join our cyber security team at flatiron school were changing education for more than eight years weve been teaching passionate creative people how to launch careers in tech and currently offer programs in software engineering data science and cybersecurity

we know that getting a job can be challenging so our career services team supports our students each step of the way as a career coach you will coach students oneonone over video chat to set career goals hold them accountable to weekly jobseeking activities and provide guidance on the job search process including important job search topics like networking and interviewing best practices thats how we support the schools overall job placement rate

responsibilities

the career coach will
 conduct oneonone coaching sessions and checkin calls to help motivate hold students accountable and coach them through obstacles to ensure their success in their job search
 manage a roster of active job seekers and maintain communication at a regular cadence holding each student accountable to the terms of service they sign upon enrollment
 develop subject matter expertise with regard to cybersecurity career transition and flatiron school programs
 conduct detailed resume and linkedin reviews as well as mock cultural interviews providing clear and actionable feedback
 advise students on the job search process answer questions and equip them with the tools and reso [...]"
24,Talent Acquisition Manager,"CHIEF EXECUTIVE OFFICER       Summary     Award-winning executive and marketing professional experienced in high-volume, multi-unit, retail and business operations in the pharmaceutical, financial services, and food and beverage industries. Demonstrated expertise in brand development, territory management, sales operations, product launches, recruiting, and business development. Skilled in utilizing technology as a tool to improve organizational efficiency. Desires a high-level marketing position in a professional corporate environment.       Highlights          Brand Development  Project Management  Relationship Management      Training & Development   Sales Operations  Merchandising            Accomplishments      Increased annual sales to nearly $5.7 million through strategic marketing & sales campaigns.  Launched aggressive growth plans that helped increase customer base from 0 to 15,000 customers.   Created strategies to develop and expand existing customer sales, which resulted in a 200% sales growth in less than 12 months.  Grew a targeted newsletter subscriber list from 0 to 6,000 members in just 12 months.   Earned the Winner's Circle Award in 2008.        Experience     10/2008   to   Current     Chief Executive Officer    Company Name   －   City  ,   State      Developed and launched Greenie Tots ,a full-line of children's entrees, currently sold in mass retail including Whole Foods, Giant Eagle, Safeway , and independent grocery stores across the United States.  Headed online/retail marketing campaigns to drive traffic and business to our online website and into our retail stores.  Hired & trained all new brand ambassadors that marketed and sold the Greenie Tots brand to consumers & retail outlets.  Managed production setup and distribution with the largest national natural products distributer UNFI.  Developed company wide incentive performance plan which motivated staff and resulted in a 70% increase in sales.  Rolled out integrated advertising campaig [...]","introduction

introduction to the job

the talent acquisition manager is responsible for talent acquisition delivery across one of asmls key sites located in san jose you will be leading the recruitment delivery for these high growth fast paced businessesyou willreport to the talent acquisition leader and be part of the us talent acquisition teamyou will coach and drive and team of recruiters and partner with hr business partners and business leaders to ensure consistent effective and efficient recruitment strategies designed to attract source and bring in top talent to meet business goals

as directed by the talent acquisition leader you will partner with employment branding for consistent corporate image throughout recruiting campaignsalign on annual workforce target and provide guidance to management on external talent marketas a successful talent acquisition expert you will use metrics and data to inform stakeholders on hiring trends turnover rates and candidate feedbackyou will implement hiring strategies built for growth and ensure a solid talent pipeline for each business group

role and responsibilities
 manage local business partnerrelationships and provide recruitment counsel and guidance to hiringmanagers to effectively deliver the most optimal recruiting solutions
 manage coach and develop ateam of talent acquisition partners ensuring delivery to hiring demand andcustomer expectations
 provide input into strategic recruitment plans for your business groups
 create [...]"
25,Business Development Associate,"TEACHER       Summary    Obtain a position working in customer service where I can utilize my friendly and outgoing attitude. I'm very a nalytical and adept at resolving complex network issues. Critical thinker who addresses customer support issues quickly and who consistently exceeds performance standards.        Skills           Excellent analytical skills     Strong verbal communication      Computer proficient    Microsoft PowerPoint,  Microsoft Word,   Issue resolution     Attention to detail        Excellent written and verbal communication skillsExperience in a high volume, high stress work environment, productiveFluent in English and  Twi,  Energetic and organized                 Accomplishments      Top representative in department with customer satisfaction surpassing  80 %.     Received award for customer service recognition and ability to work well with the other team members.          Experience      Teacher     Jan 2016   to   Mar 2016      Company Name   －   City  ,   State     Educate children, take care of children, maintain a healthy learning environment.         Nursing Aide     Aug 2015   to   Jan 2016      Company Name   －   City  ,   State     Provide basic care for patient, accompany patient when leaving facility, maintain healthy living environment.         Front Desk Receptionist     Jun 2015   to   Sep 2015      Company Name   －   City  ,   State     Answer phones, transferring Support, Referred  difficult issues to upper management while maintaining positive rapport with customer.    customers with online billing and account issues.   calls book appointments, enroll clients.         Cook     Apr 2013   to   Aug 2014      Company Name   －   City  ,   State     Train new employees, take orders, pass orders out to customers, prepare hot and cold food items, stock deliveries, maintain work area (cleaning).         Education and Training      Bachelor of Arts  ,   African American Studies   2017     The Ohio State University   －   City  ,   Sta [...]","care  is hiring licensed home care agency is looking to hire a full time business development associate to manage sale efforts and marketing campaigns for locations in bronx queens manhattan brooklyn and westchester this role will be focused on the rockland county area

responsibilities will include but are not limited to
 developing and executing a marketing plan to meet or exceed monthly quarterly and annual growth targets
 identifying evaluating and prioritizing potential referral sources within the agencys territory and surrounding area
 demonstrating a thorough and complete knowledge of the agency including our vision mission and values the services we provide and how we differentiate ourselves from other home care agencies
 establishing and maintaining professional relationships with all referral sources
 establishing and maintaining brand awareness through referral source contacts trade shows conferences and community education efforts
 representing the agency and its services in a professional competent and responsive manner
 attending monthly agency growth meetings

qualifications
 hard worker with positive attitude
 some previous office experiences
 strong written and verbal communication skills

benefits
 paid holidays off
 pto
 health insurance
 competitive salary and bonuses

looking for a hardworking and capable individual with strong interpersonal skills
 this opportunity comes with training and growth potential within the organization candidates should be hard [...]"
26,Customer Service Agent,"AN ACCOUNT CUM FINANCE MANAGER       Summary     I am team-oriented Accountant  prepares clear, comprehensive financial reports for executive-level management.I did work as an Account Manager in India for private sector company and also worked in financial sector only.  Right now, I am looking for an entry level position based on my study in the United states.        Highlights          From 1st March, 2016  Key Skills  Familiar with a vast array of Finance activities and management skills. Knowledge of basic computer knowledge like MS Office, Word and Power point.  Accounts & Auditing  General Administration  Basic Computer  Costing  Knowledge, Tally 7.2 & 9 and ERP      Analytical reasoning  Financial statement analysis  Strength in regulatory reporting  Compliance testing knowledge  Understands foreign tax reporting  Budget forecasting expertise  Account reconciliation expert  Financial planner  Complex problem solving  Effective time management  Excellent managerial techniques  General ledger accounting  Expert in customer relations  Superior research skills  Advanced computer proficiency (PC and Mac)            Accomplishments      Accounting Skills     Operated computers programmed with accounting software to record, store, and analyze information.      General Ledger Accounts     Maintained accurate accounts including cash, inventory, prepaid, fixed assets, accounts payable, accrued expenses and line of credit transactions.    I also have a vast knowledge of Taxation laws and policies.           Experience      An Account Cum Finance Manager  ,   05/2010   －   05/2014    Company Name   －   City  ,   State      Gujarat Education Board.  Grand Project Investment Pattern of Investor on Diversification of Portfolio Management in recession Period Jan to March, 2009 Summer Training 1)TITLE: - ""Inventory Management"" To know the Inventory level in manufacturing     company 4)DURATION:- Two Months     May to July 2008 Projects Job experience I did work at RB Cars Pvt. [...]","are you interested in working from home and making your own schedule have you been searching for the right moment to start a new sidegig or maybe even start a new career

look no further we have the right opportunity for you

we are searching for a remote customer service agent to help others by booking memorable and amazing vacations all from the comfort of your own home

as a remote customer service agent you will be responsible for creating or completing clients trip itineraries in addition you will be the main contact in the event any issues were to arise prior to or during travel

responsibilities
 communicate with customers via phone email and chat
 provide knowledgeable information regarding travel destinations culture weather
 work with variety of vendorssuppliers to meet clients needs
 update clients records as necessary

qualifications
 must be  years or older
 must be authorized to work in usa
 must be excited  willing to learn"
27,"Senior Vice President and Managing Director, International Research","SECRETARY II       Summary    Energetic management professional with over seven years of experience in high-level executive support and accounting roles. Organized and dedicated professional who excels at prioritizing and completing multiple tasks simultaneously and following through to achieve all project goals.      Experience      Secretary II     Dec 2014   to   Jun 2016      Company Name   －   City  ,   State     Served as the primary support channel to five sales executive in the Albuquerque East,.  Albuquerque West, Santa Fe/Southern Colorado, Central Utah, and Northern Utah territories.  Created and maintained computer- and paper-based filing and organization systems for records and reports.  Maintained 100% adherence to budget/finance goals, approved travel expenses, and reimbursement requests.         Director of Operations     Oct 2007   to   Aug 2014      Company Name   －   City  ,   State     Implemented complete accounting system transisition from Peachtree for Manufacturing to Quickbooks Pro which increased revenue at year end due to better tracking of expenses and income.  Direct manager of a staff of 3-15 employees Supervised all aspects of day-to-day business in the Dallas, TX office from employees to all operations while coordinating reports, budgets, and information with the satellite Houston, TX office.  Developed policies and procedures responsible for trimming down operating budgets by eliminating excess spending and inventory mismanagement and boosting productivity.  Managed production schedules and order status reports for a network of over 30 franchise stores Point of contact for all escalated order related issues of customer service via phone call, email, and website correspondence.  Assisted in the design, implementation, and launch of four websites directed at positioning the company on the worldwide web to help compete in the industry.  Managed all new product development and launch.  Served as primary point of contact for the design an [...]","mathematica applies expertise at the intersection of data methods policy and practice to improve wellbeing around the world we collaborate closely with public and privatesector partners to translate big questions into deep insights that improve programs refine strategies and enhance understanding using data science and analytics our work yields actionable information to guide decisions in wideranging policy areas from health education early childhood and family support to nutrition employment disability and international development mathematica offers our employees competitive salaries and a comprehensive benefits package as well as the advantages of being  percent employee owned as an employee stock owner you will experience financial benefits of esop holdings that have increased in tandem with the companys growth and financial strength you will also be part of an independent employeeowned firm that is able to define and further our mission enhance our quality and accountability and steadily grow our financial strength read more about our benefits here 

we are seeking a passionate visionary and growth oriented leader to be a senior vice president and managing director of mathematicas international unit the successful candidate will be an established researcher and recognized thought leader with an entrepreneurial spirit and a strong track record of organizational leadership in the developing world the svp  managing director will lead mathematicas international work as we co [...]"
28,"Kitchen Exhaust Associate (Commerce, CA)","EMERGENCY DEPARTMENT PHYSICIAN       Professional Summary     I intend to practice general endocrinology; however I am pursuing additional training in the area of obesity medicine and hope to bring this expertise to the practice I join. My background in nutrition science and exercise, as well as my clinical experience in weight management and bariatric clinics, and research endeavors in clinical weight loss trials will enable me to develop the skills I need to supervise and direct patients in their weight loss efforts. I am open to working in both the inpatient and outpatient setting as my fellowship training has equipped me to manage inpatient diabetes and endocrine consults.       Education and Training        Endocrinology Clinical and Research Fellowship   2016     Duke University Medical Center   －   City  ,   State  ,   US    Endocrinology Clinical and Research Fellowship at Duke University Medical Center.   Anticipated completion June 2016.        Master of Science  ,   Clinical Research   2016     Duke University   －   City  ,   State  ,   US    Anticipated graduation May 2016.          Internal Medicine Residency   2013     Virginia Commonwealth University   －   City  ,   State  ,   US          Medical Doctorate     2010     Medical College of Georgia   －   City  ,   State  ,   US          Bachelor of Science  ,   Biology   2006     University of Georgia   －   City  ,   State  ,   US    Magna Cum Laude with High Honors        Bachelor of Science  ,   Family and Consumer Sciences, Nutrition Science   2006     University of Georgia   －   City  ,   State  ,   US    Magna Cum Laude with High Honors        Professional Experience      Emergency Department Physician     Jan 2014   to   Current      Company Name   －   City  ,   State    Employer Contact: William Knaack, MD        Fitness Instructor     Jan 2007   to   Dec 2010      Company Name   －   City  ,   State          Medical Clinic Assistant     Jan 2007   to   Dec 2007      Company Name   －   City  ,   St [...]","immediate need  now hiring 
kitchen hood cleaners  commerce ca
graveyard shifts  sunday monday tuesday wednesday thursday
paid weekly

green guard services inc is the premier kitchen exhaust cleaning company in california with restaurants like burger lounge carls jr coasterra island prime  pacific and many more

at green guard were energetic and passionate about what we do because of our continued expansion we seek qualified candidates who share our vision values and commitment to superior service we are seeking a qualified kitchen hood cleaner for our san marcosescondido location

job summary
power washing of kitchen exhaust systems including hoods duct work filters and exhaust fans the set up and take down of all job sites and equipment including wiping down of stainless steel hoods setting up wetdry vacuums high pressure hoses presprayers ladders hanging plastic sheeting etc

independent completion of work projects without supervision maintain equipment and report any mechanical deficiencies

qualifications
no experience necessary however previous mechanical electrical or kitchen hood cleaning experience a plus
paid training will be provided  must be able to travel to san diego for one week of training
green guard services will pay for your hotel mileage and  per day per diem  some restrictions due apply
this person will need to be consistent responsible honest work well with others and must have the ability to follow directions
musthave a valid drivers license and a clean [...]"
29,CNC Programmer,"INDUSTRIAL ENGINEERING INTERN       Profile     Outstanding productivity as high potential project supervisor and design engineer. Solid analytic and communication skills to resolve complex problems quickly and efficiently. Dynamic team leader with front-line experience in motivating team workers towards achieving specific goals. Hands-on experience in data analysis, discrete event simulations, manufacturing processes, process improvement, machine shop practices, welding and fabrication, and quality control. Exceptional project management skills utilizing customer commitment, team work, communication, planning and organization to achieve excellence.        Skills         C#, ASP.NET, Visual Basic, Ms Visual Studio, Ms Office Suite (Word, Excel, Project, PowerPoint, Access, Outlook, Visio), Simulations using Witness13 and SIMIO, ERP-SAP, SAS-STAT, AutoCAD             Accomplishments       Liaised with [group] to modify and improve overall product performance.  Eliminated machine defects through recommendation of machine adjustments.  Prepared plans and layouts for equipment or system arrangements and space allocation.  Prepared sheet metal fabrication drawings, modifications and commercial specification drawings in compliance with industry standards.  Met with customers to help design custom entertainment centers, china cabinets, mantels and kitchen cabinets for residential homes.   Supervised and directed over 25 employees on electronics designs that resulted in production yield improvement which later translated into $200K in company revenue.   Supervised project production efforts to ensure projects were completed to company standards, on time and within budget constraints.  Created presentation materials for sales, customer relations and management purposes.  Tested equipment to ensure compliance.  Analyzed data and provided recommendations which resulted in adoption of new cost-saving equipment.  Saved 14% on supply costs by working closely with suppliers to ens [...]","cnc programmer

we are currently seeking a fulltime cnc programmer to join our team in our hawthorne ny  location in a salaried position

who we are
founded in  clarapath s mission is to transform the laboratory space and advance how hospitals provide laboratory care our company is strategically backed by one of the largest hospitals in the country as well as visionary pharmaceutical and academic leaders in collaboration with our partners we aim to improve patient care through our automated processing analysis and diagnostics technology

from our fully automated precision sectioning technology to worldclass imaging and analysis expertise our team is building a robotic system that will impact the future of digital pathology we offer challenging opportunities to join a uniquely innovative company that straddles the worlds of medical devices robotics industrial automation and technology
to learn more about us please visit us at

about the role
clarapath is looking for a solidcam programmer who can create programs for a axis cnc and a cnc lathe and who also has machine shop experience in a manufacturing environment the cnc programmer will produce parts in a production and rd setting and will collaborate with engineers for dfma and optimal machining designs

what you ll do
core duties and responsibilities include the following
 fully operate  axis cnc in the order of making parts
 operate any type and size of single spindle or multiple spindle on a variety of operations drilling r [...]"
30,Vice President Operations,"GRANTS MANAGER           Summary     Finance professional successful in not-for-profit and for-profit organizations wanting to resume career after meeting personal goals and obtaining unrestricted work authorization.        Skills     Accounting, administration, preparing trial balance, balance sheet analysis, bank reconciliation, billing, budgeting, forecasting cash flows, cash management services, contracts, credit risk, due diligence, financial analysis and modeling, financial reporting, financial statement analysis, general ledger, government grant proposals, inventory management, investment Banking, invoicing, accounts payables, accounts receivables, legal issues, risk analysis, investment valuation.        Experience              Grants Manager    December 2009   to   July 2014     Company Name   －   City  ,   State      Perform due diligence on potential grant opportunities and monitor current funds portfolio.  This included reading all government updates on healthcare research funding, related financial matters and audits.  Worked as an integral person in all facets of financial administration in a small team with a culture of inclusion.  Have been appreciated and respected for my hard working skills and eagerness to learn.  Having worked with some of the best researchers in the healthcare field, I have had to wear multiple hats and work with tight deadlines.  Specialized in preparing grant proposals for both federal and non-federal sponsors that included various grants mechanisms, Clinical Trails, Research Contracts and IPAs.  Held a key role in pulling together and maintaining a large and complex international grant that involved 21 sites (domestic and international).  This role enabled me to become an excellent team player.  Managed all post-award administration for all types of sponsored research projects including, subaccounts, budgeting, creating purchase orders, invoicing, monitoring, expense processing and reconciliation, financial reporting, IRB, OM [...]","do you want to work on some of the most interesting commercial roofing projects in the columbus area we are now hiring for a vp of operations when you join our team you wont be given impossible deadlines or unrealistic performance quotas we believe in creating a work environment that allows you to enjoy the projects you work on and giving you the resources you need to be a leader in our industry we have been setting the standards for commercial roofing in columbus for over  years and look forward to continued growth

what we offer

paid holidays

regular mf schedule

pretax benefits like fuel health dental vision and life insurance

no overnight or outoftown travel

companypaid phone and computer

great worklife balance

what youll be doing

manage and coordinate job details between the field and office

participate in the transition of the job from estimating to project management

measure  organize jobs

communicate with customers and subcontractors

hybrid role  field  office

what we look for

minimum of  years of commercial roofing experience

familiar with major commercial roofing systems such as singleply and bur

reroof in epdm pvc tpo and kee

carpentry metal and shingles experience preferred

valid drivers license

osha  year preferred

attention to detail and ability to recognize discrepancies"
31,Ecommerce Manager  Remote,"COLOUR ANALYST       Summary    Creative , detailed, passionate and technical results driven Senior Color Analyst who excels in a fast paced fashion manufacturing and retail environment, leading product development and revenue growth. Design and color fashion forward, everyday-wearable apparel, swim and active wear that exceed sales goals. Innovative and resolute thinker, color expert who builds strong relationships with cross-functional product design, art design, merchandising, sourcing and manufacturing teams. 
AREA OF EXPERTISE:
*Creative and Color analyst for everyday wearable apparel, swim, performance active wear and multi-fabric dyed to match garments.
*Trend analysis and forecast, seasonal color palette creation, denim/woven shade band expertise,  color/dyestuff execution and limitation expertise, trim knowledge and development.      Highlights         Color iQc, PLM, Microsoft office (Word, Excel, PowerPoint and Outlook) and Lotus Notes. Affluent in Adobe Illustrator and Photoshop. Microsoft Office, Outlook, PowerPoint, Excel & Word  Affluent knowledge of Adobe Illustrator             Accomplishments     Providing sole responsibility to Athleta a $565 million brand for all color issues, evaluations, color recommendations for fabrics and create seasonal color palettes across all aspects of the brand (Divisions, Categories, Prints and different fabrics)   Implemented in-store light source (U3500) to primary light source during Athleta color evaluation process and procedures.        Experience     08/2002   to   01/2006     Colour Analyst    Company Name   －   City  ,   State      Office Choosing the seasonal color palette pantone # (PMS) for design and graphic purposes.  Visual Evaluation of seasonal Color Lab Dip/Bulk Submissions.  Communicating evaluation results with off-shore/domestic Vendors.  Colour Technician & Label /Trims Management Visual Evaluation of seasonal Color Lab Dip/Bulk Submissions Organizing and choosing the seasonal color palette panton [...]",are you a motorsport enthusiast trapped in a job where you work on boring websites that sell cogs and widgets do you wish you could use your skills to help race cars go faster instead have you been waiting for the right opportunity to align your career with your passion and hobby if so here is your chance apex race parts is looking for the right individual to join our team as our ecommerce manager and help us develop the absolute best website for purchasing lightweight race wheels we know our current site sucks which is why were about to launch a brand new one weve been working on it for years we may launch phase one of the site before you join our team but thats just a small first step your role would be to take ownership of the site going forward and drive many more feature enhancements site optimizations funnels and more to be successful in this position youll need strong leadership skills and project management experience as you grow the internal team while also overseeing outside agencies and contractors who already do a lot of the leg work if you havent built and managed a meaningful enterprise ecommerce website before  one that offers hundreds of landing pages and that required a team of designers developers and marketers to produce  then you likely dont have the experience this position requires were not looking for a catalog manager or someone to put up promotional banners we already have people for that we want an individual who would complement our existing skills [...]
32,FT Sales Associate,"SENIOR LEAD TECHNOLOGIST EDITOR           Professional Profile    Over 25 years of experience providing technical support and project management in the system safety and environment, safety and health disciplines.  Experience includes: MIL-STD-882 system safety programs; system safety reports and analyses; Programmatic Environment, Safety, and Occupational Health (ESOH) Evaluation (PESHE); policy analysis and development; environmental planning; regulatory compliance evaluations; DoD systems acquisition program oversight and support, pollution prevention (P2) programs and technology transfer.  I have extensive experience working with DoD Components and am retired from service with the U.S. Navy.  Certified as a Navy Principal for Safety and currently hold a TOP SECRET clearance.      Qualifications          Vast technical knowledge  Project management  Background in [engineering focus]  Strong presentation skills  Complex problem solver  Advanced critical thinking                Experience      Senior Lead Technologist Editor    January 2000   to   Current     Company Name           Defined application problems by consulting with clients to evaluate procedures and processes.  Developed a new customer base consisting of  [Number]  accounts.  Managed budget forecasting, goal setting and performance reporting for all accounts.  Directly managed multi-million co-operative budgets supporting global GTM strategy.  Identified strategic partnerships and gathered market information to gain a competitive advantage.  Delivered performance updates, quarterly business reviews and planning meetings.  Targeted new long-term business partner prospects and closed  [Number]  deals in  [Time period]  in the  [Industry]  industry.  Tracked RFPs and bids to develop new business opportunities.  Planned strategic brand-building events to expand the product portfolio.  Contacted new and existing customers to discuss how specific products could meet their needs.  Identified, coordinated and [...]","now hiring sales consultants  at levin furniture  mattress

earn more  well guarantee your pay while you learn and build your clientele

on average sales consultants can earn    annually

were a familyowned company with a history of caring for our employees customers and community

now offering a  signon bonus

levin furniture  mattress compensation and benefits program
 generous draw vs commission structure  commission up to   bonus income
 paid training  minimum guaranteed salary of month for the first  days
  signon bonus
 firstyear associate average earnings 
 average annual salary up to 
 top performers can earn  annually
 growth opportunities  levins loves to promote from within
 great benefits  medical dental vision life  disability  and pto
 generous employee discount
 friendly supportive work environment
 beautiful showroom with top brands  trends
job descriptionduties
 maximize excellent customer service and customer satisfaction
 meets andor exceeds minimum sales standards and assigned sales goals
 prospects new customers through various networking and clienteling efforts
 completes all required initial and ongoing sales training programs and attends required store meetings
 communicates with all internalexternal customers clients management andor colleagues in a professional manner
 works independently andor cooperatively with others as part of a team

required skills
skillsrequirements
 flexibilityavailability to work a retail hoursscheduling includes days evenin [...]"
33,Programmer Analyst with R Consultant,"ROUTE MANAGER           Summary     To obtaining a position in a company that will allow me to better use my skills and knowledge to advance the performance and profitability of that company. Goal oriented, self-motivated with twenty years of experience as a Supervisor/Manager of personnel, products, and budgets.   Driven to tackle projects that advance the organization and build collaboration/teamwork among peers and subordinates.   Leader of the consistently, number one ranked office for the MasTec Money sales program.   Major strengthens include demonstrated track record of honesty, integrity, and loyalty; sound leadership; excellent communication skills; strong team player; advocate of self-efficacy; attention to detail; highly organized; proficient planner.       Highlights          Operations management  Inventory control  Supervision and training  Procedure development  Analytical  Team building  Multi-site operations  Staff retention      Sound judgment  Calm under pressure  Relationship building  Systems implementation  Troubleshooting and problem solving  Dedicated  Client relationships  Contract management              Accomplishments     Leadership   Served as a Regional Trainer when  C ontinuous  I mprovement  M anagement  S ystem was introduced to the company.     Business Development:     Successfully grew business by [action].      Project Management:     Initiated [project] which resulted in [positive outcome].         Experience      Route Manager    January 2002       Company Name   －   City  ,   State      Built a steady repeat customer base by providing a quality product and exceptional customer service.  Maintained inventory levels along with current product knowledge daily.  Completed daily reconciliations, recorded and made deposits of up to $1500.          Site Manager    January 2007   to   Current     Company Name   －   City  ,   State      Analyze reporting data to identify areas of opportunity and provide solutions to maximize performanc [...]","one of our clients a global market research company is looking for a talented programmer analyst with r consultant

 months initial contract with possible extensions andor permanent option remote position

location  remote position

please read the description below and to be considered immediately email your resume to barryrbrainsworkgroupcom

programmer analyst with r consultant

responsibilities
 must have substantive programming experience in r to aid company in translating existing code from sas to r
 enable shifting the platform in which the company executes their methodologies
 translate methodology code from sas to r and confirm that the resulting translation is equivalent to the original
 receive task assignments using an issue tracker and kanban board track time spent on each task and help estimate time necessary for future similar tasks tasks will largely be translating portions of statistical programs from sas to r
 in preparation for translating code review existing code and data and ask for any clarifications necessary using inputs and outputs from existing programs prepare test cases for each module prior to translation
 when translating code follow example coding patterns set by reviewing example translated programs and any documentation provided such as programming style guides etc the programs will be translated to r with particular emphasis placed on using the sparklyr and dplyr packages for data manipulation and the test that package for testing
 proactive [...]"
34,Office Clerk,"INSURANCE SPECIALIST       Summary    Accomplished communicator who mediates effectively and uses negotiating and persuasion skills to       achieve consensus. Proficient in account management, training, project management, and building       strong relationships. Proven ability to streamline operations, educations, and troubleshoot problem       areas. Demonstrated history of successful administration and effective issue resolution, while       providing high-quality leadership, and managing individuals from varying backgrounds.      Skills             Spreadsheet management          POS systems  Microsoft Office proficiency            Advanced MS Office Suite knowledge          Medical Billing  Microsoft Excel certified          Administrative support specialist        QuickBooks   Expert          employee training  Invoice processing            Advanced clerical knowledge   Microsoft excel  Marsha systemFosse system            Experience      Insurance Specialist   04/2017   to   Current     Company Name   City  ,   State        Processed applications, payments, corrections, endorsements and cancellations.      Developed, implemented and monitored new underwriting guidelines for the agency.        Compiled coverage and rating information in an accessible format.         Submitted up-to-date activity and production logs to agency management for review.            Researched coverage and premium options and supplied clients with the best coverage available.             Finalized and maintained all types of personal lines insurance policies within the agency.                 Front desk agent   12/2015   to   Current     Company Name   City  ,   State       Dispensed guidance, direction and authorization to carry out major plans.  Reviewed sales price
          and operating costs.  Ensured work was accomplished in a safe manner in accordance with established operating
          procedures and practices.  Handled telephone inquiries.  Documented business requirements [...]","office clerkdo you have experience in administrative work
 are you knowledgeable in the hvac industry
 you can use your admin skills in this office clerk position with a thriving local jacksonville company
 we are currently recruiting for a opportunity at a leading heating and air company
 it is a fast paced environment with a small tight knit team
 responsibilitiesanswering phones and scheduling appointments filing data entry working on projects with time management skills keeping office tidy ordering supplies and light accounting
 daily software use includes ms office  outlook excel word teams onedrive quick books online and smart service  cms dispatching appointment scheduling
 skills microsoft office front desk time management dispatch  year of experience is required filing data entry  years of experience is required answering phones scheduling appointmentseducation high schoolqualifications years of experience  years experience levelexperiencedshift firstworking hours  pm   pmrandstad is a world leader in matching great people with great companies
 our experienced agents will listen carefully to your employment needs and then work diligently to match your skills and qualifications to the right job and company
 whether youre looking for temporary temporarytopermanent or permanent opportunities no one works harder for you than randstad
 eeo employer race religion color national origin citizenship sex sexual orientation gender identity age disability ancestry veteran status [...]"
35,Sales Associate - Dalhousie,"SALES ASSOCIATE       Professional Summary    Creative problem solver offers exceptional analytical, communication and interpersonal skills; extensive Mental Health and I/DD experience; management/supervisory skills and a commitment to proficiency and effectiveness for a progressive, quality-driven organization. HIV Director/Case Manager- 3years (B.R.O.N. CDC) Person Centered Thinking Train-the-Trainer Qualified Professional Experience/ 20 years- (CAP-MR/DD; MH/SA; ICF/MR) CPR-First Aid/Bloodborne - Certified Customer Service experience over 20 years Church Office Manager 3+ years Notary Public Teacher/Lecturer Develop policy and procedures manual for other agencies Music Director 6+ years      Skills          Project management  Strategic planning  Budgeting and finance  Recruitment and talent development  Process improvement  Visionary  Microsoft Office Suite expert  Visionary      Customer relations  Quality control  Personnel management  Customer-oriented  Accounts payable and receivable  Flexible thinker  Complex problem solving  Customer needs assessment  Microsoft Office Suite expert            Work History      Sales Associate     04/2013   to   Current      Company Name   –   City  ,   State      Greeted customers in a timely fashion while quickly determining their needs.  Recommended merchandise to customers based on their needs and preferences.  Maintained knowledge of current sales and promotions, policies regarding payment and exchanges and security practices.  Responded to customer questions and requests in a prompt and efficient manner.  Contacted other store locations to determine merchandise availability.  Engaged with customers in a sincere and friendly manner.  Completed all cleaning, stocking and organizing tasks in assigned sales area.  Built relationships with customers to increase likelihood of repeat business.  Contributed to team success by exceeding team sales goals by  [number] %.  Contributed to team success by exceeding team sales goals [...]","job description

welcome to plantlife cannabis were so excited to lead canada with one of the fastestgrowing cannabis retail companies we currently have  retail operations opened andor in development and the growth doesnt stop there we are currently hiring for our calgary  dalhousie location

our plans for vast expansion necessitates a team of allstars to help us achieve our goals our retail locations demand a lot out of our team and therefore we are seeking the best of the best to keep our stores and customers satisfied

question  do you
 have experience and enjoy working with a team or individually
 have a passion for the cannabis industry
 have the drive to educate and guide new and current customers with exceptional service
 have determination and are ready to set goals for yourself and your team
 want to be involved in a fastgrowing company that gives you the potential to advance

if the answer is yes we want you

requirements
 proven experience as a sales advisor or another customer servicesales role
 experience in handling cash and utilizing pos system
 able to balance a customeroriented and a resultsdriven approach
 patient and comfortable dealing with customer complaints

why work for us

good question there are a few reasons why we think youd love to be a part of our team
 find some likeminded people who may even become your best buds
 advancement opportunities that open up everyday
 training and education of the industry will always be there for you to utilize and [...]"
36,Retail Furniture Sales Consultant,"INSTRUCTIONAL DESIGNER           Summary    Dependable and resourceful Instructor/Trainer, Technical Writer and Instructional Designer who designs documentation, training programs or
curriculums, including classroom lectures, online courses, and self-study sessions, directed at students, employees,
organization members, or those who use the organization's products or services.      Accomplishments      State of TN Teacher License 474: Business Education    Software Expertise: Adobe Acrobat Prof. 9, Adobe Captivate 5, 5.5, 7, 8, Adobe Contribute 4, Adobe Dreamweaver, Adobe InDesign, Adobe PhotoShop, Articulate Studio 9/Storyline, Fireworks ­ Basics, Flash ­ Basics, LMS: Blackboard, SumTotal, Moodle Microsoft Access ­ '03, '07, Microsoft Excel ­ '03, '07, '10, Microsoft Outlook ­ '03, '07, Microsoft PowerPoint ­ '03, '07, '10, Microsoft Publisher ­ '03, '07, Microsoft Word ­ '03, '07, '10, SnagIt.        Education      University of Memphis     2016       Doctor of Education  :   Instruction and Curriculum Leadership Instructional Design and Technology    City  ,   State      GPA:   1st Generation PhD Fellowship Academic Achievement Award    Instruction and Curriculum Leadership Instructional Design and Technology 1st Generation PhD Fellowship Academic Achievement Award        University of Phoenix     2005       Master of Arts  :   Adult Education and Distance Learning    City  ,   State      GPA:   GPA: 3.91    Adult Education and Distance Learning GPA: 3.91        University of Memphis     2003       Bachelor of Science  :   Business Administration Management    City  ,   State      GPA:   Minority Merit Scholar    Business Administration Management Minority Merit Scholar        Experience      Company Name     May 2015   to   September 2015     Instructional Designer   City  ,   State      Responsible for designing and developing course modules for the university by working with instructors and internal subject matter experts.          Company Name     January 201 [...]","job details
salary
   a year
job type
fulltime
qualifications
license
drivers license required
benefits
pulled from the full job description
k
k matching
dental insurance
health insurance
paid time off
full job description
lazboy furniture galleries of central nj is growing and we are adding to our awardwinning team we are looking for qualified energetic career minded sales professionals our sales associates are paid a base salary of  plus bonuses with the potential to earn up to 
our average sales associate makes over  per year with our top performers earning over 
furniture sales associate benefits
health dental matchpaid vacationspto and accommodating schedulesfurniture sales associate qualifications
candidates must possess the ability to learn quickly retain knowledge and accept ongoing training and coachingyear retail sales experience  preferredcustomer service experience  this is a customer facing jobvalid drivers licensemust be available to work weekends and some major holidaysfurniture sales associate responsibilities
will include efficient use of our crm systemactive customer follow up including phone calls and emails and great attention to detailgreeting and speaking to customers as they come into the storewill be standing on your feet for most of your shift helping customersyou will be required to sell a minimum of  each monthjob type fulltime
pay    per year
covid considerations
employees and customers need to wear masks plexiglass is installed at checkout counter [...]"
37,Medical Assistant,"TEACHER       Professional Summary    Highly organized and detail-oriented Administrative Professional with  more than 10 years experience supplying thorough, organized administrative support to senior executives.      Skills      Filing and data archiving,   Employee training and development,   Critical thinker,   Microsoft Office (Excel, Publisher, PowerPoint, Word),   Multi-line phone proficiency,   Advanced clerical knowledge,   Invoice processing,   Accounting familiarity,   Appointment setting,   Social media knowledge,   Works well under pressure,   Excellent planner and coordinator,   Accurate and detailed,   Customer service-oriented,   Articulate and well-spoken,   Database management,   Teaching/tutoring,   Technological instruction,   Effective time management        Work History      Teacher     08/2013  
                                to   Current      Company Name   –   City  ,
                              State      Develop and implement engaging, effective, student-centered lessons in Reading, Phonics, Math, Science, Social Studies, Writing, and Language Arts.  Use activities, songs/raps, and materials to enhance student learning and self-esteem.  Create multi-sensory literacy and content based workstations.  Conducted parent conferences, faculty and team meetings, Actively participated in activities which included: assessing student progress, assigning grades, taking attendance, recess duty, keeping parents/guardians informed through weekly progress reports/behavior charts, phone calls and email.         Teacher Intern     01/2013  
                                to   05/2013      Company Name   –   City  ,
                              State      Develop and implement engaging, effective, student-centered lessons in all subject areas for a diverse group of second grade special and regular education students.  Use activities, songs, and materials to enhance student learning and self-esteem.  Designed and implemented an interactive science unit o [...]","medical assistant
location
jacksonville florida united states of america  category
medical center support  job id


apply now 
were unique you should be too
were changing lives every day for both our patients and our team members are you innovative and entrepreneurial minded is your work ethic and ambition off the charts do you inspire others with your kindness and joy
were different than most primary care providers were rapidly expanding and we need great people to join our team
the care promoter  is an unlicensed medical professional crosstrained to perform routine administrative and clinical tasks to keep the medical centers running smoothly the duties of care promoter  vary from setting to setting depending on the size location and type in addition to administrative duties care promoters perform clinical duties under direct physician supervision in accordance with state practice acts the care promoter  is an integral member of a physicianled care team that is focused on providing excellent and comprehensive primary care for a specific population of patients
essential job dutiesresponsibilities
measures and records vital signs records patient interview history and chief complaintprepares patients for examinations and performs routine screening tests assists physician with exams explain treatment procedures and physicians instructions to patientphlebotomy and collection of other lab specimens performs basic waived lab testsprepares and administers medications under physicia [...]"
38,Travel Nurse - RN - TELE - Telemetry - $2397.79 / Week,"CNA IN SKILLED HEALTHCARE       Professional Background     I am looking to further my career using my knowledge and skills obtained in the healthcare industry over the past eleven years. I feel I could contribute to any company where I may be employed by utilizing the training, skills, and experience I have acquired.       Skill Highlights          ADL's  Vitals  I/O  Caretracker Documentation      Positioning  Gait Belt  Sliding Board Transfer  Mechanical Lifts               Accomplishments     Trained new employees at Redstone Highlands. Geriatric Course. CNA certification. Excellent communication skills. Associates Degree from the Art Institute. Diploma in Computer Technology plus classes in Computer Systems Electronics Technology and Web Design at Westmoreland County Community College.       Professional Experience     10/2014   to   Current     CNA in Skilled Healthcare    Company Name   －   City  ,   State      Provided primary resident care and assistance with daily living activities.      Provided caring companionship to elderly and developmentally disabled patients.        Worked as part of team to execute proper care of body mechanics and safety of patient.          Obtained vitals for a floor of 25 patients per shift           Maintained patient privacy and confidential patient information.             Monitored patients with acute conditions.             ​      ​        04/2013   to   12/2013     CNA in Skilled Healthcare    Company Name   －   City  ,   State      Assisted patients with multiple chronic diagnoses, including COPD and asthma.     Supported patients with customized patient teaching tools.      Maintained patient privacy and confidential patient information.          Obtained vitals for a floor of 25 patients per shift.            Provided primary resident care and assistance with daily living activities.        ​        08/2012   to   03/2013     CNA in Skilled Healthcare    Company Name   －   City  ,   State      Provided primary resident [...]","american mobile healthcare is seeking an experienced telemetry registered nurse for an exciting travel nursing job in cleveland oh shift  hr days start date  duration  weeks pay   week
registered nurse  telemetry  travel  tele rn

job description  requirements
registered nurse  telemetry  tele rn
startdate  shifts  d pay rate   

as a valued member of the telemetry tele rn team you will care for patients with a wide range of conditions including complex cases this unit constantly monitors blood pressure heart rate blood oxygen level and cardiac electrical activity of patients on the unit utilizing specialized equipment rns will mainly care for patients recovering from heart conditions or cardiac surgery the right candidate for this role will have the opportunity to work in a professionally challenging positive and innovative telemetry work environment at this highly regarded facility

required qualifications
 oh license in hand expiration
 bls
 tele experience

preferred qualifications
epic experience

facility location
sprawling for  miles along the shores of lake erie cleveland has developed into a gleaming model of urban rejuvenation once the industrial hub of the heartland this forwardthinking city now boasts glass towers and contemporary highrises modern museums the rock  roll hall of fame and many cuttingedge health care facilities

job benefits
at american mobile healthcare we take care of our travelers we offer
 competitive pay rates
 free quality private housing
 med [...]"
39,CEO,"PROJECT MANAGER/CAD DESIGNER             Experience     05/2015   to   Current     Project Manager/CAD Designer    Company Name          Oversee and manage all commercial and residential iron railing, security door, gate, and window well cover projects.  Interact with customers (templating, timeframes, provide design ideas and solutions, etc.).  Coordinate installs with in-house installers as well as other contractors.  Draft custom hand rails, stair rails, gates, doors along with any other miscellaneous projects using Sketchup Pro.  Provide the shop with detailed blueprints, cut lists, and install sheets Answer fabrication questions.         06/2014   to   05/2015     Welder/Fabricator    Company Name          Make templates for custom handrails.  Fabrication and installation of commercial and residential stair railings, deck railings and balusters.  On-site welding and fabrication.         05/2012   to   09/2012     Strip vehicles    Company Name          Strip upholstery (seats, floors, convertible tops, and headliners).  Repaired seat foam, chrome, and leather
Address Pro, Shipping Company.         01/2010   to   10/2014       Miscellaneous inserting, packaging, and hand work.          Education     2014           Grandview High School   －   City  ,   State             May 2015           Pickens Technical College   －   City  ,   State                Certifications    Safety in welding
*Oxy-acetylene welding and cutting
*Plasma torch cutting
*Blueprint and welding symbol reading
*Positions 1-4 GMAW, FCAW, SMAW with and without backing
*Knowledge of destructive and non-destructive testing
*Entry level Aluminum GTAW and carbon GTAW
*2014 and 2015 SKILLS USA competition
*Basic/SMAW/Semi-Automatic Welding Certificate
*Basic/SMAW/Semi-Automatic/AWS Entry Level Welder Certificate
*Basic/Entry/Advanced Welder Certificate
*Advanced Welder Certificate
*AWS Entry-Level Welder Certificate
*SMAW Structural Welding Certificate
*Semi-Automatic Welding Certificate      Interest [...]","chief executive officer  rivervista

newvista healthcare is a forward thinking development and operating company of behavioral health hospitals substance abuse rehabilitation centers and behavioral health providers serving the population

we are now seeking to fill the key position of chief executive officer ceo for rivervista the chief executive officer is responsible for providing strategic leadership for all operational and financial affairs of the facility

responsibilities
 develops and executes strategic initiatives to achieve goals related to the successful operation of the overall strategic plan of the sud center
 provides for communication and interface with all newvista divisions to insure integration and compliance with all relevant federal state and local standards guidelines and regulations
 implements controls for the effective and efficient utilization of physical and financial resources and monitors a system of accountability for the budget of the facility
 develops and maintains sound business relationships with key people in the community so as to promote the center as a quality professional sud services organization

project management
 responsible for supervision of program directors and marketing directors
 negotiate contracts with medical directors thirdparty payors community mental health centers and other agencies on behalf of various projects
 provide overview and supervision of jcaho survey preparedness medicare surveys state licensure surveys as nec [...]"
40,Kitchen Cleaner (Utility),"EXECUTIVE CHEF       Professional Summary        Energetic culinary professional with a blend of creativity, passion for food and exceptional cooking skills. Works well as a dynamic leader in high-pressure settings.      Skills              Strong attention to safe food handling procedures  Chef at  The Cork Tree , awarded best restaurant in  West Ways Magazine    Employed at  Bing Crosby's , featured in  Desert Sum Magazine  ""Chefs Surprise"" column August 2008      Beautiful presentation of food  Food presentation talent  Hospitality and service industry background  Food presentation talent            Work History          Executive Chef     05/2012   to   Current      Company Name   –   City  ,
                              State      www.thecorktree.com.  Modern California and Mediterranean Cuisine.   Managed kitchen staff by recruiting, selecting, hiring, orienting, training, assigning, scheduling, supervising, evaluating and enforcing discipline when necessary.    Developed menus, pricing and special food offerings to increase revenue and customer satisfaction.  Actively involved in cost control, sanitation, menu development, training, recruitment, private dining and catering.  Regularly interacted with guests to obtain feedback on product quality and service levels.  Reduced food costs by using seasonal ingredients, setting standards for portion size and minimizing waste.         Head Chef     01/2011   to   05/2012      Company Name   –   City  ,
                              State      Was head chef for this fine dining steakhouse, helped designed kitchen, created all menus, hired all kitchen staff, set up all accounts for the kitchen.  Did all meat and fish portioning, made all sauces, worked the grill and line at service.  Planned dinner and bar menus, as well as special menus for in-house special events and catering.         Sous Chef     01/2010   to   01/2011      Company Name   –   City  ,
                              State      website: www.smoketree [...]","job description sweeps and mops floors to comply with safety and sanitation standards

washes worktables walls refrigerators meat blocks and other food prep surfaces

removes trash and places it into designated containers

steam cleans or hoses out garbage cans

transfers supplies and equipment between storage and work areas

assists with banquet table and front of the house set up

assist with loading or unloading and delivering supplies and product

distributes supplies utensils and portable equipment as needed

complies with outlined sanitation and safety requirements

performs other duties as assigned

company description bon appétit management company is an onsite restaurant company offering full foodservice management to corporations universities and specialty venues

based in redwood city ca bon appétit has more than  cafés in  states including ones for google oracle emory university the getty center and public restaurants such as stem kitchen  garden and public house in san francisco

bon appétit chefs cook from scratch including sauces stocks and soups

a pioneer in environmentally sound sourcing policies bon appétit has developed programs addressing local purchasing the overuse of antibiotics sustainable seafood the food and climate change connection humanely raised meat and eggs and farmworker welfare

were proud to have received numerous awards for our work from organizations including the international association of culinary professionals the james beard foundat [...]"
41,Mainframe Programmer Analyst,"FINANCE SPECIALIST       Summary    To be able to join an organization where I can utilize my proficiency with accounting principles, along with a flair for accuracy towards performing my duties.        Experience      Finance Specialist     Nov 2014   to   Jan 2015      Company Name         One of the nation's largest owners and managers of high-quality residential housing representing a diverse mix of multifamily, military and student communities.  Salary: USD15 per hour          Hours: 40 hours per week
During the short term I have worked with Balfour Beatty, I have done the processing of vendor invoices, processing of monthly rental payments, handling of the petty cash fund, reviewing and checking of the BAH Reconciliation of outgoing residents prepared by the Resident Specialist; assists outgoing residents in their out processing - such as booking their pre-inspection and inspection dates; assists prospective and existing residents with their inquiries in person or on the phone; fetching the office's mails and distributing the same; collection of rental due from the military residents that did not opt for allocation in their pay slips; processing of credit card payments of civilian residents.         Financial Accountant     May 2008   to   Sep 2011      Company Name         A part of Leighton Asia, which is a member of the CIMIC Group - one of the world's leading international contractors and the world's largest contract miner.  Salary: PHP63,000 monthly (USD1,260)
          Hours: 40-44 hours per week
As the company's Financial Accountant, I worked directly under the Finance and Administration Manager.  I was delegated various tasks relating to general accounting and financial reporting.  On the general accounting side, I supervise the input of financial data on the company's books.  Every end of the month, I oversee the closing of the books, making sure that all events that happened during the month are complete and accurate.  I manage the billings to our cl [...]","descriptions

client is looking for a mainframe programmer analyst in the fms financial management system fms is a financial management system developed on two separate platforms the accounting system is a web based application and the budget system is a mainframe based application

the candidate will be a member of the fms technical systems team reporting to fms inventory and integration services team lead under the direction of the team lead with wide latitude for independent judgment the candidate will be responsible for support maintenance and new development of the online as well as the batch mainframe programs additionally the candidate will be responsible for packaging code for deployment troubleshooting technical application issues across production and nonproduction environments performing adhoc technical tasks as directed by the team lead the candidate will also conduct technical reviews of peer work prepare formal evaluations of vendor deliverables and author technical designs candidate will also be required to be part of a rotation for nightly production support oncall every few weeks

the details of the position responsibilities are as follows
 ensure that the fms application software as designed and developed by client and clients vendors meets the citys functional and technical requirements by conducting reviews and formal evaluations of the application architecturetechnical solutions and development work for quality completeness and adherence to industry stand [...]"
42,Business Development Center Representative - Performance Columbus,"CUSTOMER SERVICE REPRESENTATIVE       Professional Summary     Office professional with an extensive background of more than twelve years of Customer Service, Account Manager and Office Administrative Support. Exude strong and excellent communications skills and creative support with team-building and the ability work independently. I adapt to change quickly and motivate staff to ensure a smooth workflow and increased productivity.       Skills          Typing 55 wpm/Ten-Key 10500 kspm  Microsoft Office (Word, Excel, Outlook)  Data Entry/Customer Liaison/Support  Agency Management System (AMS, 360, Sagitata)  The Agency Manager (TAM) Applied System  CRM Software Systems  Quick learner              Work History      Customer Service Representative     09/2017   to   Current      Company Name   –   City  ,   State      Provide customer support to accounts, track orders, provided price quotes, order changes and/or cancellations.  Identify customers' needs, research issue and complaints with problem solving for resolution.  Assist to ensure professional and exceptional customer service with products inquiry and online services.  Document account and conversation during inbound and outbound calls in call center environment.         Owner     01/2015   to   09/2017      Company Name   –   City  ,   State      Responsible for day-to-day operations of online retail store, including sales, stock and resource management.  Develop social media strategy and set goals to increase brand awareness and  engagement.  Maintained online storefront and social media platforms with new products and marketing sales promotions.         Commercial/Personal Lines Account Manager     03/2014   to   01/2015      Company Name   –   City  ,   State      Temporary assignment ended March 214 - Jan.   Processed Certificates of Insurance for heavy contractor's, service and retail risk for commercial Line policies  Verified and explained Commercial Insurnace policy coverages' and issued renewals   Pr [...]","at performance columbus family of dealerships contiues to expand

we have immediate full time opportunities for bdc service representatives at our performance columbus family of dealerships you will be working in an inboundoutbound call center that schedules appointments for our service departments

performance columbus family of dealerships is a leading automotive retailer with  automotive dealerships as well as a motorsports location if you consider yourself to be highly motivated friendly and career minded performance columbus is the team for you

apply now and make going to work fun again

employee benefits package
 top level compensation
 hsa  fsa health plan
 dental  vision plan
 short  long term disability
 life insurance
 company match retirement
 paid time off
 employee purchase program

the performance impact

exceptional
 team
 passion
 community

remembera smile changes the delivery of everything

if youre ready for a new and exciting change in your career take the first step and reach out today

as a performance columbus bdc representative you will
 answer inbound service calls professionally and schedule appointments
 generate appointments by means of incoming and outgoing calls no cold calling
 attract potential clients and retain current clientele by answering product and service questions received via phone andor internet
 contribute to high scores for the manufacturers customer satisfaction index csi
 check email frequently and respond to inquiries immediate [...]"
43,Sr Accountant,"ASSISTANT MANAGER       Summary    7+ yrs of Management, customer service, extensive sales, service and repairs knowledge. PROGRAMS SKILLS: Quickbook Retail IQ, ISC, Snap, Fdt, E-ticket, Microsoft: Powerpoint, Outlook, Works, Word.Watson, ect..Maintains and expands customer base by counseling district sales representatives; building and maintaining rapport with key customers; identifying new customer opportunities. Recommends product lines by identifying new product opportunities, and/or product, packaging, and service changes; surveying consumer needs and trends; tracking competitors. Implements trade promotions by publishing, tracking, and evaluating trade spending. Updates job knowledge by participating in educational opportunities; reading professional publications; maintaining personal networks. Accomplishments Exceeding store quotas by up to 30%, Weekly meetings and Conference calls, Responsible for , customer service assistance, extensive sales, service and repairs knowledge. Direct multiple business affairs and have advance understanding of customers and clients needs       Highlights        7+ yrs of Management, customer service, extensive sales, service
and repairs knowledge. PROGRAMS SKILLS: Quickbook Retail IQ, ISC, Snap, Fdt,
E-ticket, Microsoft: Powerpoint, Outlook, Works, Word.Watson, ect..Maintains
and expands customer base by counseling district sales representatives;
building and maintaining rapport with key customers; identifying new customer
opportunities. 

•Recommends product lines by identifying new product
opportunities, and/or product, packaging, and service changes; surveying
consumer needs and trends; tracking competitors.             Accomplishments    Accomplishments 

•Achieves regional sales operational objectives by contributing
regional sales information and recommendations to strategic plans and reviews;
preparing and completing action plans; implementing production, productivity,
quality, and customer-service standards; resolving p [...]","salary range lower than you desire  but still wanted to share the opportunity

it is a remote position

the reinsurance operations team provides accurate and insightful financial analytical and claims information we support the internal and external core reinsurance programs by providing a foundation to establish and enhance strategic product offerings through traditional and alternative reinsurance solutions for our global customers additionally the reinsurance team safeguards company assets through proactive identification and management of reinsurance recoverables the second largest liberty mutual asset
 
as a senior accountant you are responsible for the thorough execution of book close and financial reporting processes in a deadline focused environment this position will use business acumen and strong analytical expertise to perform complex ad hoc analysis as well as communicate financial results accounting issues trends and business implications to management and other groups at the appropriate level of detail you will also work to continuously improve processes and innovate to ensure work is performed in the fastest most efficient means possible
 
the compensation for this role is dependent on experience and geographic location of candidate
 
responsibilities

responsible for the accurate and timely completion of monthly quarterly and annual book close cycles through effective planning monitoring and troubleshootingprepare andor input general ledger entries by utilizin [...]"
44,Infrastructure Services Project Manager,"NEW CONSTRUCTION / AFE MAINTENANCE MANAGER         Summary    23 years in the Industry, with 18 years of Management / Supervisory experience in Shutdowns, T/A's, and Project related work. Safety statistics for all projects are always at the highest level. Proven track record as Manager / Supervisor managing a variety of construction teams and projects with a <0.5 trir.="""" my="""" experience is="""" within all="""" complexes of="""" the="""" benicia="""" refinery.="""" extensive="""" background="""" in="""" many="""" areas="""" of="""" construction="""" have="""" given="""" me="""" the="""" knowledge="""" and="""" skill="""" to="""" effectively="""" function="""" as="""" the="""" safety="""" manager="""" for="""" the="""" plant.="""" recognized="""" strong="""" team="""" leadership="""" skills="""" and="""" relationships="""" with="""" contract="""" groups,="""" both="""" union/non-union="""" trades.="""" my="""" integrity,="""" reputation="""" and="""" credibility="""" as="""" a="""" leader="""" are what our="""" plant="""" needs="""" to="""" influence="""" safety="""" processes="""" and="""" programs="""" for="""" the="""" betterment="""" of="""" our="""" workforce.="""" i="""" am="""" a="""" proven="""" liaison="""" between="""" plant="""" work="""" groups.="""" results-oriented="""" manager="""" that="""" works="""" efficiently="""" and="""" effectively="""" to="""" complete="""" projects="""" safely,="""" on="""" time="""" and="""" within="""" budget.="""" analytical="""" nature="""" and="""" skills="""" of="""" predicting="""" and="""" vetting="""" construction="""" projects="""" benefits="""" the="""" safety="""" manager="""" position="""" i="""" am="""" applying="""" for.="""" self-starter="""" with="""" a="""" positive,="""" can-do="""" attitude="""" who="""" is="""" driven="""" to="""" learn,="""" improve="""" and="""" succeed="""" and="""" ""move="""" the="""">       Highlights          Safety Plans / Programs  Strong Interpersonal skills  Safety Standards / Procedures  Good Communication skills  Excellent written/verbal skills  Credible Leader, with the highest level of Integrity   Strong Team work, discipline, accountability, competitiveness, and pride  MS Proficient  Strong Leadership abilities  Excellent [...]","project manager  municipal infrastructure services
we are growing and looking for an enthusiastic detail oriented field tested manager to join our team of professionals in the infrastructure services group

about us
 family owned and operated
 our mission is to provide high quality industrial services to our valued customers these services will be provided by trained professionals committed to excellence safety and customer satisfaction
 our values constitute that we will never compromise safety or environmental stewardship for profit we will maintain total integrity with our customers employees and community we will perform with the highest standard of ethics and accountability we will strive to ensure the profitability of our customers and ourselves we will treat all of our customers and employees equally with dignity and respect

responsibilities
 provide direction and supervision to staff in the field
 confer regularly with current customers in person and by telephone to provide information about products or services or obtain details of concerns
 confers with operations manager on policy interpretation and implementation
 participate in routine meetings conference calls seminars and conferences
 ensure all work is performed in accordance with safety policies and regulations to promote a safe working environment
 account for hours and materials expended by crew members to minimize labor cost through dailyweeklymonthly tracking reports
 read and interpret utility maps  pri [...]"
45,Executive Assistant to President,"VOLUNTEER ACCOUNTANT       Summary    CPA candidate with 15+ years of strong financial accounting and audit experience and knowledge of Internal Control, Enterprise Risk Management and GL, PL, BS reconciliations, work papers, cost, cash control, AP and AR on different accounting software's. Participated in the coordination of financial planning and budget management functions Monitored and analyzed monthly operating results against budget Managed preparation of the official annual report of actual revenues, transfers, and expenses, financial outlooks and forecasts. Collaborated with department managers and corporate staff to develop business plans Created a guide of financial control and planning procedures Exceptional communication and interpersonal skills; adept in forming strong working relationships with diverse internal and external business partners Accounts receivable/payable, payroll, corporate expenses analysis, and taxes Proficiency in bookkeeping, reporting, journal entries, and account reconciliation Entrusted to process high responsibility tasks and to work independently Demonstrated professionalism when communicating with department managers, clients, and suppliers Interacted with a wide variety of personalities while developing business plans and preparing reports Supervised role mapping, workflows, and delegated tasks; oversaw work of coworkers which enhanced leadership, teamwork and team coordination abilities Strong quantitative technical and accounting skills Independently driven to accomplish immediate assigned goals and long term company objectives.       Highlights          Analytical reasoning  Financial statement analysis  Strength in regulatory reporting  Compliance testing knowledge  Understands foreign tax reporting  Budget forecasting expertise  Account reconciliation expert  PeopleSoft knowledge  Great Plains familiarity  Complex problem solving      Excellent managerial techniques  Strong organizational skills  SEC and call reporting pr [...]","do you have deep experience supporting a toplevel executive are you known for keeping your cool under pressure can you interact with the most senior levels of management if youre nodding your head then a senior executive support professional position in disney general entertainment at the walt disney company might be right for you

our senior executive support professionals are highlyrespected because their skills are quite simply essential youd be a key member of a dynamic fastpaced team that oversees the highest office of abc news we work with some of the most creative intelligent people in the business join us  apply today

working in the office of the president this position will be the lead executive assistant to the president of abc news you will very closely partner with the executive assistant  office of the president to share a schedule that covers the hours of  et

you would be responsible for managing the day to day schedule of the president of abc news it goes without saying that there will be expense reports travel planning hundreds of phone messages and endless calendar jockeying but this job is very much about people the relationship you form with the executives you support is absolutely critical because thats what enables you to become a true partner in addition to understanding your executives business  and business needs  inside and out youll also need deep knowledge of the leadership and workings of owned television disney general entertainment and related [...]"
46,Medicaid Fraud Intake Officer  (22000555),"ADVOCATE GENERAL           Professional Summary    Over eleven years experience in management in the Criminal Justice and Mental Health disciplines Developed innovative ""Delayed Sentencing"" and ""Aftercare"" programs for Oklahoma County and surrounding courts Over six years managing a surety company (Bail Bond and Recovery) Proven record of innovative and effective staff development Strong commitment, vision and leadership         Skill Highlights          Highly analytical thinking with demonstrated talent for identifying, scrutinizing, improving, and streamlining complex work processes  Computer-literate performer with extensive software proficiency covering wide variety of applications  Proven relationship-builder with unsurpassed interpersonal skills  Goal-driven leader who maintains a productive climate and confidently motivates, mobilizes, and coaches employees to meet high performance standards  Results-driven achiever with exemplary planning and organizational skills  Innovative problem-solver who can generate workable solutions and resolve complaints.  Additional Training  Therapeutic Options Training  CPR              Professional Experience      Advocate General    August 2014   to   Current     Company Name          Provides oversight for state operated and private facilities licensed or 	contracted with the Department of Mental Health Developed the Advocacy Conditional Release Monitoring Program with 	immediate success by locating and reporting consumers that are non-compliant 	with medication, court orders and state rules Carefully analyzing historical comments, ratings and input from consumers using 	the grievance process allowed us to highlight negative trends prior to becoming 	major problems, as a result the number of consumer grievances dropped almost 	50% since being appointed Advocate General Monitoring and reviewing critical incident reports from facilities resulted in a 	collaboration that prompted facility representatives to engage consumers an [...]","i am recommending this job opportunity because of its location in the attorney generals office it is a state government position and it could provide you will transferable skills and experience for your dream job 



job description  medicaid fraud intake officer 
 
primary locationunited states of americaohiofranklin countycolumbus
organizationattorney general
classified indicatorclassified
bargaining unit  exemptbargaining unit
schedulefulltime
work hours
compensationhr  hr
unposting datejun    pm
job functioncriminologycriminal justice

agency contact namemike doersam
agency contact information

medicaid fraud intake officer
 

job duties

this posittion is a repost individuals who applied to the original posting do not need to reapply in order to be considered
 
about us
the ohio attorney generals office has played a vital role in shaping ohios past and present and the work it does today helps chart the states future the office consists of nearly  distinct sections that advocate for consumers and victims of crime assist the criminal justice community provide legal counsel for state offices and agencies and enforce certain state laws in these and other capacities staff members interact with tens of thousands of ohioans each year
 
what youll do
the ohio attorney generals office is currently seeking a motivated individual for a medicaid fraud intake officer position in the health care fraud section the successful candidate will receive complaints of medicaid fraud patient a [...]"
47,Sylmar Certified Nursing Assistant CNA for Psychiatric lockdown...,"HEALTHCARE RECRUITER         Highlights        Microsoft Office Suite (Word, Excel PowerPoint, Outlook, Access); Google Documents; WinTeam.              Experience      Healthcare Recruiter  ,   08/2015   －   03/2016    Company Name   －   City  ,   State      Created announcements for open job positions; posted announcements online on company website and major job posting websites such as CareerBuilder, Monster, and Indeed to attract interested candidates.  Addressed questions from public, employees, and outside agencies regarding current employment opportunities and application status.  Interviewed prospective candidates to assess qualifications and capabilities; guided candidates through application process, scored written exams, and notified candidates of results.  Drafted employment contracts and prepared onboarding and orientation documentation for new hires.  Maintained up-to-date HR files by identifying and purging obsolete record sand transferring records to storage.          HR Administrator  ,   01/2014   －   01/2015              03/2010   －   07/2015    Company Name   －   City  ,   State            Administrative Assistant  ,   01/2010   －   01/2014      Assisted District Manager to administer personnel, workers' compensation, general liability, training, and recruitment programs.  Researched, planned, and implemented training programs to develop existing staff competencies and facilitate new hire orientation and onboarding.  Coordinated group interviews to help organization select qualified candidates for open positions; worked with staffing agencies to place temporary workers in administrative positions throughout company.  Helped applicants fill out paperwork, including tax forms, benefits forms, and associated new hire documentation.  Analyzed existing HR Department operations and provided recommendations to improve workflows, optimize candidate selection, and improve HR training schedules.  Promoted to perform diverse Human Resource Generalist functi [...]","job description

the hire mark is recruiting cnas for a psychiatric lockdown mental health facility in sylmar ca

this is a full or parttime role with pay up to  an hour

the following benefits are available for fulltime employees

kaiser or anthem medical insurance

humana dental or vision

allstate life disability benefits

apply today"
48,Commission Sales Associate,"SALES MANAGER         Highlights         MS Office proficiency  Microsoft Outlook  Lotus Notes     Team leadership  Exceptional time management  Goal-oriented            Accomplishments     Managed a successful sales team of 12 members who consistently exceeded sales goals an average of 20% each month.   Developed highly effective sales training strategies as Sales Manager of a 12-person team.   Coached a successful sales team that led the store in monthly sales per FTE over 50% of the year.     Mentored two Sales Manager In Training candidates through successful completion of the Manager Assessment Program (MAP).       Experience      Sales Manager     May 2011   to   Current      Company Name   －   City  ,   State     Lead through developing a commissioned sales team (10+ direct reports, 50+ indirect reports) to achieve sales, ensure efficiency and to be successful in our FY focus areas.  Develop skills and product knowledge of Sales Consultants through training, evaluation, and role play; develop talent into Management roles.  Attract, hire and on-board world-class Sales Professionals who are well prepared to provide exceptional customer service.  Analyze and track sales performance to assigned budget, conversion, compliance, and Sales Consultant staffing/hiring targets.  Responsible for day-to-day oversight with authority to resolve issues that may occur during the execution process.  Respond to potential customer service concerns.  Ensure customers receive the best customer experience and seek out opportunities for self-development.   Built customer confidence by actively listening to their concerns and giving appropriate feedback.  Offered direction and gave constructive feedback to motivate team members.  Held each team member accountable for achieving brand and performance goals.  Built and maintained effective relationships with peers and upper management.  Recruited, hired, developed and retained retail talent for the company.  Addressed customer inquiries [...]",we are looking for commission based sales reps for our company thank you
49,Marketing Specialist,"O        SITE LEAD/PROCESS ANALYST         Summary     I am seeking a position that challenges my current experience and grants the opportunity to make a measurable impact. Much of my experience is transferable, specifically in the areas of business strategic planning, process development, problem resolution, customer service, attention to detail. I also look forward to further developing my skills and talents within the contest of the organization. I am a strong planner and problem solver, who readily and easily adapts to change. I work well individually or within the context of a team, and consistently exceeds expectations. Able to manage multiple priorities and meet tight deadlines without compromising quality.       Skills           Leadership development training     Process development      Bank reconciliations     Office Management   Conflict resolution      Complex problem resolution        Strategic planning      Records Management  performance tracking   Business recovery and sustainability    Interpersonal Customer Service  Spreadsheets/Reports  All forms of communication including verbal, written and digital          Computer skills   Microsoft office Suite  workday program  kronos  Regloginc   Arrow and CPI  Fidelity   QuickBooks               Accomplishments       Multiple awards for performance.     Cut operating expenses by 45  % year over year by   created new workflow process that enhanced efficiency      Reduced office expenses by finding smarter solutions for vendors, suppliers and services.       Five years of training on leadership development and mentorship      Completed over 50 books on leadership, people skills and business management.       ​         Experience      site lead/process analyst   City  ,   State    Company Name  /   Sep 2013   to   Current         Developed organizational change management strategies.  Reduced organizational operating costs by  45 % by streamlining processes.          Conducted activity-based analysis of busi [...]","the marketing specialist will work help develop marketing campaigns and communications that create market differentiation drive brand affinity and reinforce customer value the successful candidate will be a curious proactive marketer with experience in developing compelling communications and digital marketing campaigns working collaboratively with marketing product and sales teams

essential duties and responsibilities
 develop and execute datadriven marketing campaigns to drive brand awareness and achieve revenue goals
 help develop the overarching marketing communications strategy and tactics to optimize tax  accounting north americas digital channels
 develop marketing content including copy graphics blogs social posts email communications etc
 measure and analyze tax  accounting north america marketing initiatives promotions and campaign results optimizing and adjusting tactics as needed to achieve goals
 supports development of brand positioning and messaging that resonate with our target buyer personas and current market trends
 aligns and adjusts marketing plans by consistently looking for best practices and seeking market data on key trends
 maintains a library of brand assets and website pages with excellence

other duties
 performs other duties as assigned by supervisor

job qualifications

education bachelors degree or equivalent related experience

required experience
 minimum  years of experience in product marketing in the technology industry
 market launch exp [...]"
50,Vice President for Inclusive Excellence,"CONSULTANT       Summary     A dynamic public relations professional with 15 years of experience in developing integrated communications and media relations programs that drive executive eminence, thought leadership and brand awareness.       Highlights          Strong background in integrated, multi-channel communications.   Focus on building thought leadership programs that lead to executive and brand eminence.   Background in developing social content and strategies that lead to stakeholder engagement.       Superior media relations skills and a track record of generating positive coverage for clients.    Experience in providing counsel to senior executives.    Excellent writing skills; author of ghost articles, executive speeches, bylines, blogs, video scripts.    Ability to work across teams and geographies.             Technical Skills and Qualifications    Executive Positioning & Communications, Media Relations, Thought Leadership and Content Development, Executive Platform Development, Ghostwriting, Social Strategy, Speakers' Bureau.      Experience      Consultant   02/2016   to   Current     Company Name   City  ,   State       Provide counsel on content strategy, product positioning and messaging, d evelop thought leadership content, co  nduct media and message training.             Senior Vice President   10/2015   to   01/2016     Company Name   City  ,   State       Managed a team of 10 people, was responsible for evaluating, managing and optimizing team performance to drive top-quality client service.          Group Vice President   05/2013   to   10/2015     Company Name   City  ,   State       Led executive eminence and influencer/media relations programs for Deloitte Tax and Audit CEOs, Deloitte LLP Chairman and the Leader of Deloitte Growth Enterprise Services.   Developed strategic thought leadership campaigns that reinforced executives' platforms and business goals.  Developed a brand communications campaign for Deloitte Consulting and led media [...]","department

academic affairs administration  office of the provost

the vice president for inclusive excellence vpie will serve as the universitys executivelevel strategist responsible for guiding practices and creating opportunities to define assess and promote inclusive excellence access and cultural proficiency for students faculty and staff the vpie will oversee develop and lead diversity inclusion equity and belonging strategy for the university the university defines diversity broadly and values multiple dimensions of diversity including across demographic religious country of origin perspective backgrounds we strive to create an institution where all individuals can fully participate and feel valued the vpie will provide executive leadership oversight and vision in the administration of a range of services programs policies and procedures to advance the institutions commitment to diversity and inclusion

reporting to executive vice president and provost provost melissa gilliam the vice president for inclusive excellence will be a member of the provosts senior leadership team oversee the office of institutional equity the office of diversity and inclusion and the kirwan institute as a core member of the provosts leadership team the vpie will regularly engage with university leadership on a wide range of issues in addition the vpie will serve in several other highly visible critical leadership roles across campus they will be a key partner in stewarding the universitys s [...]"
51,Real Estate Paralegal or Executive Assistant,"MANAGER OF FINANCE         Professional Summary    Highly motivated individual with demonstrated proficiency in listening to clients needs, and formulating the tactical plan to achieve the best results for all parties involved. Constantly explores new and challenging opportunities to further elevate client loyalty and boost revenues.  Known for honesty, integrity and a genuine passion for setting and achieving goals for self, while helping others attain theirs. Superior interpersonal dynamics interface seamlessly with others from all levels, backgrounds and cultures. Respected for maintaining a professional and positive demeanor. Career Achievements Quickly recognized financial instability within the company. Immediately identified the cause and formulated a plan that successfully resulted in the avoidance of bankruptcy which showed the stability needed to acquire an additional million dollars from investors. Finance and Operations Director for a multi million dollar premium finance company as well as agent within the parent company, simultaneously. Developed professional partnerships through interpersonal skills, integrity and honesty. Successfully obtained licenses through the state of North Carolina allowing me to become an Insurance agent for Property and Casualty for home and auto. Developed and streamlined a system of ""checks and balances"" to ensure proper resolution of financial situations, resulting in a 95% return of premium after cancellation. Trained 27 agents on standard operations and ethical practices to ensure professional service that proved successful in the overall growth and financial stability of the company. Qualification Highlights Intermediate level profiency with Microsoft Office, Advanced with FinanceMaster and Jenesis software, both Financial and Client support databases. Outstanding ability to multi-task while working two separate software programs, provide technical support for both programs and maintain a website with ease, still providi [...]","job description

work with the attorneys of a collegial growing law firm direct client relations the firms areas of practice include sophisticated real estate development transactional sales and purchases nonprofit organizations commercial transactions community economic development and housing

high quality work with interesting clients in a supportive environment the successful candidate will have experience with residential andor commercial real estate title matters and mortgage lending and possess excellent communication skills and the ability to work and think independently and in a team careful attention to details and excellent computer and organizational skills are vital being a notary public in ny is a plus good knowledge of excel outlook and practice panther is also a plus willing to train the right individual

please respond with a cover letter and resume candidates may be
asked to submit a writing sample that is their own work and that
shows their analytic ability"
52,HR Generalist,"HR GENERALIST           Experience     04/2015   to   Current       Provide general administrative support such as preparing correspondence, forms,
          and reports
          Scheduling and coordinating staff meetings, maintaining meeting minutes and
          notes
          Generate confidential ad hoc statistical reporting data and documentation
          regarding turnover, new hires, birthdays, anniversaries, benefits, and other
          relevant HR metrics
          Collect onboarding documentation to ensure benefit enrollment in a timely
          manner and follow up with employees to ensure their electronic enrollment has
          been processed in the HRIS portal
          Source documentation to process new hire setups in HR systems, process
          changes in pay rate, status, and initial/qualifying life event benefit changes
          Establish, maintain and audit employee data and files
          Manually process background checks entries, employment verifications, and
          other full-cycle HR related items for onboarding and departures
          Assist with maintenance updates to the organizational chart
          Facilitate and assist in new hire orientation presentations
          Maintain highest level of confidentiality and data security to protect employee
          privacy related to employee relations issues, organizational changes, planning
          with a strict adherence to privacy and confidentiality per company policy
          Respond to various inquiries from internal and external stakeholders, employees,
          management, and senior leadership team
          Participate on several committees to enhance employee engagement, manager
          training, and creating strategic HR initiatives.         09/2012   to   06/2014     HR Generalist    Company Name   －   City  ,   State           08/2008   to   04/2015     HR Staffing Coordinator    Company Name   －   City  ,   State      Processed background checks and drug scree [...]","scale is growing and so is our people team were looking for a people operationshr generalist who is passionate about building thoughtful streamlined employee lifecycle processes that support the employee experience you will be responsible for partnering crossfunctionally to drive and manage process and system improvements that will improve the employee experience increase the efficiency of the hr team keep us compliant and improve the quality of our data you will play a critical role in creating a highly employee  centric team as scale continues to grow exponentially
you will
 act as the first point of contact for scaliens with people operation questions
 oversee and facilitate new hire orientation and onboarding activities while partnering with teams to ensure every scalien receives a great onboarding experience
 administer benefits programs for us and other territorybased employees to ensure appropriate enrollment and data accuracy
 process and manage hr documentation including onboarding documents employee agreements employment verifications etc
 manage relationship with the external immigration firm and partner with recruiting team and hiring managers to gather necessary information to ensure all immigration cases are filed and processed accurately and timely
 evolve our hr processes and policies understand organizational needs and create  drive improvements in processes policies and workflows that are compliant with localstatefederal statutes and are efficient scalable a [...]"
53,Fitness Coach,"GROUP FITNESS INSTRUCTOR           Summary    Experienced, passionate and highly motivated fitness professional focused on creating dynamic and positive
experiences for fitness members. Well organized and reliable with excellent leadership and teamwork skills.      Highlights                    Experience      Group Fitness Instructor    July 2007   to   Current     Company Name   －   City  ,   State      Teach fitness classes ensuring safe, effective and fun workouts for all levels.  Provide challenging options and modifications as needed.  Observe and model good body mechanics.  Communicate regularly with members to enhance knowledge of exercises, body alignment and exercise safety.  Motivate members to be consistent, work toward achieving their goals, be fit and be happy.  Accomplishment: Recipient of Group Fitness Instructor of the Year Award (2010) Recipient of CanDo Stars Award.          Group Fitness Instructor    November 2005   to   May 2007     Company Name   －   City  ,   State            Fitness Instructor    March 2005   to   September 2006     Company Name   －   City  ,   State      Led fitness classes for mom's and babies in strollers.  Used body weight, resistance equipment (ie,resistance.  tubing) and general surroundings to provide effective, safe and fun workouts for class participants.  Observed and.  modeled good body mechanics.  Acted as role model and motivated participants to be fit and active moms.          Group Fitness Instructor    August 2003   to   November 2005     Company Name   －   City  ,   State            Pharmaceutical Sales Representative    June 1999   to   February 2004     Company Name   －   City  ,   State      Managed NY territory, marketing and selling a portfolio of arthritis, asthma and osteoporosis products to doctors, surgeons and pharmacists.  Coordinated and conducted routine business/territory analysis to identify business opportunities and competitive threats.  Served as District Champion for Singulair, providing s [...]","orangetheory fitness seven corners

honors holdings llc is a leading franchisee and operator of orangetheory fitness studios with over  locations in georgia tennessee south carolina washington oregon nevada pennsylvania kansas virginia dc new york massachusetts and rhode island orangetheory fitness is a scientifically designed oneofakind group personal training interval fitness concept led by highly skilled coaches each orangetheory fitness workout incorporate endurance strength and power elements through a variety of equipment including treadmills rowing machines trx suspension training and free weights

as an otf fitness coach you will be responsible for delivering scientifically predesigned workouts for up to  members per session this position requires a strong ability to coach and manage time motivating multiple clients in a group setting and produce a highenergy and positive experience for our members an otf coach must focus on a wellrounded theory of fitness including endurance strength and power using the tools given to optimize the members experience and results

essential duties  responsibilities
 the otf fitness coach will lead up to  participants through otf specific group training sessions
 responsible for executing positive high energy otf training sessions
 responsible for organization and cleanliness of the training floor as well as other area of the studio when needed
 responsible for marketing otf training services inside and outside the otf studio examples a [...]"
54,Web Developer,"HR SPECIALIST (INFORMATION SYSTEMS)           Experience     02/2013   -   12/2014     Company Name   －   City  ,   State    HR Specialist (Information Systems)        Permanent/FT Supervisor: Iris Murray (910-432-2392)  Served as Fort Bragg Installation Civilian Personnel Information Systems Manager with full responsibility for establishing and implementing automated personnel policy, providing advisory services, and resolving HR automation user issues. This included system access control, HR automation training administration and instruction, HR automation system software functionality and interface issues, hardware troubleshooting, installation and maintenance, and regulatory and procedural guidance, etc. Systems included: FASCLASS, AutoNoa, USA Staffing, Business Objects Applications (SAP Software), CPOL, DCPDS, CSU, eOPF, ASARS, etc.  Designed, constructed, tested, deployed, and maintained organizational SharePoint infrastructure. Designed customized web-based management tools to improve organizational efficiency, communication, and archiving capabilities.  Served as the Webmaster for the Fort Bragg Civilian Personnel Advisory Center (CPAC) internet and intranet products with responsibility for ensuring release compliance, proper website structure and architecture, ease of use, and esthetic appeal.  Wrote detailed technical plans to maintain organizational functionality in the occurrence of service interruptions due to software incompatibility issues resulting from Network Enterprise Center compliance demands and newly implemented network configurations. Managed storage capabilities and built a detailed archival system to maintain organization's historic documents.  Analyzed organizational automation training needs and constructed detailed training plans. Coordinated training registrations for internal and external customer base. Constructed customized slides and literature to meet training needs. Delivered short-term and extended training sessions on HR automa [...]","snapshot is looking for a back end developer to join our organization and make an immediate impact and help us ensure we meet our core purpose with every project  we live to overdeliver inspirational solutions you may be the right person for us if you

are upbeat  meaning that you come to snapshot with a positive attitude and desire to improve  each week

own your work  from your first day you are the type of individual that takes ownership of your projects and goes above and beyond for all our clients

enjoy a challenge our deliverables and service standards are always changing and new projects kick off daily you stay ahead of the curve and enjoy learning more about the industry to help educate our clients and stay in the know

about us

snapshot is a fullservice digital agency bridging the gap between highquality video production awardwinning website design and creative online marketing strategies we help our clients big and small showcase their companies and products to the world in a fresh engaging way

we have a heavy consistent project load and we need someone ready to hit the ground running if youre looking for a company that will stretch your creative abilities and teaches you the entrepreneurial spirit you belong here our team is selfmotivated disciplined and all work effectively as part of a team

compensation benefits

 salaried position with pay depending upon experience

 health insurance coverage

 life insurance policy

 shortterm  longterm disability insurance [...]"
55,"Senior Accountant, Banking (Lakewood)","FINANCE ACCOUNTANT       Summary    Staff Accountant proficient flexible who adapts seamlessly to constantly evolving accounting
processes and technology.  Adept at budget forecasting, financial reporting and successful at
managing multiple projects. Consistently meeting deadlines under pressure. Extensive knowledge of
Accounting  Software and processes.      Highlights          Accounting operations professional      Compliance testing knowledge  Managerial aptitude    Account reconciliation expert  Ethical approach to finance    Accounts receivable  General ledger accounting skills    Accounts payable  Financial statement analysis    Invoice coding familiarity  Analytical reasoning  Intuit Quick Books specialist  Payroll  Budget forecasting expertise              Accomplishments      Formally recognized for excellence achieved in financial analysis, budgeting and
forecasting.  Operated computers programmed with accounting software to record, store, and analyze information.   General Ledger Accounts
Maintained accurate accounts including cash, inventory, prepaid, fixed assets, accounts
payable, accrued expenses and line of credit transactions.  Extensive experience with Financial Statements audits, reviews, compilations and audits for Governmental organizations.  Researched and resolved billing problems that had been previously missed.  Increased compliance for the cash management department by aiding in internal and external audits.        Experience      Finance Accountant   05/2012       Company Name   City  ,   State       Monitored new trends and technologies as they applied to audit areas for 23 funds.  Worked on collaborated extensively with auditors during preliminary and year-end audit processes for 23 funds.  Managed accounting operations for a total of 28 funds, accounting close, account reporting and reconciliations.  Received 86 statements, to record, and cash, checks, and over 16,985 vouchers as well as reconciled records of bank transactions.  Perfor [...]","requirements for senior accountant
 minimum of five  years related experience in banking
 bachelors degree in accounting finance business or related field
 specialized bank financeaccounting educationtraining
 thorough knowledge of general ledger reconciliations and accounts payable
 thorough knowledge of gaap and financial reporting requirements
 proficient in
 english reading writing grammar and mathematics
 interpersonal relations and communication skills
 organizational and processproject management skills
 pc skills including microsoft office
 accounting skills

we offer the following excellent benefits to our fulltime employees
 medical insurance
 dental insurance
 vision insurance
 life insurance employer paid
 ltd insurance employer paid
 paid federal bank holidays
 flexible spending account
 health savings account employer contributed
 k matching
 pto paid time off
 lifemart employee discount program

your responsibilities will include
 perform various duties to support the banks accounting financial reporting and control functions
 coordinate work within all departments and respond to inquiries for information
 comply with operating policies and procedures established for the accounting function
 maintain appropriate records and provide assigned reports
 perform various duties to support the banks accounting financial reporting and control functions
 prepare monthly financial statements reports and records by collecting analyzing and summarizing account information [...]"
56,Broadcast Media Sales,"BUSINESS DEVELOPMENT MANAGER       Summary     Extensive and diverse sales, business development, and management background. Creative professional with records of increasing revenue and department effectiveness. Proficient in prioritizing and completing tasks in a timely manner, yet flexible to multi-task when necessary. Customer focused with diverse industry experience including security, computer, sales, management, psychology, non-profit, and retail. Enjoys learning new programs and processes. Team player who is attentive to detail and able to work in fast paced environments. Excellent oral and written communication skills.        Highlights          Trained in business development  Accomplished in relationship selling  Friendly and cheerful  MS Office proficiency  Team leadership      Proven sales track record  Goal-oriented  Detail-oriented  Exceptional time management  Analytical problem solver  Sales management            Experience      Business Development Manager   07/2015   to   Current     Company Name   City  ,   State       Generate new business from cold calling efforts  Manage advertisement budget  Maintain key performance measures  Identify, coordinate and participate in client relationship-building activities and meetings.  Assist sales managers with new and pre-owned sales through writing, negotiating, and closing sales  Develop and manage CRM tool  Design social media content and company webpage  Conduct discovery and needs analysis with each potential client  Participate and make recommendation in screening/hiring and development of associates          Sponsorship & Exhibition Account Executive   07/2015   to   Current     Company Name   City  ,   State       Research and develop a list of potential sponsors for each MMA event  Develop and maintain relationships with existing and potential sponsorship clients  Keep precise records of conversations with all clients and sponsors  Invoice sponsors once agreements have been reached  Coordinate vario [...]","salem surround columbus is looking for a digitalsavvy highly motivated sales professional to join our advertising team this person will sell multimedia marketing solutions including digital broadcast and events sales to local smalltomediumsized businesses smbs

we simplify the marketing process for our customers while helping them understand their advertising options all while using bestinclass tools in short we help our customers grow their business

if this sounds intriguing then wed love to hear from you and tell you more

responsibilities
 prospect for qualified local and regional businesses present and close appropriate marketing solution programs
 deliver compelling advertising presentations and strategic plan that address client objectives
 responsible to accurately project revenues meet and exceed monthly budgets for all product lines and overachieve annual budgets
 follow accountabilities set forth by your sales manager to help guide you to success achieving monthly sales quotas consistently

qualifications
 the successful candidate will be smart curious tenacious entrepreneurial independent passionate and enthusiastic enjoy the thrill of the hunt by bringing in new business
 track record of exceeding sales goals
 proficiency in prospecting and effective listening skills
 a college degree is a plus with  years of sales experience preferred
 great problem solving and analytical abilities and strong business acumen
 strong understanding of the local market marketing co [...]"
57,Marketing Analytics Manager,"SENIOR DIRECTOR, INFORMATION TECHNOLOGY       Executive Profile     A distinguish Director of Information technology with expertise in diverse range of industries within multiple industries settings globally. Demonstrated success in Network design and management, Enterprise Resource Planning implementation and management, Cloud Technologies and Internet Technologies. Well Organized, results oriented individual with proven ability to implement standards, processes and procedures the improve business functionality. Solid management skills, capable of building, leading and motivating individuals to maximize productivity while forming cohesive team environments. Exceptional communicator focused on building strong client relationships.       Skill Highlights          Small business development  Project management  Leadership/communication skills  Business operations organization  Client account management  Negotiations expert  Budgeting expertise  Employee relations  Self-motivated   Collaborative    Decisive        Enterprise platforms  Forecasting specialist  Knowledge of Product Lifecycle Management (PLM)  Hardware and software upgrade planning  Product requirements documentation  Self-directed  Scrum methodology  Performance criteria tracking            Core Accomplishments      Saved more than $ 10 million amortized over 3 years by using cloud technologies instead of buying new infrastructure hardware to upgrade infrastructure for Weston Educational Group.      ​       Directed the implementation of a new Student Information System and Customer Relations Management system for 2 colleges. Both projects were completed on-time and under budget.                 Increased core system availability to  99.999 % by developing standards and architectural governance and implementing best practices.                     Led a successful implementation and integration of an acquired college into the Weston Educational Group. Project was completed a month ahead of schedule and un [...]","job description

this is an incredible opportunity to join a new team and practice within the larger corporate marketing team in an entrepreneurial startup environment with the resources of a year established brand in digital business transformation

our data  insights team brings data insights data science marketing technology operations lead management and prospect management into one to support our global marketing team we are a diverse global team which leads the dissemination of insights data and performance reporting to the rest of the organization

this role requires someone who is eager to search for uncover and present insights to our marketing team and executives that will shape the direction of the business and our revenue growth to enable this this individual brings together with ease technology analytics and clear communication of insights this individual brings together data across channels teams and tools to weave together a meaningful story of what resonates with our clients and why we should do more of what works

this individual will take on a large amount of responsibility early on and work independently to bring insights and thought leadership to the forefront in the form of
 preparing weekly monthly and quarterly impact reports which provide campaignlevel views and insights across channels into what is working and why this will include analysis of web activity lead and prospect activity content engagement movement of leads and opportunities with respect t [...]"
58,Software Developer,"SENIOR DIRECTOR, INFORMATION TECHNOLOGY       Executive Profile     A distinguish Director of Information technology with expertise in diverse range of industries within multiple industries settings globally. Demonstrated success in Network design and management, Enterprise Resource Planning implementation and management, Cloud Technologies and Internet Technologies. Well Organized, results oriented individual with proven ability to implement standards, processes and procedures the improve business functionality. Solid management skills, capable of building, leading and motivating individuals to maximize productivity while forming cohesive team environments. Exceptional communicator focused on building strong client relationships.       Skill Highlights          Small business development  Project management  Leadership/communication skills  Business operations organization  Client account management  Negotiations expert  Budgeting expertise  Employee relations  Self-motivated   Collaborative    Decisive        Enterprise platforms  Forecasting specialist  Knowledge of Product Lifecycle Management (PLM)  Hardware and software upgrade planning  Product requirements documentation  Self-directed  Scrum methodology  Performance criteria tracking            Core Accomplishments      Saved more than $ 10 million amortized over 3 years by using cloud technologies instead of buying new infrastructure hardware to upgrade infrastructure for Weston Educational Group.      ​       Directed the implementation of a new Student Information System and Customer Relations Management system for 2 colleges. Both projects were completed on-time and under budget.                 Increased core system availability to  99.999 % by developing standards and architectural governance and implementing best practices.                     Led a successful implementation and integration of an acquired college into the Weston Educational Group. Project was completed a month ahead of schedule and un [...]","at remoteteamcom we are building an hr tool for companies that have remote employees

we are looking backend and frontend developers to join our team

your main function
 designing building and maintaining rails and react applications
 our tech stack is heavily written in ruby and react
 you will work intensively directlyindirectly with multiple teams product engineering design legal data and business

what we are looking for
 ability to work with a mix of modern frameworks  technologies like reactjs or vuejs
 familiar with version control systems git
 well versed in testdriven development tdd

our values
 be a remote worker
 focus on selftaught
 be humble and choose relationships over hierarchy
 put customer needs before our wants
 having a service mindset
 instead of fullstack believe in great fewstacks but with great understanding around backend and frontend
 teaching to think very differently to improve in every aspect of the development
 a great learning experience that you will challenge every part of yourself

about you
 you are motivated to learn on your own and interested in the community selfmotivated and selftaught
 a huge plus would be giving talks and blogging or open source engagement

we offer
 competitive salary
 empowering team culture and respect
 teamoriented workflows
 experienced lead developers
 open source  work time
 zero to hero   engineering methods

please check our stacks at"
59,Inventory Clerk,"TEACHER           Summary     Highly enthusiastic ,motivated, responsible, caring, dedicated and committed High School Math Educator who has earned trust and respect from students, colleagues and administration for almost 19 years.        Core Qualifications           MA Education       Effectively work with parents        Knowledgeable in  Microsoft Word, Power point Presentation,  Different Software like Derive, Google Docs,  Dropbox, Excel  Experience working special needs students      Motivating students  Interactive teaching/learning  Innovative lesson planning  Learning style assessment  Differentiated instruction            Achievements     Teacher of the Month in January 2011  Nominated Teacher of the Year in June 2011 at MCTM  Teacher of the Month in May 2014  Qualified to apply for Teacher of the Year in Spring 2014.    Enriched with the different teaching strategies and techniques    Gained the trust and respect of the students, parents, colleagues and administrators    Appointed H3 team leader in the Math department     Assigned as moderator of Math Mentors Club    N  ominated as one of the top 3  Most Outstanding High School Teacher for Junior Category in SY 2002 -2003    Elected FACAMPA Treasurer in the High School unit    Nominated again as one of the Most Outstanding High School Teacher for Junior Category this SY 2004 -2005    Used to write for Vita Matematica, a Math Magazine published every quarter for all year levels.     Rated Proficient Teacher since 2003    Had the highest percentage rate in the High School Assessment in May 2013 and May 2014    Had 100% percent rate passing in HSA in 2010        Professional Experience      Company Name     January 2009   to   Current     Teacher   City  ,   State       Subject/s Taught: Data Analysis for Regular and Honors, Algebra 1 for Regular and Honors, Intensified Algebra 1 for Regular and Honors, Geometry for Regular and Honors , Algebra 2 Honors, Bridge and Mastery Class in Data Analysis.  Grade Leve [...]","overview

superior airground ambulance service inc was started in  with one ambulance and today is the largest independent locally owned and operated emergency medical services provider in the midwest superior employs more than  licensed emt paramedics and nurses operating a fleet of more than  ambulances throughout illinois indiana ohio michigan and wisconsin superior also provides critical care helicopter and fixed wing emergency medical transportation

responsibilities

major duties and responsibilities
 maintains accurate stock levels while receiving stocking storing transacting counting and delivering of supplies
 works with station managers to maintain the proper stock at all stations
 responsible for maintaining all medical equipment
 label package identify and count received items as necessary
 accurately complete organize and file all necessary documentation
 maintain appropriate levels of supplies at all locationsstations in mi
 assist with developing a system to account for physical inventory and usage at all locations and work with sr supply chain manager and station managers to create a system to manage inventory and ensure adequate supplies use of preferred vendors and standard shipping whenever possible
 communicate with coworkers on shipping order status and supply issues
 perform accurate physical inventory counts as per established schedule
 maintain accurate equipment maintenance and repair history for all medical equipment
 assist with hazmat compliance
 e [...]"
60,Digital Marketing Internship at EdTech Start-up,"DIGITAL MARKETING MANAGER       Career Focus    Digital Marketing Manager Accomplished professional in digital marketing, digital project management, content management and migration, SEO, social media and web analytics. Identify, manage and implement web based solutions for a variety of online initiatives including multi-national/multi-lingual website development. Act as the technical lead in digital marketing decisions with the keen ability to keep projects moving forward in the face of obstacles. Effective vetting of technical specifications, industry research, vendor selection and management of internal and external resources. A strong ability to build rapport with peers and influence others along with building relationships with key decision makers. Manage offshore teams and responsible for re-engineering processes and implementing agile development methodologies. Core Strengths Web Marketing Strategy Development Web Analytics and Analysis Vendor & Contractor Management Project Management Team Building and Education E-Mail Marketing Business Needs Analysis Technical Proficiency Competitive Analysis Search Engine Optimization (SEO) External Agency Management Performance Management Search Engine Marketing (SEM) Cross-Functional Team Collaboration Resource Allocation Social Media Web Marketing Best Practices Content Management System Analysis       Summary of Skills          Web Graphic Design, Web User Interface Design, Multimedia Content Development, Coordination, Project Management, Web Savvy, Layout Skills and Internet Presence  SEO Optimization, SEM, Social Media, Analytics, Link Building Strategy, Keyword Research  MS Office, Adobe Photoshop, Dreamweaver, Illustrator, Flash and Acrobat  Google Analytics, Siteimprove, WebTrends, Websidestory, Netsight  HTML, XML, CSS and extensive experience with several CMS systems.  Knowledge of JavaScript, Jquery, PHP and Ajax.  MS Project and Visio (basic)   Global marketing      Media relations              Professional [...]","this internship is an opportunity to
 grow your knowledge of digital marketing
 work with the closeknit team of the goodreads for kids
 gain experience in a startup environment
 increase childrens enthusiasm about reading

at biblionasium our mission and passion is to encourage excite and engage kids to read founded in  this multiple awardwinning education technology company has over a million registered students and over a hundred thousand educators we are known as the goodreads for kids where students share book ratings reviews and recommendations with their friends and members of their school community in addition we provide a host of tools for educators to monitor measure and manage student independent reading to learn more about us please visit our website

to keep in contact with our user base and to grow our network of educators and parents biblionasium is looking for a social media marketing intern who will manage part of our communication channels and our social media presence this is a great opportunity for college students who are working toward a future career in the social media marketing andor publishing fields to gain handson experience

we are looking for business marketing or communications students who also have an interest in education literacy andor the childrens publishing industry any previous experience with digital marketing or social media or completed relevant coursework will be considered a plus
this is a remote position and you can work on your own [...]"
61,Banking Center Supervisor,"PASTRY CHEF /SERVER           Summary     My main goal is to ensure that procedures are followed for seating and serving guests.  Make sure that all staff act in a way that promotes guest satisfaction and handle any issues or complaints.  It will be my pleasure to design and implement training for servers, bussers, hosts, baristas, and bartenders:L this training will involve raining on menu items, as well as ""shadowing"" other servers to learn the restaurant's procedures and standards.  additionally, I will work side by side with the kitchen manage rand team to assist with the restaurant's cost controls by helping develop systems to manage product waste, labor costs, and breakage.  Also I will oversee the facility upkeep, ensuring that the front of house areas are clean and meet restaurant standards while arranging that repairs are made in a timely manner and I will facilities maintenances needed.       Highlights          Strong organizational skills  Active listening skills  Seasoned in conflict resolution  Sharp problem solver  Energetic work attitude  Inventory control familiarity      Courteous demeanor  Top sales performer  Customer service expert  Adaptive team player  Opening/closing procedures            Accomplishments      Customer Service     Researched, calmed and rapidly resolved client conflicts to prevent loss of key accounts.     Customer Assistance     Worked with company systems such as Live Support and diligently completed all assigned tasks, working overtime as needed.     Computed Data Reports     Provided required weekly, monthly and quarterly reports listing sales figures and client track records.         Experience      Pastry Chef /Server    May 2014   to   September 2015     Company Name   -   City  ,   State     Effectively managed and assisted kitchen staff in producing food for banquets, catered events and member dining areas.Consistently produced exceptional menu items that regularly garnered diners' praise.         Line Cook    March 2 [...]","how would you like to join a successful and growing multibillion dollar bank with branches in new jersey and eastern pennsylvania provident bank is looking for a talented banking center supervisor to work in our clifton new jersey branch to promote our commitment to providing exceptional customer service

qualified candidate must possess excellent sales customer service and people skills prior retail experience preferred

with your commitment in the banking center supervisor role provident bank can help you advance in your career and climb the ladder of success

position summary

the banking center supervisor provides exceptional customer sales and service while attending to customers needs the bcs creates and fosters a cohesive team and promotes a positive work environment while overseeing the bank associates who perform both routine financial transactions andor customer service functions the bcs may cover multiple branches within the region they will assist tellers with more complex tasks and schedules the work flow and demonstrate sound judgment and accountability with operational standards they will provide leadership conflict resolution process improvement and communication to the bank associates responsible for performing audit functions participates in daily branch opening and closing procedures and required to perform operational tasks coaching and performance management in the absence of the banking center manager the bcs will be responsible for the overall branch ma [...]"
62,"Executive Administrative Assistant, Brokerage","CONSULTANT         Education and Training      Master of Health Administration     2015     University of Missouri   －   City  ,   State            Master of Science  ,   Health Informatics and Bioinformatics   2015     University of Missouri   －   City  ,   State     Health Informatics and Bioinformatics       Bachelor of Science  ,   Business Administration - Marketing   2011     University of Missouri   －   City  ,   State     Business Administration - Marketing       Skills          Healthcare Analytics (4 years), Physician Engagement (2 years), Project Management (4 years), Consulting  2 years), Sales (5 years), Marketing Strategy (4 years), Tableau (2 years), Excel (5 years), Excel (5 years),  Public Speaking (5 years), Machine Learning (2 years), Financial Analysis (5 years), Databases (1 year),  SQL (1 year), Business Development (3 years), Business Intelligence (2 years), User Experience Design (2  years)              Experience      Consultant     Jun 2015   to   Current      Company Name   －   City  ,   State     Inception, design, sales, and implementation of consulting services in over 15 hospitals across the US.  Produce and execute work plans to achieve clinical, operational, and financial improvement initiatives.  Develop rapport with hospital executives, hospital staff, and physicians to foster hi-performance teams.  Analyze financial, patient experience, throughput, and quality data to develop clear strategic actions plans.  Presents clearly and concisely to physicians and executives to persuade and drive change.  Train new analyst and consultants in analytic tools such as MySQL, Excel, Tableau, and Weka.  Assist in the development, design, and sales of propitiatory mobile applications used for physician compliance
and contracting.  The application is currently available on both iOS and Android.  Author white papers and web content which are used for client marketing and client education.         Health Plan Financial Analyst     May 2014   to   Ma [...]","job title
executive administrative assistant brokerage

job description summary
cushman  wakefields new york midtown branch is seeking an executive administrative assistant to support a group of our most successful brokers in handling all administrative tasks required to facilitate the transaction of cws real estate business as well as play a significant role in increasing broker productivity

job description
 meet or exceed broker administrative and marketing support expectations
 identify and meet needs of internal and external clients
 ability to take direction research projects and work independently
 create emails letters and notes on behalf of brokers
 coordinate and update broker calendars and itineraries keep broker on time for appointments ensure meeting materials are prepared transportation and travel arrangements reservations etc
 update broker contacts especially current telephone numbers and email addresses
 organize and input broker expenses and charitable contributions track payments and allowances
 produce errorfree correspondence and presentation materials
 update and enter deals in engage
 create invoices  proposals

minimum qualifications
  years of eaa experience real estate background preferred
 bachelors degree desirable
 required skills
 excellent oral and written communication skills
 advanced people skills
 adobe creative suite and microsoft power user skills
 organized
 takes initiative
 team player
 early workday start with a flexible schedule
 mult [...]"
63,"Director, Audience Marketing","MOVER       Summary    Extremely motivated and dependable Laborer with years of extensive experience in general maintenance and construction tasks ranging from demolitions to site clearing and debris removal. Proven physical stamina with a demonstrated ability to work without supervision. A fun and friendly individual who enjoy working collaboratively.      Experience     01/2016   -   Current     Company Name   －   City  ,   State    Mover        Warehouse/ Mover.  Packing material, equipment, furniture from warehouse to businesses or residential areas throughout Maryland and D.C.  Loading and unloading moving trucks, vans or automobiles with hands and pallet jacks.  Installed protective bracing, padding and strapping to prevent shifting and damage to items and furniture during transport.  Maneuvered trucks into loading positions, following signals from loading crew and checking that vehicle and loading equipment are properly positioned.  Performed routine maintenance on vehicles and auxiliary equipment, such as cleaning, lubricating, recharge batteries, fueling, or replacing liquefied gas tank.  Moved materials to construction zones and trucks using cards, hand trucks, and forklifts; installed protective devices to prevent shifting or damage to transported items.  Performed pre trip for all trucks before leaving the yard daily, check tire pressure and gauages.            Selected, loaded, moved, and unloaded food supplies at the dock, and adhered to OSHA standards to increase efficiencies and minimize reworks or losses during the process.  Loaded the forklift properly to perform daily job duties, placed materials in appropriated storage locations, and maintained accurate records of materials during transfers.  Kept abreast of quantity counts for various products and replenished supplies as required.  Picked and filled job orders for different stores, and placed products on the pallets.  Lifted from 80 to 100 pounds at a fast pace, and completed the work timing cyc [...]","govcio is a team of transformerspeople who are passionate about transforming government it we believe in making a difference by developing digital strategies and delivering the technologyrelated innovation that improves governmental operations each day

but we cant do it alone we welcome and nurture an inclusive and diversified work culture because different backgrounds experiences abilities and perspectives make us better decisionmakers problem solvers and creators were changing the face of it  from our diverse staff to the endproducts we develop and were excited to expand our team are you ready to be a transformer

this is a fully remote position

overview

govcio media  research is seeking an experienced director audience marketing applicants must have proven email marketing and lead generation skills and proficiency in marketo and google ads

as the audience marketing director you are proactive solutionsoriented and datadriven youre best suited for this position if you enjoy working in a fastpaced and collaborative environment with an interest in media technology andor federal government

responsibilities
 maintain the overall health of our marketo instance and integrations must understand data and reporting within the marketo platform
 create and deliver regular email marketing communications such as event invitations product emails special edition newsletters and nurture campaigns to different audience segments in our subscriber database
 help expand and maintain our le [...]"
64,Remote Website Designer,"Camryn  Hilliard         Professional Summary     Highly motivated Sales Associate with extensive customer service and sales experience. Outgoing sales professional with track record of driving increased sales, improving buying experience and elevating company profile with target market. Consistently recognized for sales performance and excellence in customer service.           Skills        Current trend knowledge  Stocking and Replenishing  Merchandising Knowledge  Sales  Exceptional Customer Service  Social perceptiveness  Problem-solving skills  Client Service      Clothing/accessories, minor vetranary and Pandora Jewlery product knowledge  Excellent people skills  Sales expertise  Sales training  Cash Handling  Multi-tasking strength  Cash register operation          Education      University of Scranton    City  ,   State      Expected in   05/2024          Bachelor of Science     :   Psychology And Political Science                  Work History      Company Name   -   Sales Associate   City  ,   State          02/2020   -    Current      Engaged with customers to effectively build rapport and lasting relationships.  Delivered high level of assistance by locating products and checking store system for merchandise at other sites.  Educated customers on promotions to enhance sales.  Completed orders through store provided system system and organized product deliveries to meet customer timetables.  Applied security and loss prevention training toward recognizing risks and reducing store theft.  Maintained customer satisfaction while handling product returns quickly and professionally.  Liaised with customers and recommended specific products and specials, aligning with individual needs, requirements and specifications.  Provided positive first impressions to welcome existing, new and potential customers.  Answered customer questions regarding sizing and accessories and explained how to properly care for merchandise.  Maintained records related to sales, returns [...]","about the position

the web designer is responsible for providing designrelated support for clientrelated and internal projects

additionally the web designer is responsible for providing designrelated support for projects that are currently in development client review and postlaunch when assigned

daytoday
 collaborate closely with design managers on websiterelated projects including finishing projects that have a set art direction to hand over to the development team
 work crossfunctionally with content and development teams which includes facilitating design discussions and adjusting existing designswebsites based on client feedback in preparation for the launch of their sites
 partner with development teams to ensure the implementation of your designs and user experiences are of the highest quality
 use and evolve our design systemlibrary to craft sketches flows prototypes and highfidelity visuals for client websites and product features
 work closely with design leadership to inform and improve our processes identifying opportunities for elevating our product and user experience
 provide designrelated support for postlaunch projects

requirements

our ideal candidate
 is detailoriented has an excellent eye for detail and enjoys delivering pixelperfect and welldocumented designs
 knows how to design websites has experience working with and understanding responsive design patterns and systems
 is prepared to take the baton and run gladly takes on projects with set art dir [...]"
65,Career Coach Waitlist (Part-time/Contract/US Remote),"CONSULTANT             Experience     07/2011   -   Current     Company Name   －   City  ,   State    Consultant        Developed new business for PARS in the governmental retirement plan marketplace while building long-term relationships with school district superintendents and chief business officials.  Exceeded revenue and gross profit goals at IKON as a Major Account Executive, selling over $1 million annually to the University of Vermont.  Executed the highest level of customer interaction specializing in strategic relationship building & solution selling.  MANAGEMENT / As part of the Management team at PARS, assisted in the development of company marketing strategies and future products including national expansion.  As the only Major Account Executive and most experienced sales rep on the local IKON team, I coached and developed incoming sales reps and lead our six person sales team.  Engaged in leadership opportunities for the region including the Six Sigma program, the Business Development Manager apprenticeship, and facilitating Developed new client relationships through face-to-face meetings, conference attendance, telephone calls, and other necessary methods.  Management of the implementation of new plans ensuring that the consulting and administration staff have sufficient information to successfully implement the new plans.  This process includes oversight and review of analysis, marketing materials, presentations, communication material, plan documentation and plan funding.  Consulted with clients to design appropriate and successful retirement plans based on the needs of the client and developed clear plan summary language that communicates the agreed upon plan to the client and PARS staff.  Made presentations to school boards and community college boards to help clearly communicate the benefits of approving moving forward with the PARS program.  Maintained ongoing client relationships to ensure the highest quality of service and determine current an [...]","the company

at springboard were on a mission to bridge the worlds skills gap offering transformative online education in data science uiux design machine learning and coding our courses may be techenabled but were ultimately humancentric each student taps into a vast community throughout their time with us engaging with fellow students industryexpert mentors student advisors and career coaches the goal of which is to successfully transition students into their dream job through this hybrid approach weve helped thousands of learners revamp their careers and by extension their lives with hundreds of topnotch job offers received every year and a nearperfect placement rate for our program graduates

the opportunity

career services plays a key role in executing on our mission our personalized approach has given thousands of people access to more relevant roles in the new economy

as a career coach you will work  with springboard students on all aspects of their job search and career goals to produce great career outcomes for all career track graduates working closely with a dynamic and empathetic career services team youll play a significant role in each students journey as you support them in revamping their careers and by extension their lives youll feel the rewards instantly as students implement your advice and grow their ability to find the perfect career opportunity for them

for this role you must have prior experience in formal career coaching for technical job searches [...]"
66,Technical Support Agent (Remote CT/MT/PT USA),"CONSULTANT         Qualifications          I am a senior IT infrastructure specialist and have 7 years of OEM administration and 6 years of DBA administration. I have Masters in Computer Applications (MCA) and a seasoned technical specialist providing business infrastructure solutions, services and support, according to defined processes. With an overall experience spanning 12 years and having worked for Oracle for a period of 11 years, I have a tremendous track record in IT support area for multiple products and applications with a great level of consistency and excellence. My expertise includes,  His expertise includes,  Project Management  Oracle Enterprise Manager  Implementation Specialist	*WebLogic Server Administration  Incident Management  Database administration	*Oracle Cloud operations  People Management  ITIL Service Management  Operations Management  Change Management	*AWS  Process capability  Technical support for 24X7 systems              Technical Skills        Skills    Experience    Total Years    Last Used    Operating System : Linux, HP-Unix, Solaris, Windows    9    12    2016            Work Experience     July 2016       Company Name          Consultant        Collaborate with Clients, customers to ensure successful implementations which includes.  Implement OEM 12c setup, Apply BP, Plugins, performance monitoring, notification set up.  Install/upgrade/patch Oracle Database, performance tuning.  Install/upgrade/patch Oracle WebLogic servers, deploy applications.         December 2014   to   June 2016     Company Name   City       Manager        Managed a team for Enterprise manager cloud control(Cloudem12c) for Oracle Public Cloud that supports and facilitates end to end monitoring solutions for Oracle cloud services.  Manage a global team for Cloudem administration (OEM 11g,12c) Create plans, work with team to execute the project plan in building new EM sites for Cloudem customers and administer them.  Recruit, work with new team members to br [...]","altoida inc is making brain health smart and personal our innovative approach combines novel digital biomarkers dbm with immersive augmented reality ar and powerful artificial intelligence ai the result is a brain health platform built on more than  years of cuttingedge scientific research our products are backed by peerreviewed publications and multinational clinical trials and are built by our passionate team of scientists clinicians and engineers
our altoida family is united by  core principles we are datafirst data isnt a buzzword to us its at the core of our technology and in the dna of our decisionmaking processes we are relentless we know the impact our work will have on the world and are in pursuit of extremely lofty goals  we dont settle at good enough we are innovative our founders executives and early team members are united by a love of thinking differently and seeing groundbreaking ideas come to life we are thoughtful from the way we treat each other to the way we unpack tough problems we are considerate respectful and holistic we are adaptive in a hightech world nothing is set in stone  we recognize and embrace that in our strategy and culture
about the rolealtoida is looking for a technical support agent based in the centralmountain or pacific time zones in the usa the team consists of technical experts who interact with clients and many internal groups on a daily basis the technical support team provides product support to internal and external customers who u [...]"
67,Software Engineer,"SR DIGITAL ANALYTICS MANAGER         Summary      Mindful innovator with a proven track record in delivering digital analytics solutions to configure fundamentally sound framework for multiple websites  Precisely isolate business needs and develop valuable solutions to drive accuracy and ROI efficiency  Lead day-to-day, direct-to-consumer operations to ensure excellence while seamlessly collaborating with creative, merchandising, and marketing teams  Well versed in the relationship between front-end, back-end and business intelligence systems  Results-oriented manager who thrives in a fast-paced and competitive environment        Highlights          Digital insights and analytics (Adobe experience cloud, Google analytics, Looker)  Date visualization (Tableau and Chartio)  Conversion rate optimization (Qubit and Adobe target)  Email marketing and marketing automation (Responsys and SFMC; Movable Ink and Liveclicker)  CRM and loyalty (Relate and Custora)  Tag manager GTM and DTM      Competitive and Trend Analytics (EDITED)  Financial and inventory planning expert (SAS and JDA)  Strong strategic thinker and ability to formulate business strategy; move effortlessly from analytics to development of strategy  Solid project management skills with a focus on timely and quality deliverable  Strong familiarity with statistical concepts and methods            Experience      Company Name    City  ,   State    Sr Digital Analytics Manager   01/2017   to   Current       Conceptualize and manage dashboards for multiple websites and marketing channel performance to develop strategy and campaign optimization  Ambitiously optimize individual marketing channels (Paid, Social, and Email) based on users' entry (landing) page, reducing overall bounce rate by 24% and increasing ROI by 13%  Seamlessly launch predictive landing page for paid search increasing conversion by 34% vs. non-predictive  Execute churn prevention program with personalized Email and layer Social lookalike audiences [...]","tldr

highimpact software development jobs for smart people

code that saves lives

as a software developer at epic youll write software that impacts the lives of  of americans and  million patients around the world working in your own office surrounded by thousands of highcaliber developers youll use modern development methodologies and employ usercentered design analytics and machine learning tools to drive innovation in healthcare using leadingedge technologies and languages like js ts and c youll invent better ways to reduce medical errors streamline record sharing between hospitals and provide the quality of care a patient deserves

write software for the most innovative health systems on the planet

the topranked health systems in us news and world report are epic customers our community includes major systems like the mayo clinic johns hopkins cleveland clinic and kaiser permanente as well as leading academic medical centers at the university of wisconsin university of michigan university of california university of texas the ohio state university and many more

experience our stateoftheart campus eat delicious food and travel the world

we dont believe in cubicles well we believe they exist but our uniquely themed campus was designed to heighten your ability to get stuff done in your office a conference room or by the fireplace in a comfy chair for lunch visit kings cross or cassiopeia for a wide array of meal options or go to one of our smaller themed bistros featuri [...]"
68,Sales leader,"BUSINESS ANALYST SR. TECHNICAL BUSINESS ANALYST         Highlights          C, C++, core java  Back Ends			: Oracle 9i, 10g, 11gRII,MS SQL Server-2005,IBM DB2  Computer Tech.		: UML  Web Designing		: HTML, XML  Operating Systems		: Windows 9X/XP/2000/2003 Server,  Linux Red hat 5, SUSE 11  Development Tools		: Rational Rose, MS Visio, MS Project, Oracle SQL Developer, 					  Crystal Reports, Java Workflow Editor, Eclipse  Application servers	: Jboss , Tomcat5, 5.0.1.GA,IBM Websphere App Server 7.  Databases & Tools      	: Oracle 9i, 10g, MS SQL 2008, Oracle Enterprise Manager Console, 				  SQL Developer, Power Builder 9.0  Bankind Application	: Finacle Ebanking Application by Infosys Ltd.              Accomplishments      WAYE(World Alliance for Youth Empowerment).  Completed Yes+ course with advance meditation techniques.  I hereby declare that all the above information furnished by me is true and correct to the best of my knowledge.  4.        Experience      Business Analyst Sr. Technical Business Analyst      Company Name              SDLC     Jul 2011   to   Dec 2013      Company Name         Requirement Gathering Requirement Analysis Release management Product management Product implementation role BRS analysis Feasibility analysis Vender management Client handling Product Management Highlights: Initiated new projects like mobile devices compatibility Key resource for Standard Product Enhancement and Documentation.  Interacting with Marketing Team to understand market demands.  Worked actively for ""Cloud SFA"" project to implement product on cloud technology.  Market research of competitive products for product enhancement.  Involved in pre-sales activities for understanding market and product enhancement.  Involved in ""30 Days Implementation Plan"" documentation for WSFA.  Actively involved in complete Software Development Life cycle to manage the project at every phase of SDLC in order to meet business requirements.  Exposure to industry verticals such as Ba [...]","hybrid onsite  remote for quasilocal candidates

client cannot transfer  sponsor work visa authorization

newly created role to support a highgrowth global life sciences company a handson role that will manage a team of sales analysts driving developing and delivering sales reporting and business insights to the organization

this is a critical role in leveraging internal and external data to drive business strategies and impactful metrics

requirements 
 bs degree
 bs degree
  years experience in a sales operations  financial analysis role
  years managing a team of sales analysts or similar function
 strong experience leveraging data and developing metrics and dashboards
 experience with a multichannel sales organization

last updated"
69,Strength & Conditioning Coach Jobs at Onelife Fitness – Falls...,"SENIOR DIGITAL DESIGNER             Experience     02/2012   to   Current     Senior Digital Designer    Company Name   －   City  ,   State      Provided designs and creative direction for custom content in Best Buy's Digital Weekly Ad.  Worked as a leader in following brand standards and best practices while exploring new designs.  Designed vendor-paid premium ad space and special promotions.  Led weekly client meetings to review and assess content and plans for the weekly ad.  Built and edited wireframes to lay out product, promotional messaging, and video content for the
     best user experience.  Directed product photo shoots on-set, both with and without talent/models.  Designed covers and internal pages for Best Buy's weekly newspaper ad and buyer's guides.  Directly managed, reviewed work of, and mentored production artists.  Worked closely with internal project managers and QC team to ensure all deadlines were met and
     final product was launched and functioning properly.  Collaborated with front-end developers on new animations, designs, and site functionality.  Served as backup to front-end developer, working with basic HTML and CSS code.         07/2011   to   06/2011     Mac Operator/Prepress/Plating Specialist    Company Name   －   City  ,   State      Edited and optimized client-provided digital art files to produce high quality digital, lithographic and
     flexographic print materials.  Worked with CSRs and prepared customer and pressroom proofs to ensure accuracy of image
     quality, color, text, and layout.  Operated and maintained multiple plating machines and software calibrations to prepare plates for a
     range of different sized lithographic presses and substrates.  Verified both plates and pressroom proofs for quality and accuracy before sending to press.         05/2011   to   11/2011     Production Artist/Graphic Designer    Company Name   －   City  ,   State      Partnered with Best Buy Mobile marketing team to design, refine and [...]","strength and conditioning jobs in virginia usa  apply for strength  conditioning coach jobs at onelife fitness  falls church va onsite see job descriptions requirements and the link to apply

summary objective

provide personalized attention and professional fitness instruction to explosive performance members build training business through referrals and improve members lives under the management of theexplosive performance site director and with theexplosive performance team

essential functions
 develop and maintain your training business
 help recruit and retain explosive performance members
 monitor coach and instruct members in safe and effective exercise tactics
 support and participate in efforts that promote explosive performance to become the leading sportspecific training company in the nation through education effort and ingenuity

job responsibilities
 provide high level of personal service and attention
 maintain a minimum of  client hours weekly
 conduct fitness assessments and smart start appointments
 achieve average  percent booking rate per floor hour in smart start or other meaningful personal training entry points for members
 respond appropriately to questions comments and complaints from members guests and visitors
 highlight and promote all activities events training programs and services
 participate in special events to recruit and educate members
 qualify all leads using the exercise readiness questionnaire and member questionnaire
 attend all manda [...]"
70,Vice President Marketing,"DIGITAL MARKETING MANAGER       Career Focus    Digital Marketing Manager Accomplished professional in digital marketing, digital project management, content management and migration, SEO, social media and web analytics. Identify, manage and implement web based solutions for a variety of online initiatives including multi-national/multi-lingual website development. Act as the technical lead in digital marketing decisions with the keen ability to keep projects moving forward in the face of obstacles. Effective vetting of technical specifications, industry research, vendor selection and management of internal and external resources. A strong ability to build rapport with peers and influence others along with building relationships with key decision makers. Manage offshore teams and responsible for re-engineering processes and implementing agile development methodologies. Core Strengths Web Marketing Strategy Development Web Analytics and Analysis Vendor & Contractor Management Project Management Team Building and Education E-Mail Marketing Business Needs Analysis Technical Proficiency Competitive Analysis Search Engine Optimization (SEO) External Agency Management Performance Management Search Engine Marketing (SEM) Cross-Functional Team Collaboration Resource Allocation Social Media Web Marketing Best Practices Content Management System Analysis       Summary of Skills          Web Graphic Design, Web User Interface Design, Multimedia Content Development, Coordination, Project Management, Web Savvy, Layout Skills and Internet Presence  SEO Optimization, SEM, Social Media, Analytics, Link Building Strategy, Keyword Research  MS Office, Adobe Photoshop, Dreamweaver, Illustrator, Flash and Acrobat  Google Analytics, Siteimprove, WebTrends, Websidestory, Netsight  HTML, XML, CSS and extensive experience with several CMS systems.  Knowledge of JavaScript, Jquery, PHP and Ajax.  MS Project and Visio (basic)   Global marketing      Media relations              Professional [...]","about the company

webbmason is a fullservice marketing firm with offices coast to coast  from our corporate headquarters in hunt valley maryland to los angeles and just about every major metropolitan area in between for over  years weve been focused on helping activate brands at the local level through engaging content material and merchandise  providing upstream strategy creative services and technology connected to downstream production and distribution both physical and digital

effective july  webbmason marketing has merged with supplylogic combining two brands that together  provide an unmatched portfolio of techenabled marketing services for print branded merchandise point of sale and digital solutions

job summary

were looking for a creative and passionate vice president of marketing who will work directly for our chief strategy officer helping define support activate and optimize the combined companies aggregate gotomarket strategy this is a remote role based out of new york with planned travel to key office locations including the corporate office located in hunt valley maryland

ideal candidates will be able to do the following
 thrive in a fastpaced environment with the ability to manage multiple priorities
 proactively identify businessmarketing opportunities and create action plans
 manage and plan at both the strategic and operational levels
 lead creativedesign strategy everything you hear see and touch
 infuse passion creativity and innovation into our busin [...]"
71,CDL Team Truck Driver and Lease Operators +,"SALES REP       Summary      Sales Executive  offering outstanding sales presentation, communication, closing skills,  and  team management skills. High-energy, results-oriented leader with an entrepreneurial attitude.   Desires a high-level position in a professional service oriented environment.        Core Accomplishments     Founded The Success Group and grew personal sales to $200,000.00 the first year with a steady growth for the next 5 years.     Initiated ""Program"" sales for area Auto Dealerships in Atlanta to purchase imprinted promotional items in mass with each dealership's name with the brand's logo, saving each dealership by quantity purchasing, and increasing our bottom line significantly.    Negotiated campaigns in conjunction with radio and print advertising to increase service dept.sales ( Ex: Free teddy bears given for Valentines' Day to the ladies who came in for an oil change.)     Partnered with a Non-profit organization increasing our sales to them to over $150,000.00 yearly, helping increase awareness and donations with their donors. Networked within this organization to gain business with other departments.       Experience      Sales Rep   05/2017   to   04/1993     Company Name      Telemarketed to Presidents and CEO's of successful area companies to use our services, averaging 100 calls a week, 13 appointments per wk resulting in 1 sale per wk.  Managed a tickler file to boost sales  Conducted on-air interviews with Presidents, CEOs, Physicians, and their clients for testimonials.          President   12/1998   to   Current     Company Name   City  ,   State      Strengthened company's business by leading implementation of  [project] .    Promotional Advertising Distributor)
Company and Client management expertise including:  Business development, promotional sales, interaction with client, supplier, and employees for excellent customer service, marketing communications, budget management for overall operations.  Used industry knowledge, l [...]","now hiring experienced cdla team company drivers  lease operators
notouch freight   total team signon incentive

top pay and benefits
 company drivers start at  cpm for all miles
  signon   orientation pay paid to each team driver
 lease operators earn week minimum pay incentive
 monthly safety  performance bonus
  fully specd trucks

interested in a position with hirschbach motor lines apply now

company driver
 company drivers start at  cpm for all miles
  cpm increase every  months caps out at  cpm
  per load minimum even if they are going across town
 layover pay after  hours  
 stop pay stop  free stop    stop    stop  
 notouch freight
 monthly safety and performance bonus  cpm on  plus miles
 eligible for company benefits vacation health insurance paid time off  etc

lease operator
 lease operators earn week minimum pay incentive
 gallon fuel regardless of pump price
 lease team drivers will now receive orientation pay  signon bonus
 driver    orientation pay   a week for  weeks
 driver    orientation pay   a week for  weeks
 monthly safety  performance incentive
 lease agreement provides two skip payments per year
  driver referral  get paid in full when referral is hired
 weekly safety incentive
 notouch freight
 full service maintenance plan
 we are investing in your future with the all in rewards and retention plan lease operators receive year in their own longterm savings plan account

lease purchase not available in ca and wa

truck amenities
 free siriusxm
 refr [...]"
72,"Acquisitions, Associate","TEACHER       Career Overview     Highly enthusiastic customer service professional with 15 years client interface experience.Enthusiastic customer service/telesales representative with in-depth knowledge of sales, account management and training.Results-driven Office Manger with proven ability to establish rapport with clients.years client interface experience.  Dedicated Customer Service Representative motivated to maintain customer satisfaction and contribute to company success.       Core Strengths          Strong organizational skills  Active listening skills  Seasoned in conflict resolution  Sharp problem solver  Courteous demeanor  Large cash/check deposits expert  Telecommunication skills      Markdown/promotional procedures  Store maintenance ability  Inventory control familiarity  Telephone inquiries specialist  Customer service expert  Invoice processing  Adaptive team player  Opening/closing procedures            Accomplishments      Customer Assistance     Worked with company systems such as Live Support and diligently completed all assigned tasks, working overtime as needed.     Computed Data Reports     Provided required weekly, monthly and quarterly reports listing sales figures and client track records.    Customer Service     Researched, calmed and rapidly resolved client conflicts to prevent loss of key accounts.    Sales     Consistently generated additional revenue through skilled sales techniques.    Market Research     Interviewed clients via market research surveys to identify product issues and customer needs.     Customer Interface     Greeted customers upon entrance and handled all cash and credit transactions.  Assisted customers over the phone regarding store operations, product, promotions and orders.     Database Maintenance     Assisted in the managing of the company database and verified, edited and modified members' information.        Work Experience      Teacher   02/2012   to   Current     Company Name   City  ,   State       Rea [...]","about us

keyway is a series a stage proptech company we are on a mission to provide small and mediumsized businesses with the same commercial real estate opportunities as the largest companies in the world we use technology data and capital to create innovative products to help smbs and their owners drive their own growth starting by making netleases fast simple and transparent for every business owner

our ceo is a serial tech entrepreneur that has successfully launched three companies and raised  in venture capital from toptier investors and our team brings experience from companies such as goldman sachs google jamestown capital one mckinsey and brookfield among others

we are backed by camber creek canvas montage ventures fj labs  crosscut venture capital firms that have invested in some of the most successful proptech companies in the world

as an acquisitions associate you will be responsible for the analysis of singletenant acquisition opportunities including underwriting business and financial due diligence execution and asset management the position will require the ability to create complex financial models to analyze various real estate scenarios additionally the candidate will be required to assist in creating investment memoranda and conduct indepth market research and propertylevel due diligence the candidate will to the director of real estate

responsibilities and opportunities
 assist in underwriting diligence deal execution and asset management of property a [...]"
73,Investigator Support Assistant (OA),"FINANCE AND OPERATIONS MANAGER         Executive Profile     Results-driven, efficiency-conscious International Business Management Executive with extensive experience including financial management, organizational development, business development and team building within diverse industries. Skilled in planning, coordinating and executing successful strategic business and financial  programs, with track record of improving operational stability, efficiency, and profitability. In-depth knowledge of a diverse array of core financial and business processes, with demonstrated capacity to successfully improve bottom-line profitability, and further corporate objectives. Collaborate with senior stakeholders to effectively prioritize activities and achieve defined objectives, translating business requirements into solutions to achieve corporate performance goals and targets.       Skill Highlights          Organizational Development  Business Development and Expansion in Domestic and International Markets  Global Business Expertise  Financial and Strategic Planning and Execution  Contracts Management  Risk Management  Staff Development and Management       Multimillion-dollar P&L Management   Budget and Forecasting Development and Management  Policy and Process Development and Implementation  Financial Reporting and Analysis  Performance Management/Project Accounting  Maintain Service Relationships            Professional Experience      Finance and Operations Manager  ,   03/2015   to   09/2016    Company Name   －   City  ,   State     A senior business partner participating in the development of the strategic direction, leadership, management and growth of the organization. Key accomplishments include:   Led the 2016 strategic planning process (Oct 2015) resulting in a detailed 2016 delivery plan for all departments with a 3yr outlook.  Developed a timely and accurate financial and operations reporting package to management highlighting business issues, potential risks a [...]","this is not a high paying job and it is located in buffalo ny but i am sharing it with you because it may be a great opportunity to gain experience and you are open to relocating 

duties
duties may include but are not limited to assists investigators in developing evidentiary materials surrounding charges includes requesting and compiling information obtained in hard copy or from computer tapes from respondents and other sourcesaids in summarizing and compiling comparative labor force data used to examine and evaluate respondents workforce in order to determine whether discriminatory practices or patterns existassists in reviewing a wide range of company or union records so that the investigator may assess whether personnel policies and practices are violative of employment discrimination lawssearches library and other designated sources for information and data required by investigators such as commission decisions census information test validation information and related dataestablishes and maintains case files to insure their currency completeness and conformance with agency standards also prepares files for administrative closure when appropriatetypes a variety of materials such as investigative reports memoranda etc proofreads materials for correct spelling punctuation grammar required format and compliance with correspondence procedures
 help
requirements
conditions of employment
must be a us citizen or nationalmales born after  must be registered for selective servic [...]"
74,Systems Programmer,"BUSINESS DEVELOPMENT LEADER        Summary    BUSINESS DEVELOPMENT MANAGER Experienced leader with more than 7 years of experience working in sales, marketing and business
development with specialization in identifying, developing, and maintaining new strategic business
partnerships. Propelled a small chemical trading firm into a flourishing manufacturer, national distributor
and global manufacturer's sole-trading partner. Highly motivated, tough negotiator with excellent verbal
and written skills. Expertise in engaging decision making and devising winning sales strategies and
solutions.
Innovative, adaptable, analytical, action-oriented, and flexible in working with suppliers and customers in
dynamic international markets. Developed sole-selling agencies of 4 different manufacturers in 3 different
countries encompassing 6 different products. Experienced in working collaboratively with cross-functional
teams such as technical, legal, finance, sales and marketing. Bringing creativity, complex problem-solving
skills, entrepreneurial drive, and unceasing spirit to all endeavors.      Skills          Strong business acumen  Managing cross functional teams  Motivational management style  Sales and pricing strategies  Customer-focused sales leader  New product and market development  Strategic sourcing and hedging  Data-driven decision making  Demand prediction  Supply chain and resource management  Cost control and profit maximization  Project planning and development  Business forecasting and strategy MS Office Suite, Adobe Photoshop, Macromedia Flash and  Dreamweaver, Programming Skills - HTML, C, C++              Experience      Business Development Leader | Partner | Director     Feb 2010   to   Nov 2017      Company Name   －   City       Spearheaded company-wide marketing campaigns introducing new products which boosted sales
          by more than 67% in just 1 year.  Increased gross profit by 135%, net profit by 133% and EDITDA by 100% in less than 7 years.  Ensur [...]","systems programmer job number  eclaro is looking for a systems programmer for our client eclaros client is a major technology firm with a prominent presence in large and fastgrowing markets providing products and services that enable businesses and economies to thrive

if youre up to the challenge then take a chance at this rewarding opportunity position overview the director has established a need for analytical and administrative support for the mission assurance ma construct as set forth in the dod directive  and dod instruction  dodd  and dodi  establish policy and assign responsibilities to meet the goals of refining integrating and synchronizing aspects of dod security protection and risk management programs that directly relate to mission execution as described in the dod mission assurance strategy and mission assurance construct implementation framework the dod ma constructs intent is to protect or ensure the continued function and resilience of capabilities and assets  including personnel equipment facilities networks information and information systems infrastructure and supply chains  critical to the execution of dods mission essential functions mef in any operating environment or condition

the ma construct includes strategies plans policies and standards ma activity responsibilities include but are not limited to the planning and coordination of defense critical infrastructure client actions with all activities that own andor operate elements of the defensewide i [...]"
75,Dir Software Solutions Sales Senior,"FINANCE DIRECTOR AND TREASURER         Professional Summary          Skills          Exceptional interpersonal communication  Effective leader  Project management  Financial management      Fiscal budgeting  Customer service-oriented  Team building  Human resources management            Work History      Finance Director and Treasurer  ,   09/1998   to   09/2008     Company Name   –   City  ,   State      Supervise all units in the Finance Department including revenue, budget, purchasing, general ledger accounting, accounts payable and receivable, payroll and utility billing.  Direct the treasury functions for the City and South County Regional Wastewater Authority (SCRWA), including the preparation and review of periodic investment reports and the oversight of the City's investment portfolio.  Performed qualitative and quantitative analysis of alternatives for addressing the City's unfunded pension liability.  Review of retroactive payroll calculations for fire, safety and exempt personnel.  Coordinate the financial audit.  Direct the preparation and comprehensive review of the annual City financial report, SCRWA financial report and the Transportation Development Act report.  Review of routine and one-time journal entries, while concluding whether the accounting used was in accordance with governmental accounting standards.  Search for potential grants for all departments.  Preparation of several operating budgets.  Assist in the management and maintenance of public facility and pass-through bonds.  Partnered successfully with  [departments, clients]  to produce  [positive outcome] .  Initiated rollout of new enterprise software solution for sales reporting.  Trained, coached and mentored staff to ensure smooth adoption of new program.         Financial Services Officer/Budget Officer  ,   10/1997   to   09/1998     Company Name   –   City  ,   State      Management of fiscal duties, provision of complex staff assistance to esponsible for all SEC and external fina [...]","overview at zebra we extend the edge of possibility by shaping the future of work on the front linereinventing how businesses run and moving society forward we are a community of changemakers innovators and doers who come together to deliver a performance edge to the front line of business

we develop new technologies and create new solutions with partners to help organizations act with greater visibility connectivity and intelligencedelivering better experiences for workers and those they serve build your edge build whats next define the edge of whats possiblefor our people our customers and the world sr director solutions sales is a  level sales management position  directly managing  sales directors

attains results within zebra management policies and practices considered an excellent coach helping others attain sales success understands saas portfolio and market extremely well and knows how to win relative to competition teaches others same

establishes operational objectives and sales plans and delegates assignments to subordinates including sales directors and managers establishes and manages budgets schedules work plans and performance requirements as part of business unit management responsible for developing a major portion of the business unit annual and longterm plans and overall sales strategies

responsibilities technical skills  creates technical strategies and acts as software industry expert strategic skills  develops and implements multibusiness zebra strate [...]"
76,Chief Executive Officer (CEO),"COMMUNITY OUTREACH SPECIALIST       Professional Profile    Dynamic professional driven to fostering love of learning and ensuring leadership skills within people so they may reach their full potential.      Qualifications          Experienced in student databases and Microsoft Office Suite  Excel in training, public speaking and teaching new skills  Passionate educator with high professionalism and integrity   Creative problem solver      Excellent student transcripts; graduating with a 3.9 GPA  Qualified in designing and grading assessments   Strong management skills of small and large groups as well as relating to diverse populations  Quick learner with a thirst for knowledge            Relevant Experience    Assessment and Teaching   High level teaching skills that raised the percentage of high achieving students to 90% of students testing into the top 10% of their grade level allowing them to enter into honors     Designed and developed district assessments for Spanish Department    Community Outreach and Public Speaking   Implemented outreach and marketing strategies including presentations which resulted in 80% growth in community partners within higher education    Leadership Development     Through creating rigorous and relevant interview and internship program, raised the level of leadership opportunities for college interns  ​​       Experience     07/2014   to   Current     Community Outreach Specialist    Company Name   －   City  ,   State      

Liaison for Junior Board which entails board management by
providing
direction and leadership to young board
members wanting to serve their
community
  Responsible
for providing relevant and interesting content for social
media, newsletter and website; in addition
created organization
brochures
and secured larger-scale marketing with partnerships
  Responsible
for volunteer and mentor recruitment; securing over 90
mentors to youth and 75 new volunteers
  Increased mentor retention
by over 50% in 9 months by dev [...]","overview

critical illness recovery hospital

chief executive officer ceo

at select specialtyregency hospitals a division of select medical we care for chronically and critically ill or posticu patients who require extended hospital care select medical employs over  people across the country and provides quality care to approximately  patients each and every day across our four divisions

our mission is to provide an exceptional patient care experience that promotes healing and recovery in a compassionate environment each employee plays a vital role in doing that by living our cultural behaviors  celebrating success owning the future being patientcentered creating change thinking first and building trust

do you want to work for a patientcentered company that is resultsoriented and delivers a topnotch quality of care would you like to own and build your future with other top performers if you answered yes consider an opportunity with us

responsibilities

we are looking for valued employees who will be champions of the select medical way which includes putting the patient first helping to improve quality of life for the community in which you live and work continuing to develop and explore new ideas providing highquality care and doing well by doing what is right

the ceo role is an excellent opportunity to provide handson hospital operations management in a critical care environment the ceo will provide handson leadership strategic direction and operations management with a [...]"
77,"Kitchen Exhaust Associate (Commerce, CA)","ASP.NET WEB DEVELOPER           Accomplishments      Won Associate of the Month award at CYIENT  Member of the team which won the Team of the Month award for projects such as DEBTS and eRFA        Experience     April 2015   to   Current     Company Name   City  ,   State     ASP.Net Web Developer        Responsibilities:  Migration of IU Print website (print.iu.edu) from ColdFusion to ASP.Net using MVC Framework.  Create a prototype dashboard for IU Print Analytics module using High Charts.         July 2011   to   July 2014     Company Name   City  ,   State     Software Engineer        Responsibilities:  Designed and developed an application to migrate legacy data to ASP.Net application by providing the ability to validate the data to meet the business rules for the new application.  Design the story board using HTML and CSS and design database for applications by analyzing the customer requirements.  Perform code reviews of the modules developed by other team members and participate in pair programming to improve the coding standards of the overall application.  Preparation of build packages and actively participate in integration and deployment phase of the applications. TECHNICALS SKILLS: Programming Languages: C# Web Technologies: SharePoint 2010, ASP.NET 4.0/3.5/2.0, MVC 4 Application Software: Visual Studio 2008/2010/2013, SQL Server Management Studio Databases: SQL Server 2005/2008 R2, MySQL, Oracle Others: HTML, JQuery, CSS, JavaScript, Bootstrap, JIRA Source Controls: Team Foundation Sever, GitHub, Visual Source Safe PROJECTS AT WORK: 1) LEDGER: Ledger is developed to manage the task of invoice clearance for different finance benefits trust accounts of Pratt & Whitney. It is also used to track invoices charged back to the department budget or to the various business units. The primary objective of this project was to migrate the existing application which was developed in MS-Access to a web based application by implementing security and adding additional [...]","immediate need  now hiring 
kitchen hood cleaners  commerce ca
graveyard shifts  sunday monday tuesday wednesday thursday
paid weekly

green guard services inc is the premier kitchen exhaust cleaning company in california with restaurants like burger lounge carls jr coasterra island prime  pacific and many more

at green guard were energetic and passionate about what we do because of our continued expansion we seek qualified candidates who share our vision values and commitment to superior service we are seeking a qualified kitchen hood cleaner for our san marcosescondido location

job summary
power washing of kitchen exhaust systems including hoods duct work filters and exhaust fans the set up and take down of all job sites and equipment including wiping down of stainless steel hoods setting up wetdry vacuums high pressure hoses presprayers ladders hanging plastic sheeting etc

independent completion of work projects without supervision maintain equipment and report any mechanical deficiencies

qualifications
no experience necessary however previous mechanical electrical or kitchen hood cleaning experience a plus
paid training will be provided  must be able to travel to san diego for one week of training
green guard services will pay for your hotel mileage and  per day per diem  some restrictions due apply
this person will need to be consistent responsible honest work well with others and must have the ability to follow directions
musthave a valid drivers license and a clean [...]"
78,Web Developer,"DIRECTOR, MEDIA STRATEGY       Summary    Seasoned media and marketing professional with 9 years of experience working on a blue chip client (MillerCoors) in an extremely competitive category. Possessing a strong bias for action and thriving as part of a team atmosphere I have developed a reputation for being results oriented and excellent execution. I am a collaborative leader that has managed and influenced cross-functional partners and advertising agencies while becoming an expert in the multicultural millennial target. I've developed integrated media strategies through paid, owned and earned media including digital, TV, print, outdoor, radio and other unique channels. It is my goal to continue growth and expertise in media by leading teams/brands to measurable success.       Core Strengths          Integrated media planning and strategy   Team leadership and development  Total video strategy   Digital strategy   Multi-platform content solutions  Competitive research and analysis      Client leadership  Cross-agency collaboration  Media stewardship  Project execution  Consumer insights and research  Media mix development and ROI analysis            Experience      Director, Media Strategy   10/2015   to   Current     Company Name   City  ,   State      - Oversaw development and execution of media plans rooted in strategic consumer insights, media fundamentals and modeling analytics designed to drive business growth for Miller Lite & Miller High Life  - Continued progression of leadership skills beyond the MillerCoors team to across the entire agency sharing strategy best practices, award winning work and contributing on mutiple new business pitches  - Developed in-depth analysis exploring optimal audience reach & frequency benchmarks leading purchase occasion  - Revamped social media targeting strategy in an effort to drive better short-term sales and better overall digital ROI  - Achieved greater understanding of the programmatic digital landscape and how best t [...]","web developer

job id 

 positions 

location ustnnashville

posted date 

category digital business  digital operations

level representative

more information about this job

overview

leading country music company sony music nashville is looking for a technical highlymotivated rockstar web developer are you the professional who can help us make a direct impact on our artists sales and label success in the online world

consider this rewarding position in our digital department if you

have the ability to design across a broad range of artistic styles

are capable of working concurrently on multiple projects in a fastpaced environment and stay on deadline

sony music entertainment is a global recorded music company with a roster of current artists that includes a broad array of both local artists and international superstars as well as a vast catalog that comprises some of the most important recordings in history sony music entertainment is a wholly owned subsidiary of sony corporation of america

all qualified applicants will receive consideration for employment without regard to race color religion sex national origin disability or protected veteran status

responsibilities

the web developer will use technical skills to develop and maintain the online assets for sony music nashvilles roster of artist this will include the creation of digital assets coding of online campaigns maintenance of company and label internet and intranet websites and the collection and evaluation [...]"
79,Web Developer,"DIRECTOR, NEW PRODUCT RESEARCH AND R&D LIAISON, GLOBAL ORAL HEALTHCARE R&D, CONSUMER HEALTHCARE R&D         Skill Highlights        SKILL SET * Growth strategies/new opportunity identification and development * Scientific strategy/best practice/scientific excellence implementation * Strong technical expertise (research and product development) * Cross-functional experience: regulatory affairs, marketing, licensing, legal, clinical, etc. * Broad background in consumer healthcare (OTC's and medical devices) * Proven record of new product development (representing $1B+ sales) * Ability to conduct and interpret consumer tests and translate consumer needs to products * Strong ideation, innovation, and claims generation skills * Leadership of cross-functional, highly matrixed global teams * Extensive expertise in identification and development of high growth opportunities * Supervision of technical experts, formulators, and administrative staff of all levels * Extensive experience in open innovation, licensing and outsourcing * Comprehensive network of global opinion leaders and track record in leveraging consultants * Strong negotiation skills * World-recognized expert in oral healthcare R&D * Working relationship with FDA, Professional, Industry and Research Associations NOTEWORTHY ACCOMPLISHMENTS * Led the development of EPT, the world's first lateral diffusion (stick-based) pregnancy test * Developed the current formula for Listerine, the world's leading mouthwash * Led R&D on numerous solid, liquid, and semi-solid dosage forms on global brands including Rolaids, Benadryl, Sinutab, Lubriderm, Trident, Dentine, Aquafresh, and Sensodyne * Invented neuronal-based biosensors, a new class of biosensors * Assembled and directed one of the industry's first non-destructive analysis labs * Identified, in-licensed, and drove commercialization of GSK's largest selling oral care device * Developed process for pipeline development for GSK's Venture Group * Identified and led R&D p [...]","at trackfive weve got big goals were on a mission to revolutionize recruiting with easytouse tools and platforms and we envision a future where we can fill every open job with a qualified candidate thats why were looking for pioneerspeople who blaze trails and are committed to doing great work we might be small but we are mightyweve got more than a decade of skin in the game yet weve managed to maintain our startup feel the trackfive culture is centered around hard work but we believe strongly in balance and having funin a nutshell we love coming to work we value different backgrounds and perspectives believing that together we can use our creativity and curiosity to make amazing things happen

if youre ready to be a part of something exciting trackfive is currently searching for a talented web developer this position is not dependent on location and can be local to the office with hybrid or inoffice options available or fully remote
 please note that a skills test may be a requirement for potential candidates in the interview process

what youll do

the web developer is responsible for delivering robust solutions to our clients they work collaboratively to support trackfives existing web application portfolio and the successful delivery of new development initiatives

the life of a trackfive web developer
 contribute to all phases of the development lifecycle by following internal procedures and coding standards
 build  layouts from provided psd files
 build dynamic web apps [...]"
80,"Marketing Director – E-Learning – Columbus, OH","TAX ACCOUNTANT         Professional Summary          Skills        QuickBooks, CCH ATX, Microsoft Office Suite    account reconciliation, accounting, administrative, bookkeeping, C, CA, consulting, contracts, credit, client, clients, documentation, filing, financial analysis, forms, funds, general ledger, MA, Mandarin, marketing, Excel, Microsoft Office Suite, payroll, QuickBooks, real estate, reporting, sales, tax compliance, tax, taxes, tax returns, telemarketing, venture capital            Work History      Tax Accountant  ,     01/2016   to   Current     Company Name   –   City  ,   State      Prepared and reviewed hundreds of federal and multi-state tax returns for Individuals, Partnerships, LLCs, S
    Corporations, and C Corporations (1040/1040NR/1120/1120S/1065, AZ/ CA/ DE/ FL/ IL/ MA/ MN / NY/ WI state
    filing)
  Conducted consulting services for clients regarding their filing status and related tax issues
  Conducted foreign tax compliance, including foreign withholding taxes and foreign tax credit (Form 1042S /Form
    5471 /Form 5472)
  Provided comprehensive bookkeeping and accounting services for multiple clients in various industries
    (manufacture, real estate, venture capital, hospitality industry, etc.)
  Managed general ledger transaction and reporting and performed account reconciliation
  Provided financial analysis for clients and assisted with documentation for annual audit
  Completed payroll, payroll tax deposits, payroll tax returns and 1099/W2 forms
  Prepared and filed monthly and quarterly sales and use tax deposit and tax returns
  Assisted clients to setup business, register federal and state tax information and dissolve business.         Intern  ,     07/2015   to   08/2015     Company Name   –   City        Prepared applications for fund transfers and submitted to headquarter to ensure the circulation of funds
  Collected and sent contracts and invoices to banks
  Created Excel reports and updated the data for reconciliation. [...]","marketing director  elearning

resumes to careersdirecthrcom

my client is a global digital technology company with a focus on learning and educational software they are seeking to hire a marketing director responsible for developing implementing and executing datadriven marketing strategies collaborate with leadership to build the brand and support profitability and growth analyze market research and customer insights to build action plans for marketing programs and in support of profitability and growth

responsibilities
 hire mentor and manage a team
 ensure execution of marketing campaigns within budget and time constraints
 oversee department budget operations and productivity in support of business objectives
 maintain accurate and timely forecasting tools for planning and budgeting purpose
 establish targeting and campaign segmentation processes ensuring correct messaging reaches right customers
 manage datadriven marketing program development driving customer acquisitions sales pipelines and roi
 understand users and buyers to develop market messaging strategies that impact sales
 remain current on customer insights competitive research and analyze marketing trends
 maintain customer engagement in collaboration with internal depts throughout product life cycle
 continuous improvement conduct market customer and competitive research performing financial analysis and assimilating internal expertiseexperience
 ensure brand consistency alignment and quality maintaining gl [...]"
81,Talent Acquisition Coordinator/ Technical Recruiter (100% Remote...,"Summary    Chicago
HR generalist offering 
 Recruitment, Attendance Management System, Payroll Processing, MIS, Employee Engagement
 processing Employee Master Data. Highly driven to achieve company goals.      Highlights        Microsoft Office,
specifically Word, Excel, PowerPoint and Outlook (use of Google Search, Yahoo
Search, and LinkedIn Search effectively for Lateral Hiring and highly Flexible.            Experience     05/2014   to   04/2016     Company Name               01/2012   to   03/2014     HR Executive    Company Name   -   City  ,   State      Selection Ratio.  Updating & creating Job Descriptions as and when required.  Coordination with Hiring Managers capturing HR/ FTE requirements.  Job Postings on various job portals.  Developed a System called MINT for tracking Recruitment Work Flow incorporating various selection and offer making policies.  Worked under highly fast spaced environment responsible for sourcing candidate's profiles from job portals, social media, employment agency, employee referrals, screening Profiles, conducting HR interview round.  Scheduling interview rounds with Technical Interview Panelist's.  Processing interview-assessment sheets, tracking applicant's interview status, collecting required number of documents of a selected candidate.  Job Offer preparation, getting it approved by Business Excellence Head.  Offer Letter sharing and explaining it to the selected candidate as various salary components.  Successful Offer negotiations.  Post offer acceptance arranging for their Medical check-up (Contractual/ Probation), gathering feedback from Medical Check-Up Team.  In case fit preparing & sharing Appointment Letter with the candidate.  Co-ordination with the Joining team for SAP Hiring providing candidate's joining info as Cost Centre/ GDC TML Grade/ CTC/ Designation/ Sub function1/ Sub function2/ Sub function3/ Past Work Experience & Qualification.  Taking follow-ups with offered candidates till their DOJ, informing Hiring [...]","description our history from our start in  conexess has established itself in  markets employing nearly  individuals nationwide operating in over  states our client base ranges from fortune  companies to midsmall range companies for the majority of the midsmall range companies we are exclusively used due to our outstanding staffing track record

who we are conexess is a fullservice staffing firm offering contract contractto hire and direct placements we have a wide range of recruiting capabilities extending from help desk technicians to cios we are also capable of offering project based work

we are seeking multiple technical recruiters to join our client a global consulting firm as they are experiencing unprecedent growth the role offers long term job security and career growth in a globally recognized organization

the talent acquisition coordinator technical recruiter job responsibilities include but are not limited to
 plan and schedule inperson or phone interviews by contacting hiring managers interviewers and candidates schedule creation space procurement candidate travel collection of interviewer feedback etc
 work with recruiters on large interview days one off interviews and events as needed
 utilize webbased applicant tracking system to maintain candidate data and reporting
 assist with candidate expense reimbursement process
perform other various administrative responsibilities related to recruiting
 utilize effective communication and followthrough while acting as [...]"
82,Medical Receptionist,"MEMBER ADVOCATE         Education and Training     2009     University of the Incarnate Word  City  ,   State      Bachelor of Business Administration             2011     University of the Incarnate Word  City  ,   State      Master of Business Administration                Professional Experience     01/2012   -   Current     Company Name   －   City  ,   State    Member Advocate        Represent DentaQuest at community events and meetings to provide information to low-income populations about the dental benefits available to Medicaid and CHIP eligible members.  Establish, develop, and maintain partnerships with community organizations to identify and coordinate outreach opportunities that will facilitate growth in enrollment.  Conduct presentations to promote preventative dental care through good oral hygiene practices and compliance with Texas Health Steps checkups.  Provide case management to members in need of care coordination and assist members with claims issues and appeals.         01/2012       Company Name   －   City  ,   State    Provider Relations Specialist        Served as a liaison between the Medicaid and CHIP Managed Care contractor and health care providers.  Responsible for establishing and maintaining working relationships with the existing provider network.  Researched and resolved provider inquiries to include credentialing, claims issues, complaints and grievances.  Educated providers on new protocols, policies, and procedures to facilitate process improvements.  Ensured provider database and documentation was up to date, accurate, and complete.  Assisted with the development and implementation of provider training programs.         01/2011       Company Name   －   City  ,   State    Business Development/Admissions Coordinator        Responsible for the development of admission statistics in a long-term acute care hospital setting by developing referral sources and converting referrals into admissions.  Responded to inquiries from hospital di [...]","job description
we are currently searching for multiple medical assistants for two locations here in the jacksonville area to start asap
this position is fulltime with benefits including medical dental vision life disability insurance and a  retirement plan
essential duties and responsibilities
work closely with orthopedic physicians and physician assistants to coordinate the care and needs of patientsassist with clerical duties such as completing forms and chartingcheck physician schedules and prepare charts for needed test resultsorganize patient flow to keep physician on scheduleassist patients to exam room collect patient history and conduct screening per physician guidelinesrecord patients medical history vital statistics or information such as test results in medical recordsanswer patient phone calls and give instructions at the direction of the physiciandocument phone calls and prescription refillsmaintain clean exam rooms and instruments following infection control guidelinesfollow biohazardous waste standardsrestock exam rooms and maintain medical suppliesfollow universal precautions when assisting with patient caremaintain strictest confidentiality and adhere to all hipaa guidelinesregulationsclerical and computer duties are required to complete forms and chartingposition requirements
valid medical assistant certification aama or fl cna licensevalid cpr certificationhigh school diploma or ged requiredminimum  years medical assistant experienceorthopaedic experience [...]"
83,Furniture Sales Associate,"FITNESS COORDINATOR       Objective     Seeking a challenging environment, which allows me to contribute to the continued success and growth of the organization.  To obtain a position that will provide me with the opportunity to apply my education, administrative, & fitness experience, and grow as a professional.       Education     May 2012     Master of Science  :   Recreation Administration - Concentration: Facilities Management    WESTERN KENTUCKY UNIVERSITY   －   City  ,   State             May 2010     Bachelor of Science  :   Exercise Science    WESTERN KENTUCKY UNIVERSITY   －   City  ,   State              Employment & Experience     07/2012   to   Current     Fitness Coordinator    Company Name   －   City  ,   State      jhhfhgjkkghj  fdsafafsa         01/2012   to   07/2012     Facility Coordinator Intern/Membership Specialist    Company Name   －   City  ,   State      Assist with facility supervision.  Train staff members to be knowledgeable and perform fitness services such as resting blood pressure, body composition, and circumference measurements.  Aid with corporate presentations on various aspects of health and wellness, such as obesity, hypertension, diabetes, and sedentary lifestyle, in relation to exercise.  Help with membership sells and retention by conducting facility tours, program promotion, and individualized consultations with members.  Work closely with Facility Manager, Pro Shop Coordinator, and Head Membership Specialist to provide optimal experiences and services, such as personal training, fitness counseling, adequate equipment, and nutritional aspects, to all members.         12/2010   to   07/2012     Group Exercise Instructor    Company Name   －   City  ,   State      Instruct/lead patrons through safe and challenging exercises in an abdominals/core toning format as well as in a boot camp setting.         08/2010   to   07/2012     Graduate Assistant, Exercise    Company Name   －   City  ,   State      Assist with the training, sche [...]","we inspire purposefilled living that brings joy to the modern home with a team of more than  associates spanning  store and distribution locations across the us and canada we achieve together drive results and innovate to inspire drawn together by a shared passion for our customers and a spirit of fun we deliver highquality home furnishings that are expertly designed responsibly sourced and bring beauty and function to peoples homes from the day we opened our first store in chicago in  to the digital innovations that engage millions of customers today our iconic brand is nearly  years in the makingand our story is still unfolding

were here for it we think you should be too were looking for a driven professional with an inclusive mindset to join our team as a furniture sales associate

crate and barrel furniture sales associates have a passion for helping customers see what is possible with the latest ontrend merchandise they do this by building meaningful and longterm relationships with their customers and use their comprehensive knowledge to guide and advise customers looking to furnish an entire room or simply add an accent piece our furniture sales associates are uptodate on the latest trends and are trained to work with a range of design styles from classic to contemporary in addition furniture sales associates utilize digital tools and technology during instore and inhome consultations to show our customers how our furniture fabrics and decor can bring their vision to l [...]"
84,Business Development Manager,"BUSINESS DEVELOPMENT MANAGER       Summary     Accomplished top performing professional with proven success in directing, leading and managing projects and campaigns from concept through completion. Intensely focused on partnering to ensure client/customer satisfaction consistently exceeds expectations. Creative, strong partnership building skills and excellent communicator recognized for taking a collaborative approach and an enthusiastic team player.       Highlights         TECHNOLOGY SKILLS   Knowledge of Digital Marketing and Advertising, Social Media (LinkedIn, Facebook, Twitter),   MS Office Suite (Word, Excel, Outlook, PowerPoint), Corporate Proprietary Software             Accomplishments      Online Advertising Campaign Management  Sales and Territory Management  Customer/Client Relationship Building  Prioritization and Multi-tasking  Cross-Team, Cross-Cultural Relations  Training and Mentoring  Effective Verbal and Written Communication  Executive Interfacing         Experience      BUSINESS DEVELOPMENT MANAGER     Sep 2011   to   Sep 2013      Company Name   －   City  ,   State     Online Service Division  Contract Position) Beta Coordinator for Project Rubicon. Shopper-Ready Content and Tools for Omni-Channel Digital Marketing. Managed all worldwide inbound customer and partner inquiries from the Microsoft Tag Platform and Startup Business Group by supporting and facilitating increased sales portfolio.  Sourced top retailer and brands to facilitate in building growth revenue portfolio.  Solicited prospective customers utilizing multiple social media venues such as LinkedIn.  Provided analysis of customer experiences based on a set of evaluation questions.  Built strong working relationships with vendors contributing to  growth in market and profitability by identifying opportunities to introduce new products/services.  Researched and analyzed online marketing trends and advertising tools.  Managed all worldwide inbound customer and partner inquiries ens [...]","business development manager
locationnew york
departmentmarketingdescription
katten is a fullservice law firm with nearly  attorneys in locations across the united states and in london and shanghai clients seeking sophisticated highvalue legal services turn to katten for counsel locally nationally and internationally the firms core areas of practice include corporate financial markets and funds insolvency and restructuring intellectual property litigation real estate structured finance and securitization transactional tax planning private credit and private wealth katten represents public and private companies in numerous industries as well as a number of government and nonprofit organizations and individuals

business development manager
 
the business development manager will focus on several firmwide initiatives including attorney business development skills training internal education training lateral integration and the execution of the firms client service team and client feedback programs this position also serves as a resource for business development requests emanating from practices including partner and pitch opportunity coaching client or industry targeting and business development planning the business development manager works collaboratively with the director of business development as well as the business development and client service manager teams this position will be responsible for proactively driving business development activity across the firm and for [...]"
85,Construction Project Manager,"APPAREL ASSOCIATE       Summary    An organized, detail-oriented, and conscientious self starter, able to learn and adapt quickly to new skills, also able to strategized and prioritize effectively to accomplish multiple tasks and stay calm under pressure,      Skills          Adaptability  Strong work ethic  Time management  Self-confidence  Handling pressure  Creativity  Communication  Team work  Motivation      Cash register  Typing  Basic computer skills  Customer Assistance            Skills    Cashier, Customer Assistance, Sales, Stock      Experience      Apparel Associate     Aug 2017   to   Current      Company Name   －   City  ,   State   Stocking and Zoning apparel and housewares merchandise       Recruiting Assistant     Oct 2016   to   May 2016      Company Name   －   City  ,   State   Sealing/Mailing off letters to football recruits, Making prints or copies of Letters and/or paperwork, Signing recruits and families in for game day       Cashier/Stocker     Dec 2015   to   Sep 2017      Company Name   －   City  ,   State      Assisting customers in finding what they need, recovering sales floor and keeping the store clean and organize so the shoppers can have a better and easier shopping experience. Make customer purchases and/or returns         Cashier/Sales Associate     May 2014   to   Aug 2015      Company Name   －   City  ,   State     Assisting customers in finding what they need, recovering sales floor and keeping the store clean and organize so the shoppers can have a better and easier shopping experience. Make customer purchases and/or returns          Education and Training        Business Adminstration   2018     South Louisiana Community College   －   City  ,   State              Business Administration    University of Louisiana-Lafayette   －   City  ,   State                 2014     Salmen High School   －   City  ,   State            Activities and Honors    21st Century Summer Camp years 2012-2014","construction project manager

cleveland oh onsite

   plus bonus up to  per year

national leader in renovation infrastructure improvements new construction sustainable initiatives and emergency services for facility owners is looking for a construction project manager to join their team on a full timeperm basis this position is onsite in the greater cleveland oh area

minimum qualifications
 bachelors degree in construction management engineering or related field highly desired
  years experience in the construction industry with a commercial or industrial general contractor
 line item estimating is a plus
 extensive experience managing and coordinating multiple projects and subcontractorsvendors
 very experienced in producing detailed fixed price estimates has the ability to use rs means or other published unit price books to produce detailed line item estimates
 extensive knowledge of construction means and methods
 proficient with microsoft office outlook excel word powerpoint etc
 experience with andor ability to learn project specific software such as procore bluebeam or similar
 must be able to develop and maintain positive and effective working relationships with clients subcontractors all levels of personnel
 ability to be flexible and adaptable to frequent changes and work in a fast paced environment
 possess effective negotiating skills
 strong verbal and written communication skills to include clear concise and professional presentation of information
 ability to [...]"
86,Project Manager,"CONSTRUCTION WORK         Career Overview     Highly skilled in working with people. Main course of work has been in the Construction area but computers were also a big asset to my knowledge as running a business requires the use of a computer and skills as many other things.       Qualifications          Strong analytical skills  Project management  Strong collaborative skills  Document management      Testing  Excellent problem solving skills  Customer needs assessment            Accomplishments      Leadership     Served as leader and instructor of new sub-contractors.     Project Management      Managed complex projects, facilitating acquisition of business requirements.  Prepared specifications, developed reporting and analytics Website Design                                                                                             Website Design     Created accent graphics, banner ads, icons, animations and logos using WordPress.    Client Interface     Collaborated on client engagement strategy to drive entry into risk-driven project methodology, improving accuracy of project definition, sizing estimates, and resource budget planning.  Improved client relationships and project predictability through shared business and technical perspectives, agreed project roles, risk assessment, use cases, transparent business-aligned development efforts, and time-boxed delivery.    Team Collaboration     Initiated development team evolution strategy and deployed best practices, such as team building, hard work development and repeatable builds.  Defined project skill sets in line with methodology and drove training.         Work Experience      Company Name     May 2014   to   Current     Construction Work   City  ,   State      Prepared and presented technical proposals for clients.  Meeting with the engineers and inspectors for all of the work they needed was also a part of my job.  Accomplishments I have learned how the process of building a building works.  How to in [...]","i am sharing this opportunity with you because speaking as a former educator and coordinator i believe you have demonstrated your project management skills in a professional environment what are your thoughts on the role

i do recommend that you revise your resume to match and highlight the experiences and skills you gained in education to the skills and experience you need for the role i can provide tailoring your resume resources to you please let me know if you would like them


tech elevator project manager virtual
job category project and program management
requisition number 
apply now

posting details

posted july  timelocations
showing  locational remote employeesalabama usa morejob details
description




about tech elevatormeet the tech elevator teamread about student outcomes
company description
tech elevator is an intensive inperson and online education provider helping individuals and companies acquire indemand technology skills for the modern workforce through our fulltime and parttime coding bootcamps and company partnerships we teach students and employees from diverse backgrounds to become software developerswhile also helping them to build careerreadiness skills and connections through our nationally recognized pathway program
 at tech elevator our mission is to elevate people companies and communities and since  weve been transforming lives through technology education in  we were listed as the  fastest growing education company in the us and weve consisten [...]"
87,"Manager, Commerce Marketing","BUSINESS DEVELOPMENT REPRESENTATIVE           Summary     Experienced customer service professional with extensive skills in growing and exceeding sales in a multi- million dollar business operation in the food and beverage industries, financial services, and heath care industries. Adaptable and results orientated, with a focus on bottom line results, and has a proven track record of achieving and exceeding the standards of performance set out for any sales project. Skilled in utilizing technology as a tool to improve organizational efficiency.        Highlights          Customer Relationship Management   Project Management  Customer Retention & Satisfaction  Evaluating Customer Needs        Team Builder  Training and Development  Business Development  Sales Management & Analysis            Experience      Business Development Representative    March 2010   to   Current     Company Name   -   City  ,   State      Achieved customer service objectives by contributing customer service information and recommendations to strategic plans and reviews.  Preparing and completing action plans for customer-service standards.  Resolving problems, completing audits, identifying customer service trends and determining system improvements.  Determined customer service requirements by maintaining contact with customers, visiting operational environments, conducting surveys, forming focus groups and analyzing information.  Increased product awareness levels and grew profit margins through negotiations with store managers and regional managers through the implementation of in-store merchandise displays, product assortments, pricing structures, sales allowances, rebates, and monthly promotions.  Managed sales team and assisted them with navigating their retail accounts to align needed resources and support to ensure specific client and/or customer initiative success.  Successfully raised capital to assist with growth.          Licensed Healthcare Representative    December 2008   to [...]","manager commerce marketing
 cincinnati columbus or working remote usa
 senior manager commerce marketing
 develops customerbased shopper marketing strategies and activation across omnichannel retailer platforms
 represents commerce marketing discipline with customers as needed inclusive of connectivity with retailer marketing teams regular business reviews joint business planning and toptotop meetings
 works within other customerfocused support teams ie sales category customer commercialization etc
 to ensure program objectives are aligned with key internal and customer stakeholders
 provides subject matter expertise in commerce marketing ie digital targeting connected commerce point of sale retailer media measurement tools etc
 in relation to customer
 strategy planning  analysis 
 lead the development and execution of commerce marketing programs and ensuring all customer marketing decisions are made in the best interest of the total company
 customer marketing general manager ensuring all decisions are grounded in business rationale and ladders to consumer engagement shopper opportunity and customer strategy
 in direct participation with customerfacing teams delivers commerce marketing inputs into customerdriven strategic business planning activities including top to top presentations line reviews and quarterly business reviews
 possess business understanding category brand segment business performance trends in real time with the ability to summarize hows biz
 ability to e [...]"
88,Business Development Associate,"JEWELRY DESIGNER AND OWNER       Summary     Skillful and dedicated Executive Assistant with extensive experience in the coordination, planning and support of daily operational and administrative functions in a highly confidential environment.       Highlights          Microsoft Office proficiency  Proper phone etiquette  Time management  Flexible  Professional and mature  Strong problem solver  Works well under pressure      Social media knowledge  Database management  Customer service-oriented  Meeting planning  Travel administration  Legal administrative support  Self-starter            Experience       Current     Company Name   City  ,   State     Jewelry Designer and Owner        Hand crafted beaded and one-of-a-kind clay jewelry creations.  Store presence on Etsy.com.  Business is promoted throughout various social media outlets.  My objective is be involved in local arts and crafts shows.         September 2013   to   April 2015     Company Name   City  ,   State     Logistics Service Representative        Safely transported lab specimens, medical records, pharmaceuticals, x-rays, hospital supplies, interoffice mail, and related material.  Operated a hand-held scanning device to accurately track items through the transportation cycle.  Strictly observed operating policies, procedures and service schedules.  Demonstrated safe and courteous driving behavior.  Presented a professional image to clients and the public through appearance and interaction.  Conducted pre/post trip vehicle inspections and maintained a clean, neat, and orderly vehicle.  Provided highest level of customer service.         April 2009   to   August 2013     Company Name   City  ,   State     Courier/Driver        PRIME INC: Over the road team truck driver; refrigerated division transporting goods throughout the US and Canada Courier of expedited small package delivery throughout Ohio and surrounding states.  EXPRESS-1: Over the road team truck driver; box truck division transporting good [...]","care  is hiring licensed home care agency is looking to hire a full time business development associate to manage sale efforts and marketing campaigns for locations in bronx queens manhattan brooklyn and westchester this role will be focused on the rockland county area

responsibilities will include but are not limited to
 developing and executing a marketing plan to meet or exceed monthly quarterly and annual growth targets
 identifying evaluating and prioritizing potential referral sources within the agencys territory and surrounding area
 demonstrating a thorough and complete knowledge of the agency including our vision mission and values the services we provide and how we differentiate ourselves from other home care agencies
 establishing and maintaining professional relationships with all referral sources
 establishing and maintaining brand awareness through referral source contacts trade shows conferences and community education efforts
 representing the agency and its services in a professional competent and responsive manner
 attending monthly agency growth meetings

qualifications
 hard worker with positive attitude
 some previous office experiences
 strong written and verbal communication skills

benefits
 paid holidays off
 pto
 health insurance
 competitive salary and bonuses

looking for a hardworking and capable individual with strong interpersonal skills
 this opportunity comes with training and growth potential within the organization candidates should be hard [...]"
89,Software Engineer,"SALES       Summary    OFFICE & CUSTOMER SERVICE EXPERIENCED Reliable Dynamic Responsible Strong Problem Solving Skills Organized Summary Of Qualifications Dedicated and self-motivated individual offering a great background in office environment, with hands-on experience in quality customer service. Able to produce results above client and employer expectation. Excellent communication, organization and time management skills. Strong multi-tasking abilities, needing little or no supervision. Work well both independently and as a contributing member of the team. Proficient in Microsoft Office Suite and the Internet. Enthusiastic Personal Assistant who is a fast learner and can deliver results quickly.Energetic, motivated assistant who is highly organized and skilled at balancing the needs of clients in both personal and professional capacities.Accurate, assertive and adaptable Personal Assistant who can effectively multi-task in challenging situations and meet critical deadlines.Outstanding Personal Assistant driven to provide excellent support to busy business professionals with little guidance. Expert in Excel functions and multi-tasking.       Highlights          Database  Facsimile  Filing  Inventory  Materials  Mail  Money  Office machines  Photocopiers  Pricing and sales  Scanners  Telephones and voice mail.              Experience      Sales      Mar 2015   to   Current      Company Name   －   City  ,   State     Collected customer feedback and made process changes to exceed customer satisfaction goals.  Made reasonable procedure exceptions to accommodate unusual customer requests.  Provided accurate and appropriate information in response to customer inquiries.  Addressed customer service inquiries in a timely and accurate fashion.  Maintained up-to-date records at all times.  Worked with upper management to ensure appropriate changes were made to improve customer satisfaction.  Provided cross training to 3 staff members.  Recommended and helped customers sele [...]","tldr

highimpact software development jobs for smart people

code that saves lives

as a software developer at epic youll write software that impacts the lives of  of americans and  million patients around the world working in your own office surrounded by thousands of highcaliber developers youll use modern development methodologies and employ usercentered design analytics and machine learning tools to drive innovation in healthcare using leadingedge technologies and languages like js ts and c youll invent better ways to reduce medical errors streamline record sharing between hospitals and provide the quality of care a patient deserves

write software for the most innovative health systems on the planet

the topranked health systems in us news and world report are epic customers our community includes major systems like the mayo clinic johns hopkins cleveland clinic and kaiser permanente as well as leading academic medical centers at the university of wisconsin university of michigan university of california university of texas the ohio state university and many more

experience our stateoftheart campus eat delicious food and travel the world

we dont believe in cubicles well we believe they exist but our uniquely themed campus was designed to heighten your ability to get stuff done in your office a conference room or by the fireplace in a comfy chair for lunch visit kings cross or cassiopeia for a wide array of meal options or go to one of our smaller themed bistros featuri [...]"
90,Career Services Coach-Remote Full Time,"AP         MAINTENANCE, HOMECONSTRUCTION       Summary     Hardworking Maintenance/Handy Man brings over  5+  years of experience in  Maintenance  industry to worksite. Resourceful experience handling materials, operating machinery and supporting overall team and project needs. In-depth knowledge of compliance mandates governing site and worker safety. Singularly focused on helping crews complete skilled work under deadlines.       Skills          Forklift driving  Codes compliance  Standard operating procedures understanding  Basic welding skills  Power and hand tool use  Understanding schematics  Mechanical Repair  Troubleshooting strength  Hand tool operations  Organizational ability  Maintenance scheduling  Mechanical aptitude  System installations  Equipment maintenance  Safety-oriented mindset  Materials handling      Equipment repair  Construction trade expertise  Flooring Installation  Framing  Construction  Carpentry  Coordination  Multitasking  Maintenance & Repair  Training & Development  Friendly, positive attitude  People skills  Flexible  Basic math  Conflict resolution            Experience      Company Name    |    City  ,   State      Maintenance, Home Construction    08/2020   -    Current        Diagnosed problems with mechanical and electrical systems and equipment using advanced troubleshooting abilities.  Performed performance and safety inspections on equipment and machinery to maintain operational baseline.  Changed HVAC filters and cleaned condensation drains to perform preventative maintenance on HVAC systems.  Maintained facility interior, including shampooing carpets, washing walls, waxing and stripping floors and dusting furniture and fixtures.  Used electrical drawings to troubleshoot and repair electro-mechanical and other systems.  Framed new construction of single-family homes and townhomes.  Completed indoor and outdoor residential and commercial construction projects.  Cut roofing paper to size and nailed and stapled paper to roof [...]","ancora corporate training is seeking an enthusiastic organized individual to assist our upcoming graduates with employment searches resumes interviewing and support after graduation

the career services coach is responsible for effectively and strategically providing ongoing career development and employability coaching to active students and alumni through the use of classroom presentations workshops oneonone coaching sessions and professional assessments the career services coach will work directly with the director of career services other career services staff members as well as other campus departments to continually assess student progress throughout the entirety of the program

additionally the career services coach will schedule and conduct face to face or virtual mock interviews contact unplaced graduates weekly provide resume writing assistance provide job search guidance to graduates and assist with on campus events such as career fairs and program advisory committee meetings the career services coach is responsible for timely and accurate documentation in campusvuecampusnexus of all active students graduates and employer communication in addition the career services coach will be responsible for tracking all unplaced graduates including the graduates employment criteria needs

experience required
 associate degree in business human resources communication or a related field from an academic institution accredited by an accrediting agency that is recognized by the [...]"
91,HR Initiatives Program Lead (Remote),"DIGITAL PRODUCTION MANAGER       Professional Summary    Creative
professional with extensive project experience from concept to development.
Experienced manager with strong leadership and relationship-building skills.
Over 20 years managerial experience. Looking to join a company that will
creatively challenge and provide growth opportunities.      Core Qualifications          Strong verbal communication  Computer proficient  Conflict resolution  Quick learner  Proficiency in Adobe Creative Suite, Microsoft  Extremely organized   Office products      Excel in employee development  Team Leadership  Process implementation  Skilled Operator, iGen4, Various Digital Printing Solutions and Equipment  Proficiency in Various forms of Bindery             Experience      Digital Production Manager   10/2012   to   Current     Company Name   City  ,   State        Responsible for all aspects of Digital Production for a Premium printing/ graphic design company      Delivering the highest quality production while meeting all client directed deadlines      Provided onsite training.      Successfully led key projects which resulted in increase in productivity and reduction in labor expenditures.      Worked directly with client sales, art and bindery departments to meet client deadlines.      Monitored multiple databases to keep track of Equipment and House Stock inventory levels.            Director of Production   05/2005   to   06/2012     Company Name   City  ,   State       Supervision: Supervised team of ten Document Specialists   Project Development: Collaborated with team of Document Specialists in the completion of various printing, copy, and design projects.  Documentation: Wrote and edited documents to keep staff informed on policies and procedures.  Creative Problem Solving: Resolved production issues through quality control and team member development.  Process Improvement: Created new departmental procedures.  Assessed organizational training needs.  Protective Serv [...]","engaging our growth mindset the nielsen media people team builds and delivers people strategy globally to develop our future leaders diversity equity and inclusion are at the forefront of everything we do to ensure our people are able to thrive and grow with us the people team also drives employee engagement as we build and deliver our people strategy in partnership with the business when were engaged we can make a difference be ourselves and grow with our company our connection to our work our workplace and one another intensifies which in turn drives performance and business results

responsibilities

strategic initiatives project management
 project manage select complex crossfunctional initiatives that span talent strategy people experience and coes including hr  operating manual development of centralized process maps training resources cadence for reviewingupdating other complex crossfunctional initiatives as assigned
 develop and implement standard project management best practices for consistency across hr build training materials for project management as needed move to selfservice pm in a box
 facilitate annual hr lifecycle process calendar development communication and kpis

people team department communications
 lead agenda and materials development for internal hr communications town halls monthly updates internal hr training opportunities newsletters etc
 assist with hr materials development for crossfunctional touchpoints expanded leadership team meetings opera [...]"
92,Dir Software Solutions Sales Senior,"HR MANAGER         Summary     Human Resources Professional with practical understanding of business needs. Areas of expertise include conflict management and employee training. Highly effective at incorporating creative leadership skills to achieve business objectives. Directs projects that improve efficiency while meeting deadlines and budget requirements.       Highlights          Hiring and retention  Training and development  Recruiting  Compensation/payroll  Employee relations  Personnel records maintenance  New hire orientation  Meeting planning  Workers' compensation knowledge  Labor relations      MS Office  Excellent interpersonal and coaching skills  HRIS technologies  Staff training and development  Human resources audits  HR policies and procedures expertise  Project management  Human resource laws knowledge  Appointment setting  Database management            Experience      Company Name    City  ,   State    HR Manager   01/2012   to   04/2015       Planned, directed, and coordinated human resource management activities to maximize the strategic use of human resources and maintained functions such as workers compensation, recruitment, personnel policies, and regulatory compliance.  Key Results: New Hire Orientation, on-boarding activities and other HR functions such as offer letters, HR metrics tracking and reporting.  Set up interview scheduling for candidates and interview team.  Represented Company at all Unemployment and Worker Compensation hearings.  Monitored and implemented all Workers Compensation aspects such as, advising medical treatment, informing WC attorneys of any updates, and monitoring any medical restrictions.  Helped implement the States ""Managed Care Program"" to help reduce costs for the company.  Verified and processed candidate background information.  Identified staff vacancies and recruited, interviewed and selected applicants Provided current and prospective employees with information about policies, job duties, working condit [...]","overview at zebra we extend the edge of possibility by shaping the future of work on the front linereinventing how businesses run and moving society forward we are a community of changemakers innovators and doers who come together to deliver a performance edge to the front line of business

we develop new technologies and create new solutions with partners to help organizations act with greater visibility connectivity and intelligencedelivering better experiences for workers and those they serve build your edge build whats next define the edge of whats possiblefor our people our customers and the world sr director solutions sales is a  level sales management position  directly managing  sales directors

attains results within zebra management policies and practices considered an excellent coach helping others attain sales success understands saas portfolio and market extremely well and knows how to win relative to competition teaches others same

establishes operational objectives and sales plans and delegates assignments to subordinates including sales directors and managers establishes and manages budgets schedules work plans and performance requirements as part of business unit management responsible for developing a major portion of the business unit annual and longterm plans and overall sales strategies

responsibilities technical skills  creates technical strategies and acts as software industry expert strategic skills  develops and implements multibusiness zebra strate [...]"
93,Admin/Clerical Recruiter,"TERRITORY SALES CONSULTANT         Career Focus    Talented sales professional who effectively multi-tasks and consistently achieves and exceeds business objectives with a customer-centric approach. Develops long-term relationships and establishes loyalty with customers. Ability to adapt to an evolving marketplace and grow with new roles and responsibilities.      Summary of Skills          Background in GPO and formulary processes Experience in specialty, hospital and primary care sales and injectable medications  Skilled in new product and new indication launches.  Adept in providing in-services and training to clinical staff  Trained in pricing, gross profits and margins.  Broad knowledge of osteoporosis, women&apos;s health, men&apos;s health and musculoskeletal pain. Excellent communication skills.  Customer focused  Highly motivated  Accomplished in relationship selling                Professional Experience      Company Name     August 2013   to   Current     Territory Sales Consultant   City  ,   State      In charge of growing a $9 million territory.  Quickly learned a vast array of products, associated terminology, competitors, trends, challenges, reimbursement and government regulation.  Responsible for long-term relationship building between the customer, Cardinal Health, and other professional organizations (Group Purchasing Organizations, etc).  Set up trials and provide in-services and training to clinical staff on proper use of various medical products.  Work closely with decision makers in hospital settings (Value Analysis Coordinators, Materials Managers, Clinical Educators, Team Leads, Contract Managers, Wound Care Nurses, etc).  Provide pricing and savings while maintaining a profitable GP.  Voted MVP of CAST II training.  Finished my first fiscal year at 98.7% to plan, 23.90% growth over previous year, and first on my team.          Company Name     January 2007   to   July 2013     Pharmaceutical Sales Representative Program Coordinator   City [...]","knowledge services is seeking an administrativehealthcare recruiter to join our team in our brand new indianapolis office hybrid schedule offered in this role you will be part of a high performing recruiting team where you will have the support collaboration and tools necessary for success this role offers high earning potential including a strong base salary with uncapped commission and full corporate benefit package we offer the resources you will need to ensure success such as industry leading technology sourcing platforms job board access linkedin recruiter seat internal resources community networking opportunities and more if you are driven and hungry for success but also value teamwork and a positive working environment lets talk

join the nations largest government managed services provider and see why knowledge services has been voted one of indys best places to work in indiana for the past five years
 analyze candidate information to determine match between candidates and job openings
 screen and identify administrativemedical talent through passive and active sources including postings social networking job boards and internet research
 submit qualified candidates and manage them through the full recruitment process utilizing ats for documentation
 deliver a positive candidate experience while overcoming objections negotiating rates closing candidates and monitoring onboarding
 follow organization and customer processes  policies to ensure contact compliance and cus [...]"
94,CCRD Customer Service Representative - Work from Home (Remote),"FREELANCE IT CONSULTANT       Career Overview    Highly skilled, results-driven Information Technology Specialist/Consultant with experience in business operations, infrastructure management, software/hardware support, high/low end PC and Microsoft Server administration, and software development. Core Strengths Excellent critical and analytical skills		Business process management Superior organizational, interpersonal, and		Advanced level hardware and software time management			testing Effective listening and communication			Content management systems skills	Mobile application development Troubleshooting and problem solving		Accurate customer needs assessment proficiency		Exceptional telephone etiquette Intelligent project management		Vast technical knowledge and experience       Qualifications          Excellent critical and analytical skills                  Skills    Active
Directory, Active Directory, Application Development, budget, Business Management and Development, business operations, business plan, C++, hardware, Network and systems, consultation, Consulting, client, clients, client support, databases, database, Designing, Document management, graphics, HTML, imaging, Information security, Information Technology, Java, LAN, Director, managing, access, C#, Microsoft Office, Microsoft Office products, Windows 7, Windows, Windows 8.1, Windows 2000, 2000, Microsoft Windows XP, Windows XP, Migration, multi-media, Network Administration, Network hardware, Network security, Network, Networks, Novell Network, operating system, organizational, PC Repair and Support, Copier, PHP, Printer, problem resolution, processes, project plans, reporting, servers, scripts, Software design, MS SQL, SQL, strategic, technical support, systems support, Upgrading, Vista, Visual Basic, website design, XML      Work Experience      Freelance IT Consultant          Worked closely with technology vendors and distributors to gain access to equipment, software and accessories to keep te [...]","customer service associate representative
 do you enjoy helping health care professionals do you thrive in a fastpaced customerfocused environment then start your rewarding career as a part of our growing coverage review department cigna is one of the largest and fastest growing health insurers in the world
 at cigna we invest in you as a coverage review representative you are offered extensive paid handson training and a supportive posttraining environment to pave your way to success cigna encourages career development and offers continuing educational resources internally and externally to help you in your career advancement
 role summary
 in this pivotal role csrs respond primarily to phone also fax and online inquiries from health care professionals to assist them through the medication prior authorization process
 the successful candidate will be able to interact appropriately and efficiently with health care professionals using excellent interpersonal and listening skills critical thinking and problem solving skills
 the ability to use computerbased resources in a highly effective manner is a must
 confidently able to educate and provide accurate responses to inquiries is crucial for success
 primary responsibilities
 collection of structured clinical data for prior authorization and nonformulary exception requests following the guidance provided in our online prior authorization tools andor corresponding forms
 initial screening of requests based on guidance given by o [...]"
95,Dump Truck Driver,"ADMINISTRATIVE ASSISTANT         Summary     A dedicated and focused administrative professional who excels at prioritizing, completing multiple tasks simultaneously and following through to achieve project goals. Results-oriented team-player eager to bring strong administrative skills to company in need of top-level support.           Education      Master  :  Public Relations   2015     Full Sail University           Public Relations         Bachelors of Arts 

Bachelor of Arts  :  Spanish, Philosophy, Media studies   2013     Mercer University           Marketing, Public Relations and Journalism coursework  Presentation Skills workshop  Coursework in Business, Communications and Advertising          Associate of Arts  :  Philosophy   2011     Georgia Perimeter College           Student government representative  Academic Achievement Award         Highlights          Advanced MS Office Suite knowledge  Excel spreadsheets  Competent in Adobe Creative Suites Software (InDesign,  Illustrator, Photoshop)  Adobe Acrobat XI Pro  Meeting planning  Report writing        Schedule management  Deadline-oriented  Report analysis  Employee training and development  Problem resolution  Meticulous attention to detail  Schedule management            Experience      Company Name      State    Administrative Assistant   01/2013   to   10/2014       Designed web and other content.  Designed electronic file systems and maintained electronic and paper files.  Handled all media and public relations inquiries.  Created and maintained spreadsheets using advanced Excel functions and calculations to develop reports and lists.  Served as professional representative of the CEO to executive clients, investors and board members.  Published and Designed corporate newsletter. prepared and edited articles. designed graphic presentation.  Edited Website content including newsletter and blog posting production using Adobe creative suites.  Created, delivered, edited, and optimized marketing materia [...]","these include but are not limited to

whether working in construction or any other field dump truck drivers will be required to fulfill a number of responsibilities while on the job

strong communication skills  can speak clearly no matter what type of situation is able to listen to others responds to questions can present in a group will actively participate in meetingsinterpersonal skills  driver should be able to listen to others without interruption control emotions have a willingness to listen to others and a focus on resolving conflict peacefullyawareness of budget  driver should maintain awareness of costs to help contribute to profits and reduce lossefficiency  driver should complete work efficiently while working on increased productivity they should also work in a safe manner and encourage others to be safe as wellethical awareness  driver must treat coworkers and clients with respect maintain commitments show up to appointments on time show integrity and uphold values of employertime awareness  driver must be able to plan and organize in addition to using their time efficientlydependable  driver should listen to management follow instructions take responsibility for their own actions work hard to reach goals maintain work commitments and work as a team to create alternative planssafety awareness  when working driver must be aware and execute all safety and security procedures driver should also be able to report unsafe conditions use equipment properly handle mater [...]"
96,Pharmacy Marketing Representative,"FINANCE DIRECTOR       Executive Profile    Dedicated and accomplished Finance Professional with extensive experience in FINANCIAL MANAGEMENT & BUDGETING seeks a management position where I can further enhance the achievement of an organization's objectives and targets. Experience in diverse industries includes financial services, retail, distribution, FORTUNE 500 and BIG 4 companies.      Skill Highlights        Microsoft Office software (Excel, Word, PowerPoint and Access).  Experience with accounting and financial reporting systems including Oracle, JD Edwards and Hyperion.              Professional Experience      Finance Director  ,   01/2013   －   Current    Company Name   －   City  ,   State      Reports directly to the Vice President of Finance and supports the CFO organization with financial and strategic insight.  Partners with and supports the SVP of Product & Marketing in the implementation of new product initiatives to the marketplace.  Finance representative within the Executive Business Review Committee who provides value-added insight to senior management through financial modeling and analysis.  Finance point person that collaborates with and supports the SVP of Sales and his team.  Led the design and implementation of a more comprehensive incentive compensation plan that improved sales compensation effectiveness and minimized potential liability exposure to the company.  Updates, analyzes and distributes key monthly financial metrics and reporting to business partners.  Assists in the development of the annual budget and forecast process.  Completes ad-hoc analytic requests as designated by the CFO and the VP of Finance to support senior management decision making.  Develops, mentors and trains the Financial Analyst within the team.          Finance Manager  ,   01/2008   －   12/2012    Company Name   －   City  ,   State      Concord & Paypoint) Prepared and managed the annual budget, forecast and strategic long term plan process for the Concord & [...]","pharmacy marketing representative

description

looking for a pharmacy marketing representative to continue to enhance our sales

the company

amr pharmacy is a statewide home care pharmacy looking for a client sales representative to join our fast growing team the representative will follow up on existing leads create and manage relationships and assist customers with any issues or concerns base hourly salary plus commission with a great opportunity for growth possibility for a hybrid work model

job details
 pharmacy  sales  customer relation experience
 new referrals for pharmacy services
 friendly and persistent
 able to generate leads and land new accounts
 maintain accounts and work on referrals
 excellent verbal and written communication skills
 basic computer knowledge
 outgoing and personable
 organizational skills
 ability to multitask prioritize and manage time effectively
 pharmacy experience a plus

salary

   a year commission opportunity

job type

fulltime

qualifications
 marketing  year preferred

job type fulltime

schedule
  hour shift
 day shift
 monday to friday

experience
 marketing  year preferred
 marketing  advertising occupations  year preferred

work location on the road"
97,Sales Associate/Beauty Advisor,"CUSTOMER SERVICE ADVOCATE           Professional Summary     Talented Customer Service manager skilled at balancing customer needs and company demands. Effectively builds loyalty and long-term relationships with customers while achieving all individual sales goals. A sales manager skilled in exceeding sales goals and company expectations by expanding client base and maintaining high standards of customer service.Energetic and reliable Retail Sales manager skilled in high-end merchandise environments.       Core Qualifications         Superb sales professional          Store planning and design Strong communication skills  Detail-oriented Personnel training and development. Time management Proficient in MS Office     Strong organizational skills  Active listening skills  Seasoned in conflict resolution  Telephone inquiries specialist            Experience      Customer Service Advocate    March 2015   to   Current     Company Name   -   City  ,   State     Collected customer feedback and made process changes to exceed customer satisfaction goals.Addressed customer service inquiries in a timely and accurate fashion.Provided accurate and appropriate information in response to customer inquiries.         Sales Manager    October 1995   to   February 2014     Company Name   -   City  ,   State      Delivered excellent customer service by greeting and assisting each customer.Addressed customer inquiries and resolved complaints.Design and implemented customer satisfaction metrics.Completed weekly schedules according to payroll policies.Trained all new managers on store procedures and policies.Trained staff to deliver outstanding customer service.Contributed to merchandising ideas at team sale meetings.Reorganized the sales floor to meet company demands.Stocked and restocked inventory when shipments were received.Received and processed cash and credit payments for in-store purchases.Opened and closed the store, including counting cash, opening and closing cash registers and [...]","pay listed in this ad reflects the minimum pay range 

by working at sally beauty you would be part of the largest hair and beauty supplier in the world and we are on a mission to empower our customers to express themselves through hair  and we need passionate and talented people to make this happen the sales associatebeauty advisor will focus on one primary objective  creating a memorable shopping experience for our customers we are continually searching for passionate beauty lovers that want to help our customer through their beauty experience whether assisting with hair color cosmetics skin care or nails we want you to be the advisor on our customers journey it takes knowledge and training  which sally beauty will go above and beyond to provide you bring your passion and personality  we will do the rest your role at sally beauty  build relationships and inspire loyalty  recommend additional and complimentary products  inform customers of current promotions and events  set up advertising displays and arrange merchandise to highlight sales and promotional events  ensure our customers are informed about and enrolled in our loyalty program  complete transactions accurately and efficiently  maintain a professional store environment and communicate inventory issues  demonstrate our sally beauty culture values  we have a range of different working schedules and hours to suit everyones needs why youll love working here  the people are creative fun and passionate about beauty  gene [...]"
98,Chief of Staff,"REVENUE CYCLE ADVOCATE       Summary     Dedicated and focused Office Manager/Supervisor who excels at prioritizing, completing multiple tasks simultaneously and following through to achieve project goals. Seeking a role of increased responsibility and authority.Energetic Revenue Cycle Advocate with 20+ years experience in high-level executive support roles. Organized and professional.       Highlights          Microsoft Office proficiency  Excel spreadsheets  Self-directed  Results-oriented  Meticulous attention to detail  Time management  Professional and mature  Strong problem solver  Advanced MS Office Suite knowledge  Resourceful      Strong interpersonal skills  Medical terminology  Meeting planning  Report development  Report writing  Billing and coding  Workers' compensation knowledge  Claims appeal procedures  Insurance eligibility verifications            Accomplishments     Coordinated all department functions for team of 10+ employees.Received a merit raise for strong attention to detail, exemplary customer service and team-player attitude.Successfully planned and executed corporate meetings, lunches and special events for groups of 10+ employees.  Planned and executed all aspects of a major office headquarter move.Increased office organization by developing more efficient filing system and customer database protocols.Promoted to Revenue Cycle Advocate.Successfully planned and executed corporate meetings, lunches and special events for groups of 10+ employees.       Experience     06/2011   to   Current     Revenue Cycle Advocate    Company Name   －   City  ,   State      Planned travel arrangements for 2 executives and 10+ staff. Educate and train clinics and hospital departments on Epic, Signature, MS Word, Excel, Emdeon  and Payment Manager system. Assist clinical staff and office staff their assigned Work Queue. Monitor trends on staff and provide training & updates to company data base systems.  Assist with patient account merge on  Duplicate Guaran [...]","your future evolves here

evolent health has a bold mission to change the health of the nation by changing the way health care is delivered evolenteers make a difference wherever they are whether it is at a medical center in the office or while working from home across  states we empower you to work from where you work best which makes juggling careers families and social lives so much easier through our recognition programs we also highlight employees who live our values give back to our communities each year and are champions for bringing their whole selves to work each day if youre looking for a place where your work can be personally and professionally rewarding dont just join a company with a mission join a mission with a company behind it

why were worth the application
 we continue to grow year over year
 recognized as a leader in driving important diversity equity and inclusion dei efforts  
 achieved a  score two years in a row on the human rights campaigns corporate equality index making us a best place to work for lgbtq equality
 named to parityorgs  list of the best companies for women to advance  
 continued to prioritize the employee experience and achieved an  overall engagement score on our last employee survey
 published an annual dei report  to share our progress on how were building an equitable workplace

what youll be doing

the chief of staff will be a part of the evolent health services ehs team and positioned to support the presidentchief operating off [...]"
99,Web Developer,"CONSULTANT       Summary    I am an experienced Program Manager, delivering enterprise-grade on-premises and SaaS products at Microsoft while being customer obsessed.  I was previously an Enterprise Desktop Architect at multiple large companies, both as an employee and in a consulting capacity.  I have a proven track record of positive impact in enterprise desktop management, infrastructure, systems administration, programming and automation, enterprise architecture, and project management.      Highlights          Windows OS  VMware Server/View  IIS  Leadership  System Center Configuration Manager  Enterprise Imaging/OSD/MDT  App-V  Consulting  MSI/Windows Installer  BitLocker Full Disk Encryption  Server 2K8/2k12  Project management  InstallShield AdminStudio  VDI  ASP.NET/VB.NET/C#/VBScript  Microsoft BitLocker Administration and Monitoring  MS SQL Server  App Compat  Spanish  UE-V              Accomplishments      MCTS: Windows 7, Configuration and MCTS: Windows 7 
MCTS: Office 2010, Deployment.        Experience      Consultant     Jul 2011   to   Current      Company Name   －   City  ,   State     responsible for architecting and implementing client solutions for large enterprises.  Won four awards for efforts with enterprises and well as internal work done to promote knowledge sharing (Great People/Great Performance, Knowledge Management Sharing, Community Star, and a Key Talent award) and received the top ranking available.  Drove not only Windows 7 adoption at an 85,000 seat Fortune 100 international financial institution, but the purchase of the Enterprise edition with MDOP and continued to fight for Microsoft share with Bitlocker, ConfigMgr 2012, and App-V.  Founded the Americas Client Solutions Birds of a Feather community initiative, a biweekly call with 40+ consultants providing an open forum for knowledge sharing, instant support, and networking opportunities.  Expanded community to include new college hires and other international communities.  Won m [...]","at trackfive weve got big goals were on a mission to revolutionize recruiting with easytouse tools and platforms and we envision a future where we can fill every open job with a qualified candidate thats why were looking for pioneerspeople who blaze trails and are committed to doing great work we might be small but we are mightyweve got more than a decade of skin in the game yet weve managed to maintain our startup feel the trackfive culture is centered around hard work but we believe strongly in balance and having funin a nutshell we love coming to work we value different backgrounds and perspectives believing that together we can use our creativity and curiosity to make amazing things happen

if youre ready to be a part of something exciting trackfive is currently searching for a talented web developer this position is not dependent on location and can be local to the office with hybrid or inoffice options available or fully remote
 please note that a skills test may be a requirement for potential candidates in the interview process

what youll do

the web developer is responsible for delivering robust solutions to our clients they work collaboratively to support trackfives existing web application portfolio and the successful delivery of new development initiatives

the life of a trackfive web developer
 contribute to all phases of the development lifecycle by following internal procedures and coding standards
 build  layouts from provided psd files
 build dynamic web apps [...]"
100,Dishwasher/Kitchen Cleaner,"PUBLIC RELATIONS & DEVELOPMENT ASSOCIATE       Summary    Strong software skills including MS Word, Excel, PowerPoint, Publisher, Banner, VisiFlow, XtenderSolutions, Cisco Agent Desktop, Cisco Supervisor Desktop and Adobe Acrobat.  Proficient with mainstream social networking sites.      Highlights          
 Training and
     development   Team building
     & management    Dedicated to
     process improvement  Invoice
     processing  Management of remote employees      High customer service standards  Client relations specialist   Excellent communication skills    Filing and data archiving  Computer-savvy              Experience     06/2012   -   11/2015     Company Name   －   City  ,   State    Public Relations & Development Associate        Managed the day-to-day operations of the Public Relations and Development Office.  Facilitated the planning and execution of annual fundraisers, including creating invitations, tracking replies, preparing and tracking invoices, depositing payments into the appropriate accounts, paying vendors and preparing and mailing thank you letters.  Processing donations for the Health Fund and Medical Center, Nursing Home, Medical Center, and Dr.  Nicholas DeRobertis Foundation.  Contributed information regarding events and accolades to the Medical Center's employee newsletter.  Assisted in creating marketing and promotional materials.  Monitored the Medical Centers Facebook pages reviews, submitting positive reviews for the employee newsletter and reporting negative reviews to the Vice President for further review.  Managed the physician referral line.  Performed other duties as requested by the Vice President of Human Resources/Public Relations and Development.         06/2010   -   05/2011     Company Name   －   City  ,   State    Specialist        Provided administrative support including answering calls and filing client paperwork.  Contacted clients in arrears to prevent suspension or cancelation of policies.  Reviewed renewals a [...]","mptf motion picture  television fund is a  yearold charitable organization dedicated exclusively to the health and wellbeing of entertainment industry workers and their families mptf provides social and charitable services quality healthcare senior care and services and much more we currently have immediate openings for
dishwasherskitchen cleaners
parttime and oncall days

must be familiar wcleaning sanitation regulations knowledge of local state and federal health code regulations also required previous experience strongly preferred
good communication skills required previous experience working in an institutionalized kitchen or restaurant required

we offer a unique and professional environment website 

by order of the california department of public health all mptf employees must be fully vaccinated for covid ie  doses of either pfizer or moderna vaccine plus  weeksor dose of jj vaccine plus  weeks to be eligible for employment consideration unless a medical or religious exemption applies

equal opportunity employer

job type parttime

work location one location"
